// 4.24.0 0xe921b899 D2 AY R0 FARGB8888 U565 N0 SExtFlashSection
// Generated by imageconverter. Please, do not edit!

#include <touchgfx/hal/Config.hpp>

LOCATION_PRAGMA("ExtFlashSection")
KEEP extern const unsigned char image_engine_oil_pressure_bar_unfilled[] LOCATION_ATTRIBUTE("ExtFlashSection") = { // 48x136 ARGB8888 pixels.
    0xf8, 0xfc, 0xf8, 0x00, 0xf8, 0xfc, 0xf8, 0x00, 0xf8, 0xfc, 0xf8, 0x00,
    0xf8, 0xfc, 0xf8, 0x00, 0xf8, 0xfc, 0xf8, 0x00, 0xf8, 0xfc, 0xf8, 0x00,
    0xf8, 0xfc, 0xf8, 0x00, 0xf8, 0xfc, 0xf8, 0x00, 0xf8, 0xfc, 0xf8, 0x00,
    0xf8, 0xfc, 0xf8, 0x00, 0xf8, 0xfc, 0xf8, 0x00, 0xf8, 0xfc, 0xf8, 0x00,
    0xf8, 0xfc, 0xf8, 0x00, 0xf8, 0xfc, 0xf8, 0x00, 0xf8, 0xfc, 0xf8, 0x00,
    0xf8, 0xfc, 0xf8, 0x00, 0xf8, 0xfc, 0xf8, 0x82, 0xf8, 0xfc, 0xf8, 0xdf,
    0xf8, 0xfc, 0xf8, 0x61, 0xf8, 0xfc, 0xf8, 0x00, 0xf8, 0xfc, 0xf8, 0x00,
    0xf8, 0xfc, 0xf8, 0x00, 0xf8, 0xfc, 0xf8, 0x00, 0xf8, 0xfc, 0xf8, 0x00,
    0xf8, 0xfc, 0xf8, 0x00, 0xf8, 0xfc, 0xf8, 0x00, 0xf8, 0xfc, 0xf8, 0x00,
    0xf8, 0xfc, 0xf8, 0x00, 0xf8, 0xfc, 0xf8, 0x00, 0xf8, 0xfc, 0xf8, 0x00,
    0xf8, 0xfc, 0xf8, 0x00, 0xf8, 0xfc, 0xf8, 0x00, 0xf8, 0xfc, 0xf8, 0x00,
    0xf8, 0xfc, 0xf8, 0x00, 0xf8, 0xfc, 0xf8, 0x00, 0xf8, 0xfc, 0xf8, 0x00,
    0xf8, 0xfc, 0xf8, 0x00, 0xf8, 0xfc, 0xf8, 0x00, 0xf8, 0xfc, 0xf8, 0x00,
    0xf8, 0xfc, 0xf8, 0x00, 0xf8, 0xfc, 0xf8, 0x00, 0xf8, 0xfc, 0xf8, 0x00,
    0xf8, 0xfc, 0xf8, 0x00, 0xf8, 0xfc, 0xf8, 0x00, 0xf8, 0xfc, 0xf8, 0x00,
    0xf8, 0xfc, 0xf8, 0x00, 0xf8, 0xfc, 0xf8, 0x00, 0xf8, 0xfc, 0xf8, 0x00,
    0xf8, 0xfc, 0xf8, 0x00, 0xf8, 0xfc, 0xf8, 0x00, 0xf8, 0xfc, 0xf8, 0x00,
    0xf8, 0xfc, 0xf8, 0x00, 0xf8, 0xfc, 0xf8, 0x00, 0xf8, 0xfc, 0xf8, 0x00,
    0xf8, 0xfc, 0xf8, 0x00, 0xf8, 0xfc, 0xf8, 0x00, 0xf8, 0xfc, 0xf8, 0x00,
    0xf8, 0xfc, 0xf8, 0x00, 0xf8, 0xfc, 0xf8, 0x00, 0xf8, 0xfc, 0xf8, 0x00,
    0xf8, 0xfc, 0xf8, 0x00, 0xf8, 0xfc, 0xf8, 0x00, 0xf8, 0xfc, 0xf8, 0x00,
    0xf8, 0xfc, 0xf8, 0x10, 0xf8, 0xfc, 0xf8, 0xef, 0xf8, 0xfc, 0xf8, 0xcf,
    0xf8, 0xfc, 0xf8, 0xff, 0xf8, 0xfc, 0xf8, 0xdf, 0xf8, 0xfc, 0xf8, 0x61,
    0xf8, 0xfc, 0xf8, 0x00, 0xf8, 0xfc, 0xf8, 0x00, 0xf8, 0xfc, 0xf8, 0x00,
    0xf8, 0xfc, 0xf8, 0x00, 0xf8, 0xfc, 0xf8, 0x00, 0xf8, 0xfc, 0xf8, 0x00,
    0xf8, 0xfc, 0xf8, 0x00, 0xf8, 0xfc, 0xf8, 0x00, 0xf8, 0xfc, 0xf8, 0x00,
    0xf8, 0xfc, 0xf8, 0x00, 0xf8, 0xfc, 0xf8, 0x00, 0xf8, 0xfc, 0xf8, 0x00,
    0xf8, 0xfc, 0xf8, 0x00, 0xf8, 0xfc, 0xf8, 0x00, 0xf8, 0xfc, 0xf8, 0x00,
    0xf8, 0xfc, 0xf8, 0x00, 0xf8, 0xfc, 0xf8, 0x00, 0xf8, 0xfc, 0xf8, 0x00,
    0xf8, 0xfc, 0xf8, 0x00, 0xf8, 0xfc, 0xf8, 0x00, 0xf8, 0xfc, 0xf8, 0x00,
    0xf8, 0xfc, 0xf8, 0x00, 0xf8, 0xfc, 0xf8, 0x00, 0xf8, 0xfc, 0xf8, 0x00,
    0xf8, 0xfc, 0xf8, 0x00, 0xf8, 0xfc, 0xf8, 0x00, 0xf8, 0xfc, 0xf8, 0x00,
    0xf8, 0xfc, 0xf8, 0x00, 0xf8, 0xfc, 0xf8, 0x00, 0xf8, 0xfc, 0xf8, 0x00,
    0xf8, 0xfc, 0xf8, 0x00, 0xf8, 0xfc, 0xf8, 0x00, 0xf8, 0xfc, 0xf8, 0x00,
    0xf8, 0xfc, 0xf8, 0x00, 0xf8, 0xfc, 0xf8, 0x00, 0xf8, 0xfc, 0xf8, 0x00,
    0xf8, 0xfc, 0xf8, 0x00, 0xf8, 0xfc, 0xf8, 0x00, 0xf8, 0xfc, 0xf8, 0x00,
    0xf8, 0xfc, 0xf8, 0x00, 0xf8, 0xfc, 0xf8, 0x00, 0xf8, 0xfc, 0xf8, 0x00,
    0xf8, 0xfc, 0xf8, 0x82, 0xf8, 0xfc, 0xf8, 0xef, 0xf8, 0xfc, 0xf8, 0x10,
    0xf8, 0xfc, 0xf8, 0x20, 0xf8, 0xfc, 0xf8, 0x9e, 0xf8, 0xfc, 0xf8, 0xff,
    0xf8, 0xfc, 0xf8, 0xdf, 0xf8, 0xfc, 0xf8, 0x61, 0xf8, 0xfc, 0xf8, 0x00,
    0xf8, 0xfc, 0xf8, 0x00, 0xf8, 0xfc, 0xf8, 0x00, 0xf8, 0xfc, 0xf8, 0x00,
    0xf8, 0xfc, 0xf8, 0x00, 0xf8, 0xfc, 0xf8, 0x00, 0xf8, 0xfc, 0xf8, 0x00,
    0xf8, 0xfc, 0xf8, 0x00, 0xf8, 0xfc, 0xf8, 0x00, 0xf8, 0xfc, 0xf8, 0x00,
    0xf8, 0xfc, 0xf8, 0x00, 0xf8, 0xfc, 0xf8, 0x00, 0xf8, 0xfc, 0xf8, 0x00,
    0xf8, 0xfc, 0xf8, 0x00, 0xf8, 0xfc, 0xf8, 0x00, 0xf8, 0xfc, 0xf8, 0x00,
    0xf8, 0xfc, 0xf8, 0x00, 0xf8, 0xfc, 0xf8, 0x00, 0xf8, 0xfc, 0xf8, 0x00,
    0xf8, 0xfc, 0xf8, 0x00, 0xf8, 0xfc, 0xf8, 0x00, 0xf8, 0xfc, 0xf8, 0x00,
    0xf8, 0xfc, 0xf8, 0x00, 0xf8, 0xfc, 0xf8, 0x00, 0xf8, 0xfc, 0xf8, 0x00,
    0xf8, 0xfc, 0xf8, 0x00, 0xf8, 0xfc, 0xf8, 0x00, 0xf8, 0xfc, 0xf8, 0x00,
    0xf8, 0xfc, 0xf8, 0x00, 0xf8, 0xfc, 0xf8, 0x00, 0xf8, 0xfc, 0xf8, 0x00,
    0xf8, 0xfc, 0xf8, 0x00, 0xf8, 0xfc, 0xf8, 0x00, 0xf8, 0xfc, 0xf8, 0x00,
    0xf8, 0xfc, 0xf8, 0x00, 0xf8, 0xfc, 0xf8, 0x00, 0xf8, 0xfc, 0xf8, 0x00,
    0xf8, 0xfc, 0xf8, 0x00, 0xf8, 0xfc, 0xf8, 0x00, 0xf8, 0xfc, 0xf8, 0x10,
    0xf8, 0xfc, 0xf8, 0xef, 0xf8, 0xfc, 0xf8, 0x82, 0xf8, 0xfc, 0xf8, 0x00,
    0xf8, 0xd0, 0x08, 0x14, 0xf8, 0xd0, 0x08, 0x28, 0xf8, 0xf8, 0xe0, 0x24,
    0xf8, 0xfc, 0xf8, 0x9e, 0xf8, 0xfc, 0xf8, 0xff, 0xf8, 0xfc, 0xf8, 0xdf,
    0xf8, 0xfc, 0xf8, 0x61, 0xf8, 0xfc, 0xf8, 0x00, 0xf8, 0xfc, 0xf8, 0x00,
    0xf8, 0xfc, 0xf8, 0x00, 0xf8, 0xfc, 0xf8, 0x00, 0xf8, 0xfc, 0xf8, 0x00,
    0xf8, 0xfc, 0xf8, 0x00, 0xf8, 0xfc, 0xf8, 0x00, 0xf8, 0xfc, 0xf8, 0x00,
    0xf8, 0xfc, 0xf8, 0x00, 0xf8, 0xfc, 0xf8, 0x00, 0xf8, 0xfc, 0xf8, 0x00,
    0xf8, 0xfc, 0xf8, 0x00, 0xf8, 0xfc, 0xf8, 0x00, 0xf8, 0xfc, 0xf8, 0x00,
    0xf8, 0xfc, 0xf8, 0x00, 0xf8, 0xfc, 0xf8, 0x00, 0xf8, 0xfc, 0xf8, 0x00,
    0xf8, 0xfc, 0xf8, 0x00, 0xf8, 0xfc, 0xf8, 0x00, 0xf8, 0xfc, 0xf8, 0x00,
    0xf8, 0xfc, 0xf8, 0x00, 0xf8, 0xfc, 0xf8, 0x00, 0xf8, 0xfc, 0xf8, 0x00,
    0xf8, 0xfc, 0xf8, 0x00, 0xf8, 0xfc, 0xf8, 0x00, 0xf8, 0xfc, 0xf8, 0x00,
    0xf8, 0xfc, 0xf8, 0x00, 0xf8, 0xfc, 0xf8, 0x00, 0xf8, 0xfc, 0xf8, 0x00,
    0xf8, 0xfc, 0xf8, 0x00, 0xf8, 0xfc, 0xf8, 0x00, 0xf8, 0xfc, 0xf8, 0x00,
    0xf8, 0xfc, 0xf8, 0x00, 0xf8, 0xfc, 0xf8, 0x00, 0xf8, 0xfc, 0xf8, 0x00,
    0xf8, 0xfc, 0xf8, 0x00, 0xf8, 0xfc, 0xf8, 0x00, 0xf8, 0xfc, 0xf8, 0x61,
    0xf8, 0xfc, 0xf8, 0xef, 0xf8, 0xfc, 0xf8, 0x10, 0xf8, 0xfc, 0xf8, 0x00,
    0xf0, 0xd0, 0x08, 0x38, 0xf8, 0xd0, 0x08, 0x4d, 0xf0, 0xd0, 0x08, 0x49,
    0xf8, 0xd0, 0x08, 0x28, 0xf8, 0xf8, 0xe0, 0x24, 0xf8, 0xfc, 0xf8, 0x9e,
    0xf8, 0xfc, 0xf8, 0xff, 0xf8, 0xfc, 0xf8, 0xdf, 0xf8, 0xfc, 0xf8, 0x61,
    0xf8, 0xfc, 0xf8, 0x00, 0xf8, 0xfc, 0xf8, 0x00, 0xf8, 0xfc, 0xf8, 0x00,
    0xf8, 0xfc, 0xf8, 0x00, 0xf8, 0xfc, 0xf8, 0x00, 0xf8, 0xfc, 0xf8, 0x00,
    0xf8, 0xfc, 0xf8, 0x00, 0xf8, 0xfc, 0xf8, 0x00, 0xf8, 0xfc, 0xf8, 0x00,
    0xf8, 0xfc, 0xf8, 0x00, 0xf8, 0xfc, 0xf8, 0x00, 0xf8, 0xfc, 0xf8, 0x00,
    0xf8, 0xfc, 0xf8, 0x00, 0xf8, 0xfc, 0xf8, 0x00, 0xf8, 0xfc, 0xf8, 0x00,
    0xf8, 0xfc, 0xf8, 0x00, 0xf8, 0xfc, 0xf8, 0x00, 0xf8, 0xfc, 0xf8, 0x00,
    0xf8, 0xfc, 0xf8, 0x00, 0xf8, 0xfc, 0xf8, 0x00, 0xf8, 0xfc, 0xf8, 0x00,
    0xf8, 0xfc, 0xf8, 0x00, 0xf8, 0xfc, 0xf8, 0x00, 0xf8, 0xfc, 0xf8, 0x00,
    0xf8, 0xfc, 0xf8, 0x00, 0xf8, 0xfc, 0xf8, 0x00, 0xf8, 0xfc, 0xf8, 0x00,
    0xf8, 0xfc, 0xf8, 0x00, 0xf8, 0xfc, 0xf8, 0x00, 0xf8, 0xfc, 0xf8, 0x00,
    0xf8, 0xfc, 0xf8, 0x00, 0xf8, 0xfc, 0xf8, 0x00, 0xf8, 0xfc, 0xf8, 0x00,
    0xf8, 0xfc, 0xf8, 0x00, 0xf8, 0xfc, 0xf8, 0x00, 0xf8, 0xfc, 0xf8, 0xdf,
    0xf8, 0xfc, 0xf8, 0x8e, 0xf8, 0xfc, 0xf8, 0x00, 0xf8, 0xd0, 0x08, 0x14,
    0xf0, 0xd0, 0x08, 0x4d, 0xf8, 0xd0, 0x08, 0x4d, 0xf8, 0xd4, 0x08, 0x4d,
    0xf0, 0xd0, 0x08, 0x4d, 0xf8, 0xd0, 0x08, 0x49, 0xf8, 0xd0, 0x08, 0x28,
    0xf8, 0xf8, 0xd8, 0x24, 0xf8, 0xfc, 0xf8, 0x9e, 0xf8, 0xfc, 0xf8, 0xff,
    0xf8, 0xfc, 0xf8, 0xdf, 0xf8, 0xfc, 0xf8, 0x61, 0xf8, 0xfc, 0xf8, 0x00,
    0xf8, 0xfc, 0xf8, 0x00, 0xf8, 0xfc, 0xf8, 0x00, 0xf8, 0xfc, 0xf8, 0x00,
    0xf8, 0xfc, 0xf8, 0x00, 0xf8, 0xfc, 0xf8, 0x00, 0xf8, 0xfc, 0xf8, 0x20,
    0xf8, 0xfc, 0xf8, 0x86, 0xf8, 0xfc, 0xf8, 0x79, 0xf8, 0xfc, 0xf8, 0x00,
    0xf8, 0xfc, 0xf8, 0x00, 0xf8, 0xfc, 0xf8, 0x34, 0xf8, 0xfc, 0xf8, 0x75,
    0xf8, 0xfc, 0xf8, 0x86, 0xf8, 0xfc, 0xf8, 0x8a, 0xf8, 0xfc, 0xf8, 0x65,
    0xf8, 0xfc, 0xf8, 0x00, 0xf8, 0xfc, 0xf8, 0x00, 0xf8, 0xfc, 0xf8, 0x00,
    0xf8, 0xfc, 0xf8, 0x00, 0xf8, 0xfc, 0xf8, 0x00, 0xf8, 0xfc, 0xf8, 0x00,
    0xf8, 0xfc, 0xf8, 0x00, 0xf8, 0xfc, 0xf8, 0x00, 0xf8, 0xfc, 0xf8, 0x00,
    0xf8, 0xfc, 0xf8, 0x00, 0xf8, 0xfc, 0xf8, 0x00, 0xf8, 0xfc, 0xf8, 0x00,
    0xf8, 0xfc, 0xf8, 0x00, 0xf8, 0xfc, 0xf8, 0x00, 0xf8, 0xfc, 0xf8, 0x00,
    0xf8, 0xfc, 0xf8, 0x00, 0xf8, 0xfc, 0xf8, 0x61, 0xf8, 0xfc, 0xf8, 0xff,
    0xf8, 0xfc, 0xf8, 0x20, 0xf8, 0xfc, 0xf8, 0x00, 0xf8, 0xd0, 0x08, 0x38,
    0xf8, 0xd0, 0x08, 0x4d, 0xf0, 0xd4, 0x08, 0x4d, 0xf8, 0xd0, 0x08, 0x4d,
    0xf0, 0xd0, 0x08, 0x4d, 0xf8, 0xd4, 0x08, 0x4d, 0xf0, 0xd0, 0x08, 0x4d,
    0xf0, 0xd0, 0x08, 0x49, 0xf8, 0xd0, 0x08, 0x28, 0xf8, 0xf8, 0xe0, 0x24,
    0xf8, 0xfc, 0xf8, 0x9e, 0xf8, 0xfc, 0xf8, 0xff, 0xf8, 0xfc, 0xf8, 0xdf,
    0xf8, 0xfc, 0xf8, 0x61, 0xf8, 0xfc, 0xf8, 0x00, 0xf8, 0xfc, 0xf8, 0x00,
    0xf8, 0xfc, 0xf8, 0x00, 0xf8, 0xfc, 0xf8, 0x00, 0xf8, 0xfc, 0xf8, 0x55,
    0xf8, 0xfc, 0xf8, 0xff, 0xf8, 0xfc, 0xf8, 0xcb, 0xf8, 0xfc, 0xf8, 0x00,
    0xf8, 0xfc, 0xf8, 0x75, 0xf8, 0xfc, 0xf8, 0xff, 0xf8, 0xfc, 0xf8, 0xff,
    0xf8, 0xfc, 0xf8, 0xdb, 0xf8, 0xfc, 0xf8, 0xff, 0xf8, 0xfc, 0xf8, 0xff,
    0xf8, 0xfc, 0xf8, 0xcb, 0xf8, 0xfc, 0xf8, 0x10, 0xf8, 0xfc, 0xf8, 0x00,
    0xf8, 0xfc, 0xf8, 0x00, 0xf8, 0xfc, 0xf8, 0x00, 0xf8, 0xfc, 0xf8, 0x00,
    0xf8, 0xfc, 0xf8, 0x00, 0xf8, 0xfc, 0xf8, 0x00, 0xf8, 0xfc, 0xf8, 0x00,
    0xf8, 0xfc, 0xf8, 0x00, 0xf8, 0xfc, 0xf8, 0x00, 0xf8, 0xfc, 0xf8, 0x00,
    0xf8, 0xfc, 0xf8, 0x00, 0xf8, 0xfc, 0xf8, 0x00, 0xf8, 0xfc, 0xf8, 0x00,
    0xf8, 0xfc, 0xf8, 0x00, 0xf8, 0xfc, 0xf8, 0xbe, 0xf8, 0xfc, 0xf8, 0x9e,
    0xf8, 0xfc, 0xf8, 0x00, 0xf0, 0xd0, 0x08, 0x0c, 0xf8, 0xd0, 0x08, 0x4d,
    0xf0, 0xd0, 0x08, 0x4d, 0xf8, 0xd0, 0x08, 0x4d, 0xf8, 0xd0, 0x08, 0x4d,
    0xf8, 0xd0, 0x08, 0x4d, 0xf0, 0xd0, 0x08, 0x4d, 0xf8, 0xd4, 0x08, 0x4d,
    0xf8, 0xd0, 0x08, 0x4d, 0xf8, 0xd0, 0x08, 0x4d, 0xf0, 0xd0, 0x08, 0x49,
    0xf8, 0xd0, 0x08, 0x28, 0xf8, 0xf8, 0xe0, 0x24, 0xf8, 0xfc, 0xf8, 0x9e,
    0xf8, 0xfc, 0xf8, 0xff, 0xf8, 0xfc, 0xf8, 0xdf, 0xf8, 0xfc, 0xf8, 0x20,
    0xf8, 0xfc, 0xf8, 0x00, 0xf8, 0xfc, 0xf8, 0x00, 0xf8, 0xfc, 0xf8, 0x55,
    0xf8, 0xfc, 0xf8, 0xff, 0xf8, 0xfc, 0xf8, 0xcb, 0xf8, 0xfc, 0xf8, 0x10,
    0xf8, 0xfc, 0xf8, 0xef, 0xf8, 0xfc, 0xf8, 0xef, 0xf8, 0xfc, 0xf8, 0x45,
    0xf8, 0xfc, 0xf8, 0x00, 0xf8, 0xfc, 0xf8, 0x10, 0xf8, 0xfc, 0xf8, 0x9a,
    0xf8, 0xfc, 0xf8, 0xff, 0xf8, 0xfc, 0xf8, 0xaa, 0xf8, 0xfc, 0xf8, 0x00,
    0xf8, 0xfc, 0xf8, 0x00, 0xf8, 0xfc, 0xf8, 0x00, 0xf8, 0xfc, 0xf8, 0x00,
    0xf8, 0xfc, 0xf8, 0x00, 0xf8, 0xfc, 0xf8, 0x00, 0xf8, 0xfc, 0xf8, 0x00,
    0xf8, 0xfc, 0xf8, 0x00, 0xf8, 0xfc, 0xf8, 0x00, 0xf8, 0xfc, 0xf8, 0x00,
    0xf8, 0xfc, 0xf8, 0x00, 0xf8, 0xfc, 0xf8, 0x00, 0xf8, 0xfc, 0xf8, 0x00,
    0xf8, 0xfc, 0xf8, 0x30, 0xf8, 0xfc, 0xf8, 0xff, 0xf8, 0xfc, 0xf8, 0x30,
    0xf8, 0xfc, 0xf8, 0x00, 0xf8, 0xd0, 0x08, 0x30, 0xf0, 0xd0, 0x08, 0x4d,
    0xf8, 0xd4, 0x08, 0x4d, 0xf0, 0xd0, 0x08, 0x4d, 0xf8, 0xd4, 0x08, 0x4d,
    0xf0, 0xd0, 0x08, 0x4d, 0xf8, 0xd0, 0x08, 0x4d, 0xf8, 0xd0, 0x08, 0x4d,
    0xf0, 0xd4, 0x08, 0x4d, 0xf8, 0xd0, 0x08, 0x4d, 0xf8, 0xd4, 0x08, 0x4d,
    0xf0, 0xd0, 0x08, 0x4d, 0xe0, 0xbc, 0x08, 0x41, 0x70, 0x68, 0x00, 0x28,
    0xe8, 0xe8, 0xd8, 0x24, 0xf8, 0xfc, 0xf8, 0x8e, 0xf8, 0xfc, 0xf8, 0x00,
    0xf8, 0xfc, 0xf8, 0x00, 0xf8, 0xfc, 0xf8, 0x00, 0xf8, 0xfc, 0xf8, 0x55,
    0xf8, 0xfc, 0xf8, 0xff, 0xf8, 0xfc, 0xf8, 0xcb, 0xf8, 0xfc, 0xf8, 0x55,
    0xf8, 0xfc, 0xf8, 0xff, 0xf8, 0xfc, 0xf8, 0xaa, 0xf8, 0xfc, 0xf8, 0x00,
    0xf8, 0xfc, 0xf8, 0x00, 0xf8, 0xfc, 0xf8, 0x00, 0xf8, 0xfc, 0xf8, 0x24,
    0xf8, 0xfc, 0xf8, 0xff, 0xf8, 0xfc, 0xf8, 0xef, 0xf8, 0xfc, 0xf8, 0x00,
    0xf8, 0xfc, 0xf8, 0x00, 0xf8, 0xfc, 0xf8, 0x00, 0xf8, 0xfc, 0xf8, 0x00,
    0xf8, 0xfc, 0xf8, 0x00, 0xf8, 0xfc, 0xf8, 0x00, 0xf8, 0xfc, 0xf8, 0x00,
    0xf8, 0xfc, 0xf8, 0x00, 0xf8, 0xfc, 0xf8, 0x00, 0xf8, 0xfc, 0xf8, 0x00,
    0xf8, 0xfc, 0xf8, 0x00, 0xf8, 0xfc, 0xf8, 0x00, 0xf8, 0xfc, 0xf8, 0x00,
    0xf8, 0xfc, 0xf8, 0x9e, 0xf8, 0xfc, 0xf8, 0xcf, 0xf8, 0xfc, 0xf8, 0x00,
    0xf8, 0xd0, 0x08, 0x04, 0xf8, 0xd0, 0x08, 0x4d, 0xf8, 0xd4, 0x08, 0x4d,
    0xf0, 0xd0, 0x08, 0x4d, 0xf8, 0xd0, 0x08, 0x4d, 0xf8, 0xd0, 0x08, 0x4d,
    0xf0, 0xd4, 0x08, 0x4d, 0xf8, 0xd0, 0x08, 0x4d, 0xf0, 0xd0, 0x08, 0x4d,
    0xf0, 0xd0, 0x08, 0x4d, 0xf8, 0xd0, 0x08, 0x4d, 0xf8, 0xd0, 0x08, 0x4d,
    0xf0, 0xd4, 0x08, 0x4d, 0xa8, 0x90, 0x00, 0x49, 0x70, 0x68, 0x00, 0x4d,
    0x70, 0x68, 0x00, 0x49, 0x70, 0x68, 0x00, 0x0c, 0xf8, 0xfc, 0xf8, 0x00,
    0xf8, 0xfc, 0xf8, 0x00, 0xf8, 0xfc, 0xf8, 0x00, 0xf8, 0xfc, 0xf8, 0x55,
    0xf8, 0xfc, 0xf8, 0xff, 0xf8, 0xfc, 0xf8, 0xcb, 0xf8, 0xfc, 0xf8, 0x8a,
    0xf8, 0xfc, 0xf8, 0xff, 0xf8, 0xfc, 0xf8, 0x86, 0xf8, 0xfc, 0xf8, 0x00,
    0xf8, 0xfc, 0xf8, 0x00, 0xf8, 0xfc, 0xf8, 0x00, 0xf8, 0xfc, 0xf8, 0x00,
    0xf8, 0xfc, 0xf8, 0xcb, 0xf8, 0xfc, 0xf8, 0xff, 0xf8, 0xfc, 0xf8, 0x10,
    0xf8, 0xfc, 0xf8, 0x00, 0xf8, 0xfc, 0xf8, 0x00, 0xf8, 0xfc, 0xf8, 0x00,
    0xf8, 0xfc, 0xf8, 0x00, 0xf8, 0xfc, 0xf8, 0x00, 0xf8, 0xfc, 0xf8, 0x00,
    0xf8, 0xfc, 0xf8, 0x00, 0xf8, 0xfc, 0xf8, 0x00, 0xf8, 0xfc, 0xf8, 0x00,
    0xf8, 0xfc, 0xf8, 0x00, 0xf8, 0xfc, 0xf8, 0x00, 0xf8, 0xfc, 0xf8, 0x10,
    0xf8, 0xfc, 0xf8, 0xff, 0xf8, 0xfc, 0xf8, 0x61, 0xf8, 0xfc, 0xf8, 0x00,
    0xf0, 0xd0, 0x08, 0x24, 0xf8, 0xd0, 0x08, 0x4d, 0xf0, 0xd0, 0x08, 0x4d,
    0xf8, 0xd0, 0x08, 0x4d, 0xf8, 0xd0, 0x08, 0x4d, 0xf0, 0xd0, 0x08, 0x4d,
    0xf8, 0xd4, 0x08, 0x4d, 0xf8, 0xd0, 0x08, 0x4d, 0xf8, 0xd0, 0x08, 0x4d,
    0xf8, 0xd4, 0x08, 0x4d, 0xf0, 0xd0, 0x08, 0x4d, 0xf8, 0xd0, 0x08, 0x4d,
    0xe8, 0xcc, 0x08, 0x49, 0x70, 0x68, 0x00, 0x4d, 0x70, 0x68, 0x00, 0x4d,
    0x70, 0x68, 0x00, 0x41, 0xf8, 0xfc, 0xf8, 0x00, 0xf8, 0xfc, 0xf8, 0x00,
    0xf8, 0xfc, 0xf8, 0x00, 0xf8, 0xfc, 0xf8, 0x00, 0xf8, 0xfc, 0xf8, 0x55,
    0xf8, 0xfc, 0xf8, 0xff, 0xf8, 0xfc, 0xf8, 0xcb, 0xf8, 0xfc, 0xf8, 0x79,
    0xf8, 0xfc, 0xf8, 0xff, 0xf8, 0xfc, 0xf8, 0x8a, 0xf8, 0xfc, 0xf8, 0x00,
    0xf8, 0xfc, 0xf8, 0x00, 0xf8, 0xfc, 0xf8, 0x00, 0xf8, 0xfc, 0xf8, 0x00,
    0xf8, 0xfc, 0xf8, 0xef, 0xf8, 0xfc, 0xf8, 0xff, 0xf8, 0xfc, 0xf8, 0x10,
    0xf8, 0xfc, 0xf8, 0x00, 0xf8, 0xfc, 0xf8, 0x00, 0xf8, 0xfc, 0xf8, 0x00,
    0xf8, 0xfc, 0xf8, 0x00, 0xf8, 0xfc, 0xf8, 0x00, 0xf8, 0xfc, 0xf8, 0x00,
    0xf8, 0xfc, 0xf8, 0x00, 0xf8, 0xfc, 0xf8, 0x00, 0xf8, 0xfc, 0xf8, 0x00,
    0xf8, 0xfc, 0xf8, 0x00, 0xf8, 0xfc, 0xf8, 0x00, 0xf8, 0xfc, 0xf8, 0x71,
    0xf8, 0xfc, 0xf8, 0xef, 0xf8, 0xfc, 0xf8, 0x00, 0xf8, 0xfc, 0xf8, 0x00,
    0xf8, 0xd0, 0x08, 0x45, 0xf0, 0xd4, 0x08, 0x4d, 0xf8, 0xd0, 0x08, 0x4d,
    0xf8, 0xd4, 0x08, 0x4d, 0xf0, 0xd0, 0x08, 0x4d, 0xf8, 0xd0, 0x08, 0x4d,
    0xf0, 0xd0, 0x08, 0x4d, 0xf8, 0xd0, 0x08, 0x4d, 0xf8, 0xd4, 0x08, 0x4d,
    0xf0, 0xd0, 0x08, 0x4d, 0xf8, 0xd0, 0x08, 0x4d, 0xf8, 0xd0, 0x08, 0x4d,
    0xa8, 0x90, 0x00, 0x49, 0x70, 0x68, 0x00, 0x4d, 0x70, 0x68, 0x00, 0x4d,
    0x78, 0x68, 0x00, 0x1c, 0xf8, 0xfc, 0xf8, 0x00, 0xf8, 0xfc, 0xf8, 0x00,
    0xf8, 0xfc, 0xf8, 0x00, 0xf8, 0xfc, 0xf8, 0x00, 0xf8, 0xfc, 0xf8, 0x55,
    0xf8, 0xfc, 0xf8, 0xff, 0xf8, 0xfc, 0xf8, 0xcb, 0xf8, 0xfc, 0xf8, 0x45,
    0xf8, 0xfc, 0xf8, 0xff, 0xf8, 0xfc, 0xf8, 0xba, 0xf8, 0xfc, 0xf8, 0x00,
    0xf8, 0xfc, 0xf8, 0x00, 0xf8, 0xfc, 0xf8, 0x00, 0xf8, 0xfc, 0xf8, 0x34,
    0xf8, 0xfc, 0xf8, 0xff, 0xf8, 0xfc, 0xf8, 0xcb, 0xf8, 0xfc, 0xf8, 0x00,
    0xf8, 0xfc, 0xf8, 0x00, 0xf8, 0xfc, 0xf8, 0x00, 0xf8, 0xfc, 0xf8, 0x00,
    0xf8, 0xfc, 0xf8, 0x00, 0xf8, 0xfc, 0xf8, 0x00, 0xf8, 0xfc, 0xf8, 0x00,
    0xf8, 0xfc, 0xf8, 0x00, 0xf8, 0xfc, 0xf8, 0x00, 0xf8, 0xfc, 0xf8, 0x00,
    0xf8, 0xfc, 0xf8, 0x00, 0xf8, 0xfc, 0xf8, 0x00, 0xf8, 0xfc, 0xf8, 0xdf,
    0xf8, 0xfc, 0xf8, 0x92, 0xf8, 0xfc, 0xf8, 0x00, 0xf8, 0xd0, 0x08, 0x18,
    0xf8, 0xd0, 0x08, 0x4d, 0xf0, 0xd0, 0x08, 0x4d, 0xf8, 0xd0, 0x08, 0x4d,
    0xf0, 0xd4, 0x08, 0x4d, 0xf8, 0xd0, 0x08, 0x4d, 0xf8, 0xd4, 0x08, 0x4d,
    0xf0, 0xd0, 0x08, 0x4d, 0xf0, 0xd0, 0x08, 0x4d, 0xf8, 0xd0, 0x08, 0x4d,
    0xf0, 0xd4, 0x08, 0x4d, 0xf8, 0xd0, 0x08, 0x4d, 0xf0, 0xd0, 0x08, 0x49,
    0x70, 0x68, 0x00, 0x4d, 0x70, 0x68, 0x00, 0x4d, 0x70, 0x64, 0x00, 0x45,
    0xf8, 0xfc, 0xf8, 0x00, 0xf8, 0xfc, 0xf8, 0x00, 0xf8, 0xfc, 0xf8, 0x00,
    0xf8, 0xfc, 0xf8, 0x00, 0xf8, 0xfc, 0xf8, 0x00, 0xf8, 0xfc, 0xf8, 0x55,
    0xf8, 0xfc, 0xf8, 0xff, 0xf8, 0xfc, 0xf8, 0xcb, 0xf8, 0xfc, 0xf8, 0x00,
    0xf8, 0xfc, 0xf8, 0xcb, 0xf8, 0xfc, 0xf8, 0xff, 0xf8, 0xfc, 0xf8, 0xaa,
    0xf8, 0xfc, 0xf8, 0x55, 0xf8, 0xfc, 0xf8, 0x75, 0xf8, 0xfc, 0xf8, 0xcb,
    0xf8, 0xfc, 0xf8, 0xff, 0xf8, 0xfc, 0xf8, 0x79, 0xf8, 0xfc, 0xf8, 0x00,
    0xf8, 0xfc, 0xf8, 0x00, 0xf8, 0xfc, 0xf8, 0x00, 0xf8, 0xfc, 0xf8, 0x00,
    0xf8, 0xfc, 0xf8, 0x00, 0xf8, 0xfc, 0xf8, 0x00, 0xf8, 0xfc, 0xf8, 0x00,
    0xf8, 0xfc, 0xf8, 0x00, 0xf8, 0xfc, 0xf8, 0x00, 0xf8, 0xfc, 0xf8, 0x00,
    0xf8, 0xfc, 0xf8, 0x00, 0xf8, 0xfc, 0xf8, 0x41, 0xf8, 0xfc, 0xf8, 0xff,
    0xf8, 0xfc, 0xf8, 0x9e, 0xf8, 0xfc, 0xf8, 0x30, 0xf0, 0xd0, 0x08, 0x0c,
    0xf8, 0xd0, 0x08, 0x30, 0xf8, 0xd0, 0x08, 0x49, 0xf0, 0xd0, 0x08, 0x4d,
    0xf8, 0xd0, 0x08, 0x4d, 0xf8, 0xd0, 0x08, 0x4d, 0xf0, 0xd0, 0x08, 0x4d,
    0xf8, 0xd4, 0x08, 0x4d, 0xf8, 0xd0, 0x08, 0x4d, 0xf8, 0xd0, 0x08, 0x4d,
    0xf0, 0xd0, 0x08, 0x4d, 0xf8, 0xd0, 0x08, 0x4d, 0xb8, 0xa0, 0x00, 0x49,
    0x70, 0x68, 0x00, 0x4d, 0x70, 0x68, 0x00, 0x4d, 0x78, 0x68, 0x00, 0x1c,
    0xf8, 0xfc, 0xf8, 0x00, 0xf8, 0xfc, 0xf8, 0x00, 0xf8, 0xfc, 0xf8, 0x00,
    0xf8, 0xfc, 0xf8, 0x00, 0xf8, 0xfc, 0xf8, 0x00, 0xf8, 0xfc, 0xf8, 0x55,
    0xf8, 0xfc, 0xf8, 0xff, 0xf8, 0xfc, 0xf8, 0xcb, 0xf8, 0xfc, 0xf8, 0x00,
    0xf8, 0xfc, 0xf8, 0x10, 0xf8, 0xfc, 0xf8, 0xaa, 0xf8, 0xfc, 0xf8, 0xff,
    0xf8, 0xfc, 0xf8, 0xff, 0xf8, 0xfc, 0xf8, 0xff, 0xf8, 0xfc, 0xf8, 0xef,
    0xf8, 0xfc, 0xf8, 0x75, 0xf8, 0xfc, 0xf8, 0x00, 0xf8, 0xfc, 0xf8, 0x00,
    0xf8, 0xfc, 0xf8, 0x00, 0xf8, 0xfc, 0xf8, 0x00, 0xf8, 0xfc, 0xf8, 0x00,
    0xf8, 0xfc, 0xf8, 0x00, 0xf8, 0xfc, 0xf8, 0x00, 0xf8, 0xfc, 0xf8, 0x00,
    0xf8, 0xfc, 0xf8, 0x00, 0xf8, 0xfc, 0xf8, 0x00, 0xf8, 0xfc, 0xf8, 0x00,
    0xf8, 0xfc, 0xf8, 0x00, 0xf8, 0xfc, 0xf8, 0x9e, 0xf8, 0xfc, 0xf8, 0xcf,
    0xf8, 0xfc, 0xf8, 0x51, 0xf8, 0xfc, 0xf8, 0xae, 0xf8, 0xfc, 0xf8, 0xcf,
    0xf8, 0xfc, 0xf8, 0x71, 0xf8, 0xf4, 0xc0, 0x14, 0xf8, 0xd4, 0x08, 0x1c,
    0xf0, 0xd0, 0x08, 0x38, 0xf8, 0xd0, 0x08, 0x4d, 0xf8, 0xd0, 0x08, 0x4d,
    0xf0, 0xd4, 0x08, 0x4d, 0xf8, 0xd0, 0x08, 0x4d, 0xf8, 0xd0, 0x08, 0x4d,
    0xf0, 0xd4, 0x08, 0x4d, 0xf8, 0xd0, 0x08, 0x4d, 0x78, 0x70, 0x00, 0x4d,
    0x70, 0x68, 0x00, 0x4d, 0x70, 0x68, 0x00, 0x49, 0x70, 0x68, 0x00, 0x04,
    0xf8, 0xfc, 0xf8, 0x00, 0xf8, 0xfc, 0xf8, 0x00, 0xf8, 0xfc, 0xf8, 0x00,
    0xf8, 0xfc, 0xf8, 0x00, 0xf8, 0xfc, 0xf8, 0x00, 0xf8, 0xfc, 0xf8, 0x00,
    0xf8, 0xfc, 0xf8, 0x10, 0xf8, 0xfc, 0xf8, 0x00, 0xf8, 0xfc, 0xf8, 0x00,
    0xf8, 0xfc, 0xf8, 0x00, 0xf8, 0xfc, 0xf8, 0x00, 0xf8, 0xfc, 0xf8, 0x10,
    0xf8, 0xfc, 0xf8, 0x34, 0xf8, 0xfc, 0xf8, 0x10, 0xf8, 0xfc, 0xf8, 0x00,
    0xf8, 0xfc, 0xf8, 0x00, 0xf8, 0xfc, 0xf8, 0x00, 0xf8, 0xfc, 0xf8, 0x00,
    0xf8, 0xfc, 0xf8, 0x00, 0xf8, 0xfc, 0xf8, 0x00, 0xf8, 0xfc, 0xf8, 0x00,
    0xf8, 0xfc, 0xf8, 0x00, 0xf8, 0xfc, 0xf8, 0x00, 0xf8, 0xfc, 0xf8, 0x00,
    0xf8, 0xfc, 0xf8, 0x00, 0xf8, 0xfc, 0xf8, 0x00, 0xf8, 0xfc, 0xf8, 0x00,
    0xf8, 0xfc, 0xf8, 0x10, 0xf8, 0xfc, 0xf8, 0xef, 0xf8, 0xfc, 0xf8, 0x61,
    0xf8, 0xfc, 0xf8, 0x00, 0xf8, 0xd0, 0x08, 0x0c, 0xf8, 0xf4, 0xc0, 0x14,
    0xf8, 0xfc, 0xf8, 0x71, 0xf8, 0xfc, 0xf8, 0xcf, 0xf8, 0xfc, 0xf8, 0xa2,
    0xf8, 0xfc, 0xf8, 0x51, 0xf0, 0xd4, 0x08, 0x08, 0xf8, 0xd0, 0x08, 0x2c,
    0xf0, 0xd0, 0x08, 0x45, 0xf8, 0xd0, 0x08, 0x4d, 0xf0, 0xd4, 0x08, 0x4d,
    0xf8, 0xd0, 0x08, 0x4d, 0xd0, 0xb4, 0x08, 0x45, 0x70, 0x68, 0x00, 0x4d,
    0x70, 0x68, 0x00, 0x4d, 0x78, 0x64, 0x00, 0x2c, 0xf8, 0xfc, 0xf8, 0x00,
    0xf8, 0xfc, 0xf8, 0x00, 0xf8, 0xfc, 0xf8, 0x00, 0xf8, 0xfc, 0xf8, 0x00,
    0xf8, 0xfc, 0xf8, 0x00, 0xf8, 0xfc, 0xf8, 0x00, 0xf8, 0xfc, 0xf8, 0x00,
    0xf8, 0xfc, 0xf8, 0x00, 0xf8, 0xfc, 0xf8, 0x00, 0xf8, 0xfc, 0xf8, 0x00,
    0xf8, 0xfc, 0xf8, 0x00, 0xf8, 0xfc, 0xf8, 0x00, 0xf8, 0xfc, 0xf8, 0x00,
    0xf8, 0xfc, 0xf8, 0x00, 0xf8, 0xfc, 0xf8, 0x00, 0xf8, 0xfc, 0xf8, 0x00,
    0xf8, 0xfc, 0xf8, 0x00, 0xf8, 0xfc, 0xf8, 0x00, 0xf8, 0xfc, 0xf8, 0x00,
    0xf8, 0xfc, 0xf8, 0x00, 0xf8, 0xfc, 0xf8, 0x00, 0xf8, 0xfc, 0xf8, 0x00,
    0xf8, 0xfc, 0xf8, 0x00, 0xf8, 0xfc, 0xf8, 0x00, 0xf8, 0xfc, 0xf8, 0x00,
    0xf8, 0xfc, 0xf8, 0x00, 0xf8, 0xfc, 0xf8, 0x00, 0xf8, 0xfc, 0xf8, 0x00,
    0xf8, 0xfc, 0xf8, 0x61, 0xf8, 0xfc, 0xf8, 0xff, 0xf8, 0xfc, 0xf8, 0x10,
    0xf8, 0xfc, 0xf8, 0x00, 0xf0, 0xd0, 0x08, 0x45, 0xf8, 0xd0, 0x08, 0x49,
    0xf0, 0xd4, 0x08, 0x30, 0xf8, 0xd0, 0x08, 0x10, 0xf8, 0xfc, 0xf8, 0x30,
    0xf8, 0xfc, 0xf8, 0xa2, 0xf8, 0xfc, 0xf8, 0xcf, 0xf8, 0xfc, 0xf8, 0x82,
    0xf8, 0xfc, 0xf8, 0x20, 0xf8, 0xd0, 0x08, 0x18, 0xf8, 0xd0, 0x08, 0x34,
    0xf0, 0xd0, 0x08, 0x4d, 0x90, 0x80, 0x00, 0x4d, 0x70, 0x68, 0x00, 0x4d,
    0x70, 0x68, 0x00, 0x4d, 0x70, 0x64, 0x00, 0x08, 0xf8, 0xfc, 0xf8, 0x00,
    0xf8, 0xfc, 0xf8, 0x00, 0xf8, 0xfc, 0xf8, 0x00, 0xf8, 0xfc, 0xf8, 0x00,
    0xf8, 0xfc, 0xf8, 0x00, 0xf8, 0xfc, 0xf8, 0x00, 0xf8, 0xfc, 0xf8, 0x00,
    0xf8, 0xfc, 0xf8, 0x00, 0xf8, 0xfc, 0xf8, 0x00, 0xf8, 0xfc, 0xf8, 0x00,
    0xf8, 0xfc, 0xf8, 0x00, 0xf8, 0xfc, 0xf8, 0x00, 0xf8, 0xfc, 0xf8, 0x00,
    0xf8, 0xfc, 0xf8, 0x00, 0xf8, 0xfc, 0xf8, 0x00, 0xf8, 0xfc, 0xf8, 0x00,
    0xf8, 0xfc, 0xf8, 0x00, 0xf8, 0xfc, 0xf8, 0x00, 0xf8, 0xfc, 0xf8, 0x00,
    0xf8, 0xfc, 0xf8, 0x00, 0xf8, 0xfc, 0xf8, 0x00, 0xf8, 0xfc, 0xf8, 0x00,
    0xf8, 0xfc, 0xf8, 0x00, 0xf8, 0xfc, 0xf8, 0x00, 0xf8, 0xfc, 0xf8, 0x00,
    0xf8, 0xfc, 0xf8, 0x00, 0xf8, 0xfc, 0xf8, 0x00, 0xf8, 0xfc, 0xf8, 0x00,
    0xf8, 0xfc, 0xf8, 0xae, 0xf8, 0xfc, 0xf8, 0xa2, 0xf8, 0xfc, 0xf8, 0x00,
    0xf8, 0xd0, 0x08, 0x0c, 0xf8, 0xd0, 0x08, 0x4d, 0xf0, 0xd0, 0x08, 0x4d,
    0xf8, 0xd0, 0x08, 0x4d, 0xf8, 0xd4, 0x08, 0x4d, 0xf0, 0xd0, 0x08, 0x45,
    0xf8, 0xd0, 0x08, 0x20, 0xf8, 0xd0, 0x08, 0x04, 0xf8, 0xfc, 0xf8, 0x61,
    0xf8, 0xfc, 0xf8, 0xbe, 0xf8, 0xfc, 0xf8, 0xbe, 0xf8, 0xfc, 0xf8, 0x61,
    0xb8, 0xa0, 0x00, 0x08, 0x70, 0x68, 0x00, 0x20, 0x78, 0x68, 0x00, 0x45,
    0x70, 0x68, 0x00, 0x38, 0xf8, 0xfc, 0xf8, 0x00, 0xf8, 0xfc, 0xf8, 0x00,
    0xf8, 0xfc, 0xf8, 0x00, 0xf8, 0xfc, 0xf8, 0x00, 0xf8, 0xfc, 0xf8, 0x00,
    0xf8, 0xfc, 0xf8, 0x00, 0xf8, 0xfc, 0xf8, 0x00, 0xf8, 0xfc, 0xf8, 0x00,
    0xf8, 0xfc, 0xf8, 0x00, 0xf8, 0xfc, 0xf8, 0x00, 0xf8, 0xfc, 0xf8, 0x00,
    0xf8, 0xfc, 0xf8, 0x00, 0xf8, 0xfc, 0xf8, 0x00, 0xf8, 0xfc, 0xf8, 0x00,
    0xf8, 0xfc, 0xf8, 0x00, 0xf8, 0xfc, 0xf8, 0x00, 0xf8, 0xfc, 0xf8, 0x00,
    0xf8, 0xfc, 0xf8, 0x00, 0xf8, 0xfc, 0xf8, 0x00, 0xf8, 0xfc, 0xf8, 0x00,
    0xf8, 0xfc, 0xf8, 0x00, 0xf8, 0xfc, 0xf8, 0x00, 0xf8, 0xfc, 0xf8, 0x00,
    0xf8, 0xfc, 0xf8, 0x00, 0xf8, 0xfc, 0xf8, 0x00, 0xf8, 0xfc, 0xf8, 0x00,
    0xf8, 0xfc, 0xf8, 0x00, 0xf8, 0xfc, 0xf8, 0x00, 0xf8, 0xfc, 0xf8, 0x10,
    0xf8, 0xfc, 0xf8, 0xff, 0xf8, 0xfc, 0xf8, 0x51, 0xf8, 0xfc, 0xf8, 0x00,
    0xf8, 0xd0, 0x08, 0x2c, 0xf0, 0xd4, 0x08, 0x4d, 0xf8, 0xd0, 0x08, 0x4d,
    0xf8, 0xd0, 0x08, 0x4d, 0xf0, 0xd0, 0x08, 0x4d, 0xf8, 0xd0, 0x08, 0x4d,
    0xf0, 0xd4, 0x08, 0x4d, 0xf8, 0xd0, 0x08, 0x4d, 0xf0, 0xd0, 0x08, 0x34,
    0xf8, 0xd4, 0x08, 0x18, 0xf8, 0xfc, 0xf8, 0x20, 0xf8, 0xfc, 0xf8, 0x82,
    0xf8, 0xfc, 0xf8, 0xcf, 0xf8, 0xfc, 0xf8, 0xa2, 0xf8, 0xfc, 0xf8, 0x30,
    0xf8, 0xfc, 0xf8, 0x00, 0xf8, 0xfc, 0xf8, 0x00, 0xf8, 0xfc, 0xf8, 0x00,
    0xf8, 0xfc, 0xf8, 0x00, 0xf8, 0xfc, 0xf8, 0x00, 0xf8, 0xfc, 0xf8, 0x00,
    0xf8, 0xfc, 0xf8, 0x00, 0xf8, 0xfc, 0xf8, 0x00, 0xf8, 0xfc, 0xf8, 0x00,
    0xf8, 0xfc, 0xf8, 0x00, 0xf8, 0xfc, 0xf8, 0x00, 0xf8, 0xfc, 0xf8, 0x00,
    0xf8, 0xfc, 0xf8, 0x00, 0xf8, 0xfc, 0xf8, 0x00, 0xf8, 0xfc, 0xf8, 0x00,
    0xf8, 0xfc, 0xf8, 0x00, 0xf8, 0xfc, 0xf8, 0x00, 0xf8, 0xfc, 0xf8, 0x00,
    0xf8, 0xfc, 0xf8, 0x00, 0xf8, 0xfc, 0xf8, 0x00, 0xf8, 0xfc, 0xf8, 0x00,
    0xf8, 0xfc, 0xf8, 0x00, 0xf8, 0xfc, 0xf8, 0x00, 0xf8, 0xfc, 0xf8, 0x00,
    0xf8, 0xfc, 0xf8, 0x00, 0xf8, 0xfc, 0xf8, 0x00, 0xf8, 0xfc, 0xf8, 0x00,
    0xf8, 0xfc, 0xf8, 0x00, 0xf8, 0xfc, 0xf8, 0x00, 0xf8, 0xfc, 0xf8, 0x61,
    0xf8, 0xfc, 0xf8, 0xef, 0xf8, 0xfc, 0xf8, 0x00, 0xf8, 0xfc, 0xf8, 0x00,
    0xf0, 0xd0, 0x08, 0x45, 0xf8, 0xd0, 0x08, 0x4d, 0xf8, 0xd4, 0x08, 0x4d,
    0xf0, 0xd0, 0x08, 0x4d, 0xf8, 0xd0, 0x08, 0x4d, 0xf8, 0xd4, 0x08, 0x4d,
    0xf0, 0xd0, 0x08, 0x4d, 0xf8, 0xd0, 0x08, 0x4d, 0xf8, 0xd4, 0x08, 0x4d,
    0xf0, 0xd0, 0x08, 0x4d, 0xf8, 0xd0, 0x08, 0x45, 0xe8, 0xc4, 0x08, 0x30,
    0x70, 0x68, 0x00, 0x0c, 0xf8, 0xfc, 0xf8, 0x51, 0xf8, 0xfc, 0xf8, 0x9e,
    0xf8, 0xfc, 0xf8, 0xa2, 0xf8, 0xfc, 0xf8, 0x00, 0xf8, 0xfc, 0xf8, 0x00,
    0xf8, 0xfc, 0xf8, 0x00, 0xf8, 0xfc, 0xf8, 0x00, 0xf8, 0xfc, 0xf8, 0x00,
    0xf8, 0xfc, 0xf8, 0x00, 0xf8, 0xfc, 0xf8, 0x00, 0xf8, 0xfc, 0xf8, 0x00,
    0xf8, 0xfc, 0xf8, 0x00, 0xf8, 0xfc, 0xf8, 0x00, 0xf8, 0xfc, 0xf8, 0x00,
    0xf8, 0xfc, 0xf8, 0x00, 0xf8, 0xfc, 0xf8, 0x00, 0xf8, 0xfc, 0xf8, 0x00,
    0xf8, 0xfc, 0xf8, 0x00, 0xf8, 0xfc, 0xf8, 0x00, 0xf8, 0xfc, 0xf8, 0x00,
    0xf8, 0xfc, 0xf8, 0x00, 0xf8, 0xfc, 0xf8, 0x00, 0xf8, 0xfc, 0xf8, 0x00,
    0xf8, 0xfc, 0xf8, 0x00, 0xf8, 0xfc, 0xf8, 0x00, 0xf8, 0xfc, 0xf8, 0x00,
    0xf8, 0xfc, 0xf8, 0x00, 0xf8, 0xfc, 0xf8, 0x00, 0xf8, 0xfc, 0xf8, 0x00,
    0xf8, 0xfc, 0xf8, 0x00, 0xf8, 0xfc, 0xf8, 0x00, 0xf8, 0xfc, 0xf8, 0xae,
    0xf8, 0xfc, 0xf8, 0x9e, 0xf8, 0xfc, 0xf8, 0x00, 0xf8, 0xd0, 0x08, 0x18,
    0xf0, 0xd0, 0x08, 0x4d, 0xf8, 0xd0, 0x08, 0x4d, 0xf0, 0xd0, 0x08, 0x4d,
    0xf8, 0xd4, 0x08, 0x4d, 0xf8, 0xd0, 0x08, 0x4d, 0xf0, 0xd0, 0x08, 0x4d,
    0xf8, 0xd0, 0x08, 0x4d, 0xf8, 0xd0, 0x08, 0x4d, 0xf0, 0xd0, 0x08, 0x4d,
    0xf0, 0xd0, 0x08, 0x4d, 0xf8, 0xd0, 0x08, 0x4d, 0xd0, 0xb4, 0x08, 0x45,
    0x70, 0x68, 0x00, 0x4d, 0x70, 0x68, 0x00, 0x38, 0x70, 0x68, 0x00, 0x14,
    0xf8, 0xfc, 0xf8, 0x00, 0xf8, 0xfc, 0xf8, 0x00, 0xf8, 0xfc, 0xf8, 0x00,
    0xf8, 0xfc, 0xf8, 0x00, 0xf8, 0xfc, 0xf8, 0x00, 0xf8, 0xfc, 0xf8, 0x00,
    0xf8, 0xfc, 0xf8, 0x00, 0xf8, 0xfc, 0xf8, 0x00, 0xf8, 0xfc, 0xf8, 0x00,
    0xf8, 0xfc, 0xf8, 0x00, 0xf8, 0xfc, 0xf8, 0x00, 0xf8, 0xfc, 0xf8, 0x00,
    0xf8, 0xfc, 0xf8, 0x00, 0xf8, 0xfc, 0xf8, 0x00, 0xf8, 0xfc, 0xf8, 0x00,
    0xf8, 0xfc, 0xf8, 0x00, 0xf8, 0xfc, 0xf8, 0x00, 0xf8, 0xfc, 0xf8, 0x00,
    0xf8, 0xfc, 0xf8, 0x00, 0xf8, 0xfc, 0xf8, 0x00, 0xf8, 0xfc, 0xf8, 0x00,
    0xf8, 0xfc, 0xf8, 0x00, 0xf8, 0xfc, 0xf8, 0x00, 0xf8, 0xfc, 0xf8, 0x00,
    0xf8, 0xfc, 0xf8, 0x00, 0xf8, 0xfc, 0xf8, 0x00, 0xf8, 0xfc, 0xf8, 0x00,
    0xf8, 0xfc, 0xf8, 0x00, 0xf8, 0xfc, 0xf8, 0x10, 0xf8, 0xfc, 0xf8, 0xff,
    0xf8, 0xfc, 0xf8, 0x51, 0xf8, 0xfc, 0xf8, 0x00, 0xf8, 0xd0, 0x08, 0x30,
    0xf8, 0xd4, 0x08, 0x4d, 0xf0, 0xd0, 0x08, 0x4d, 0xf8, 0xd0, 0x08, 0x4d,
    0xf0, 0xd0, 0x08, 0x4d, 0xf8, 0xd4, 0x08, 0x4d, 0xf0, 0xd0, 0x08, 0x4d,
    0xf8, 0xd0, 0x08, 0x4d, 0xf8, 0xd4, 0x08, 0x4d, 0xf0, 0xd0, 0x08, 0x4d,
    0xf8, 0xd0, 0x08, 0x4d, 0xf8, 0xd4, 0x08, 0x4d, 0x98, 0x88, 0x00, 0x4d,
    0x70, 0x68, 0x00, 0x4d, 0x70, 0x64, 0x00, 0x4d, 0x70, 0x68, 0x00, 0x0c,
    0xf8, 0xfc, 0xf8, 0x00, 0xf8, 0xfc, 0xf8, 0x00, 0xf8, 0xfc, 0xf8, 0x00,
    0xf8, 0xfc, 0xf8, 0x00, 0xf8, 0xfc, 0xf8, 0x00, 0xf8, 0xfc, 0xf8, 0x00,
    0xf8, 0xfc, 0xf8, 0x00, 0xf8, 0xfc, 0xf8, 0x00, 0xf8, 0xfc, 0xf8, 0x00,
    0xf8, 0xfc, 0xf8, 0x00, 0xf8, 0xfc, 0xf8, 0x00, 0xf8, 0xfc, 0xf8, 0x00,
    0xf8, 0xfc, 0xf8, 0x00, 0xf8, 0xfc, 0xf8, 0x00, 0xf8, 0xfc, 0xf8, 0x00,
    0xf8, 0xfc, 0xf8, 0x00, 0xf8, 0xfc, 0xf8, 0x00, 0xf8, 0xfc, 0xf8, 0x00,
    0xf8, 0xfc, 0xf8, 0x00, 0xf8, 0xfc, 0xf8, 0x00, 0xf8, 0xfc, 0xf8, 0x00,
    0xf8, 0xfc, 0xf8, 0x00, 0xf8, 0xfc, 0xf8, 0x00, 0xf8, 0xfc, 0xf8, 0x00,
    0xf8, 0xfc, 0xf8, 0x00, 0xf8, 0xfc, 0xf8, 0x00, 0xf8, 0xfc, 0xf8, 0x00,
    0xf8, 0xfc, 0xf8, 0x00, 0xf8, 0xfc, 0xf8, 0x61, 0xf8, 0xfc, 0xf8, 0xef,
    0xf8, 0xfc, 0xf8, 0x00, 0xf8, 0xfc, 0xf8, 0x00, 0xf0, 0xd0, 0x08, 0x49,
    0xf8, 0xd0, 0x08, 0x4d, 0xf8, 0xd4, 0x08, 0x4d, 0xf0, 0xd0, 0x08, 0x4d,
    0xf8, 0xd0, 0x08, 0x4d, 0xf8, 0xd0, 0x08, 0x4d, 0xf0, 0xd4, 0x08, 0x4d,
    0xf8, 0xd0, 0x08, 0x4d, 0xf8, 0xd0, 0x08, 0x4d, 0xf0, 0xd4, 0x08, 0x4d,
    0xf8, 0xd0, 0x08, 0x4d, 0xf0, 0xd0, 0x08, 0x49, 0x70, 0x68, 0x00, 0x4d,
    0x70, 0x68, 0x00, 0x4d, 0x78, 0x68, 0x00, 0x41, 0xf8, 0xfc, 0xf8, 0x00,
    0xf8, 0xfc, 0xf8, 0x00, 0xf8, 0xfc, 0xf8, 0x00, 0xf8, 0xfc, 0xf8, 0x00,
    0xf8, 0xfc, 0xf8, 0x00, 0xf8, 0xfc, 0xf8, 0x00, 0xf8, 0xfc, 0xf8, 0x00,
    0xf8, 0xfc, 0xf8, 0x00, 0xf8, 0xfc, 0xf8, 0x00, 0xf8, 0xfc, 0xf8, 0x00,
    0xf8, 0xfc, 0xf8, 0x00, 0xf8, 0xfc, 0xf8, 0x00, 0xf8, 0xfc, 0xf8, 0x00,
    0xf8, 0xfc, 0xf8, 0x00, 0xf8, 0xfc, 0xf8, 0x00, 0xf8, 0xfc, 0xf8, 0x00,
    0xf8, 0xfc, 0xf8, 0x00, 0xf8, 0xfc, 0xf8, 0x00, 0xf8, 0xfc, 0xf8, 0x00,
    0xf8, 0xfc, 0xf8, 0x00, 0xf8, 0xfc, 0xf8, 0x00, 0xf8, 0xfc, 0xf8, 0x00,
    0xf8, 0xfc, 0xf8, 0x00, 0xf8, 0xfc, 0xf8, 0x00, 0xf8, 0xfc, 0xf8, 0x00,
    0xf8, 0xfc, 0xf8, 0x00, 0xf8, 0xfc, 0xf8, 0x00, 0xf8, 0xfc, 0xf8, 0x00,
    0xf8, 0xfc, 0xf8, 0x00, 0xf8, 0xfc, 0xf8, 0xae, 0xf8, 0xfc, 0xf8, 0xa2,
    0xf8, 0xfc, 0xf8, 0x00, 0xf8, 0xd0, 0x08, 0x0c, 0xf0, 0xd0, 0x08, 0x4d,
    0xf8, 0xd0, 0x08, 0x4d, 0xf8, 0xd0, 0x08, 0x4d, 0xf0, 0xd4, 0x08, 0x4d,
    0xf8, 0xd0, 0x08, 0x4d, 0xf8, 0xd0, 0x08, 0x4d, 0xf0, 0xd0, 0x08, 0x4d,
    0xf8, 0xd0, 0x08, 0x4d, 0xf0, 0xd0, 0x08, 0x4d, 0xf8, 0xd0, 0x08, 0x4d,
    0xf8, 0xd0, 0x08, 0x4d, 0xc8, 0xb0, 0x08, 0x45, 0x70, 0x68, 0x00, 0x4d,
    0x70, 0x64, 0x00, 0x4d, 0x70, 0x68, 0x00, 0x20, 0xf8, 0xfc, 0xf8, 0x00,
    0xf8, 0xfc, 0xf8, 0x00, 0xf8, 0xfc, 0xf8, 0x00, 0xf8, 0xfc, 0xf8, 0x00,
    0xf8, 0xfc, 0xf8, 0x00, 0xf8, 0xfc, 0xf8, 0x00, 0xf8, 0xfc, 0xf8, 0x00,
    0xf8, 0xfc, 0xf8, 0x00, 0xf8, 0xfc, 0xf8, 0x00, 0xf8, 0xfc, 0xf8, 0x00,
    0xf8, 0xfc, 0xf8, 0x00, 0xf8, 0xfc, 0xf8, 0x00, 0xf8, 0xfc, 0xf8, 0x00,
    0xf8, 0xfc, 0xf8, 0x00, 0xf8, 0xfc, 0xf8, 0x00, 0xf8, 0xfc, 0xf8, 0x00,
    0xf8, 0xfc, 0xf8, 0x00, 0xf8, 0xfc, 0xf8, 0x00, 0xf8, 0xfc, 0xf8, 0x00,
    0xf8, 0xfc, 0xf8, 0x00, 0xf8, 0xfc, 0xf8, 0x00, 0xf8, 0xfc, 0xf8, 0x00,
    0xf8, 0xfc, 0xf8, 0x00, 0xf8, 0xfc, 0xf8, 0x00, 0xf8, 0xfc, 0xf8, 0x00,
    0xf8, 0xfc, 0xf8, 0x00, 0xf8, 0xfc, 0xf8, 0x00, 0xf8, 0xfc, 0xf8, 0x00,
    0xf8, 0xfc, 0xf8, 0x00, 0xf8, 0xfc, 0xf8, 0xff, 0xf8, 0xfc, 0xf8, 0x61,
    0xf8, 0xfc, 0xf8, 0x00, 0xf8, 0xd0, 0x08, 0x2c, 0xf0, 0xd0, 0x08, 0x4d,
    0xf8, 0xd4, 0x08, 0x4d, 0xf8, 0xd0, 0x08, 0x4d, 0xf0, 0xd0, 0x08, 0x4d,
    0xf8, 0xd4, 0x08, 0x4d, 0xf0, 0xd0, 0x08, 0x4d, 0xf8, 0xd0, 0x08, 0x4d,
    0xf8, 0xd4, 0x08, 0x4d, 0xf0, 0xd4, 0x08, 0x4d, 0xf8, 0xd0, 0x08, 0x4d,
    0xf8, 0xd0, 0x08, 0x4d, 0x88, 0x7c, 0x00, 0x4d, 0x70, 0x68, 0x00, 0x4d,
    0x78, 0x68, 0x00, 0x4d, 0x70, 0x64, 0x00, 0x0c, 0xf8, 0xfc, 0xf8, 0x00,
    0xf8, 0xfc, 0xf8, 0x00, 0xf8, 0xfc, 0xf8, 0x00, 0xf8, 0xfc, 0xf8, 0x00,
    0xf8, 0xfc, 0xf8, 0x00, 0xf8, 0xfc, 0xf8, 0x00, 0xf8, 0xfc, 0xf8, 0x00,
    0xf8, 0xfc, 0xf8, 0x00, 0xf8, 0xfc, 0xf8, 0x00, 0xf8, 0xfc, 0xf8, 0x00,
    0xf8, 0xfc, 0xf8, 0x00, 0xf8, 0xfc, 0xf8, 0x00, 0xf8, 0xfc, 0xf8, 0x00,
    0xf8, 0xfc, 0xf8, 0x00, 0xf8, 0xfc, 0xf8, 0x00, 0xf8, 0xfc, 0xf8, 0x00,
    0xf8, 0xfc, 0xf8, 0x00, 0xf8, 0xfc, 0xf8, 0x00, 0xf8, 0xfc, 0xf8, 0x00,
    0xf8, 0xfc, 0xf8, 0x00, 0xf8, 0xfc, 0xf8, 0x00, 0xf8, 0xfc, 0xf8, 0x00,
    0xf8, 0xfc, 0xf8, 0x00, 0xf8, 0xfc, 0xf8, 0x00, 0xf8, 0xfc, 0xf8, 0x00,
    0xf8, 0xfc, 0xf8, 0x00, 0xf8, 0xfc, 0xf8, 0x00, 0xf8, 0xfc, 0xf8, 0x00,
    0xf8, 0xfc, 0xf8, 0x51, 0xf8, 0xfc, 0xf8, 0xff, 0xf8, 0xfc, 0xf8, 0x10,
    0xf8, 0xfc, 0xf8, 0x00, 0xf8, 0xd0, 0x08, 0x45, 0xf0, 0xd0, 0x08, 0x4d,
    0xf8, 0xd4, 0x08, 0x4d, 0xf0, 0xd0, 0x08, 0x4d, 0xf8, 0xd0, 0x08, 0x4d,
    0xf8, 0xd0, 0x08, 0x4d, 0xf0, 0xd0, 0x08, 0x4d, 0xf8, 0xd4, 0x08, 0x4d,
    0xf8, 0xd0, 0x08, 0x4d, 0xf0, 0xd0, 0x08, 0x4d, 0xf8, 0xd0, 0x08, 0x4d,
    0xf0, 0xcc, 0x08, 0x49, 0x70, 0x68, 0x00, 0x4d, 0x70, 0x68, 0x00, 0x4d,
    0x70, 0x68, 0x00, 0x41, 0xf8, 0xfc, 0xf8, 0x00, 0xf8, 0xfc, 0xf8, 0x00,
    0xf8, 0xfc, 0xf8, 0x00, 0xf8, 0xfc, 0xf8, 0x00, 0xf8, 0xfc, 0xf8, 0x00,
    0xf8, 0xfc, 0xf8, 0x00, 0xf8, 0xfc, 0xf8, 0x00, 0xf8, 0xfc, 0xf8, 0x00,
    0xf8, 0xfc, 0xf8, 0x00, 0xf8, 0xfc, 0xf8, 0x00, 0xf8, 0xfc, 0xf8, 0x00,
    0xf8, 0xfc, 0xf8, 0x00, 0xf8, 0xfc, 0xf8, 0x00, 0xf8, 0xfc, 0xf8, 0x00,
    0xf8, 0xfc, 0xf8, 0x00, 0xf8, 0xfc, 0xf8, 0x00, 0xf8, 0xfc, 0xf8, 0x00,
    0xf8, 0xfc, 0xf8, 0x00, 0xf8, 0xfc, 0xf8, 0x00, 0xf8, 0xfc, 0xf8, 0x00,
    0xf8, 0xfc, 0xf8, 0x00, 0xf8, 0xfc, 0xf8, 0x00, 0xf8, 0xfc, 0xf8, 0x00,
    0xf8, 0xfc, 0xf8, 0x00, 0xf8, 0xfc, 0xf8, 0x00, 0xf8, 0xfc, 0xf8, 0x00,
    0xf8, 0xfc, 0xf8, 0x00, 0xf8, 0xfc, 0xf8, 0x00, 0xf8, 0xfc, 0xf8, 0x00,
    0xf8, 0xfc, 0xf8, 0x9e, 0xf8, 0xfc, 0xf8, 0xe3, 0xf8, 0xfc, 0xf8, 0x51,
    0xf8, 0xfc, 0xf8, 0x00, 0xf0, 0xd0, 0x08, 0x04, 0xf8, 0xd0, 0x08, 0x1c,
    0xf8, 0xd0, 0x08, 0x30, 0xf0, 0xd0, 0x08, 0x49, 0xf8, 0xd4, 0x08, 0x4d,
    0xf8, 0xd0, 0x08, 0x4d, 0xf0, 0xd0, 0x08, 0x4d, 0xf8, 0xd0, 0x08, 0x4d,
    0xf0, 0xd0, 0x08, 0x4d, 0xf8, 0xd0, 0x08, 0x4d, 0xf0, 0xd0, 0x08, 0x4d,
    0xd0, 0xb4, 0x08, 0x45, 0x70, 0x68, 0x00, 0x4d, 0x70, 0x64, 0x00, 0x4d,
    0x78, 0x68, 0x00, 0x20, 0xf8, 0xfc, 0xf8, 0x00, 0xf8, 0xfc, 0xf8, 0x00,
    0xf8, 0xfc, 0xf8, 0x00, 0xf8, 0xfc, 0xf8, 0x00, 0xf8, 0xfc, 0xf8, 0x00,
    0xf8, 0xfc, 0xf8, 0x00, 0xf8, 0xfc, 0xf8, 0x00, 0xf8, 0xfc, 0xf8, 0x00,
    0xf8, 0xfc, 0xf8, 0x00, 0xf8, 0xfc, 0xf8, 0x00, 0xf8, 0xfc, 0xf8, 0x00,
    0xf8, 0xfc, 0xf8, 0x00, 0xf8, 0xfc, 0xf8, 0x00, 0xf8, 0xfc, 0xf8, 0x00,
    0xf8, 0xfc, 0xf8, 0x00, 0xf8, 0xfc, 0xf8, 0x00, 0xf8, 0xfc, 0xf8, 0x00,
    0xf8, 0xfc, 0xf8, 0x00, 0xf8, 0xfc, 0xf8, 0x00, 0xf8, 0xfc, 0xf8, 0x00,
    0xf8, 0xfc, 0xf8, 0x00, 0xf8, 0xfc, 0xf8, 0x00, 0xf8, 0xfc, 0xf8, 0x00,
    0xf8, 0xfc, 0xf8, 0x00, 0xf8, 0xfc, 0xf8, 0x00, 0xf8, 0xfc, 0xf8, 0x00,
    0xf8, 0xfc, 0xf8, 0x00, 0xf8, 0xfc, 0xf8, 0x00, 0xf8, 0xfc, 0xf8, 0x00,
    0xf8, 0xfc, 0xf8, 0xdf, 0xf8, 0xfc, 0xf8, 0x92, 0xf8, 0xfc, 0xf8, 0x8e,
    0xf8, 0xfc, 0xf8, 0xcf, 0xf8, 0xfc, 0xf8, 0xb2, 0xf8, 0xfc, 0xf8, 0x71,
    0xf8, 0xfc, 0xf8, 0x30, 0xf8, 0xfc, 0xf8, 0x00, 0xf0, 0xd0, 0x08, 0x0c,
    0xf8, 0xd4, 0x08, 0x28, 0xf8, 0xd0, 0x08, 0x41, 0xf0, 0xd0, 0x08, 0x4d,
    0xf8, 0xd4, 0x08, 0x4d, 0xf8, 0xd0, 0x08, 0x4d, 0xf8, 0xd0, 0x08, 0x4d,
    0x98, 0x88, 0x00, 0x4d, 0x70, 0x68, 0x00, 0x4d, 0x70, 0x68, 0x00, 0x4d,
    0x70, 0x68, 0x00, 0x08, 0xf8, 0xfc, 0xf8, 0x00, 0xf8, 0xfc, 0xf8, 0x00,
    0xf8, 0xfc, 0xf8, 0x10, 0xf8, 0xfc, 0xf8, 0x65, 0xf8, 0xfc, 0xf8, 0x8a,
    0xf8, 0xfc, 0xf8, 0x86, 0xf8, 0xfc, 0xf8, 0x8a, 0xf8, 0xfc, 0xf8, 0x75,
    0xf8, 0xfc, 0xf8, 0x24, 0xf8, 0xfc, 0xf8, 0x00, 0xf8, 0xfc, 0xf8, 0x00,
    0xf8, 0xfc, 0xf8, 0x00, 0xf8, 0xfc, 0xf8, 0x00, 0xf8, 0xfc, 0xf8, 0x00,
    0xf8, 0xfc, 0xf8, 0x00, 0xf8, 0xfc, 0xf8, 0x00, 0xf8, 0xfc, 0xf8, 0x00,
    0xf8, 0xfc, 0xf8, 0x00, 0xf8, 0xfc, 0xf8, 0x00, 0xf8, 0xfc, 0xf8, 0x00,
    0xf8, 0xfc, 0xf8, 0x00, 0xf8, 0xfc, 0xf8, 0x00, 0xf8, 0xfc, 0xf8, 0x00,
    0xf8, 0xfc, 0xf8, 0x00, 0xf8, 0xfc, 0xf8, 0x00, 0xf8, 0xfc, 0xf8, 0x00,
    0xf8, 0xfc, 0xf8, 0x00, 0xf8, 0xfc, 0xf8, 0x00, 0xf8, 0xfc, 0xf8, 0x20,
    0xf8, 0xfc, 0xf8, 0xff, 0xf8, 0xfc, 0xf8, 0x30, 0xf8, 0xfc, 0xf8, 0x00,
    0xf8, 0xfc, 0xf8, 0x00, 0xf8, 0xfc, 0xf8, 0x20, 0xf8, 0xfc, 0xf8, 0x61,
    0xf8, 0xfc, 0xf8, 0xae, 0xf8, 0xfc, 0xf8, 0xcf, 0xf8, 0xfc, 0xf8, 0x9e,
    0xf8, 0xfc, 0xf8, 0x51, 0xf8, 0xfc, 0xf8, 0x10, 0xf8, 0xd0, 0x08, 0x04,
    0xf0, 0xd4, 0x08, 0x1c, 0xf8, 0xd0, 0x08, 0x30, 0xf0, 0xcc, 0x08, 0x45,
    0x70, 0x68, 0x00, 0x4d, 0x70, 0x68, 0x00, 0x4d, 0x78, 0x68, 0x00, 0x41,
    0xf8, 0xfc, 0xf8, 0x00, 0xf8, 0xfc, 0xf8, 0x00, 0xf8, 0xfc, 0xf8, 0x10,
    0xf8, 0xfc, 0xf8, 0xef, 0xf8, 0xfc, 0xf8, 0xff, 0xf8, 0xfc, 0xf8, 0xff,
    0xf8, 0xfc, 0xf8, 0xff, 0xf8, 0xfc, 0xf8, 0xff, 0xf8, 0xfc, 0xf8, 0xff,
    0xf8, 0xfc, 0xf8, 0xef, 0xf8, 0xfc, 0xf8, 0x20, 0xf8, 0xfc, 0xf8, 0x00,
    0xf8, 0xfc, 0xf8, 0x00, 0xf8, 0xfc, 0xf8, 0x00, 0xf8, 0xfc, 0xf8, 0x00,
    0xf8, 0xfc, 0xf8, 0x00, 0xf8, 0xfc, 0xf8, 0x00, 0xf8, 0xfc, 0xf8, 0x00,
    0xf8, 0xfc, 0xf8, 0x00, 0xf8, 0xfc, 0xf8, 0x00, 0xf8, 0xfc, 0xf8, 0x00,
    0xf8, 0xfc, 0xf8, 0x00, 0xf8, 0xfc, 0xf8, 0x00, 0xf8, 0xfc, 0xf8, 0x00,
    0xf8, 0xfc, 0xf8, 0x00, 0xf8, 0xfc, 0xf8, 0x00, 0xf8, 0xfc, 0xf8, 0x00,
    0xf8, 0xfc, 0xf8, 0x00, 0xf8, 0xfc, 0xf8, 0x00, 0xf8, 0xfc, 0xf8, 0x61,
    0xf8, 0xfc, 0xf8, 0xef, 0xf8, 0xfc, 0xf8, 0x00, 0xf8, 0xfc, 0xf8, 0x00,
    0xf8, 0xd0, 0x08, 0x4d, 0xf8, 0xd0, 0x08, 0x34, 0xf0, 0xd4, 0x08, 0x20,
    0xf8, 0xd0, 0x08, 0x0c, 0xf8, 0xfc, 0xf8, 0x00, 0xf8, 0xfc, 0xf8, 0x41,
    0xf8, 0xfc, 0xf8, 0x8e, 0xf8, 0xfc, 0xf8, 0xcf, 0xf8, 0xfc, 0xf8, 0xbe,
    0xf8, 0xfc, 0xf8, 0x71, 0xf8, 0xfc, 0xf8, 0x30, 0xf8, 0xfc, 0xf8, 0x00,
    0x70, 0x68, 0x00, 0x0c, 0x70, 0x68, 0x00, 0x28, 0x70, 0x64, 0x00, 0x1c,
    0xf8, 0xfc, 0xf8, 0x00, 0xf8, 0xfc, 0xf8, 0x00, 0xf8, 0xfc, 0xf8, 0x55,
    0xf8, 0xfc, 0xf8, 0xff, 0xf8, 0xfc, 0xf8, 0xba, 0xf8, 0xfc, 0xf8, 0x24,
    0xf8, 0xfc, 0xf8, 0x10, 0xf8, 0xfc, 0xf8, 0x10, 0xf8, 0xfc, 0xf8, 0xaa,
    0xf8, 0xfc, 0xf8, 0xff, 0xf8, 0xfc, 0xf8, 0x86, 0xf8, 0xfc, 0xf8, 0x00,
    0xf8, 0xfc, 0xf8, 0x00, 0xf8, 0xfc, 0xf8, 0x00, 0xf8, 0xfc, 0xf8, 0x00,
    0xf8, 0xfc, 0xf8, 0x00, 0xf8, 0xfc, 0xf8, 0x00, 0xf8, 0xfc, 0xf8, 0x00,
    0xf8, 0xfc, 0xf8, 0x00, 0xf8, 0xfc, 0xf8, 0x00, 0xf8, 0xfc, 0xf8, 0x00,
    0xf8, 0xfc, 0xf8, 0x00, 0xf8, 0xfc, 0xf8, 0x00, 0xf8, 0xfc, 0xf8, 0x00,
    0xf8, 0xfc, 0xf8, 0x00, 0xf8, 0xfc, 0xf8, 0x00, 0xf8, 0xfc, 0xf8, 0x00,
    0xf8, 0xfc, 0xf8, 0x00, 0xf8, 0xfc, 0xf8, 0x00, 0xf8, 0xfc, 0xf8, 0x9e,
    0xf8, 0xfc, 0xf8, 0xb2, 0xf8, 0xfc, 0xf8, 0x00, 0xf0, 0xd0, 0x08, 0x14,
    0xf8, 0xd0, 0x08, 0x4d, 0xf8, 0xd0, 0x08, 0x4d, 0xf0, 0xd0, 0x08, 0x4d,
    0xf8, 0xd0, 0x08, 0x4d, 0xf8, 0xd0, 0x08, 0x45, 0xf0, 0xd4, 0x08, 0x2c,
    0xf8, 0xd0, 0x08, 0x18, 0xf8, 0xfc, 0xf8, 0x00, 0xf8, 0xfc, 0xf8, 0x10,
    0xf8, 0xfc, 0xf8, 0x61, 0xf8, 0xfc, 0xf8, 0xa2, 0xf8, 0xfc, 0xf8, 0xcf,
    0xf8, 0xfc, 0xf8, 0xa2, 0xf8, 0xfc, 0xf8, 0x51, 0xf8, 0xfc, 0xf8, 0x00,
    0xf8, 0xfc, 0xf8, 0x00, 0xf8, 0xfc, 0xf8, 0x00, 0xf8, 0xfc, 0xf8, 0x45,
    0xf8, 0xfc, 0xf8, 0xff, 0xf8, 0xfc, 0xf8, 0xaa, 0xf8, 0xfc, 0xf8, 0x10,
    0xf8, 0xfc, 0xf8, 0x10, 0xf8, 0xfc, 0xf8, 0x10, 0xf8, 0xfc, 0xf8, 0x9a,
    0xf8, 0xfc, 0xf8, 0xff, 0xf8, 0xfc, 0xf8, 0x79, 0xf8, 0xfc, 0xf8, 0x00,
    0xf8, 0xfc, 0xf8, 0x00, 0xf8, 0xfc, 0xf8, 0x00, 0xf8, 0xfc, 0xf8, 0x00,
    0xf8, 0xfc, 0xf8, 0x00, 0xf8, 0xfc, 0xf8, 0x00, 0xf8, 0xfc, 0xf8, 0x00,
    0xf8, 0xfc, 0xf8, 0x00, 0xf8, 0xfc, 0xf8, 0x00, 0xf8, 0xfc, 0xf8, 0x00,
    0xf8, 0xfc, 0xf8, 0x00, 0xf8, 0xfc, 0xf8, 0x00, 0xf8, 0xfc, 0xf8, 0x00,
    0xf8, 0xfc, 0xf8, 0x00, 0xf8, 0xfc, 0xf8, 0x00, 0xf8, 0xfc, 0xf8, 0x00,
    0xf8, 0xfc, 0xf8, 0x00, 0xf8, 0xfc, 0xf8, 0x00, 0xf8, 0xfc, 0xf8, 0xdf,
    0xf8, 0xfc, 0xf8, 0x71, 0xf8, 0xfc, 0xf8, 0x00, 0xf8, 0xd0, 0x08, 0x28,
    0xf0, 0xd0, 0x08, 0x4d, 0xf8, 0xd4, 0x08, 0x4d, 0xf8, 0xd0, 0x08, 0x4d,
    0xf0, 0xd0, 0x08, 0x4d, 0xf8, 0xd4, 0x08, 0x4d, 0xf8, 0xd0, 0x08, 0x4d,
    0xf0, 0xd0, 0x08, 0x4d, 0xf8, 0xd0, 0x08, 0x4d, 0xf0, 0xd0, 0x08, 0x34,
    0xf8, 0xd0, 0x08, 0x24, 0xf8, 0xd0, 0x08, 0x08, 0xf8, 0xfc, 0xf8, 0x00,
    0xf8, 0xfc, 0xf8, 0x30, 0xf8, 0xfc, 0xf8, 0x82, 0xf8, 0xfc, 0xf8, 0x00,
    0xf8, 0xfc, 0xf8, 0x00, 0xf8, 0xfc, 0xf8, 0x00, 0xf8, 0xfc, 0xf8, 0x00,
    0xf8, 0xfc, 0xf8, 0xaa, 0xf8, 0xfc, 0xf8, 0xff, 0xf8, 0xfc, 0xf8, 0xff,
    0xf8, 0xfc, 0xf8, 0xff, 0xf8, 0xfc, 0xf8, 0xff, 0xf8, 0xfc, 0xf8, 0xff,
    0xf8, 0xfc, 0xf8, 0xba, 0xf8, 0xfc, 0xf8, 0x00, 0xf8, 0xfc, 0xf8, 0x00,
    0xf8, 0xfc, 0xf8, 0x00, 0xf8, 0xfc, 0xf8, 0x00, 0xf8, 0xfc, 0xf8, 0x00,
    0xf8, 0xfc, 0xf8, 0x00, 0xf8, 0xfc, 0xf8, 0x00, 0xf8, 0xfc, 0xf8, 0x00,
    0xf8, 0xfc, 0xf8, 0x00, 0xf8, 0xfc, 0xf8, 0x00, 0xf8, 0xfc, 0xf8, 0x00,
    0xf8, 0xfc, 0xf8, 0x00, 0xf8, 0xfc, 0xf8, 0x00, 0xf8, 0xfc, 0xf8, 0x00,
    0xf8, 0xfc, 0xf8, 0x00, 0xf8, 0xfc, 0xf8, 0x00, 0xf8, 0xfc, 0xf8, 0x00,
    0xf8, 0xfc, 0xf8, 0x00, 0xf8, 0xfc, 0xf8, 0x20, 0xf8, 0xfc, 0xf8, 0xff,
    0xf8, 0xfc, 0xf8, 0x30, 0xf8, 0xfc, 0xf8, 0x00, 0xf8, 0xd0, 0x08, 0x38,
    0xf0, 0xd0, 0x08, 0x4d, 0xf8, 0xd4, 0x08, 0x4d, 0xf0, 0xd0, 0x08, 0x4d,
    0xf8, 0xd0, 0x08, 0x4d, 0xf0, 0xd4, 0x08, 0x4d, 0xf8, 0xd0, 0x08, 0x4d,
    0xf8, 0xd0, 0x08, 0x4d, 0xf0, 0xd4, 0x08, 0x4d, 0xf8, 0xd4, 0x08, 0x4d,
    0xf0, 0xd0, 0x08, 0x4d, 0xe8, 0xc8, 0x08, 0x45, 0x70, 0x68, 0x00, 0x45,
    0x70, 0x68, 0x00, 0x2c, 0x70, 0x68, 0x00, 0x0c, 0xf8, 0xfc, 0xf8, 0x00,
    0xf8, 0xfc, 0xf8, 0x00, 0xf8, 0xfc, 0xf8, 0x00, 0xf8, 0xfc, 0xf8, 0x20,
    0xf8, 0xfc, 0xf8, 0xef, 0xf8, 0xfc, 0xf8, 0xef, 0xf8, 0xfc, 0xf8, 0x9a,
    0xf8, 0xfc, 0xf8, 0x8a, 0xf8, 0xfc, 0xf8, 0x8a, 0xf8, 0xfc, 0xf8, 0xdb,
    0xf8, 0xfc, 0xf8, 0xff, 0xf8, 0xfc, 0xf8, 0x55, 0xf8, 0xfc, 0xf8, 0x00,
    0xf8, 0xfc, 0xf8, 0x00, 0xf8, 0xfc, 0xf8, 0x00, 0xf8, 0xfc, 0xf8, 0x00,
    0xf8, 0xfc, 0xf8, 0x00, 0xf8, 0xfc, 0xf8, 0x00, 0xf8, 0xfc, 0xf8, 0x00,
    0xf8, 0xfc, 0xf8, 0x00, 0xf8, 0xfc, 0xf8, 0x00, 0xf8, 0xfc, 0xf8, 0x00,
    0xf8, 0xfc, 0xf8, 0x00, 0xf8, 0xfc, 0xf8, 0x00, 0xf8, 0xfc, 0xf8, 0x00,
    0xf8, 0xfc, 0xf8, 0x00, 0xf8, 0xfc, 0xf8, 0x00, 0xf8, 0xfc, 0xf8, 0x00,
    0xf8, 0xfc, 0xf8, 0x00, 0xf8, 0xfc, 0xf8, 0x61, 0xf8, 0xfc, 0xf8, 0xef,
    0xf8, 0xfc, 0xf8, 0x00, 0xf8, 0xfc, 0xf8, 0x00, 0xf8, 0xd0, 0x08, 0x4d,
    0xf8, 0xd0, 0x08, 0x4d, 0xf0, 0xd0, 0x08, 0x4d, 0xf8, 0xd0, 0x08, 0x4d,
    0xf8, 0xd0, 0x08, 0x4d, 0xf0, 0xd0, 0x08, 0x4d, 0xf8, 0xd0, 0x08, 0x4d,
    0xf8, 0xd0, 0x08, 0x4d, 0xf0, 0xd0, 0x08, 0x4d, 0xf8, 0xd0, 0x08, 0x4d,
    0xf8, 0xd0, 0x08, 0x4d, 0xc0, 0xac, 0x08, 0x45, 0x70, 0x68, 0x00, 0x4d,
    0x70, 0x68, 0x00, 0x4d, 0x78, 0x68, 0x00, 0x1c, 0xf8, 0xfc, 0xf8, 0x00,
    0xf8, 0xfc, 0xf8, 0x00, 0xf8, 0xfc, 0xf8, 0x00, 0xf8, 0xfc, 0xf8, 0x8a,
    0xf8, 0xfc, 0xf8, 0xff, 0xf8, 0xfc, 0xf8, 0x86, 0xf8, 0xfc, 0xf8, 0x00,
    0xf8, 0xfc, 0xf8, 0x00, 0xf8, 0xfc, 0xf8, 0x00, 0xf8, 0xfc, 0xf8, 0x8a,
    0xf8, 0xfc, 0xf8, 0xff, 0xf8, 0xfc, 0xf8, 0x8a, 0xf8, 0xfc, 0xf8, 0x00,
    0xf8, 0xfc, 0xf8, 0x00, 0xf8, 0xfc, 0xf8, 0x00, 0xf8, 0xfc, 0xf8, 0x00,
    0xf8, 0xfc, 0xf8, 0x00, 0xf8, 0xfc, 0xf8, 0x00, 0xf8, 0xfc, 0xf8, 0x00,
    0xf8, 0xfc, 0xf8, 0x00, 0xf8, 0xfc, 0xf8, 0x00, 0xf8, 0xfc, 0xf8, 0x00,
    0xf8, 0xfc, 0xf8, 0x00, 0xf8, 0xfc, 0xf8, 0x00, 0xf8, 0xfc, 0xf8, 0x00,
    0xf8, 0xfc, 0xf8, 0x00, 0xf8, 0xfc, 0xf8, 0x00, 0xf8, 0xfc, 0xf8, 0x00,
    0xf8, 0xfc, 0xf8, 0x00, 0xf8, 0xfc, 0xf8, 0x9e, 0xf8, 0xfc, 0xf8, 0xb2,
    0xf8, 0xfc, 0xf8, 0x00, 0xf0, 0xd0, 0x08, 0x14, 0xf8, 0xd4, 0x08, 0x4d,
    0xf8, 0xd0, 0x08, 0x4d, 0xf0, 0xd4, 0x08, 0x4d, 0xf8, 0xd4, 0x08, 0x4d,
    0xf8, 0xd0, 0x08, 0x4d, 0xf0, 0xd0, 0x08, 0x4d, 0xf8, 0xd4, 0x08, 0x4d,
    0xf0, 0xd0, 0x08, 0x4d, 0xf8, 0xd0, 0x08, 0x4d, 0xf8, 0xd0, 0x08, 0x4d,
    0xf8, 0xd0, 0x08, 0x4d, 0x98, 0x88, 0x00, 0x4d, 0x70, 0x68, 0x00, 0x4d,
    0x70, 0x64, 0x00, 0x4d, 0x70, 0x68, 0x00, 0x08, 0xf8, 0xfc, 0xf8, 0x00,
    0xf8, 0xfc, 0xf8, 0x00, 0xf8, 0xfc, 0xf8, 0x00, 0xf8, 0xfc, 0xf8, 0x75,
    0xf8, 0xfc, 0xf8, 0xff, 0xf8, 0xfc, 0xf8, 0xef, 0xf8, 0xfc, 0xf8, 0x86,
    0xf8, 0xfc, 0xf8, 0x86, 0xf8, 0xfc, 0xf8, 0x86, 0xf8, 0xfc, 0xf8, 0xcb,
    0xf8, 0xfc, 0xf8, 0xff, 0xf8, 0xfc, 0xf8, 0x75, 0xf8, 0xfc, 0xf8, 0x00,
    0xf8, 0xfc, 0xf8, 0x00, 0xf8, 0xfc, 0xf8, 0x00, 0xf8, 0xfc, 0xf8, 0x00,
    0xf8, 0xfc, 0xf8, 0x00, 0xf8, 0xfc, 0xf8, 0x00, 0xf8, 0xfc, 0xf8, 0x00,
    0xf8, 0xfc, 0xf8, 0x00, 0xf8, 0xfc, 0xf8, 0x00, 0xf8, 0xfc, 0xf8, 0x00,
    0xf8, 0xfc, 0xf8, 0x00, 0xf8, 0xfc, 0xf8, 0x00, 0xf8, 0xfc, 0xf8, 0x00,
    0xf8, 0xfc, 0xf8, 0x00, 0xf8, 0xfc, 0xf8, 0x00, 0xf8, 0xfc, 0xf8, 0x00,
    0xf8, 0xfc, 0xf8, 0x00, 0xf8, 0xfc, 0xf8, 0xcf, 0xf8, 0xfc, 0xf8, 0x82,
    0xf8, 0xfc, 0xf8, 0x00, 0xf8, 0xd0, 0x08, 0x20, 0xf0, 0xd0, 0x08, 0x4d,
    0xf8, 0xd0, 0x08, 0x4d, 0xf0, 0xd0, 0x08, 0x4d, 0xf8, 0xd0, 0x08, 0x4d,
    0xf0, 0xd0, 0x08, 0x4d, 0xf8, 0xd4, 0x08, 0x4d, 0xf8, 0xd0, 0x08, 0x4d,
    0xf0, 0xd4, 0x08, 0x4d, 0xf8, 0xd4, 0x08, 0x4d, 0xf0, 0xd0, 0x08, 0x4d,
    0xf8, 0xd0, 0x08, 0x4d, 0x78, 0x70, 0x00, 0x4d, 0x70, 0x68, 0x00, 0x4d,
    0x78, 0x68, 0x00, 0x45, 0xf8, 0xfc, 0xf8, 0x00, 0xf8, 0xfc, 0xf8, 0x00,
    0xf8, 0xfc, 0xf8, 0x00, 0xf8, 0xfc, 0xf8, 0x00, 0xf8, 0xfc, 0xf8, 0x00,
    0xf8, 0xfc, 0xf8, 0x9a, 0xf8, 0xfc, 0xf8, 0xef, 0xf8, 0xfc, 0xf8, 0xff,
    0xf8, 0xfc, 0xf8, 0xff, 0xf8, 0xfc, 0xf8, 0xff, 0xf8, 0xfc, 0xf8, 0xff,
    0xf8, 0xfc, 0xf8, 0xaa, 0xf8, 0xfc, 0xf8, 0x10, 0xf8, 0xfc, 0xf8, 0x00,
    0xf8, 0xfc, 0xf8, 0x00, 0xf8, 0xfc, 0xf8, 0x00, 0xf8, 0xfc, 0xf8, 0x00,
    0xf8, 0xfc, 0xf8, 0x00, 0xf8, 0xfc, 0xf8, 0x00, 0xf8, 0xfc, 0xf8, 0x00,
    0xf8, 0xfc, 0xf8, 0x00, 0xf8, 0xfc, 0xf8, 0x00, 0xf8, 0xfc, 0xf8, 0x00,
    0xf8, 0xfc, 0xf8, 0x00, 0xf8, 0xfc, 0xf8, 0x00, 0xf8, 0xfc, 0xf8, 0x00,
    0xf8, 0xfc, 0xf8, 0x00, 0xf8, 0xfc, 0xf8, 0x00, 0xf8, 0xfc, 0xf8, 0x00,
    0xf8, 0xfc, 0xf8, 0x10, 0xf8, 0xfc, 0xf8, 0xff, 0xf8, 0xfc, 0xf8, 0x41,
    0xf8, 0xfc, 0xf8, 0x00, 0xf8, 0xd0, 0x08, 0x34, 0xf0, 0xd0, 0x08, 0x4d,
    0xf8, 0xd4, 0x08, 0x4d, 0xf8, 0xd0, 0x08, 0x4d, 0xf0, 0xd0, 0x08, 0x4d,
    0xf8, 0xd0, 0x08, 0x4d, 0xf8, 0xd0, 0x08, 0x4d, 0xf0, 0xd0, 0x08, 0x4d,
    0xf8, 0xd0, 0x08, 0x4d, 0xf8, 0xd0, 0x08, 0x4d, 0xf0, 0xd0, 0x08, 0x4d,
    0xe8, 0xc8, 0x08, 0x45, 0x70, 0x68, 0x00, 0x4d, 0x70, 0x68, 0x00, 0x4d,
    0x78, 0x64, 0x00, 0x30, 0xf8, 0xfc, 0xf8, 0x00, 0xf8, 0xfc, 0xf8, 0x00,
    0xf8, 0xfc, 0xf8, 0x00, 0xf8, 0xfc, 0xf8, 0x00, 0xf8, 0xfc, 0xf8, 0x00,
    0xf8, 0xfc, 0xf8, 0x00, 0xf8, 0xfc, 0xf8, 0x00, 0xf8, 0xfc, 0xf8, 0x10,
    0xf8, 0xfc, 0xf8, 0x10, 0xf8, 0xfc, 0xf8, 0x14, 0xf8, 0xfc, 0xf8, 0x10,
    0xf8, 0xfc, 0xf8, 0x00, 0xf8, 0xfc, 0xf8, 0x00, 0xf8, 0xfc, 0xf8, 0x00,
    0xf8, 0xfc, 0xf8, 0x00, 0xf8, 0xfc, 0xf8, 0x00, 0xf8, 0xfc, 0xf8, 0x00,
    0xf8, 0xfc, 0xf8, 0x00, 0xf8, 0xfc, 0xf8, 0x00, 0xf8, 0xfc, 0xf8, 0x00,
    0xf8, 0xfc, 0xf8, 0x00, 0xf8, 0xfc, 0xf8, 0x00, 0xf8, 0xfc, 0xf8, 0x00,
    0xf8, 0xfc, 0xf8, 0x00, 0xf8, 0xfc, 0xf8, 0x00, 0xf8, 0xfc, 0xf8, 0x00,
    0xf8, 0xfc, 0xf8, 0x00, 0xf8, 0xfc, 0xf8, 0x00, 0xf8, 0xfc, 0xf8, 0x00,
    0xf8, 0xfc, 0xf8, 0x41, 0xf8, 0xfc, 0xf8, 0xff, 0xf8, 0xfc, 0xf8, 0x00,
    0xf8, 0xfc, 0xf8, 0x00, 0xf8, 0xd0, 0x08, 0x45, 0xf0, 0xd0, 0x08, 0x4d,
    0xf8, 0xd4, 0x08, 0x4d, 0xf8, 0xd0, 0x08, 0x4d, 0xf0, 0xd4, 0x08, 0x4d,
    0xf8, 0xd4, 0x08, 0x4d, 0xf8, 0xd0, 0x08, 0x4d, 0xf0, 0xd0, 0x08, 0x4d,
    0xf8, 0xd0, 0x08, 0x4d, 0xf8, 0xd0, 0x08, 0x4d, 0xf8, 0xd0, 0x08, 0x4d,
    0xc8, 0xac, 0x08, 0x45, 0x70, 0x68, 0x00, 0x4d, 0x70, 0x68, 0x00, 0x4d,
    0x70, 0x68, 0x00, 0x1c, 0xf8, 0xfc, 0xf8, 0x00, 0xf8, 0xfc, 0xf8, 0x00,
    0xf8, 0xfc, 0xf8, 0x00, 0xf8, 0xfc, 0xf8, 0x00, 0xf8, 0xfc, 0xf8, 0x00,
    0xf8, 0xfc, 0xf8, 0x00, 0xf8, 0xfc, 0xf8, 0x00, 0xf8, 0xfc, 0xf8, 0x00,
    0xf8, 0xfc, 0xf8, 0x00, 0xf8, 0xfc, 0xf8, 0x00, 0xf8, 0xfc, 0xf8, 0x00,
    0xf8, 0xfc, 0xf8, 0x00, 0xf8, 0xfc, 0xf8, 0x00, 0xf8, 0xfc, 0xf8, 0x00,
    0xf8, 0xfc, 0xf8, 0x00, 0xf8, 0xfc, 0xf8, 0x00, 0xf8, 0xfc, 0xf8, 0x00,
    0xf8, 0xfc, 0xf8, 0x00, 0xf8, 0xfc, 0xf8, 0x00, 0xf8, 0xfc, 0xf8, 0x00,
    0xf8, 0xfc, 0xf8, 0x00, 0xf8, 0xfc, 0xf8, 0x00, 0xf8, 0xfc, 0xf8, 0x00,
    0xf8, 0xfc, 0xf8, 0x00, 0xf8, 0xfc, 0xf8, 0x00, 0xf8, 0xfc, 0xf8, 0x00,
    0xf8, 0xfc, 0xf8, 0x00, 0xf8, 0xfc, 0xf8, 0x00, 0xf8, 0xfc, 0xf8, 0x00,
    0xf8, 0xfc, 0xf8, 0x82, 0xf8, 0xfc, 0xf8, 0xcf, 0xf8, 0xfc, 0xf8, 0x00,
    0xf8, 0xd0, 0x08, 0x04, 0xf0, 0xd0, 0x08, 0x4d, 0xf8, 0xd0, 0x08, 0x4d,
    0xf8, 0xd0, 0x08, 0x4d, 0xf0, 0xd0, 0x08, 0x4d, 0xf8, 0xd0, 0x08, 0x4d,
    0xf0, 0xd0, 0x08, 0x4d, 0xf8, 0xd4, 0x08, 0x4d, 0xf0, 0xd0, 0x08, 0x4d,
    0xf0, 0xd4, 0x08, 0x4d, 0xf8, 0xd4, 0x08, 0x4d, 0xf0, 0xd0, 0x08, 0x4d,
    0x98, 0x88, 0x00, 0x4d, 0x70, 0x68, 0x00, 0x4d, 0x70, 0x64, 0x00, 0x4d,
    0x70, 0x68, 0x00, 0x0c, 0xf8, 0xfc, 0xf8, 0x00, 0xf8, 0xfc, 0xf8, 0x00,
    0xf8, 0xfc, 0xf8, 0x00, 0xf8, 0xfc, 0xf8, 0x00, 0xf8, 0xfc, 0xf8, 0x00,
    0xf8, 0xfc, 0xf8, 0x00, 0xf8, 0xfc, 0xf8, 0x00, 0xf8, 0xfc, 0xf8, 0x00,
    0xf8, 0xfc, 0xf8, 0x00, 0xf8, 0xfc, 0xf8, 0x00, 0xf8, 0xfc, 0xf8, 0x00,
    0xf8, 0xfc, 0xf8, 0x00, 0xf8, 0xfc, 0xf8, 0x00, 0xf8, 0xfc, 0xf8, 0x00,
    0xf8, 0xfc, 0xf8, 0x00, 0xf8, 0xfc, 0xf8, 0x00, 0xf8, 0xfc, 0xf8, 0x00,
    0xf8, 0xfc, 0xf8, 0x00, 0xf8, 0xfc, 0xf8, 0x00, 0xf8, 0xfc, 0xf8, 0x00,
    0xf8, 0xfc, 0xf8, 0x00, 0xf8, 0xfc, 0xf8, 0x00, 0xf8, 0xfc, 0xf8, 0x00,
    0xf8, 0xfc, 0xf8, 0x00, 0xf8, 0xfc, 0xf8, 0x00, 0xf8, 0xfc, 0xf8, 0x00,
    0xf8, 0xfc, 0xf8, 0x00, 0xf8, 0xfc, 0xf8, 0x00, 0xf8, 0xfc, 0xf8, 0x00,
    0xf8, 0xfc, 0xf8, 0xae, 0xf8, 0xfc, 0xf8, 0x9e, 0xf8, 0xfc, 0xf8, 0x00,
    0xf8, 0xd0, 0x08, 0x08, 0xf0, 0xd4, 0x08, 0x34, 0xf8, 0xd0, 0x08, 0x41,
    0xf0, 0xd0, 0x08, 0x4d, 0xf8, 0xd4, 0x08, 0x4d, 0xf8, 0xd0, 0x08, 0x4d,
    0xf0, 0xd0, 0x08, 0x4d, 0xf8, 0xd0, 0x08, 0x4d, 0xf8, 0xd0, 0x08, 0x4d,
    0xf8, 0xd0, 0x08, 0x4d, 0xf0, 0xd0, 0x08, 0x4d, 0xf8, 0xd0, 0x08, 0x4d,
    0x80, 0x74, 0x00, 0x4d, 0x70, 0x68, 0x00, 0x4d, 0x78, 0x68, 0x00, 0x49,
    0xf8, 0xfc, 0xf8, 0x00, 0xf8, 0xfc, 0xf8, 0x00, 0xf8, 0xfc, 0xf8, 0x00,
    0xf8, 0xfc, 0xf8, 0x00, 0xf8, 0xfc, 0xf8, 0x00, 0xf8, 0xfc, 0xf8, 0x00,
    0xf8, 0xfc, 0xf8, 0x00, 0xf8, 0xfc, 0xf8, 0x00, 0xf8, 0xfc, 0xf8, 0x00,
    0xf8, 0xfc, 0xf8, 0x00, 0xf8, 0xfc, 0xf8, 0x00, 0xf8, 0xfc, 0xf8, 0x00,
    0xf8, 0xfc, 0xf8, 0x00, 0xf8, 0xfc, 0xf8, 0x00, 0xf8, 0xfc, 0xf8, 0x00,
    0xf8, 0xfc, 0xf8, 0x00, 0xf8, 0xfc, 0xf8, 0x00, 0xf8, 0xfc, 0xf8, 0x00,
    0xf8, 0xfc, 0xf8, 0x00, 0xf8, 0xfc, 0xf8, 0x00, 0xf8, 0xfc, 0xf8, 0x00,
    0xf8, 0xfc, 0xf8, 0x00, 0xf8, 0xfc, 0xf8, 0x00, 0xf8, 0xfc, 0xf8, 0x00,
    0xf8, 0xfc, 0xf8, 0x00, 0xf8, 0xfc, 0xf8, 0x00, 0xf8, 0xfc, 0xf8, 0x00,
    0xf8, 0xfc, 0xf8, 0x00, 0xf8, 0xfc, 0xf8, 0x00, 0xf8, 0xfc, 0xf8, 0x00,
    0xf8, 0xfc, 0xf8, 0xf3, 0xf8, 0xfc, 0xf8, 0xe7, 0xf8, 0xfc, 0xf8, 0xc3,
    0xf8, 0xfc, 0xf8, 0x8e, 0xf8, 0xfc, 0xf8, 0x71, 0xf8, 0xfc, 0xf8, 0x41,
    0xf8, 0xfc, 0xf8, 0x10, 0xf8, 0xd0, 0x08, 0x0c, 0xf0, 0xd4, 0x08, 0x18,
    0xf8, 0xd0, 0x08, 0x28, 0xf8, 0xd0, 0x08, 0x38, 0xf0, 0xd4, 0x08, 0x45,
    0xf8, 0xd0, 0x08, 0x4d, 0xf8, 0xd0, 0x08, 0x4d, 0xf0, 0xd0, 0x08, 0x49,
    0x70, 0x68, 0x00, 0x4d, 0x78, 0x68, 0x00, 0x4d, 0x70, 0x68, 0x00, 0x38,
    0xf8, 0xfc, 0xf8, 0x00, 0xf8, 0xfc, 0xf8, 0x00, 0xf8, 0xfc, 0xf8, 0x00,
    0xf8, 0xfc, 0xf8, 0x00, 0xf8, 0xfc, 0xf8, 0x00, 0xf8, 0xfc, 0xf8, 0x00,
    0xf8, 0xfc, 0xf8, 0x00, 0xf8, 0xfc, 0xf8, 0x00, 0xf8, 0xfc, 0xf8, 0x00,
    0xf8, 0xfc, 0xf8, 0x00, 0xf8, 0xfc, 0xf8, 0x00, 0xf8, 0xfc, 0xf8, 0x00,
    0xf8, 0xfc, 0xf8, 0x00, 0xf8, 0xfc, 0xf8, 0x00, 0xf8, 0xfc, 0xf8, 0x00,
    0xf8, 0xfc, 0xf8, 0x00, 0xf8, 0xfc, 0xf8, 0x00, 0xf8, 0xfc, 0xf8, 0x00,
    0xf8, 0xfc, 0xf8, 0x00, 0xf8, 0xfc, 0xf8, 0x00, 0xf8, 0xfc, 0xf8, 0x00,
    0xf8, 0xfc, 0xf8, 0x00, 0xf8, 0xfc, 0xf8, 0x00, 0xf8, 0xfc, 0xf8, 0x00,
    0xf8, 0xfc, 0xf8, 0x00, 0xf8, 0xfc, 0xf8, 0x00, 0xf8, 0xfc, 0xf8, 0x00,
    0xf8, 0xfc, 0xf8, 0x00, 0xf8, 0xfc, 0xf8, 0x00, 0xf8, 0xfc, 0xf8, 0x00,
    0xf8, 0xfc, 0xf8, 0xff, 0xf8, 0xfc, 0xf8, 0x41, 0xf8, 0xfc, 0xf8, 0x00,
    0xf8, 0xfc, 0xf8, 0x41, 0xf8, 0xfc, 0xf8, 0x61, 0xf8, 0xfc, 0xf8, 0x82,
    0xf8, 0xfc, 0xf8, 0xbe, 0xf8, 0xfc, 0xf8, 0xcf, 0xf8, 0xfc, 0xf8, 0xc3,
    0xf8, 0xfc, 0xf8, 0x82, 0xf8, 0xfc, 0xf8, 0x61, 0xf8, 0xfc, 0xf8, 0x41,
    0xf8, 0xfc, 0xf8, 0x00, 0xf8, 0xd0, 0x08, 0x14, 0xc0, 0xa4, 0x08, 0x24,
    0x70, 0x68, 0x00, 0x28, 0x70, 0x68, 0x00, 0x38, 0x70, 0x64, 0x00, 0x1c,
    0xf8, 0xfc, 0xf8, 0x00, 0xf8, 0xfc, 0xf8, 0x00, 0xf8, 0xfc, 0xf8, 0x00,
    0xf8, 0xfc, 0xf8, 0x00, 0xf8, 0xfc, 0xf8, 0x00, 0xf8, 0xfc, 0xf8, 0x00,
    0xf8, 0xfc, 0xf8, 0x00, 0xf8, 0xfc, 0xf8, 0x00, 0xf8, 0xfc, 0xf8, 0x00,
    0xf8, 0xfc, 0xf8, 0x00, 0xf8, 0xfc, 0xf8, 0x00, 0xf8, 0xfc, 0xf8, 0x00,
    0xf8, 0xfc, 0xf8, 0x00, 0xf8, 0xfc, 0xf8, 0x00, 0xf8, 0xfc, 0xf8, 0x00,
    0xf8, 0xfc, 0xf8, 0x00, 0xf8, 0xfc, 0xf8, 0x00, 0xf8, 0xfc, 0xf8, 0x00,
    0xf8, 0xfc, 0xf8, 0x00, 0xf8, 0xfc, 0xf8, 0x00, 0xf8, 0xfc, 0xf8, 0x00,
    0xf8, 0xfc, 0xf8, 0x00, 0xf8, 0xfc, 0xf8, 0x00, 0xf8, 0xfc, 0xf8, 0x00,
    0xf8, 0xfc, 0xf8, 0x00, 0xf8, 0xfc, 0xf8, 0x00, 0xf8, 0xfc, 0xf8, 0x00,
    0xf8, 0xfc, 0xf8, 0x00, 0xf8, 0xfc, 0xf8, 0x00, 0xf8, 0xfc, 0xf8, 0x41,
    0xf8, 0xfc, 0xf8, 0xff, 0xf8, 0xfc, 0xf8, 0x10, 0xf8, 0xfc, 0xf8, 0x00,
    0xf8, 0xd0, 0x08, 0x30, 0xf0, 0xd0, 0x08, 0x34, 0xf8, 0xd0, 0x08, 0x28,
    0xf8, 0xd0, 0x08, 0x18, 0xf0, 0xd0, 0x08, 0x0c, 0xf8, 0xfc, 0xf8, 0x10,
    0xf8, 0xfc, 0xf8, 0x41, 0xf8, 0xfc, 0xf8, 0x71, 0xf8, 0xfc, 0xf8, 0x8e,
    0xf8, 0xfc, 0xf8, 0xbe, 0xf8, 0xfc, 0xf8, 0xcf, 0xf8, 0xfc, 0xf8, 0xae,
    0xf8, 0xfc, 0xf8, 0x82, 0xf8, 0xfc, 0xf8, 0x51, 0xf8, 0xfc, 0xf8, 0x30,
    0xf8, 0xfc, 0xf8, 0x00, 0xf8, 0xfc, 0xf8, 0x00, 0xf8, 0xfc, 0xf8, 0x00,
    0xf8, 0xfc, 0xf8, 0x00, 0xf8, 0xfc, 0xf8, 0x00, 0xf8, 0xfc, 0xf8, 0x00,
    0xf8, 0xfc, 0xf8, 0x00, 0xf8, 0xfc, 0xf8, 0x00, 0xf8, 0xfc, 0xf8, 0x00,
    0xf8, 0xfc, 0xf8, 0x00, 0xf8, 0xfc, 0xf8, 0x00, 0xf8, 0xfc, 0xf8, 0x00,
    0xf8, 0xfc, 0xf8, 0x00, 0xf8, 0xfc, 0xf8, 0x00, 0xf8, 0xfc, 0xf8, 0x00,
    0xf8, 0xfc, 0xf8, 0x00, 0xf8, 0xfc, 0xf8, 0x00, 0xf8, 0xfc, 0xf8, 0x00,
    0xf8, 0xfc, 0xf8, 0x00, 0xf8, 0xfc, 0xf8, 0x00, 0xf8, 0xfc, 0xf8, 0x00,
    0xf8, 0xfc, 0xf8, 0x00, 0xf8, 0xfc, 0xf8, 0x00, 0xf8, 0xfc, 0xf8, 0x00,
    0xf8, 0xfc, 0xf8, 0x00, 0xf8, 0xfc, 0xf8, 0x00, 0xf8, 0xfc, 0xf8, 0x00,
    0xf8, 0xfc, 0xf8, 0x00, 0xf8, 0xfc, 0xf8, 0x00, 0xf8, 0xfc, 0xf8, 0x61,
    0xf8, 0xfc, 0xf8, 0xef, 0xf8, 0xfc, 0xf8, 0x00, 0xf8, 0xfc, 0xf8, 0x00,
    0xf8, 0xd0, 0x08, 0x4d, 0xf0, 0xd4, 0x08, 0x4d, 0xf8, 0xd0, 0x08, 0x4d,
    0xf8, 0xd4, 0x08, 0x4d, 0xf0, 0xd0, 0x08, 0x4d, 0xf8, 0xd0, 0x08, 0x4d,
    0xf8, 0xd4, 0x08, 0x41, 0xf0, 0xd0, 0x08, 0x30, 0xf8, 0xd0, 0x08, 0x28,
    0xf0, 0xd4, 0x08, 0x14, 0xf0, 0xd0, 0x08, 0x08, 0xf8, 0xfc, 0xf8, 0x10,
    0xf8, 0xfc, 0xf8, 0x41, 0xf8, 0xfc, 0xf8, 0x82, 0xf8, 0xfc, 0xf8, 0x61,
    0xf8, 0xfc, 0xf8, 0x00, 0xf8, 0xfc, 0xf8, 0x00, 0xf8, 0xfc, 0xf8, 0x00,
    0xf8, 0xfc, 0xf8, 0x00, 0xf8, 0xfc, 0xf8, 0x00, 0xf8, 0xfc, 0xf8, 0x00,
    0xf8, 0xfc, 0xf8, 0x00, 0xf8, 0xfc, 0xf8, 0x00, 0xf8, 0xfc, 0xf8, 0x00,
    0xf8, 0xfc, 0xf8, 0x00, 0xf8, 0xfc, 0xf8, 0x00, 0xf8, 0xfc, 0xf8, 0x00,
    0xf8, 0xfc, 0xf8, 0x00, 0xf8, 0xfc, 0xf8, 0x00, 0xf8, 0xfc, 0xf8, 0x00,
    0xf8, 0xfc, 0xf8, 0x00, 0xf8, 0xfc, 0xf8, 0x00, 0xf8, 0xfc, 0xf8, 0x00,
    0xf8, 0xfc, 0xf8, 0x00, 0xf8, 0xfc, 0xf8, 0x00, 0xf8, 0xfc, 0xf8, 0x00,
    0xf8, 0xfc, 0xf8, 0x00, 0xf8, 0xfc, 0xf8, 0x00, 0xf8, 0xfc, 0xf8, 0x00,
    0xf8, 0xfc, 0xf8, 0x00, 0xf8, 0xfc, 0xf8, 0x00, 0xf8, 0xfc, 0xf8, 0x00,
    0xf8, 0xfc, 0xf8, 0x00, 0xf8, 0xfc, 0xf8, 0x00, 0xf8, 0xfc, 0xf8, 0x82,
    0xf8, 0xfc, 0xf8, 0xbe, 0xf8, 0xfc, 0xf8, 0x00, 0xf8, 0xd0, 0x08, 0x08,
    0xf0, 0xd0, 0x08, 0x4d, 0xf8, 0xd0, 0x08, 0x4d, 0xf0, 0xd0, 0x08, 0x4d,
    0xf8, 0xd4, 0x08, 0x4d, 0xf8, 0xd0, 0x08, 0x4d, 0xf0, 0xd0, 0x08, 0x4d,
    0xf8, 0xd0, 0x08, 0x4d, 0xf8, 0xd0, 0x08, 0x4d, 0xf8, 0xd0, 0x08, 0x4d,
    0xf8, 0xd0, 0x08, 0x4d, 0xf8, 0xd0, 0x08, 0x4d, 0x88, 0x7c, 0x00, 0x4d,
    0x70, 0x68, 0x00, 0x38, 0x70, 0x68, 0x00, 0x30, 0xf8, 0xfc, 0xf8, 0x00,
    0xf8, 0xfc, 0xf8, 0x00, 0xf8, 0xfc, 0xf8, 0x00, 0xf8, 0xfc, 0xf8, 0x00,
    0xf8, 0xfc, 0xf8, 0x00, 0xf8, 0xfc, 0xf8, 0x00, 0xf8, 0xfc, 0xf8, 0x00,
    0xf8, 0xfc, 0xf8, 0x00, 0xf8, 0xfc, 0xf8, 0x00, 0xf8, 0xfc, 0xf8, 0x00,
    0xf8, 0xfc, 0xf8, 0x00, 0xf8, 0xfc, 0xf8, 0x00, 0xf8, 0xfc, 0xf8, 0x00,
    0xf8, 0xfc, 0xf8, 0x00, 0xf8, 0xfc, 0xf8, 0x00, 0xf8, 0xfc, 0xf8, 0x00,
    0xf8, 0xfc, 0xf8, 0x00, 0xf8, 0xfc, 0xf8, 0x00, 0xf8, 0xfc, 0xf8, 0x00,
    0xf8, 0xfc, 0xf8, 0x00, 0xf8, 0xfc, 0xf8, 0x00, 0xf8, 0xfc, 0xf8, 0x00,
    0xf8, 0xfc, 0xf8, 0x00, 0xf8, 0xfc, 0xf8, 0x00, 0xf8, 0xfc, 0xf8, 0x00,
    0xf8, 0xfc, 0xf8, 0x00, 0xf8, 0xfc, 0xf8, 0x00, 0xf8, 0xfc, 0xf8, 0x00,
    0xf8, 0xfc, 0xf8, 0x00, 0xf8, 0xfc, 0xf8, 0x00, 0xf8, 0xfc, 0xf8, 0xae,
    0xf8, 0xfc, 0xf8, 0x8e, 0xf8, 0xfc, 0xf8, 0x00, 0xf0, 0xd0, 0x08, 0x14,
    0xf8, 0xd0, 0x08, 0x4d, 0xf8, 0xd0, 0x08, 0x4d, 0xf0, 0xd0, 0x08, 0x4d,
    0xf8, 0xd0, 0x08, 0x4d, 0xf8, 0xd4, 0x08, 0x4d, 0xf0, 0xd0, 0x08, 0x4d,
    0xf0, 0xd0, 0x08, 0x4d, 0xf8, 0xd4, 0x08, 0x4d, 0xf0, 0xd0, 0x08, 0x4d,
    0xf8, 0xd0, 0x08, 0x4d, 0xf8, 0xd4, 0x08, 0x4d, 0x70, 0x68, 0x00, 0x4d,
    0x70, 0x68, 0x00, 0x4d, 0x78, 0x68, 0x00, 0x38, 0xf8, 0xfc, 0xf8, 0x00,
    0xf8, 0xfc, 0xf8, 0x00, 0xf8, 0xfc, 0xf8, 0x00, 0xf8, 0xfc, 0xf8, 0x00,
    0xf8, 0xfc, 0xf8, 0x00, 0xf8, 0xfc, 0xf8, 0x00, 0xf8, 0xfc, 0xf8, 0x00,
    0xf8, 0xfc, 0xf8, 0x00, 0xf8, 0xfc, 0xf8, 0x00, 0xf8, 0xfc, 0xf8, 0x00,
    0xf8, 0xfc, 0xf8, 0x00, 0xf8, 0xfc, 0xf8, 0x00, 0xf8, 0xfc, 0xf8, 0x00,
    0xf8, 0xfc, 0xf8, 0x00, 0xf8, 0xfc, 0xf8, 0x00, 0xf8, 0xfc, 0xf8, 0x00,
    0xf8, 0xfc, 0xf8, 0x00, 0xf8, 0xfc, 0xf8, 0x00, 0xf8, 0xfc, 0xf8, 0x00,
    0xf8, 0xfc, 0xf8, 0x00, 0xf8, 0xfc, 0xf8, 0x00, 0xf8, 0xfc, 0xf8, 0x00,
    0xf8, 0xfc, 0xf8, 0x00, 0xf8, 0xfc, 0xf8, 0x00, 0xf8, 0xfc, 0xf8, 0x00,
    0xf8, 0xfc, 0xf8, 0x00, 0xf8, 0xfc, 0xf8, 0x00, 0xf8, 0xfc, 0xf8, 0x00,
    0xf8, 0xfc, 0xf8, 0x00, 0xf8, 0xfc, 0xf8, 0x00, 0xf8, 0xfc, 0xf8, 0xcf,
    0xf8, 0xfc, 0xf8, 0x82, 0xf8, 0xfc, 0xf8, 0x00, 0xf8, 0xd0, 0x08, 0x28,
    0xf8, 0xd4, 0x08, 0x4d, 0xf0, 0xd4, 0x08, 0x4d, 0xf8, 0xd0, 0x08, 0x4d,
    0xf0, 0xd0, 0x08, 0x4d, 0xf8, 0xd0, 0x08, 0x4d, 0xf8, 0xd4, 0x08, 0x4d,
    0xf8, 0xd0, 0x08, 0x4d, 0xf0, 0xd0, 0x08, 0x4d, 0xf0, 0xd4, 0x08, 0x4d,
    0xf8, 0xd0, 0x08, 0x4d, 0xe8, 0xc8, 0x08, 0x45, 0x70, 0x68, 0x00, 0x4d,
    0x70, 0x64, 0x00, 0x4d, 0x70, 0x68, 0x00, 0x30, 0xf8, 0xfc, 0xf8, 0x00,
    0xf8, 0xfc, 0xf8, 0x00, 0xf8, 0xfc, 0xf8, 0x00, 0xf8, 0xfc, 0xf8, 0x00,
    0xf8, 0xfc, 0xf8, 0x00, 0xf8, 0xfc, 0xf8, 0x00, 0xf8, 0xfc, 0xf8, 0x00,
    0xf8, 0xfc, 0xf8, 0x00, 0xf8, 0xfc, 0xf8, 0x00, 0xf8, 0xfc, 0xf8, 0x00,
    0xf8, 0xfc, 0xf8, 0x00, 0xf8, 0xfc, 0xf8, 0x00, 0xf8, 0xfc, 0xf8, 0x00,
    0xf8, 0xfc, 0xf8, 0x00, 0xf8, 0xfc, 0xf8, 0x00, 0xf8, 0xfc, 0xf8, 0x00,
    0xf8, 0xfc, 0xf8, 0x00, 0xf8, 0xfc, 0xf8, 0x00, 0xf8, 0xfc, 0xf8, 0x00,
    0xf8, 0xfc, 0xf8, 0x00, 0xf8, 0xfc, 0xf8, 0x00, 0xf8, 0xfc, 0xf8, 0x00,
    0xf8, 0xfc, 0xf8, 0x00, 0xf8, 0xfc, 0xf8, 0x00, 0xf8, 0xfc, 0xf8, 0x00,
    0xf8, 0xfc, 0xf8, 0x00, 0xf8, 0xfc, 0xf8, 0x00, 0xf8, 0xfc, 0xf8, 0x00,
    0xf8, 0xfc, 0xf8, 0x00, 0xf8, 0xfc, 0xf8, 0x00, 0xf8, 0xfc, 0xf8, 0xff,
    0xf8, 0xfc, 0xf8, 0x41, 0xf8, 0xfc, 0xf8, 0x00, 0xf8, 0xd0, 0x08, 0x2c,
    0xf0, 0xd0, 0x08, 0x4d, 0xf8, 0xd0, 0x08, 0x4d, 0xf8, 0xd4, 0x08, 0x4d,
    0xf0, 0xd0, 0x08, 0x4d, 0xf0, 0xd0, 0x08, 0x4d, 0xf8, 0xd0, 0x08, 0x4d,
    0xf8, 0xd0, 0x08, 0x4d, 0xf8, 0xd0, 0x08, 0x4d, 0xf8, 0xd0, 0x08, 0x4d,
    0xf0, 0xd0, 0x08, 0x4d, 0xd8, 0xb8, 0x08, 0x45, 0x70, 0x68, 0x00, 0x4d,
    0x70, 0x68, 0x00, 0x4d, 0x70, 0x64, 0x00, 0x28, 0xf8, 0xfc, 0xf8, 0x00,
    0xf8, 0xfc, 0xf8, 0x00, 0xf8, 0xfc, 0xf8, 0x00, 0xf8, 0xfc, 0xf8, 0x00,
    0xf8, 0xfc, 0xf8, 0x00, 0xf8, 0xfc, 0xf8, 0x00, 0xf8, 0xfc, 0xf8, 0x00,
    0xf8, 0xfc, 0xf8, 0x00, 0xf8, 0xfc, 0xf8, 0x00, 0xf8, 0xfc, 0xf8, 0x00,
    0xf8, 0xfc, 0xf8, 0x00, 0xf8, 0xfc, 0xf8, 0x00, 0xf8, 0xfc, 0xf8, 0x00,
    0xf8, 0xfc, 0xf8, 0x00, 0xf8, 0xfc, 0xf8, 0x00, 0xf8, 0xfc, 0xf8, 0x00,
    0xf8, 0xfc, 0xf8, 0x00, 0xf8, 0xfc, 0xf8, 0x00, 0xf8, 0xfc, 0xf8, 0x00,
    0xf8, 0xfc, 0xf8, 0x00, 0xf8, 0xfc, 0xf8, 0x00, 0xf8, 0xfc, 0xf8, 0x00,
    0xf8, 0xfc, 0xf8, 0x00, 0xf8, 0xfc, 0xf8, 0x00, 0xf8, 0xfc, 0xf8, 0x00,
    0xf8, 0xfc, 0xf8, 0x00, 0xf8, 0xfc, 0xf8, 0x00, 0xf8, 0xfc, 0xf8, 0x00,
    0xf8, 0xfc, 0xf8, 0x00, 0xf8, 0xfc, 0xf8, 0x10, 0xf8, 0xfc, 0xf8, 0xff,
    0xf8, 0xfc, 0xf8, 0x30, 0xf8, 0xfc, 0xf8, 0x00, 0xf0, 0xd0, 0x08, 0x38,
    0xf8, 0xd0, 0x08, 0x4d, 0xf8, 0xd0, 0x08, 0x4d, 0xf0, 0xd0, 0x08, 0x4d,
    0xf8, 0xd4, 0x08, 0x4d, 0xf8, 0xd0, 0x08, 0x4d, 0xf0, 0xd4, 0x08, 0x4d,
    0xf0, 0xd0, 0x08, 0x4d, 0xf8, 0xd4, 0x08, 0x4d, 0xf8, 0xd0, 0x08, 0x4d,
    0xf8, 0xd0, 0x08, 0x4d, 0xc0, 0xa4, 0x08, 0x45, 0x70, 0x68, 0x00, 0x4d,
    0x70, 0x68, 0x00, 0x4d, 0x78, 0x68, 0x00, 0x14, 0xf8, 0xfc, 0xf8, 0x00,
    0xf8, 0xfc, 0xf8, 0x00, 0xf8, 0xfc, 0xf8, 0x00, 0xf8, 0xfc, 0xf8, 0x00,
    0xf8, 0xfc, 0xf8, 0x00, 0xf8, 0xfc, 0xf8, 0x00, 0xf8, 0xfc, 0xf8, 0x00,
    0xf8, 0xfc, 0xf8, 0x00, 0xf8, 0xfc, 0xf8, 0x00, 0xf8, 0xfc, 0xf8, 0x00,
    0xf8, 0xfc, 0xf8, 0x00, 0xf8, 0xfc, 0xf8, 0x00, 0xf8, 0xfc, 0xf8, 0x00,
    0xf8, 0xfc, 0xf8, 0x00, 0xf8, 0xfc, 0xf8, 0x00, 0xf8, 0xfc, 0xf8, 0x00,
    0xf8, 0xfc, 0xf8, 0x00, 0xf8, 0xfc, 0xf8, 0x00, 0xf8, 0xfc, 0xf8, 0x00,
    0xf8, 0xfc, 0xf8, 0x00, 0xf8, 0xfc, 0xf8, 0x00, 0xf8, 0xfc, 0xf8, 0x00,
    0xf8, 0xfc, 0xf8, 0x00, 0xf8, 0xfc, 0xf8, 0x00, 0xf8, 0xfc, 0xf8, 0x00,
    0xf8, 0xfc, 0xf8, 0x00, 0xf8, 0xfc, 0xf8, 0x00, 0xf8, 0xfc, 0xf8, 0x00,
    0xf8, 0xfc, 0xf8, 0x00, 0xf8, 0xfc, 0xf8, 0x41, 0xf8, 0xfc, 0xf8, 0xff,
    0xf8, 0xfc, 0xf8, 0x00, 0xf8, 0xfc, 0xf8, 0x00, 0xf8, 0xd0, 0x08, 0x41,
    0xf0, 0xd4, 0x08, 0x4d, 0xf8, 0xd0, 0x08, 0x4d, 0xf8, 0xd0, 0x08, 0x4d,
    0xf0, 0xd0, 0x08, 0x4d, 0xf8, 0xd0, 0x08, 0x4d, 0xf8, 0xd0, 0x08, 0x4d,
    0xf0, 0xd4, 0x08, 0x4d, 0xf0, 0xd0, 0x08, 0x4d, 0xf8, 0xd0, 0x08, 0x4d,
    0xf0, 0xd4, 0x08, 0x4d, 0xa8, 0x90, 0x00, 0x49, 0x70, 0x68, 0x00, 0x4d,
    0x70, 0x68, 0x00, 0x4d, 0x70, 0x68, 0x00, 0x0c, 0xf8, 0xfc, 0xf8, 0x00,
    0xf8, 0xfc, 0xf8, 0x00, 0xf8, 0xfc, 0xf8, 0x00, 0xf8, 0xfc, 0xf8, 0x00,
    0xf8, 0xfc, 0xf8, 0x00, 0xf8, 0xfc, 0xf8, 0x00, 0xf8, 0xfc, 0xf8, 0x00,
    0xf8, 0xfc, 0xf8, 0x00, 0xf8, 0xfc, 0xf8, 0x00, 0xf8, 0xfc, 0xf8, 0x00,
    0xf8, 0xfc, 0xf8, 0x00, 0xf8, 0xfc, 0xf8, 0x00, 0xf8, 0xfc, 0xf8, 0x00,
    0xf8, 0xfc, 0xf8, 0x00, 0xf8, 0xfc, 0xf8, 0x00, 0xf8, 0xfc, 0xf8, 0x00,
    0xf8, 0xfc, 0xf8, 0x00, 0xf8, 0xfc, 0xf8, 0x00, 0xf8, 0xfc, 0xf8, 0x00,
    0xf8, 0xfc, 0xf8, 0x00, 0xf8, 0xfc, 0xf8, 0x00, 0xf8, 0xfc, 0xf8, 0x00,
    0xf8, 0xfc, 0xf8, 0x00, 0xf8, 0xfc, 0xf8, 0x00, 0xf8, 0xfc, 0xf8, 0x00,
    0xf8, 0xfc, 0xf8, 0x00, 0xf8, 0xfc, 0xf8, 0x00, 0xf8, 0xfc, 0xf8, 0x00,
    0xf8, 0xfc, 0xf8, 0x00, 0xf8, 0xfc, 0xf8, 0x51, 0xf8, 0xfc, 0xf8, 0xff,
    0xf8, 0xfc, 0xf8, 0x00, 0xf8, 0xfc, 0xf8, 0x00, 0xf8, 0xd0, 0x08, 0x4d,
    0xf0, 0xd0, 0x08, 0x4d, 0xf8, 0xd4, 0x08, 0x4d, 0xf8, 0xd0, 0x08, 0x4d,
    0xf0, 0xd0, 0x08, 0x4d, 0xf8, 0xd4, 0x08, 0x4d, 0xf8, 0xd0, 0x08, 0x4d,
    0xf8, 0xd0, 0x08, 0x4d, 0xf8, 0xd0, 0x08, 0x4d, 0xf0, 0xd0, 0x08, 0x4d,
    0xf8, 0xd0, 0x08, 0x4d, 0x90, 0x84, 0x00, 0x4d, 0x70, 0x68, 0x00, 0x4d,
    0x78, 0x64, 0x00, 0x4d, 0xf8, 0xfc, 0xf8, 0x00, 0xf8, 0xfc, 0xf8, 0x00,
    0xf8, 0xfc, 0xf8, 0x00, 0xf8, 0xfc, 0xf8, 0x00, 0xf8, 0xfc, 0xf8, 0x00,
    0xf8, 0xfc, 0xf8, 0x00, 0xf8, 0xfc, 0xf8, 0x00, 0xf8, 0xfc, 0xf8, 0x00,
    0xf8, 0xfc, 0xf8, 0x00, 0xf8, 0xfc, 0xf8, 0x00, 0xf8, 0xfc, 0xf8, 0x00,
    0xf8, 0xfc, 0xf8, 0x00, 0xf8, 0xfc, 0xf8, 0x00, 0xf8, 0xfc, 0xf8, 0x00,
    0xf8, 0xfc, 0xf8, 0x00, 0xf8, 0xfc, 0xf8, 0x00, 0xf8, 0xfc, 0xf8, 0x00,
    0xf8, 0xfc, 0xf8, 0x00, 0xf8, 0xfc, 0xf8, 0x00, 0xf8, 0xfc, 0xf8, 0x00,
    0xf8, 0xfc, 0xf8, 0x00, 0xf8, 0xfc, 0xf8, 0x00, 0xf8, 0xfc, 0xf8, 0x00,
    0xf8, 0xfc, 0xf8, 0x00, 0xf8, 0xfc, 0xf8, 0x00, 0xf8, 0xfc, 0xf8, 0x00,
    0xf8, 0xfc, 0xf8, 0x00, 0xf8, 0xfc, 0xf8, 0x00, 0xf8, 0xfc, 0xf8, 0x00,
    0xf8, 0xfc, 0xf8, 0x00, 0xf8, 0xfc, 0xf8, 0x82, 0xf8, 0xfc, 0xf8, 0xbe,
    0xf8, 0xfc, 0xf8, 0x00, 0xf8, 0xfc, 0xf8, 0x00, 0xf8, 0xd0, 0x08, 0x4d,
    0xf0, 0xd0, 0x08, 0x4d, 0xf8, 0xd4, 0x08, 0x4d, 0xf0, 0xd0, 0x08, 0x4d,
    0xf8, 0xd0, 0x08, 0x4d, 0xf0, 0xd4, 0x08, 0x4d, 0xf8, 0xd0, 0x08, 0x4d,
    0xf8, 0xd0, 0x08, 0x4d, 0xf0, 0xd4, 0x08, 0x4d, 0xf8, 0xd0, 0x08, 0x4d,
    0xf8, 0xd0, 0x08, 0x4d, 0x80, 0x74, 0x00, 0x4d, 0x70, 0x68, 0x00, 0x4d,
    0x70, 0x68, 0x00, 0x49, 0xf8, 0xfc, 0xf8, 0x00, 0xf8, 0xfc, 0xf8, 0x00,
    0xf8, 0xfc, 0xf8, 0x00, 0xf8, 0xfc, 0xf8, 0x00, 0xf8, 0xfc, 0xf8, 0x00,
    0xf8, 0xfc, 0xf8, 0x10, 0xf8, 0xfc, 0xf8, 0x55, 0xf8, 0xfc, 0xf8, 0x8a,
    0xf8, 0xfc, 0xf8, 0x86, 0xf8, 0xfc, 0xf8, 0x8a, 0xf8, 0xfc, 0xf8, 0x75,
    0xf8, 0xfc, 0xf8, 0x00, 0xf8, 0xfc, 0xf8, 0x00, 0xf8, 0xfc, 0xf8, 0x00,
    0xf8, 0xfc, 0xf8, 0x00, 0xf8, 0xfc, 0xf8, 0x00, 0xf8, 0xfc, 0xf8, 0x00,
    0xf8, 0xfc, 0xf8, 0x00, 0xf8, 0xfc, 0xf8, 0x00, 0xf8, 0xfc, 0xf8, 0x00,
    0xf8, 0xfc, 0xf8, 0x00, 0xf8, 0xfc, 0xf8, 0x00, 0xf8, 0xfc, 0xf8, 0x00,
    0xf8, 0xfc, 0xf8, 0x00, 0xf8, 0xfc, 0xf8, 0x00, 0xf8, 0xfc, 0xf8, 0x00,
    0xf8, 0xfc, 0xf8, 0x00, 0xf8, 0xfc, 0xf8, 0x00, 0xf8, 0xfc, 0xf8, 0x00,
    0xf8, 0xfc, 0xf8, 0x00, 0xf8, 0xfc, 0xf8, 0x82, 0xf8, 0xfc, 0xf8, 0xbe,
    0xf8, 0xfc, 0xf8, 0x00, 0xf8, 0xd0, 0x08, 0x0c, 0xf0, 0xd0, 0x08, 0x4d,
    0xf8, 0xd0, 0x08, 0x4d, 0xf8, 0xd0, 0x08, 0x4d, 0xf0, 0xd0, 0x08, 0x4d,
    0xf8, 0xd0, 0x08, 0x4d, 0xf8, 0xd0, 0x08, 0x4d, 0xf0, 0xd0, 0x08, 0x4d,
    0xf0, 0xd0, 0x08, 0x4d, 0xf8, 0xd4, 0x08, 0x4d, 0xf8, 0xd0, 0x08, 0x4d,
    0xf8, 0xd0, 0x08, 0x4d, 0x70, 0x68, 0x00, 0x4d, 0x70, 0x68, 0x00, 0x4d,
    0x70, 0x68, 0x00, 0x38, 0xf8, 0xfc, 0xf8, 0x00, 0xf8, 0xfc, 0xf8, 0x00,
    0xf8, 0xfc, 0xf8, 0x00, 0xf8, 0xfc, 0xf8, 0x00, 0xf8, 0xfc, 0xf8, 0x79,
    0xf8, 0xfc, 0xf8, 0xef, 0xf8, 0xfc, 0xf8, 0xff, 0xf8, 0xfc, 0xf8, 0xff,
    0xf8, 0xfc, 0xf8, 0xff, 0xf8, 0xfc, 0xf8, 0xff, 0xf8, 0xfc, 0xf8, 0xcb,
    0xf8, 0xfc, 0xf8, 0x00, 0xf8, 0xfc, 0xf8, 0x00, 0xf8, 0xfc, 0xf8, 0x00,
    0xf8, 0xfc, 0xf8, 0x00, 0xf8, 0xfc, 0xf8, 0x00, 0xf8, 0xfc, 0xf8, 0x00,
    0xf8, 0xfc, 0xf8, 0x00, 0xf8, 0xfc, 0xf8, 0x00, 0xf8, 0xfc, 0xf8, 0x00,
    0xf8, 0xfc, 0xf8, 0x00, 0xf8, 0xfc, 0xf8, 0x00, 0xf8, 0xfc, 0xf8, 0x00,
    0xf8, 0xfc, 0xf8, 0x00, 0xf8, 0xfc, 0xf8, 0x00, 0xf8, 0xfc, 0xf8, 0x00,
    0xf8, 0xfc, 0xf8, 0x00, 0xf8, 0xfc, 0xf8, 0x00, 0xf8, 0xfc, 0xf8, 0x00,
    0xf8, 0xfc, 0xf8, 0x00, 0xf8, 0xfc, 0xf8, 0xb6, 0xf8, 0xfc, 0xf8, 0xaa,
    0xf8, 0xfc, 0xf8, 0x00, 0xf8, 0xfc, 0xf8, 0x00, 0xf8, 0xfc, 0xf8, 0x00,
    0xf8, 0xfc, 0xf8, 0x00, 0xf8, 0xd4, 0x08, 0x04, 0xf0, 0xd0, 0x08, 0x14,
    0xf8, 0xd4, 0x08, 0x14, 0xf8, 0xd0, 0x08, 0x1c, 0xf0, 0xd0, 0x08, 0x28,
    0xf8, 0xd4, 0x08, 0x28, 0xf8, 0xd0, 0x08, 0x34, 0xf0, 0xd0, 0x08, 0x38,
    0xe8, 0xc8, 0x08, 0x41, 0x70, 0x68, 0x00, 0x4d, 0x78, 0x68, 0x00, 0x4d,
    0x70, 0x64, 0x00, 0x38, 0xf8, 0xfc, 0xf8, 0x00, 0xf8, 0xfc, 0xf8, 0x00,
    0xf8, 0xfc, 0xf8, 0x00, 0xf8, 0xfc, 0xf8, 0x45, 0xf8, 0xfc, 0xf8, 0xff,
    0xf8, 0xfc, 0xf8, 0xef, 0xf8, 0xfc, 0xf8, 0x55, 0xf8, 0xfc, 0xf8, 0x10,
    0xf8, 0xfc, 0xf8, 0x10, 0xf8, 0xfc, 0xf8, 0x10, 0xf8, 0xfc, 0xf8, 0x00,
    0xf8, 0xfc, 0xf8, 0x00, 0xf8, 0xfc, 0xf8, 0x00, 0xf8, 0xfc, 0xf8, 0x00,
    0xf8, 0xfc, 0xf8, 0x00, 0xf8, 0xfc, 0xf8, 0x00, 0xf8, 0xfc, 0xf8, 0x00,
    0xf8, 0xfc, 0xf8, 0x00, 0xf8, 0xfc, 0xf8, 0x00, 0xf8, 0xfc, 0xf8, 0x00,
    0xf8, 0xfc, 0xf8, 0x00, 0xf8, 0xfc, 0xf8, 0x00, 0xf8, 0xfc, 0xf8, 0x00,
    0xf8, 0xfc, 0xf8, 0x00, 0xf8, 0xfc, 0xf8, 0x00, 0xf8, 0xfc, 0xf8, 0x00,
    0xf8, 0xfc, 0xf8, 0x00, 0xf8, 0xfc, 0xf8, 0x00, 0xf8, 0xfc, 0xf8, 0x00,
    0xf8, 0xfc, 0xf8, 0x00, 0xf8, 0xfc, 0xf8, 0xc7, 0xf8, 0xfc, 0xf8, 0xc7,
    0xf8, 0xfc, 0xf8, 0xc3, 0xf8, 0xfc, 0xf8, 0xbe, 0xf8, 0xfc, 0xf8, 0xcf,
    0xf8, 0xfc, 0xf8, 0xc3, 0xf8, 0xfc, 0xf8, 0xbe, 0xf8, 0xfc, 0xf8, 0x9e,
    0xf8, 0xfc, 0xf8, 0x82, 0xf8, 0xfc, 0xf8, 0x82, 0xf8, 0xfc, 0xf8, 0x4d,
    0xf8, 0xfc, 0xf8, 0x41, 0xf8, 0xfc, 0xf8, 0x41, 0xf8, 0xfc, 0xf8, 0x00,
    0xf8, 0xfc, 0xf8, 0x00, 0xf8, 0xfc, 0xf8, 0x00, 0xf8, 0xfc, 0xf8, 0x00,
    0xf8, 0xfc, 0xf8, 0x00, 0xf8, 0xfc, 0xf8, 0x00, 0xf8, 0xfc, 0xf8, 0x00,
    0xf8, 0xfc, 0xf8, 0x00, 0xf8, 0xfc, 0xf8, 0x86, 0xf8, 0xfc, 0xf8, 0xff,
    0xf8, 0xfc, 0xf8, 0x86, 0xf8, 0xfc, 0xf8, 0x00, 0xf8, 0xfc, 0xf8, 0x00,
    0xf8, 0xfc, 0xf8, 0x00, 0xf8, 0xfc, 0xf8, 0x00, 0xf8, 0xfc, 0xf8, 0x00,
    0xf8, 0xfc, 0xf8, 0x00, 0xf8, 0xfc, 0xf8, 0x00, 0xf8, 0xfc, 0xf8, 0x00,
    0xf8, 0xfc, 0xf8, 0x00, 0xf8, 0xfc, 0xf8, 0x00, 0xf8, 0xfc, 0xf8, 0x00,
    0xf8, 0xfc, 0xf8, 0x00, 0xf8, 0xfc, 0xf8, 0x00, 0xf8, 0xfc, 0xf8, 0x00,
    0xf8, 0xfc, 0xf8, 0x00, 0xf8, 0xfc, 0xf8, 0x00, 0xf8, 0xfc, 0xf8, 0x00,
    0xf8, 0xfc, 0xf8, 0x00, 0xf8, 0xfc, 0xf8, 0x00, 0xf8, 0xfc, 0xf8, 0x00,
    0xf8, 0xfc, 0xf8, 0x00, 0xf8, 0xfc, 0xf8, 0x00, 0xf8, 0xfc, 0xf8, 0x00,
    0xf8, 0xfc, 0xf8, 0x00, 0xf8, 0xfc, 0xf8, 0xbe, 0xf8, 0xfc, 0xf8, 0x82,
    0xf8, 0xfc, 0xf8, 0x00, 0xf8, 0xfc, 0xf8, 0x00, 0xf8, 0xfc, 0xf8, 0x00,
    0xf8, 0xfc, 0xf8, 0x00, 0xf8, 0xfc, 0xf8, 0x00, 0xf8, 0xfc, 0xf8, 0x30,
    0xf8, 0xfc, 0xf8, 0x41, 0xf8, 0xfc, 0xf8, 0x41, 0xf8, 0xfc, 0xf8, 0x7d,
    0xf8, 0xfc, 0xf8, 0x82, 0xf8, 0xfc, 0xf8, 0x8e, 0xf8, 0xfc, 0xf8, 0xbe,
    0xf8, 0xfc, 0xf8, 0xbe, 0xf8, 0xfc, 0xf8, 0xcf, 0xf8, 0xfc, 0xf8, 0xc3,
    0xf8, 0xfc, 0xf8, 0x61, 0xf8, 0xfc, 0xf8, 0x00, 0xf8, 0xfc, 0xf8, 0x00,
    0xf8, 0xfc, 0xf8, 0x00, 0xf8, 0xfc, 0xf8, 0xba, 0xf8, 0xfc, 0xf8, 0xff,
    0xf8, 0xfc, 0xf8, 0xdf, 0xf8, 0xfc, 0xf8, 0xcb, 0xf8, 0xfc, 0xf8, 0xcb,
    0xf8, 0xfc, 0xf8, 0xcb, 0xf8, 0xfc, 0xf8, 0xcb, 0xf8, 0xfc, 0xf8, 0x65,
    0xf8, 0xfc, 0xf8, 0x00, 0xf8, 0xfc, 0xf8, 0x00, 0xf8, 0xfc, 0xf8, 0x00,
    0xf8, 0xfc, 0xf8, 0x00, 0xf8, 0xfc, 0xf8, 0x00, 0xf8, 0xfc, 0xf8, 0x00,
    0xf8, 0xfc, 0xf8, 0x00, 0xf8, 0xfc, 0xf8, 0x00, 0xf8, 0xfc, 0xf8, 0x00,
    0xf8, 0xfc, 0xf8, 0x00, 0xf8, 0xfc, 0xf8, 0x00, 0xf8, 0xfc, 0xf8, 0x00,
    0xf8, 0xfc, 0xf8, 0x00, 0xf8, 0xfc, 0xf8, 0x00, 0xf8, 0xfc, 0xf8, 0x00,
    0xf8, 0xfc, 0xf8, 0x00, 0xf8, 0xfc, 0xf8, 0x00, 0xf8, 0xfc, 0xf8, 0x00,
    0xf8, 0xfc, 0xf8, 0x00, 0xf8, 0xfc, 0xf8, 0xff, 0xf8, 0xfc, 0xf8, 0x41,
    0xf8, 0xfc, 0xf8, 0x00, 0xf8, 0xd0, 0x08, 0x28, 0xf0, 0xd0, 0x08, 0x4d,
    0xf8, 0xd0, 0x08, 0x41, 0xf8, 0xd0, 0x08, 0x38, 0xf0, 0xd4, 0x08, 0x38,
    0xf8, 0xd0, 0x08, 0x28, 0xf8, 0xd0, 0x08, 0x28, 0xf0, 0xd0, 0x08, 0x20,
    0xf8, 0xd4, 0x08, 0x14, 0xf8, 0xd0, 0x08, 0x14, 0xf0, 0xd0, 0x08, 0x08,
    0xf8, 0xfc, 0xf8, 0x00, 0xf8, 0xfc, 0xf8, 0x00, 0xf8, 0xfc, 0xf8, 0x00,
    0xf8, 0xfc, 0xf8, 0x00, 0xf8, 0xfc, 0xf8, 0x00, 0xf8, 0xfc, 0xf8, 0x00,
    0xf8, 0xfc, 0xf8, 0x00, 0xf8, 0xfc, 0xf8, 0xaa, 0xf8, 0xfc, 0xf8, 0xff,
    0xf8, 0xfc, 0xf8, 0xba, 0xf8, 0xfc, 0xf8, 0x8a, 0xf8, 0xfc, 0xf8, 0x8a,
    0xf8, 0xfc, 0xf8, 0x9a, 0xf8, 0xfc, 0xf8, 0xff, 0xf8, 0xfc, 0xf8, 0xff,
    0xf8, 0xfc, 0xf8, 0x45, 0xf8, 0xfc, 0xf8, 0x00, 0xf8, 0xfc, 0xf8, 0x00,
    0xf8, 0xfc, 0xf8, 0x00, 0xf8, 0xfc, 0xf8, 0x00, 0xf8, 0xfc, 0xf8, 0x00,
    0xf8, 0xfc, 0xf8, 0x00, 0xf8, 0xfc, 0xf8, 0x00, 0xf8, 0xfc, 0xf8, 0x00,
    0xf8, 0xfc, 0xf8, 0x00, 0xf8, 0xfc, 0xf8, 0x00, 0xf8, 0xfc, 0xf8, 0x00,
    0xf8, 0xfc, 0xf8, 0x00, 0xf8, 0xfc, 0xf8, 0x00, 0xf8, 0xfc, 0xf8, 0x00,
    0xf8, 0xfc, 0xf8, 0x00, 0xf8, 0xfc, 0xf8, 0x00, 0xf8, 0xfc, 0xf8, 0x00,
    0xf8, 0xfc, 0xf8, 0x00, 0xf8, 0xfc, 0xf8, 0xff, 0xf8, 0xfc, 0xf8, 0x41,
    0xf8, 0xfc, 0xf8, 0x00, 0xf0, 0xd0, 0x08, 0x2c, 0xf8, 0xd4, 0x08, 0x4d,
    0xf8, 0xd0, 0x08, 0x4d, 0xf0, 0xd0, 0x08, 0x4d, 0xf8, 0xd0, 0x08, 0x4d,
    0xf0, 0xd4, 0x08, 0x4d, 0xf8, 0xd0, 0x08, 0x4d, 0xf0, 0xd0, 0x08, 0x4d,
    0xf8, 0xd0, 0x08, 0x4d, 0xf8, 0xd0, 0x08, 0x4d, 0xf8, 0xd4, 0x08, 0x4d,
    0xc0, 0xa4, 0x08, 0x45, 0x70, 0x68, 0x00, 0x4d, 0x70, 0x68, 0x00, 0x41,
    0x70, 0x68, 0x00, 0x0c, 0xf8, 0xfc, 0xf8, 0x00, 0xf8, 0xfc, 0xf8, 0x00,
    0xf8, 0xfc, 0xf8, 0x00, 0xf8, 0xfc, 0xf8, 0x79, 0xf8, 0xfc, 0xf8, 0xff,
    0xf8, 0xfc, 0xf8, 0x9a, 0xf8, 0xfc, 0xf8, 0x00, 0xf8, 0xfc, 0xf8, 0x00,
    0xf8, 0xfc, 0xf8, 0x00, 0xf8, 0xfc, 0xf8, 0xcb, 0xf8, 0xfc, 0xf8, 0xff,
    0xf8, 0xfc, 0xf8, 0x55, 0xf8, 0xfc, 0xf8, 0x00, 0xf8, 0xfc, 0xf8, 0x00,
    0xf8, 0xfc, 0xf8, 0x00, 0xf8, 0xfc, 0xf8, 0x00, 0xf8, 0xfc, 0xf8, 0x00,
    0xf8, 0xfc, 0xf8, 0x00, 0xf8, 0xfc, 0xf8, 0x00, 0xf8, 0xfc, 0xf8, 0x00,
    0xf8, 0xfc, 0xf8, 0x00, 0xf8, 0xfc, 0xf8, 0x00, 0xf8, 0xfc, 0xf8, 0x00,
    0xf8, 0xfc, 0xf8, 0x00, 0xf8, 0xfc, 0xf8, 0x00, 0xf8, 0xfc, 0xf8, 0x00,
    0xf8, 0xfc, 0xf8, 0x00, 0xf8, 0xfc, 0xf8, 0x00, 0xf8, 0xfc, 0xf8, 0x00,
    0xf8, 0xfc, 0xf8, 0x00, 0xf8, 0xfc, 0xf8, 0xff, 0xf8, 0xfc, 0xf8, 0x41,
    0xf8, 0xfc, 0xf8, 0x00, 0xf8, 0xd0, 0x08, 0x38, 0xf0, 0xd0, 0x08, 0x4d,
    0xf8, 0xd4, 0x08, 0x4d, 0xf8, 0xd0, 0x08, 0x4d, 0xf0, 0xd0, 0x08, 0x4d,
    0xf8, 0xd0, 0x08, 0x4d, 0xf8, 0xd4, 0x08, 0x4d, 0xf0, 0xd0, 0x08, 0x4d,
    0xf0, 0xd0, 0x08, 0x4d, 0xf8, 0xd4, 0x08, 0x4d, 0xf0, 0xd0, 0x08, 0x4d,
    0xc0, 0xa4, 0x00, 0x45, 0x70, 0x68, 0x00, 0x4d, 0x70, 0x68, 0x00, 0x4d,
    0x78, 0x68, 0x00, 0x14, 0xf8, 0xfc, 0xf8, 0x00, 0xf8, 0xfc, 0xf8, 0x00,
    0xf8, 0xfc, 0xf8, 0x00, 0xf8, 0xfc, 0xf8, 0x20, 0xf8, 0xfc, 0xf8, 0xef,
    0xf8, 0xfc, 0xf8, 0xef, 0xf8, 0xfc, 0xf8, 0x9a, 0xf8, 0xfc, 0xf8, 0x55,
    0xf8, 0xfc, 0xf8, 0x75, 0xf8, 0xfc, 0xf8, 0xef, 0xf8, 0xfc, 0xf8, 0xff,
    0xf8, 0xfc, 0xf8, 0x34, 0xf8, 0xfc, 0xf8, 0x00, 0xf8, 0xfc, 0xf8, 0x00,
    0xf8, 0xfc, 0xf8, 0x00, 0xf8, 0xfc, 0xf8, 0x00, 0xf8, 0xfc, 0xf8, 0x00,
    0xf8, 0xfc, 0xf8, 0x00, 0xf8, 0xfc, 0xf8, 0x00, 0xf8, 0xfc, 0xf8, 0x00,
    0xf8, 0xfc, 0xf8, 0x00, 0xf8, 0xfc, 0xf8, 0x00, 0xf8, 0xfc, 0xf8, 0x00,
    0xf8, 0xfc, 0xf8, 0x00, 0xf8, 0xfc, 0xf8, 0x00, 0xf8, 0xfc, 0xf8, 0x00,
    0xf8, 0xfc, 0xf8, 0x00, 0xf8, 0xfc, 0xf8, 0x00, 0xf8, 0xfc, 0xf8, 0x00,
    0xf8, 0xfc, 0xf8, 0x10, 0xf8, 0xfc, 0xf8, 0xff, 0xf8, 0xfc, 0xf8, 0x30,
    0xf8, 0xfc, 0xf8, 0x00, 0xf8, 0xd0, 0x08, 0x38, 0xf0, 0xd0, 0x08, 0x4d,
    0xf8, 0xd0, 0x08, 0x4d, 0xf8, 0xd4, 0x08, 0x4d, 0xf0, 0xd0, 0x08, 0x4d,
    0xf8, 0xd0, 0x08, 0x4d, 0xf8, 0xd0, 0x08, 0x4d, 0xf8, 0xd4, 0x08, 0x4d,
    0xf8, 0xd0, 0x08, 0x4d, 0xf0, 0xd0, 0x08, 0x4d, 0xf8, 0xd0, 0x08, 0x4d,
    0xb8, 0xa4, 0x00, 0x45, 0x70, 0x68, 0x00, 0x4d, 0x70, 0x64, 0x00, 0x4d,
    0x70, 0x68, 0x00, 0x14, 0xf8, 0xfc, 0xf8, 0x00, 0xf8, 0xfc, 0xf8, 0x00,
    0xf8, 0xfc, 0xf8, 0x00, 0xf8, 0xfc, 0xf8, 0x00, 0xf8, 0xfc, 0xf8, 0x34,
    0xf8, 0xfc, 0xf8, 0xcb, 0xf8, 0xfc, 0xf8, 0xff, 0xf8, 0xfc, 0xf8, 0xff,
    0xf8, 0xfc, 0xf8, 0xff, 0xf8, 0xfc, 0xf8, 0xcb, 0xf8, 0xfc, 0xf8, 0x65,
    0xf8, 0xfc, 0xf8, 0x00, 0xf8, 0xfc, 0xf8, 0x00, 0xf8, 0xfc, 0xf8, 0x00,
    0xf8, 0xfc, 0xf8, 0x00, 0xf8, 0xfc, 0xf8, 0x00, 0xf8, 0xfc, 0xf8, 0x00,
    0xf8, 0xfc, 0xf8, 0x00, 0xf8, 0xfc, 0xf8, 0x00, 0xf8, 0xfc, 0xf8, 0x00,
    0xf8, 0xfc, 0xf8, 0x00, 0xf8, 0xfc, 0xf8, 0x00, 0xf8, 0xfc, 0xf8, 0x00,
    0xf8, 0xfc, 0xf8, 0x00, 0xf8, 0xfc, 0xf8, 0x00, 0xf8, 0xfc, 0xf8, 0x00,
    0xf8, 0xfc, 0xf8, 0x00, 0xf8, 0xfc, 0xf8, 0x00, 0xf8, 0xfc, 0xf8, 0x00,
    0xf8, 0xfc, 0xf8, 0x41, 0xf8, 0xfc, 0xf8, 0xff, 0xf8, 0xfc, 0xf8, 0x00,
    0xf8, 0xfc, 0xf8, 0x00, 0xf8, 0xd0, 0x08, 0x38, 0xf0, 0xd4, 0x08, 0x4d,
    0xf8, 0xd0, 0x08, 0x4d, 0xf0, 0xd0, 0x08, 0x4d, 0xf8, 0xd4, 0x08, 0x4d,
    0xf0, 0xd0, 0x08, 0x4d, 0xf0, 0xd0, 0x08, 0x4d, 0xf8, 0xd0, 0x08, 0x4d,
    0xf8, 0xd0, 0x08, 0x4d, 0xf0, 0xd0, 0x08, 0x4d, 0xf8, 0xd0, 0x08, 0x4d,
    0x90, 0x84, 0x00, 0x4d, 0x70, 0x68, 0x00, 0x4d, 0x78, 0x64, 0x00, 0x4d,
    0xf8, 0xfc, 0xf8, 0x00, 0xf8, 0xfc, 0xf8, 0x00, 0xf8, 0xfc, 0xf8, 0x00,
    0xf8, 0xfc, 0xf8, 0x00, 0xf8, 0xfc, 0xf8, 0x00, 0xf8, 0xfc, 0xf8, 0x00,
    0xf8, 0xfc, 0xf8, 0x00, 0xf8, 0xfc, 0xf8, 0x10, 0xf8, 0xfc, 0xf8, 0x10,
    0xf8, 0xfc, 0xf8, 0x10, 0xf8, 0xfc, 0xf8, 0x00, 0xf8, 0xfc, 0xf8, 0x00,
    0xf8, 0xfc, 0xf8, 0x00, 0xf8, 0xfc, 0xf8, 0x00, 0xf8, 0xfc, 0xf8, 0x00,
    0xf8, 0xfc, 0xf8, 0x00, 0xf8, 0xfc, 0xf8, 0x00, 0xf8, 0xfc, 0xf8, 0x00,
    0xf8, 0xfc, 0xf8, 0x00, 0xf8, 0xfc, 0xf8, 0x00, 0xf8, 0xfc, 0xf8, 0x00,
    0xf8, 0xfc, 0xf8, 0x00, 0xf8, 0xfc, 0xf8, 0x00, 0xf8, 0xfc, 0xf8, 0x00,
    0xf8, 0xfc, 0xf8, 0x00, 0xf8, 0xfc, 0xf8, 0x00, 0xf8, 0xfc, 0xf8, 0x00,
    0xf8, 0xfc, 0xf8, 0x00, 0xf8, 0xfc, 0xf8, 0x00, 0xf8, 0xfc, 0xf8, 0x00,
    0xf8, 0xfc, 0xf8, 0x41, 0xf8, 0xfc, 0xf8, 0xff, 0xf8, 0xfc, 0xf8, 0x00,
    0xf8, 0xfc, 0xf8, 0x00, 0xf0, 0xd0, 0x08, 0x38, 0xf8, 0xd0, 0x08, 0x4d,
    0xf8, 0xd0, 0x08, 0x4d, 0xf0, 0xd0, 0x08, 0x4d, 0xf8, 0xd0, 0x08, 0x4d,
    0xf8, 0xd4, 0x08, 0x4d, 0xf0, 0xd0, 0x08, 0x4d, 0xf8, 0xd0, 0x08, 0x4d,
    0xf0, 0xd4, 0x08, 0x4d, 0xf8, 0xd0, 0x08, 0x4d, 0xf8, 0xd0, 0x08, 0x4d,
    0x90, 0x84, 0x00, 0x4d, 0x70, 0x68, 0x00, 0x4d, 0x70, 0x68, 0x00, 0x4d,
    0xf8, 0xfc, 0xf8, 0x00, 0xf8, 0xfc, 0xf8, 0x00, 0xf8, 0xfc, 0xf8, 0x00,
    0xf8, 0xfc, 0xf8, 0x00, 0xf8, 0xfc, 0xf8, 0x00, 0xf8, 0xfc, 0xf8, 0x00,
    0xf8, 0xfc, 0xf8, 0x00, 0xf8, 0xfc, 0xf8, 0x00, 0xf8, 0xfc, 0xf8, 0x00,
    0xf8, 0xfc, 0xf8, 0x00, 0xf8, 0xfc, 0xf8, 0x00, 0xf8, 0xfc, 0xf8, 0x00,
    0xf8, 0xfc, 0xf8, 0x00, 0xf8, 0xfc, 0xf8, 0x00, 0xf8, 0xfc, 0xf8, 0x00,
    0xf8, 0xfc, 0xf8, 0x00, 0xf8, 0xfc, 0xf8, 0x00, 0xf8, 0xfc, 0xf8, 0x00,
    0xf8, 0xfc, 0xf8, 0x00, 0xf8, 0xfc, 0xf8, 0x00, 0xf8, 0xfc, 0xf8, 0x00,
    0xf8, 0xfc, 0xf8, 0x00, 0xf8, 0xfc, 0xf8, 0x00, 0xf8, 0xfc, 0xf8, 0x00,
    0xf8, 0xfc, 0xf8, 0x00, 0xf8, 0xfc, 0xf8, 0x00, 0xf8, 0xfc, 0xf8, 0x00,
    0xf8, 0xfc, 0xf8, 0x00, 0xf8, 0xfc, 0xf8, 0x00, 0xf8, 0xfc, 0xf8, 0x00,
    0xf8, 0xfc, 0xf8, 0x41, 0xf8, 0xfc, 0xf8, 0xff, 0xf8, 0xfc, 0xf8, 0x00,
    0xf8, 0xfc, 0xf8, 0x00, 0xf8, 0xd0, 0x08, 0x41, 0xf8, 0xd4, 0x08, 0x4d,
    0xf0, 0xd0, 0x08, 0x4d, 0xf8, 0xd0, 0x08, 0x4d, 0xf8, 0xd4, 0x08, 0x4d,
    0xf8, 0xd0, 0x08, 0x4d, 0xf8, 0xd0, 0x08, 0x4d, 0xf0, 0xd4, 0x08, 0x4d,
    0xf8, 0xd0, 0x08, 0x4d, 0xf8, 0xd0, 0x08, 0x4d, 0xf8, 0xd0, 0x08, 0x4d,
    0x90, 0x84, 0x00, 0x4d, 0x70, 0x68, 0x00, 0x4d, 0x78, 0x64, 0x00, 0x4d,
    0xf8, 0xfc, 0xf8, 0x00, 0xf8, 0xfc, 0xf8, 0x00, 0xf8, 0xfc, 0xf8, 0x00,
    0xf8, 0xfc, 0xf8, 0x00, 0xf8, 0xfc, 0xf8, 0x00, 0xf8, 0xfc, 0xf8, 0x00,
    0xf8, 0xfc, 0xf8, 0x00, 0xf8, 0xfc, 0xf8, 0x00, 0xf8, 0xfc, 0xf8, 0x00,
    0xf8, 0xfc, 0xf8, 0x00, 0xf8, 0xfc, 0xf8, 0x00, 0xf8, 0xfc, 0xf8, 0x00,
    0xf8, 0xfc, 0xf8, 0x00, 0xf8, 0xfc, 0xf8, 0x00, 0xf8, 0xfc, 0xf8, 0x00,
    0xf8, 0xfc, 0xf8, 0x00, 0xf8, 0xfc, 0xf8, 0x00, 0xf8, 0xfc, 0xf8, 0x00,
    0xf8, 0xfc, 0xf8, 0x00, 0xf8, 0xfc, 0xf8, 0x00, 0xf8, 0xfc, 0xf8, 0x00,
    0xf8, 0xfc, 0xf8, 0x00, 0xf8, 0xfc, 0xf8, 0x00, 0xf8, 0xfc, 0xf8, 0x00,
    0xf8, 0xfc, 0xf8, 0x00, 0xf8, 0xfc, 0xf8, 0x00, 0xf8, 0xfc, 0xf8, 0x00,
    0xf8, 0xfc, 0xf8, 0x00, 0xf8, 0xfc, 0xf8, 0x00, 0xf8, 0xfc, 0xf8, 0x00,
    0xf8, 0xfc, 0xf8, 0x41, 0xf8, 0xfc, 0xf8, 0xff, 0xf8, 0xfc, 0xf8, 0x00,
    0xf8, 0xfc, 0xf8, 0x00, 0xf8, 0xd0, 0x08, 0x4d, 0xf0, 0xd0, 0x08, 0x4d,
    0xf8, 0xd4, 0x08, 0x4d, 0xf0, 0xd0, 0x08, 0x4d, 0xf0, 0xd0, 0x08, 0x4d,
    0xf8, 0xd0, 0x08, 0x4d, 0xf0, 0xd0, 0x08, 0x4d, 0xf8, 0xd0, 0x08, 0x4d,
    0xf8, 0xd4, 0x08, 0x4d, 0xf0, 0xd0, 0x08, 0x4d, 0xf8, 0xd0, 0x08, 0x4d,
    0x90, 0x84, 0x00, 0x4d, 0x70, 0x68, 0x00, 0x4d, 0x70, 0x68, 0x00, 0x4d,
    0xf8, 0xfc, 0xf8, 0x00, 0xf8, 0xfc, 0xf8, 0x00, 0xf8, 0xfc, 0xf8, 0x00,
    0xf8, 0xfc, 0xf8, 0x00, 0xf8, 0xfc, 0xf8, 0x00, 0xf8, 0xfc, 0xf8, 0x00,
    0xf8, 0xfc, 0xf8, 0x00, 0xf8, 0xfc, 0xf8, 0x00, 0xf8, 0xfc, 0xf8, 0x00,
    0xf8, 0xfc, 0xf8, 0x00, 0xf8, 0xfc, 0xf8, 0x00, 0xf8, 0xfc, 0xf8, 0x00,
    0xf8, 0xfc, 0xf8, 0x00, 0xf8, 0xfc, 0xf8, 0x00, 0xf8, 0xfc, 0xf8, 0x00,
    0xf8, 0xfc, 0xf8, 0x00, 0xf8, 0xfc, 0xf8, 0x00, 0xf8, 0xfc, 0xf8, 0x00,
    0xf8, 0xfc, 0xf8, 0x00, 0xf8, 0xfc, 0xf8, 0x00, 0xf8, 0xfc, 0xf8, 0x00,
    0xf8, 0xfc, 0xf8, 0x00, 0xf8, 0xfc, 0xf8, 0x00, 0xf8, 0xfc, 0xf8, 0x00,
    0xf8, 0xfc, 0xf8, 0x00, 0xf8, 0xfc, 0xf8, 0x00, 0xf8, 0xfc, 0xf8, 0x00,
    0xf8, 0xfc, 0xf8, 0x00, 0xf8, 0xfc, 0xf8, 0x00, 0xf8, 0xfc, 0xf8, 0x00,
    0xf8, 0xfc, 0xf8, 0x41, 0xf8, 0xfc, 0xf8, 0xff, 0xf8, 0xfc, 0xf8, 0x00,
    0xf8, 0xfc, 0xf8, 0x00, 0xf0, 0xd0, 0x08, 0x4d, 0xf8, 0xd0, 0x08, 0x4d,
    0xf8, 0xd0, 0x08, 0x4d, 0xf8, 0xd4, 0x08, 0x4d, 0xf0, 0xd0, 0x08, 0x4d,
    0xf8, 0xd0, 0x08, 0x4d, 0xf8, 0xd4, 0x08, 0x4d, 0xf0, 0xd0, 0x08, 0x4d,
    0xf8, 0xd0, 0x08, 0x4d, 0xf0, 0xd0, 0x08, 0x4d, 0xf8, 0xd0, 0x08, 0x4d,
    0x90, 0x80, 0x00, 0x4d, 0x70, 0x68, 0x00, 0x4d, 0x78, 0x68, 0x00, 0x4d,
    0xf8, 0xfc, 0xf8, 0x00, 0xf8, 0xfc, 0xf8, 0x00, 0xf8, 0xfc, 0xf8, 0x00,
    0xf8, 0xfc, 0xf8, 0x00, 0xf8, 0xfc, 0xf8, 0x00, 0xf8, 0xfc, 0xf8, 0x00,
    0xf8, 0xfc, 0xf8, 0x00, 0xf8, 0xfc, 0xf8, 0x00, 0xf8, 0xfc, 0xf8, 0x00,
    0xf8, 0xfc, 0xf8, 0x00, 0xf8, 0xfc, 0xf8, 0x00, 0xf8, 0xfc, 0xf8, 0x00,
    0xf8, 0xfc, 0xf8, 0x00, 0xf8, 0xfc, 0xf8, 0x00, 0xf8, 0xfc, 0xf8, 0x00,
    0xf8, 0xfc, 0xf8, 0x00, 0xf8, 0xfc, 0xf8, 0x00, 0xf8, 0xfc, 0xf8, 0x00,
    0xf8, 0xfc, 0xf8, 0x00, 0xf8, 0xfc, 0xf8, 0x00, 0xf8, 0xfc, 0xf8, 0x00,
    0xf8, 0xfc, 0xf8, 0x00, 0xf8, 0xfc, 0xf8, 0x00, 0xf8, 0xfc, 0xf8, 0x00,
    0xf8, 0xfc, 0xf8, 0x00, 0xf8, 0xfc, 0xf8, 0x00, 0xf8, 0xfc, 0xf8, 0x00,
    0xf8, 0xfc, 0xf8, 0x00, 0xf8, 0xfc, 0xf8, 0x00, 0xf8, 0xfc, 0xf8, 0x00,
    0xf8, 0xfc, 0xf8, 0x41, 0xf8, 0xfc, 0xf8, 0xff, 0xf8, 0xfc, 0xf8, 0x00,
    0xf8, 0xfc, 0xf8, 0x00, 0xf8, 0xd0, 0x08, 0x4d, 0xf0, 0xd4, 0x08, 0x4d,
    0xf8, 0xd0, 0x08, 0x4d, 0xf8, 0xd0, 0x08, 0x4d, 0xf0, 0xd0, 0x08, 0x4d,
    0xf8, 0xd4, 0x08, 0x4d, 0xf8, 0xd0, 0x08, 0x4d, 0xf0, 0xd0, 0x08, 0x4d,
    0xf8, 0xd4, 0x08, 0x4d, 0xf8, 0xd0, 0x08, 0x4d, 0xf8, 0xd0, 0x08, 0x4d,
    0x90, 0x84, 0x00, 0x4d, 0x70, 0x68, 0x00, 0x4d, 0x70, 0x64, 0x00, 0x4d,
    0xf8, 0xfc, 0xf8, 0x00, 0xf8, 0xfc, 0xf8, 0x00, 0xf8, 0xfc, 0xf8, 0x00,
    0xf8, 0xfc, 0xf8, 0x00, 0xf8, 0xfc, 0xf8, 0x00, 0xf8, 0xfc, 0xf8, 0x00,
    0xf8, 0xfc, 0xf8, 0x00, 0xf8, 0xfc, 0xf8, 0x00, 0xf8, 0xfc, 0xf8, 0x00,
    0xf8, 0xfc, 0xf8, 0x00, 0xf8, 0xfc, 0xf8, 0x00, 0xf8, 0xfc, 0xf8, 0x00,
    0xf8, 0xfc, 0xf8, 0x00, 0xf8, 0xfc, 0xf8, 0x00, 0xf8, 0xfc, 0xf8, 0x00,
    0xf8, 0xfc, 0xf8, 0x00, 0xf8, 0xfc, 0xf8, 0x00, 0xf8, 0xfc, 0xf8, 0x00,
    0xf8, 0xfc, 0xf8, 0x00, 0xf8, 0xfc, 0xf8, 0x00, 0xf8, 0xfc, 0xf8, 0x00,
    0xf8, 0xfc, 0xf8, 0x00, 0xf8, 0xfc, 0xf8, 0x00, 0xf8, 0xfc, 0xf8, 0x00,
    0xf8, 0xfc, 0xf8, 0x00, 0xf8, 0xfc, 0xf8, 0x00, 0xf8, 0xfc, 0xf8, 0x00,
    0xf8, 0xfc, 0xf8, 0x00, 0xf8, 0xfc, 0xf8, 0x00, 0xf8, 0xfc, 0xf8, 0x00,
    0xf8, 0xfc, 0xf8, 0x41, 0xf8, 0xfc, 0xf8, 0xff, 0xf8, 0xfc, 0xf8, 0x00,
    0xf8, 0xfc, 0xf8, 0x00, 0xf8, 0xd0, 0x08, 0x38, 0xf0, 0xd0, 0x08, 0x38,
    0xf8, 0xd4, 0x08, 0x3c, 0xf0, 0xd0, 0x08, 0x38, 0xf8, 0xd0, 0x08, 0x38,
    0xf8, 0xd0, 0x08, 0x30, 0xf0, 0xd0, 0x08, 0x28, 0xf8, 0xd0, 0x08, 0x28,
    0xf0, 0xd4, 0x08, 0x28, 0xf8, 0xd0, 0x08, 0x28, 0xf8, 0xd0, 0x08, 0x28,
    0x90, 0x80, 0x00, 0x2c, 0x70, 0x68, 0x00, 0x28, 0x70, 0x68, 0x00, 0x28,
    0xf8, 0xfc, 0xf8, 0x00, 0xf8, 0xfc, 0xf8, 0x00, 0xf8, 0xfc, 0xf8, 0x00,
    0xf8, 0xfc, 0xf8, 0x00, 0xf8, 0xfc, 0xf8, 0x00, 0xf8, 0xfc, 0xf8, 0x00,
    0xf8, 0xfc, 0xf8, 0x00, 0xf8, 0xfc, 0xf8, 0x00, 0xf8, 0xfc, 0xf8, 0x00,
    0xf8, 0xfc, 0xf8, 0x00, 0xf8, 0xfc, 0xf8, 0x00, 0xf8, 0xfc, 0xf8, 0x00,
    0xf8, 0xfc, 0xf8, 0x00, 0xf8, 0xfc, 0xf8, 0x00, 0xf8, 0xfc, 0xf8, 0x00,
    0xf8, 0xfc, 0xf8, 0x00, 0xf8, 0xfc, 0xf8, 0x00, 0xf8, 0xfc, 0xf8, 0x00,
    0xf8, 0xfc, 0xf8, 0x00, 0xf8, 0xfc, 0xf8, 0x00, 0xf8, 0xfc, 0xf8, 0x00,
    0xf8, 0xfc, 0xf8, 0x00, 0xf8, 0xfc, 0xf8, 0x00, 0xf8, 0xfc, 0xf8, 0x00,
    0xf8, 0xfc, 0xf8, 0x00, 0xf8, 0xfc, 0xf8, 0x00, 0xf8, 0xfc, 0xf8, 0x00,
    0xf8, 0xfc, 0xf8, 0x00, 0xf8, 0xfc, 0xf8, 0x00, 0xf8, 0xfc, 0xf8, 0x00,
    0xf8, 0xfc, 0xf8, 0x55, 0xf8, 0xfc, 0xf8, 0xff, 0xf8, 0xfc, 0xf8, 0x41,
    0xf8, 0xfc, 0xf8, 0x41, 0xf8, 0xfc, 0xf8, 0x41, 0xf8, 0xfc, 0xf8, 0x41,
    0xf8, 0xfc, 0xf8, 0x41, 0xf8, 0xfc, 0xf8, 0x51, 0xf8, 0xfc, 0xf8, 0x82,
    0xf8, 0xfc, 0xf8, 0x82, 0xf8, 0xfc, 0xf8, 0x82, 0xf8, 0xfc, 0xf8, 0x7d,
    0xf8, 0xfc, 0xf8, 0x82, 0xf8, 0xfc, 0xf8, 0x7d, 0xf8, 0xfc, 0xf8, 0x82,
    0xf8, 0xfc, 0xf8, 0x7d, 0xf8, 0xfc, 0xf8, 0x82, 0xf8, 0xfc, 0xf8, 0x8e,
    0xf8, 0xfc, 0xf8, 0x30, 0xf8, 0xfc, 0xf8, 0x00, 0xf8, 0xfc, 0xf8, 0x00,
    0xf8, 0xfc, 0xf8, 0x00, 0xf8, 0xfc, 0xf8, 0x00, 0xf8, 0xfc, 0xf8, 0x00,
    0xf8, 0xfc, 0xf8, 0x00, 0xf8, 0xfc, 0xf8, 0x00, 0xf8, 0xfc, 0xf8, 0x00,
    0xf8, 0xfc, 0xf8, 0x00, 0xf8, 0xfc, 0xf8, 0x00, 0xf8, 0xfc, 0xf8, 0x00,
    0xf8, 0xfc, 0xf8, 0x00, 0xf8, 0xfc, 0xf8, 0x00, 0xf8, 0xfc, 0xf8, 0x00,
    0xf8, 0xfc, 0xf8, 0x00, 0xf8, 0xfc, 0xf8, 0x00, 0xf8, 0xfc, 0xf8, 0x00,
    0xf8, 0xfc, 0xf8, 0x00, 0xf8, 0xfc, 0xf8, 0x00, 0xf8, 0xfc, 0xf8, 0x00,
    0xf8, 0xfc, 0xf8, 0x00, 0xf8, 0xfc, 0xf8, 0x00, 0xf8, 0xfc, 0xf8, 0x00,
    0xf8, 0xfc, 0xf8, 0x00, 0xf8, 0xfc, 0xf8, 0x00, 0xf8, 0xfc, 0xf8, 0x00,
    0xf8, 0xfc, 0xf8, 0x00, 0xf8, 0xfc, 0xf8, 0x00, 0xf8, 0xfc, 0xf8, 0x00,
    0xf8, 0xfc, 0xf8, 0x71, 0xf8, 0xfc, 0xf8, 0xff, 0xf8, 0xfc, 0xf8, 0x7d,
    0xf8, 0xfc, 0xf8, 0x82, 0xf8, 0xfc, 0xf8, 0x82, 0xf8, 0xfc, 0xf8, 0x7d,
    0xf8, 0xfc, 0xf8, 0x82, 0xf8, 0xfc, 0xf8, 0x61, 0xf8, 0xfc, 0xf8, 0x41,
    0xf8, 0xfc, 0xf8, 0x41, 0xf8, 0xfc, 0xf8, 0x41, 0xf8, 0xfc, 0xf8, 0x41,
    0xf8, 0xfc, 0xf8, 0x41, 0xf8, 0xfc, 0xf8, 0x41, 0xf8, 0xfc, 0xf8, 0x41,
    0xf8, 0xfc, 0xf8, 0x41, 0xf8, 0xfc, 0xf8, 0x41, 0xf8, 0xfc, 0xf8, 0x20,
    0xf8, 0xfc, 0xf8, 0x00, 0xf8, 0xfc, 0xf8, 0x00, 0xf8, 0xfc, 0xf8, 0x00,
    0xf8, 0xfc, 0xf8, 0x00, 0xf8, 0xfc, 0xf8, 0x00, 0xf8, 0xfc, 0xf8, 0x00,
    0xf8, 0xfc, 0xf8, 0x00, 0xf8, 0xfc, 0xf8, 0x00, 0xf8, 0xfc, 0xf8, 0x00,
    0xf8, 0xfc, 0xf8, 0x00, 0xf8, 0xfc, 0xf8, 0x00, 0xf8, 0xfc, 0xf8, 0x00,
    0xf8, 0xfc, 0xf8, 0x00, 0xf8, 0xfc, 0xf8, 0x00, 0xf8, 0xfc, 0xf8, 0x00,
    0xf8, 0xfc, 0xf8, 0x00, 0xf8, 0xfc, 0xf8, 0x00, 0xf8, 0xfc, 0xf8, 0x00,
    0xf8, 0xfc, 0xf8, 0x00, 0xf8, 0xfc, 0xf8, 0x00, 0xf8, 0xfc, 0xf8, 0x00,
    0xf8, 0xfc, 0xf8, 0x00, 0xf8, 0xfc, 0xf8, 0x00, 0xf8, 0xfc, 0xf8, 0x00,
    0xf8, 0xfc, 0xf8, 0x00, 0xf8, 0xfc, 0xf8, 0x00, 0xf8, 0xfc, 0xf8, 0x00,
    0xf8, 0xfc, 0xf8, 0x00, 0xf8, 0xfc, 0xf8, 0x00, 0xf8, 0xfc, 0xf8, 0x00,
    0xf8, 0xfc, 0xf8, 0x41, 0xf8, 0xfc, 0xf8, 0xff, 0xf8, 0xfc, 0xf8, 0x00,
    0xf8, 0xfc, 0xf8, 0x00, 0xf8, 0xd0, 0x08, 0x24, 0xf0, 0xd0, 0x08, 0x28,
    0xf8, 0xd0, 0x08, 0x38, 0xf8, 0xd4, 0x08, 0x38, 0xf0, 0xd0, 0x08, 0x38,
    0xf8, 0xd0, 0x08, 0x38, 0xf8, 0xd4, 0x08, 0x38, 0xf0, 0xd0, 0x08, 0x38,
    0xf8, 0xd0, 0x08, 0x38, 0xf8, 0xd0, 0x08, 0x38, 0xf0, 0xd0, 0x08, 0x38,
    0x90, 0x80, 0x00, 0x3c, 0x70, 0x68, 0x00, 0x4d, 0x70, 0x68, 0x00, 0x4d,
    0xf8, 0xfc, 0xf8, 0x00, 0xf8, 0xfc, 0xf8, 0x00, 0xf8, 0xfc, 0xf8, 0x00,
    0xf8, 0xfc, 0xf8, 0x00, 0xf8, 0xfc, 0xf8, 0x00, 0xf8, 0xfc, 0xf8, 0x00,
    0xf8, 0xfc, 0xf8, 0x00, 0xf8, 0xfc, 0xf8, 0x00, 0xf8, 0xfc, 0xf8, 0x00,
    0xf8, 0xfc, 0xf8, 0x00, 0xf8, 0xfc, 0xf8, 0x00, 0xf8, 0xfc, 0xf8, 0x00,
    0xf8, 0xfc, 0xf8, 0x00, 0xf8, 0xfc, 0xf8, 0x00, 0xf8, 0xfc, 0xf8, 0x00,
    0xf8, 0xfc, 0xf8, 0x00, 0xf8, 0xfc, 0xf8, 0x00, 0xf8, 0xfc, 0xf8, 0x00,
    0xf8, 0xfc, 0xf8, 0x00, 0xf8, 0xfc, 0xf8, 0x00, 0xf8, 0xfc, 0xf8, 0x00,
    0xf8, 0xfc, 0xf8, 0x00, 0xf8, 0xfc, 0xf8, 0x00, 0xf8, 0xfc, 0xf8, 0x00,
    0xf8, 0xfc, 0xf8, 0x00, 0xf8, 0xfc, 0xf8, 0x00, 0xf8, 0xfc, 0xf8, 0x00,
    0xf8, 0xfc, 0xf8, 0x00, 0xf8, 0xfc, 0xf8, 0x00, 0xf8, 0xfc, 0xf8, 0x00,
    0xf8, 0xfc, 0xf8, 0x41, 0xf8, 0xfc, 0xf8, 0xff, 0xf8, 0xfc, 0xf8, 0x00,
    0xf8, 0xfc, 0xf8, 0x00, 0xf8, 0xd0, 0x08, 0x4d, 0xf0, 0xd0, 0x08, 0x4d,
    0xf8, 0xd4, 0x08, 0x4d, 0xf8, 0xd0, 0x08, 0x4d, 0xf0, 0xd0, 0x08, 0x4d,
    0xf8, 0xd0, 0x08, 0x4d, 0xf0, 0xd4, 0x08, 0x4d, 0xf8, 0xd0, 0x08, 0x4d,
    0xf0, 0xd0, 0x08, 0x4d, 0xf8, 0xd4, 0x08, 0x4d, 0xf8, 0xd0, 0x08, 0x4d,
    0x90, 0x84, 0x00, 0x4d, 0x70, 0x68, 0x00, 0x4d, 0x78, 0x68, 0x00, 0x4d,
    0xf8, 0xfc, 0xf8, 0x00, 0xf8, 0xfc, 0xf8, 0x00, 0xf8, 0xfc, 0xf8, 0x00,
    0xf8, 0xfc, 0xf8, 0x00, 0xf8, 0xfc, 0xf8, 0x00, 0xf8, 0xfc, 0xf8, 0x00,
    0xf8, 0xfc, 0xf8, 0x00, 0xf8, 0xfc, 0xf8, 0x00, 0xf8, 0xfc, 0xf8, 0x00,
    0xf8, 0xfc, 0xf8, 0x00, 0xf8, 0xfc, 0xf8, 0x00, 0xf8, 0xfc, 0xf8, 0x00,
    0xf8, 0xfc, 0xf8, 0x00, 0xf8, 0xfc, 0xf8, 0x00, 0xf8, 0xfc, 0xf8, 0x00,
    0xf8, 0xfc, 0xf8, 0x00, 0xf8, 0xfc, 0xf8, 0x00, 0xf8, 0xfc, 0xf8, 0x00,
    0xf8, 0xfc, 0xf8, 0x00, 0xf8, 0xfc, 0xf8, 0x00, 0xf8, 0xfc, 0xf8, 0x00,
    0xf8, 0xfc, 0xf8, 0x00, 0xf8, 0xfc, 0xf8, 0x00, 0xf8, 0xfc, 0xf8, 0x00,
    0xf8, 0xfc, 0xf8, 0x00, 0xf8, 0xfc, 0xf8, 0x00, 0xf8, 0xfc, 0xf8, 0x00,
    0xf8, 0xfc, 0xf8, 0x00, 0xf8, 0xfc, 0xf8, 0x00, 0xf8, 0xfc, 0xf8, 0x00,
    0xf8, 0xfc, 0xf8, 0x41, 0xf8, 0xfc, 0xf8, 0xff, 0xf8, 0xfc, 0xf8, 0x00,
    0xf8, 0xfc, 0xf8, 0x00, 0xf0, 0xd0, 0x08, 0x4d, 0xf8, 0xd0, 0x08, 0x4d,
    0xf8, 0xd0, 0x08, 0x4d, 0xf0, 0xd0, 0x08, 0x4d, 0xf8, 0xd0, 0x08, 0x4d,
    0xf8, 0xd4, 0x08, 0x4d, 0xf0, 0xd0, 0x08, 0x4d, 0xf8, 0xd0, 0x08, 0x4d,
    0xf8, 0xd0, 0x08, 0x4d, 0xf0, 0xd4, 0x08, 0x4d, 0xf8, 0xd0, 0x08, 0x4d,
    0x90, 0x80, 0x00, 0x4d, 0x70, 0x68, 0x00, 0x4d, 0x70, 0x68, 0x00, 0x4d,
    0xf8, 0xfc, 0xf8, 0x00, 0xf8, 0xfc, 0xf8, 0x00, 0xf8, 0xfc, 0xf8, 0x00,
    0xf8, 0xfc, 0xf8, 0x00, 0xf8, 0xfc, 0xf8, 0x00, 0xf8, 0xfc, 0xf8, 0x00,
    0xf8, 0xfc, 0xf8, 0x00, 0xf8, 0xfc, 0xf8, 0x00, 0xf8, 0xfc, 0xf8, 0x00,
    0xf8, 0xfc, 0xf8, 0x00, 0xf8, 0xfc, 0xf8, 0x00, 0xf8, 0xfc, 0xf8, 0x00,
    0xf8, 0xfc, 0xf8, 0x00, 0xf8, 0xfc, 0xf8, 0x00, 0xf8, 0xfc, 0xf8, 0x00,
    0xf8, 0xfc, 0xf8, 0x00, 0xf8, 0xfc, 0xf8, 0x00, 0xf8, 0xfc, 0xf8, 0x00,
    0xf8, 0xfc, 0xf8, 0x00, 0xf8, 0xfc, 0xf8, 0x00, 0xf8, 0xfc, 0xf8, 0x00,
    0xf8, 0xfc, 0xf8, 0x00, 0xf8, 0xfc, 0xf8, 0x00, 0xf8, 0xfc, 0xf8, 0x00,
    0xf8, 0xfc, 0xf8, 0x00, 0xf8, 0xfc, 0xf8, 0x00, 0xf8, 0xfc, 0xf8, 0x00,
    0xf8, 0xfc, 0xf8, 0x00, 0xf8, 0xfc, 0xf8, 0x00, 0xf8, 0xfc, 0xf8, 0x00,
    0xf8, 0xfc, 0xf8, 0x41, 0xf8, 0xfc, 0xf8, 0xff, 0xf8, 0xfc, 0xf8, 0x00,
    0xf8, 0xfc, 0xf8, 0x00, 0xf8, 0xd0, 0x08, 0x49, 0xf0, 0xd4, 0x08, 0x4d,
    0xf8, 0xd0, 0x08, 0x4d, 0xf0, 0xd0, 0x08, 0x4d, 0xf8, 0xd4, 0x08, 0x4d,
    0xf8, 0xd0, 0x08, 0x4d, 0xf0, 0xd0, 0x08, 0x4d, 0xf8, 0xd0, 0x08, 0x4d,
    0xf8, 0xd0, 0x08, 0x4d, 0xf0, 0xd0, 0x08, 0x4d, 0xf8, 0xd0, 0x08, 0x4d,
    0x98, 0x84, 0x00, 0x4d, 0x70, 0x68, 0x00, 0x4d, 0x70, 0x64, 0x00, 0x4d,
    0xf8, 0xfc, 0xf8, 0x00, 0xf8, 0xfc, 0xf8, 0x00, 0xf8, 0xfc, 0xf8, 0x00,
    0xf8, 0xfc, 0xf8, 0x00, 0xf8, 0xfc, 0xf8, 0x00, 0xf8, 0xfc, 0xf8, 0x00,
    0xf8, 0xfc, 0xf8, 0x00, 0xf8, 0xfc, 0xf8, 0x00, 0xf8, 0xfc, 0xf8, 0x00,
    0xf8, 0xfc, 0xf8, 0x00, 0xf8, 0xfc, 0xf8, 0x00, 0xf8, 0xfc, 0xf8, 0x00,
    0xf8, 0xfc, 0xf8, 0x00, 0xf8, 0xfc, 0xf8, 0x00, 0xf8, 0xfc, 0xf8, 0x00,
    0xf8, 0xfc, 0xf8, 0x00, 0xf8, 0xfc, 0xf8, 0x00, 0xf8, 0xfc, 0xf8, 0x00,
    0xf8, 0xfc, 0xf8, 0x00, 0xf8, 0xfc, 0xf8, 0x00, 0xf8, 0xfc, 0xf8, 0x00,
    0xf8, 0xfc, 0xf8, 0x00, 0xf8, 0xfc, 0xf8, 0x00, 0xf8, 0xfc, 0xf8, 0x00,
    0xf8, 0xfc, 0xf8, 0x00, 0xf8, 0xfc, 0xf8, 0x00, 0xf8, 0xfc, 0xf8, 0x00,
    0xf8, 0xfc, 0xf8, 0x00, 0xf8, 0xfc, 0xf8, 0x00, 0xf8, 0xfc, 0xf8, 0x00,
    0xf8, 0xfc, 0xf8, 0x41, 0xf8, 0xfc, 0xf8, 0xff, 0xf8, 0xfc, 0xf8, 0x00,
    0xf8, 0xfc, 0xf8, 0x00, 0xf8, 0xd0, 0x08, 0x38, 0xf8, 0xd4, 0x08, 0x4d,
    0xf0, 0xd0, 0x08, 0x4d, 0xf8, 0xd0, 0x08, 0x4d, 0xf0, 0xd4, 0x08, 0x4d,
    0xf8, 0xd0, 0x08, 0x4d, 0xf0, 0xd0, 0x08, 0x4d, 0xf8, 0xd4, 0x08, 0x4d,
    0xf8, 0xd4, 0x08, 0x4d, 0xf0, 0xd0, 0x08, 0x4d, 0xf8, 0xd0, 0x08, 0x4d,
    0x90, 0x84, 0x08, 0x4d, 0x70, 0x68, 0x00, 0x4d, 0x78, 0x68, 0x00, 0x4d,
    0xf8, 0xfc, 0xf8, 0x00, 0xf8, 0xfc, 0xf8, 0x00, 0xf8, 0xfc, 0xf8, 0x00,
    0xf8, 0xfc, 0xf8, 0x00, 0xf8, 0xfc, 0xf8, 0x00, 0xf8, 0xfc, 0xf8, 0x00,
    0xf8, 0xfc, 0xf8, 0x00, 0xf8, 0xfc, 0xf8, 0x00, 0xf8, 0xfc, 0xf8, 0x00,
    0xf8, 0xfc, 0xf8, 0x75, 0xf8, 0xfc, 0xf8, 0x8a, 0xf8, 0xfc, 0xf8, 0x55,
    0xf8, 0xfc, 0xf8, 0x00, 0xf8, 0xfc, 0xf8, 0x00, 0xf8, 0xfc, 0xf8, 0x00,
    0xf8, 0xfc, 0xf8, 0x00, 0xf8, 0xfc, 0xf8, 0x00, 0xf8, 0xfc, 0xf8, 0x00,
    0xf8, 0xfc, 0xf8, 0x00, 0xf8, 0xfc, 0xf8, 0x00, 0xf8, 0xfc, 0xf8, 0x00,
    0xf8, 0xfc, 0xf8, 0x00, 0xf8, 0xfc, 0xf8, 0x00, 0xf8, 0xfc, 0xf8, 0x00,
    0xf8, 0xfc, 0xf8, 0x00, 0xf8, 0xfc, 0xf8, 0x00, 0xf8, 0xfc, 0xf8, 0x00,
    0xf8, 0xfc, 0xf8, 0x00, 0xf8, 0xfc, 0xf8, 0x00, 0xf8, 0xfc, 0xf8, 0x00,
    0xf8, 0xfc, 0xf8, 0x41, 0xf8, 0xfc, 0xf8, 0xff, 0xf8, 0xfc, 0xf8, 0x00,
    0xf8, 0xfc, 0xf8, 0x00, 0xf0, 0xd0, 0x08, 0x38, 0xf8, 0xd0, 0x08, 0x4d,
    0xf8, 0xd0, 0x08, 0x4d, 0xf0, 0xd0, 0x08, 0x4d, 0xf8, 0xd0, 0x08, 0x4d,
    0xf8, 0xd0, 0x08, 0x4d, 0xf0, 0xd0, 0x08, 0x4d, 0xf8, 0xd0, 0x08, 0x4d,
    0xf0, 0xd0, 0x08, 0x4d, 0xf8, 0xd0, 0x08, 0x4d, 0xf8, 0xd0, 0x08, 0x4d,
    0x90, 0x84, 0x00, 0x4d, 0x70, 0x68, 0x00, 0x4d, 0x70, 0x64, 0x00, 0x4d,
    0xf8, 0xfc, 0xf8, 0x00, 0xf8, 0xfc, 0xf8, 0x00, 0xf8, 0xfc, 0xf8, 0x00,
    0xf8, 0xfc, 0xf8, 0x00, 0xf8, 0xfc, 0xf8, 0x00, 0xf8, 0xfc, 0xf8, 0x00,
    0xf8, 0xfc, 0xf8, 0x00, 0xf8, 0xfc, 0xf8, 0x00, 0xf8, 0xfc, 0xf8, 0x9a,
    0xf8, 0xfc, 0xf8, 0xff, 0xf8, 0xfc, 0xf8, 0xff, 0xf8, 0xfc, 0xf8, 0x86,
    0xf8, 0xfc, 0xf8, 0x00, 0xf8, 0xfc, 0xf8, 0x00, 0xf8, 0xfc, 0xf8, 0x00,
    0xf8, 0xfc, 0xf8, 0x00, 0xf8, 0xfc, 0xf8, 0x00, 0xf8, 0xfc, 0xf8, 0x00,
    0xf8, 0xfc, 0xf8, 0x00, 0xf8, 0xfc, 0xf8, 0x00, 0xf8, 0xfc, 0xf8, 0x00,
    0xf8, 0xfc, 0xf8, 0x00, 0xf8, 0xfc, 0xf8, 0x00, 0xf8, 0xfc, 0xf8, 0x00,
    0xf8, 0xfc, 0xf8, 0x00, 0xf8, 0xfc, 0xf8, 0x00, 0xf8, 0xfc, 0xf8, 0x00,
    0xf8, 0xfc, 0xf8, 0x00, 0xf8, 0xfc, 0xf8, 0x00, 0xf8, 0xfc, 0xf8, 0x00,
    0xf8, 0xfc, 0xf8, 0x20, 0xf8, 0xfc, 0xf8, 0xff, 0xf8, 0xfc, 0xf8, 0x00,
    0xf8, 0xfc, 0xf8, 0x00, 0xf8, 0xd0, 0x08, 0x38, 0xf0, 0xd4, 0x08, 0x4d,
    0xf8, 0xd0, 0x08, 0x4d, 0xf8, 0xd4, 0x08, 0x4d, 0xf0, 0xd0, 0x08, 0x4d,
    0xf8, 0xd4, 0x08, 0x4d, 0xf8, 0xd0, 0x08, 0x4d, 0xf0, 0xd0, 0x08, 0x4d,
    0xf8, 0xd4, 0x08, 0x4d, 0xf8, 0xd0, 0x08, 0x4d, 0xf0, 0xd0, 0x08, 0x4d,
    0xb0, 0x98, 0x08, 0x49, 0x70, 0x68, 0x00, 0x4d, 0x70, 0x68, 0x00, 0x4d,
    0x78, 0x68, 0x00, 0x0c, 0xf8, 0xfc, 0xf8, 0x00, 0xf8, 0xfc, 0xf8, 0x00,
    0xf8, 0xfc, 0xf8, 0x00, 0xf8, 0xfc, 0xf8, 0x00, 0xf8, 0xfc, 0xf8, 0x00,
    0xf8, 0xfc, 0xf8, 0x00, 0xf8, 0xfc, 0xf8, 0x9a, 0xf8, 0xfc, 0xf8, 0xff,
    0xf8, 0xfc, 0xf8, 0xcb, 0xf8, 0xfc, 0xf8, 0xff, 0xf8, 0xfc, 0xf8, 0x8a,
    0xf8, 0xfc, 0xf8, 0x00, 0xf8, 0xfc, 0xf8, 0x00, 0xf8, 0xfc, 0xf8, 0x00,
    0xf8, 0xfc, 0xf8, 0x00, 0xf8, 0xfc, 0xf8, 0x00, 0xf8, 0xfc, 0xf8, 0x00,
    0xf8, 0xfc, 0xf8, 0x00, 0xf8, 0xfc, 0xf8, 0x00, 0xf8, 0xfc, 0xf8, 0x00,
    0xf8, 0xfc, 0xf8, 0x00, 0xf8, 0xfc, 0xf8, 0x00, 0xf8, 0xfc, 0xf8, 0x00,
    0xf8, 0xfc, 0xf8, 0x00, 0xf8, 0xfc, 0xf8, 0x00, 0xf8, 0xfc, 0xf8, 0x00,
    0xf8, 0xfc, 0xf8, 0x00, 0xf8, 0xfc, 0xf8, 0x00, 0xf8, 0xfc, 0xf8, 0x00,
    0xf8, 0xfc, 0xf8, 0x00, 0xf8, 0xfc, 0xf8, 0xff, 0xf8, 0xfc, 0xf8, 0x41,
    0xf8, 0xfc, 0xf8, 0x00, 0xf8, 0xd0, 0x08, 0x3c, 0xf0, 0xd0, 0x08, 0x4d,
    0xf8, 0xd0, 0x08, 0x4d, 0xf8, 0xd0, 0x08, 0x4d, 0xf0, 0xd4, 0x08, 0x4d,
    0xf8, 0xd0, 0x08, 0x4d, 0xf8, 0xd0, 0x08, 0x4d, 0xf0, 0xd4, 0x08, 0x4d,
    0xf8, 0xd0, 0x08, 0x4d, 0xf8, 0xd0, 0x08, 0x4d, 0xf8, 0xd0, 0x08, 0x4d,
    0xc0, 0xa4, 0x08, 0x45, 0x70, 0x68, 0x00, 0x4d, 0x70, 0x68, 0x00, 0x4d,
    0x70, 0x64, 0x00, 0x14, 0xf8, 0xfc, 0xf8, 0x00, 0xf8, 0xfc, 0xf8, 0x00,
    0xf8, 0xfc, 0xf8, 0x00, 0xf8, 0xfc, 0xf8, 0x00, 0xf8, 0xfc, 0xf8, 0x00,
    0xf8, 0xfc, 0xf8, 0x75, 0xf8, 0xfc, 0xf8, 0xff, 0xf8, 0xfc, 0xf8, 0xaa,
    0xf8, 0xfc, 0xf8, 0x55, 0xf8, 0xfc, 0xf8, 0xff, 0xf8, 0xfc, 0xf8, 0x8a,
    0xf8, 0xfc, 0xf8, 0x00, 0xf8, 0xfc, 0xf8, 0x00, 0xf8, 0xfc, 0xf8, 0x00,
    0xf8, 0xfc, 0xf8, 0x00, 0xf8, 0xfc, 0xf8, 0x00, 0xf8, 0xfc, 0xf8, 0x00,
    0xf8, 0xfc, 0xf8, 0x00, 0xf8, 0xfc, 0xf8, 0x00, 0xf8, 0xfc, 0xf8, 0x00,
    0xf8, 0xfc, 0xf8, 0x00, 0xf8, 0xfc, 0xf8, 0x00, 0xf8, 0xfc, 0xf8, 0x00,
    0xf8, 0xfc, 0xf8, 0x00, 0xf8, 0xfc, 0xf8, 0x00, 0xf8, 0xfc, 0xf8, 0x00,
    0xf8, 0xfc, 0xf8, 0x00, 0xf8, 0xfc, 0xf8, 0x00, 0xf8, 0xfc, 0xf8, 0x00,
    0xf8, 0xfc, 0xf8, 0x00, 0xf8, 0xfc, 0xf8, 0xff, 0xf8, 0xfc, 0xf8, 0x41,
    0xf8, 0xfc, 0xf8, 0x00, 0xf8, 0xd0, 0x08, 0x34, 0xf0, 0xd4, 0x08, 0x4d,
    0xf8, 0xd0, 0x08, 0x4d, 0xf0, 0xd0, 0x08, 0x4d, 0xf8, 0xd0, 0x08, 0x4d,
    0xf0, 0xd0, 0x08, 0x4d, 0xf8, 0xd0, 0x08, 0x4d, 0xf8, 0xd0, 0x08, 0x4d,
    0xf0, 0xd4, 0x08, 0x4d, 0xf0, 0xd0, 0x08, 0x4d, 0xf8, 0xd0, 0x08, 0x4d,
    0xc0, 0xa4, 0x08, 0x45, 0x70, 0x68, 0x00, 0x4d, 0x70, 0x68, 0x00, 0x4d,
    0x78, 0x68, 0x00, 0x14, 0xf8, 0xfc, 0xf8, 0x00, 0xf8, 0xfc, 0xf8, 0x00,
    0xf8, 0xfc, 0xf8, 0x00, 0xf8, 0xfc, 0xf8, 0x00, 0xf8, 0xfc, 0xf8, 0x75,
    0xf8, 0xfc, 0xf8, 0xff, 0xf8, 0xfc, 0xf8, 0xcb, 0xf8, 0xfc, 0xf8, 0x10,
    0xf8, 0xfc, 0xf8, 0x55, 0xf8, 0xfc, 0xf8, 0xff, 0xf8, 0xfc, 0xf8, 0x86,
    0xf8, 0xfc, 0xf8, 0x00, 0xf8, 0xfc, 0xf8, 0x00, 0xf8, 0xfc, 0xf8, 0x00,
    0xf8, 0xfc, 0xf8, 0x00, 0xf8, 0xfc, 0xf8, 0x00, 0xf8, 0xfc, 0xf8, 0x00,
    0xf8, 0xfc, 0xf8, 0x00, 0xf8, 0xfc, 0xf8, 0x00, 0xf8, 0xfc, 0xf8, 0x00,
    0xf8, 0xfc, 0xf8, 0x00, 0xf8, 0xfc, 0xf8, 0x00, 0xf8, 0xfc, 0xf8, 0x00,
    0xf8, 0xfc, 0xf8, 0x00, 0xf8, 0xfc, 0xf8, 0x00, 0xf8, 0xfc, 0xf8, 0x00,
    0xf8, 0xfc, 0xf8, 0x00, 0xf8, 0xfc, 0xf8, 0x00, 0xf8, 0xfc, 0xf8, 0x00,
    0xf8, 0xfc, 0xf8, 0x00, 0xf8, 0xfc, 0xf8, 0xff, 0xf8, 0xfc, 0xf8, 0x41,
    0xf8, 0xfc, 0xf8, 0x00, 0xf0, 0xd0, 0x08, 0x28, 0xf8, 0xd0, 0x08, 0x4d,
    0xf8, 0xd4, 0x08, 0x4d, 0xf8, 0xd0, 0x08, 0x4d, 0xf0, 0xd0, 0x08, 0x4d,
    0xf8, 0xd4, 0x08, 0x4d, 0xf0, 0xd0, 0x08, 0x4d, 0xf8, 0xd0, 0x08, 0x4d,
    0xf8, 0xd0, 0x08, 0x4d, 0xf0, 0xd4, 0x08, 0x4d, 0xf8, 0xd0, 0x08, 0x4d,
    0xc8, 0xac, 0x00, 0x45, 0x70, 0x68, 0x00, 0x4d, 0x70, 0x64, 0x00, 0x4d,
    0x70, 0x68, 0x00, 0x14, 0xf8, 0xfc, 0xf8, 0x00, 0xf8, 0xfc, 0xf8, 0x00,
    0xf8, 0xfc, 0xf8, 0x00, 0xf8, 0xfc, 0xf8, 0x75, 0xf8, 0xfc, 0xf8, 0xff,
    0xf8, 0xfc, 0xf8, 0xcb, 0xf8, 0xfc, 0xf8, 0x24, 0xf8, 0xfc, 0xf8, 0x10,
    0xf8, 0xfc, 0xf8, 0x55, 0xf8, 0xfc, 0xf8, 0xff, 0xf8, 0xfc, 0xf8, 0x8a,
    0xf8, 0xfc, 0xf8, 0x00, 0xf8, 0xfc, 0xf8, 0x00, 0xf8, 0xfc, 0xf8, 0x00,
    0xf8, 0xfc, 0xf8, 0x00, 0xf8, 0xfc, 0xf8, 0x00, 0xf8, 0xfc, 0xf8, 0x00,
    0xf8, 0xfc, 0xf8, 0x00, 0xf8, 0xfc, 0xf8, 0x00, 0xf8, 0xfc, 0xf8, 0x00,
    0xf8, 0xfc, 0xf8, 0x00, 0xf8, 0xfc, 0xf8, 0x00, 0xf8, 0xfc, 0xf8, 0x00,
    0xf8, 0xfc, 0xf8, 0x00, 0xf8, 0xfc, 0xf8, 0x00, 0xf8, 0xfc, 0xf8, 0x00,
    0xf8, 0xfc, 0xf8, 0x00, 0xf8, 0xfc, 0xf8, 0x00, 0xf8, 0xfc, 0xf8, 0x00,
    0xf8, 0xfc, 0xf8, 0x00, 0xf8, 0xfc, 0xf8, 0xdf, 0xf8, 0xfc, 0xf8, 0x5d,
    0xf8, 0xfc, 0xf8, 0x00, 0xf8, 0xd0, 0x08, 0x28, 0xf0, 0xd0, 0x08, 0x4d,
    0xf8, 0xd0, 0x08, 0x4d, 0xf0, 0xd4, 0x08, 0x4d, 0xf8, 0xd0, 0x08, 0x49,
    0xf8, 0xd0, 0x08, 0x38, 0xf0, 0xd4, 0x08, 0x3c, 0xf8, 0xd0, 0x08, 0x2c,
    0xf8, 0xd0, 0x08, 0x28, 0xf0, 0xd0, 0x08, 0x28, 0xf8, 0xd0, 0x08, 0x14,
    0xc8, 0xac, 0x08, 0x14, 0x70, 0x68, 0x00, 0x08, 0xf8, 0xfc, 0xf8, 0x00,
    0xf8, 0xfc, 0xf8, 0x00, 0xf8, 0xfc, 0xf8, 0x00, 0xf8, 0xfc, 0xf8, 0x00,
    0xf8, 0xfc, 0xf8, 0x00, 0xf8, 0xfc, 0xf8, 0xcb, 0xf8, 0xfc, 0xf8, 0xff,
    0xf8, 0xfc, 0xf8, 0xff, 0xf8, 0xfc, 0xf8, 0xff, 0xf8, 0xfc, 0xf8, 0xff,
    0xf8, 0xfc, 0xf8, 0xff, 0xf8, 0xfc, 0xf8, 0xff, 0xf8, 0xfc, 0xf8, 0xff,
    0xf8, 0xfc, 0xf8, 0xcb, 0xf8, 0xfc, 0xf8, 0x00, 0xf8, 0xfc, 0xf8, 0x00,
    0xf8, 0xfc, 0xf8, 0x00, 0xf8, 0xfc, 0xf8, 0x00, 0xf8, 0xfc, 0xf8, 0x00,
    0xf8, 0xfc, 0xf8, 0x00, 0xf8, 0xfc, 0xf8, 0x00, 0xf8, 0xfc, 0xf8, 0x00,
    0xf8, 0xfc, 0xf8, 0x00, 0xf8, 0xfc, 0xf8, 0x00, 0xf8, 0xfc, 0xf8, 0x00,
    0xf8, 0xfc, 0xf8, 0x00, 0xf8, 0xfc, 0xf8, 0x00, 0xf8, 0xfc, 0xf8, 0x00,
    0xf8, 0xfc, 0xf8, 0x00, 0xf8, 0xfc, 0xf8, 0x00, 0xf8, 0xfc, 0xf8, 0x00,
    0xf8, 0xfc, 0xf8, 0x00, 0xf8, 0xfc, 0xf8, 0xbe, 0xf8, 0xfc, 0xf8, 0x82,
    0xf8, 0xfc, 0xf8, 0x00, 0xf8, 0xd0, 0x08, 0x08, 0xf8, 0xd4, 0x08, 0x14,
    0xf0, 0xd0, 0x08, 0x04, 0xf8, 0xfc, 0xf8, 0x00, 0xf8, 0xfc, 0xf8, 0x00,
    0xf8, 0xfc, 0xf8, 0x00, 0xf8, 0xfc, 0xf8, 0x10, 0xf8, 0xfc, 0xf8, 0x41,
    0xf8, 0xfc, 0xf8, 0x41, 0xf8, 0xfc, 0xf8, 0x6d, 0xf8, 0xfc, 0xf8, 0x82,
    0xf8, 0xfc, 0xf8, 0x82, 0xf8, 0xfc, 0xf8, 0xbe, 0xf8, 0xfc, 0xf8, 0xbe,
    0xf8, 0xfc, 0xf8, 0x61, 0xf8, 0xfc, 0xf8, 0x00, 0xf8, 0xfc, 0xf8, 0x00,
    0xf8, 0xfc, 0xf8, 0x00, 0xf8, 0xfc, 0xf8, 0x79, 0xf8, 0xfc, 0xf8, 0x8a,
    0xf8, 0xfc, 0xf8, 0x8a, 0xf8, 0xfc, 0xf8, 0x86, 0xf8, 0xfc, 0xf8, 0x8a,
    0xf8, 0xfc, 0xf8, 0xaa, 0xf8, 0xfc, 0xf8, 0xff, 0xf8, 0xfc, 0xf8, 0xba,
    0xf8, 0xfc, 0xf8, 0x79, 0xf8, 0xfc, 0xf8, 0x00, 0xf8, 0xfc, 0xf8, 0x00,
    0xf8, 0xfc, 0xf8, 0x00, 0xf8, 0xfc, 0xf8, 0x00, 0xf8, 0xfc, 0xf8, 0x00,
    0xf8, 0xfc, 0xf8, 0x00, 0xf8, 0xfc, 0xf8, 0x00, 0xf8, 0xfc, 0xf8, 0x00,
    0xf8, 0xfc, 0xf8, 0x00, 0xf8, 0xfc, 0xf8, 0x00, 0xf8, 0xfc, 0xf8, 0x00,
    0xf8, 0xfc, 0xf8, 0x00, 0xf8, 0xfc, 0xf8, 0x00, 0xf8, 0xfc, 0xf8, 0x00,
    0xf8, 0xfc, 0xf8, 0x00, 0xf8, 0xfc, 0xf8, 0x00, 0xf8, 0xfc, 0xf8, 0x00,
    0xf8, 0xfc, 0xf8, 0x00, 0xf8, 0xfc, 0xf8, 0xc3, 0xf8, 0xfc, 0xf8, 0xa2,
    0xf8, 0xfc, 0xf8, 0x82, 0xf8, 0xfc, 0xf8, 0x82, 0xf8, 0xfc, 0xf8, 0x9e,
    0xf8, 0xfc, 0xf8, 0xbe, 0xf8, 0xfc, 0xf8, 0xc3, 0xf8, 0xfc, 0xf8, 0xbe,
    0xf8, 0xfc, 0xf8, 0xbe, 0xf8, 0xfc, 0xf8, 0xae, 0xf8, 0xfc, 0xf8, 0x82,
    0xf8, 0xfc, 0xf8, 0x7d, 0xf8, 0xfc, 0xf8, 0x61, 0xf8, 0xfc, 0xf8, 0x41,
    0xf8, 0xfc, 0xf8, 0x41, 0xf8, 0xfc, 0xf8, 0x00, 0xf8, 0xfc, 0xf8, 0x00,
    0xf8, 0xfc, 0xf8, 0x00, 0xf8, 0xfc, 0xf8, 0x00, 0xf8, 0xfc, 0xf8, 0x00,
    0xf8, 0xfc, 0xf8, 0x00, 0xf8, 0xfc, 0xf8, 0x00, 0xf8, 0xfc, 0xf8, 0x00,
    0xf8, 0xfc, 0xf8, 0x00, 0xf8, 0xfc, 0xf8, 0x00, 0xf8, 0xfc, 0xf8, 0x00,
    0xf8, 0xfc, 0xf8, 0x55, 0xf8, 0xfc, 0xf8, 0xff, 0xf8, 0xfc, 0xf8, 0x86,
    0xf8, 0xfc, 0xf8, 0x00, 0xf8, 0xfc, 0xf8, 0x00, 0xf8, 0xfc, 0xf8, 0x00,
    0xf8, 0xfc, 0xf8, 0x00, 0xf8, 0xfc, 0xf8, 0x00, 0xf8, 0xfc, 0xf8, 0x00,
    0xf8, 0xfc, 0xf8, 0x00, 0xf8, 0xfc, 0xf8, 0x00, 0xf8, 0xfc, 0xf8, 0x00,
    0xf8, 0xfc, 0xf8, 0x00, 0xf8, 0xfc, 0xf8, 0x00, 0xf8, 0xfc, 0xf8, 0x00,
    0xf8, 0xfc, 0xf8, 0x00, 0xf8, 0xfc, 0xf8, 0x00, 0xf8, 0xfc, 0xf8, 0x00,
    0xf8, 0xfc, 0xf8, 0x00, 0xf8, 0xfc, 0xf8, 0x00, 0xf8, 0xfc, 0xf8, 0x00,
    0xf8, 0xfc, 0xf8, 0x00, 0xf8, 0xfc, 0xf8, 0x9e, 0xf8, 0xfc, 0xf8, 0xd7,
    0xf8, 0xfc, 0xf8, 0x41, 0xf8, 0xfc, 0xf8, 0x41, 0xf8, 0xfc, 0xf8, 0x30,
    0xf8, 0xfc, 0xf8, 0x00, 0xf8, 0xfc, 0xf8, 0x00, 0xf8, 0xfc, 0xf8, 0x00,
    0xf8, 0xfc, 0xf8, 0x00, 0xf8, 0xd0, 0x08, 0x14, 0xf0, 0xd0, 0x08, 0x14,
    0xf8, 0xd4, 0x08, 0x18, 0xf8, 0xd0, 0x08, 0x28, 0xf0, 0xd0, 0x08, 0x24,
    0xe8, 0xc8, 0x08, 0x38, 0x70, 0x68, 0x00, 0x3c, 0x70, 0x68, 0x00, 0x38,
    0x70, 0x68, 0x00, 0x38, 0xf8, 0xfc, 0xf8, 0x00, 0xf8, 0xfc, 0xf8, 0x00,
    0xf8, 0xfc, 0xf8, 0x00, 0xf8, 0xfc, 0xf8, 0x00, 0xf8, 0xfc, 0xf8, 0x00,
    0xf8, 0xfc, 0xf8, 0x00, 0xf8, 0xfc, 0xf8, 0x00, 0xf8, 0xfc, 0xf8, 0x00,
    0xf8, 0xfc, 0xf8, 0x00, 0xf8, 0xfc, 0xf8, 0x10, 0xf8, 0xfc, 0xf8, 0x00,
    0xf8, 0xfc, 0xf8, 0x00, 0xf8, 0xfc, 0xf8, 0x00, 0xf8, 0xfc, 0xf8, 0x00,
    0xf8, 0xfc, 0xf8, 0x00, 0xf8, 0xfc, 0xf8, 0x00, 0xf8, 0xfc, 0xf8, 0x00,
    0xf8, 0xfc, 0xf8, 0x00, 0xf8, 0xfc, 0xf8, 0x00, 0xf8, 0xfc, 0xf8, 0x00,
    0xf8, 0xfc, 0xf8, 0x00, 0xf8, 0xfc, 0xf8, 0x00, 0xf8, 0xfc, 0xf8, 0x00,
    0xf8, 0xfc, 0xf8, 0x00, 0xf8, 0xfc, 0xf8, 0x00, 0xf8, 0xfc, 0xf8, 0x00,
    0xf8, 0xfc, 0xf8, 0x00, 0xf8, 0xfc, 0xf8, 0x00, 0xf8, 0xfc, 0xf8, 0x00,
    0xf8, 0xfc, 0xf8, 0x00, 0xf8, 0xfc, 0xf8, 0x82, 0xf8, 0xfc, 0xf8, 0xbe,
    0xf8, 0xfc, 0xf8, 0x00, 0xf8, 0xfc, 0xf8, 0x00, 0xf8, 0xd0, 0x08, 0x38,
    0xf0, 0xd0, 0x08, 0x38, 0xf8, 0xd0, 0x08, 0x45, 0xf8, 0xd0, 0x08, 0x4d,
    0xf0, 0xd4, 0x08, 0x4d, 0xf8, 0xd0, 0x08, 0x4d, 0xf8, 0xd0, 0x08, 0x4d,
    0xf0, 0xd0, 0x08, 0x4d, 0xf8, 0xd4, 0x08, 0x4d, 0xf8, 0xd0, 0x08, 0x4d,
    0xf8, 0xd0, 0x08, 0x4d, 0x78, 0x70, 0x00, 0x4d, 0x70, 0x68, 0x00, 0x4d,
    0x78, 0x68, 0x00, 0x41, 0xf8, 0xfc, 0xf8, 0x00, 0xf8, 0xfc, 0xf8, 0x00,
    0xf8, 0xfc, 0xf8, 0x00, 0xf8, 0xfc, 0xf8, 0x00, 0xf8, 0xfc, 0xf8, 0x00,
    0xf8, 0xfc, 0xf8, 0x00, 0xf8, 0xfc, 0xf8, 0x00, 0xf8, 0xfc, 0xf8, 0x00,
    0xf8, 0xfc, 0xf8, 0x00, 0xf8, 0xfc, 0xf8, 0x00, 0xf8, 0xfc, 0xf8, 0x00,
    0xf8, 0xfc, 0xf8, 0x00, 0xf8, 0xfc, 0xf8, 0x00, 0xf8, 0xfc, 0xf8, 0x00,
    0xf8, 0xfc, 0xf8, 0x00, 0xf8, 0xfc, 0xf8, 0x00, 0xf8, 0xfc, 0xf8, 0x00,
    0xf8, 0xfc, 0xf8, 0x00, 0xf8, 0xfc, 0xf8, 0x00, 0xf8, 0xfc, 0xf8, 0x00,
    0xf8, 0xfc, 0xf8, 0x00, 0xf8, 0xfc, 0xf8, 0x00, 0xf8, 0xfc, 0xf8, 0x00,
    0xf8, 0xfc, 0xf8, 0x00, 0xf8, 0xfc, 0xf8, 0x00, 0xf8, 0xfc, 0xf8, 0x00,
    0xf8, 0xfc, 0xf8, 0x00, 0xf8, 0xfc, 0xf8, 0x00, 0xf8, 0xfc, 0xf8, 0x00,
    0xf8, 0xfc, 0xf8, 0x00, 0xf8, 0xfc, 0xf8, 0x71, 0xf8, 0xfc, 0xf8, 0xdf,
    0xf8, 0xfc, 0xf8, 0x00, 0xf8, 0xfc, 0xf8, 0x00, 0xf0, 0xd0, 0x08, 0x4d,
    0xf8, 0xd4, 0x08, 0x4d, 0xf8, 0xd0, 0x08, 0x4d, 0xf0, 0xd0, 0x08, 0x4d,
    0xf8, 0xd4, 0x08, 0x4d, 0xf0, 0xd0, 0x08, 0x4d, 0xf8, 0xd0, 0x08, 0x4d,
    0xf0, 0xd0, 0x08, 0x4d, 0xf0, 0xd4, 0x08, 0x4d, 0xf8, 0xd0, 0x08, 0x4d,
    0xf8, 0xd0, 0x08, 0x4d, 0x90, 0x84, 0x00, 0x4d, 0x70, 0x68, 0x00, 0x4d,
    0x70, 0x64, 0x00, 0x4d, 0xf8, 0xfc, 0xf8, 0x00, 0xf8, 0xfc, 0xf8, 0x00,
    0xf8, 0xfc, 0xf8, 0x00, 0xf8, 0xfc, 0xf8, 0x00, 0xf8, 0xfc, 0xf8, 0x00,
    0xf8, 0xfc, 0xf8, 0x00, 0xf8, 0xfc, 0xf8, 0x00, 0xf8, 0xfc, 0xf8, 0x00,
    0xf8, 0xfc, 0xf8, 0x00, 0xf8, 0xfc, 0xf8, 0x00, 0xf8, 0xfc, 0xf8, 0x00,
    0xf8, 0xfc, 0xf8, 0x00, 0xf8, 0xfc, 0xf8, 0x00, 0xf8, 0xfc, 0xf8, 0x00,
    0xf8, 0xfc, 0xf8, 0x00, 0xf8, 0xfc, 0xf8, 0x00, 0xf8, 0xfc, 0xf8, 0x00,
    0xf8, 0xfc, 0xf8, 0x00, 0xf8, 0xfc, 0xf8, 0x00, 0xf8, 0xfc, 0xf8, 0x00,
    0xf8, 0xfc, 0xf8, 0x00, 0xf8, 0xfc, 0xf8, 0x00, 0xf8, 0xfc, 0xf8, 0x00,
    0xf8, 0xfc, 0xf8, 0x00, 0xf8, 0xfc, 0xf8, 0x00, 0xf8, 0xfc, 0xf8, 0x00,
    0xf8, 0xfc, 0xf8, 0x00, 0xf8, 0xfc, 0xf8, 0x00, 0xf8, 0xfc, 0xf8, 0x00,
    0xf8, 0xfc, 0xf8, 0x00, 0xf8, 0xfc, 0xf8, 0x41, 0xf8, 0xfc, 0xf8, 0xff,
    0xf8, 0xfc, 0xf8, 0x00, 0xf8, 0xfc, 0xf8, 0x00, 0xf8, 0xd0, 0x08, 0x45,
    0xf0, 0xd0, 0x08, 0x4d, 0xf8, 0xd4, 0x08, 0x4d, 0xf8, 0xd0, 0x08, 0x4d,
    0xf0, 0xd0, 0x08, 0x4d, 0xf8, 0xd4, 0x08, 0x4d, 0xf8, 0xd0, 0x08, 0x4d,
    0xf8, 0xd0, 0x08, 0x4d, 0xf0, 0xd0, 0x08, 0x4d, 0xf8, 0xd0, 0x08, 0x4d,
    0xf8, 0xd0, 0x08, 0x4d, 0x98, 0x88, 0x00, 0x4d, 0x70, 0x68, 0x00, 0x4d,
    0x78, 0x68, 0x00, 0x4d, 0x70, 0x68, 0x00, 0x04, 0xf8, 0xfc, 0xf8, 0x00,
    0xf8, 0xfc, 0xf8, 0x00, 0xf8, 0xfc, 0xf8, 0x00, 0xf8, 0xfc, 0xf8, 0x00,
    0xf8, 0xfc, 0xf8, 0x00, 0xf8, 0xfc, 0xf8, 0x00, 0xf8, 0xfc, 0xf8, 0x00,
    0xf8, 0xfc, 0xf8, 0x00, 0xf8, 0xfc, 0xf8, 0x00, 0xf8, 0xfc, 0xf8, 0x00,
    0xf8, 0xfc, 0xf8, 0x00, 0xf8, 0xfc, 0xf8, 0x00, 0xf8, 0xfc, 0xf8, 0x00,
    0xf8, 0xfc, 0xf8, 0x00, 0xf8, 0xfc, 0xf8, 0x00, 0xf8, 0xfc, 0xf8, 0x00,
    0xf8, 0xfc, 0xf8, 0x00, 0xf8, 0xfc, 0xf8, 0x00, 0xf8, 0xfc, 0xf8, 0x00,
    0xf8, 0xfc, 0xf8, 0x00, 0xf8, 0xfc, 0xf8, 0x00, 0xf8, 0xfc, 0xf8, 0x00,
    0xf8, 0xfc, 0xf8, 0x00, 0xf8, 0xfc, 0xf8, 0x00, 0xf8, 0xfc, 0xf8, 0x00,
    0xf8, 0xfc, 0xf8, 0x00, 0xf8, 0xfc, 0xf8, 0x00, 0xf8, 0xfc, 0xf8, 0x00,
    0xf8, 0xfc, 0xf8, 0x00, 0xf8, 0xfc, 0xf8, 0x30, 0xf8, 0xfc, 0xf8, 0xff,
    0xf8, 0xfc, 0xf8, 0x10, 0xf8, 0xfc, 0xf8, 0x00, 0xf8, 0xd0, 0x08, 0x38,
    0xf0, 0xd0, 0x08, 0x4d, 0xf8, 0xd0, 0x08, 0x4d, 0xf8, 0xd0, 0x08, 0x4d,
    0xf0, 0xd0, 0x08, 0x4d, 0xf8, 0xd0, 0x08, 0x4d, 0xf8, 0xd4, 0x08, 0x4d,
    0xf0, 0xd0, 0x08, 0x4d, 0xf8, 0xd0, 0x08, 0x4d, 0xf8, 0xd4, 0x08, 0x4d,
    0xf0, 0xd0, 0x08, 0x4d, 0xc0, 0xa4, 0x08, 0x45, 0x70, 0x68, 0x00, 0x4d,
    0x70, 0x64, 0x00, 0x4d, 0x70, 0x68, 0x00, 0x14, 0xf8, 0xfc, 0xf8, 0x00,
    0xf8, 0xfc, 0xf8, 0x00, 0xf8, 0xfc, 0xf8, 0x00, 0xf8, 0xfc, 0xf8, 0x00,
    0xf8, 0xfc, 0xf8, 0x00, 0xf8, 0xfc, 0xf8, 0x00, 0xf8, 0xfc, 0xf8, 0x00,
    0xf8, 0xfc, 0xf8, 0x00, 0xf8, 0xfc, 0xf8, 0x00, 0xf8, 0xfc, 0xf8, 0x00,
    0xf8, 0xfc, 0xf8, 0x00, 0xf8, 0xfc, 0xf8, 0x00, 0xf8, 0xfc, 0xf8, 0x00,
    0xf8, 0xfc, 0xf8, 0x00, 0xf8, 0xfc, 0xf8, 0x00, 0xf8, 0xfc, 0xf8, 0x00,
    0xf8, 0xfc, 0xf8, 0x00, 0xf8, 0xfc, 0xf8, 0x00, 0xf8, 0xfc, 0xf8, 0x00,
    0xf8, 0xfc, 0xf8, 0x00, 0xf8, 0xfc, 0xf8, 0x00, 0xf8, 0xfc, 0xf8, 0x00,
    0xf8, 0xfc, 0xf8, 0x00, 0xf8, 0xfc, 0xf8, 0x00, 0xf8, 0xfc, 0xf8, 0x00,
    0xf8, 0xfc, 0xf8, 0x00, 0xf8, 0xfc, 0xf8, 0x00, 0xf8, 0xfc, 0xf8, 0x00,
    0xf8, 0xfc, 0xf8, 0x00, 0xf8, 0xfc, 0xf8, 0x00, 0xf8, 0xfc, 0xf8, 0xff,
    0xf8, 0xfc, 0xf8, 0x41, 0xf8, 0xfc, 0xf8, 0x00, 0xf8, 0xd0, 0x08, 0x30,
    0xf0, 0xd4, 0x08, 0x4d, 0xf8, 0xd0, 0x08, 0x4d, 0xf0, 0xd4, 0x08, 0x4d,
    0xf8, 0xd0, 0x08, 0x4d, 0xf0, 0xd0, 0x08, 0x4d, 0xf8, 0xd0, 0x08, 0x4d,
    0xf0, 0xd4, 0x08, 0x4d, 0xf8, 0xd0, 0x08, 0x4d, 0xf8, 0xd0, 0x08, 0x4d,
    0xf0, 0xd0, 0x08, 0x4d, 0xc8, 0xac, 0x08, 0x45, 0x70, 0x68, 0x00, 0x4d,
    0x70, 0x68, 0x00, 0x4d, 0x78, 0x64, 0x00, 0x20, 0xf8, 0xfc, 0xf8, 0x00,
    0xf8, 0xfc, 0xf8, 0x00, 0xf8, 0xfc, 0xf8, 0x00, 0xf8, 0xfc, 0xf8, 0x00,
    0xf8, 0xfc, 0xf8, 0x00, 0xf8, 0xfc, 0xf8, 0x00, 0xf8, 0xfc, 0xf8, 0x00,
    0xf8, 0xfc, 0xf8, 0x00, 0xf8, 0xfc, 0xf8, 0x00, 0xf8, 0xfc, 0xf8, 0x00,
    0xf8, 0xfc, 0xf8, 0x00, 0xf8, 0xfc, 0xf8, 0x00, 0xf8, 0xfc, 0xf8, 0x00,
    0xf8, 0xfc, 0xf8, 0x00, 0xf8, 0xfc, 0xf8, 0x00, 0xf8, 0xfc, 0xf8, 0x00,
    0xf8, 0xfc, 0xf8, 0x00, 0xf8, 0xfc, 0xf8, 0x00, 0xf8, 0xfc, 0xf8, 0x00,
    0xf8, 0xfc, 0xf8, 0x00, 0xf8, 0xfc, 0xf8, 0x00, 0xf8, 0xfc, 0xf8, 0x00,
    0xf8, 0xfc, 0xf8, 0x00, 0xf8, 0xfc, 0xf8, 0x00, 0xf8, 0xfc, 0xf8, 0x00,
    0xf8, 0xfc, 0xf8, 0x00, 0xf8, 0xfc, 0xf8, 0x00, 0xf8, 0xfc, 0xf8, 0x00,
    0xf8, 0xfc, 0xf8, 0x00, 0xf8, 0xfc, 0xf8, 0x00, 0xf8, 0xfc, 0xf8, 0xdf,
    0xf8, 0xfc, 0xf8, 0x61, 0xf8, 0xfc, 0xf8, 0x00, 0xf0, 0xd0, 0x08, 0x28,
    0xf8, 0xd0, 0x08, 0x4d, 0xf8, 0xd0, 0x08, 0x4d, 0xf8, 0xd4, 0x08, 0x4d,
    0xf0, 0xd0, 0x08, 0x4d, 0xf8, 0xd0, 0x08, 0x4d, 0xf8, 0xd0, 0x08, 0x4d,
    0xf0, 0xd0, 0x08, 0x4d, 0xf8, 0xd4, 0x08, 0x4d, 0xf8, 0xd0, 0x08, 0x4d,
    0xf8, 0xd0, 0x08, 0x4d, 0xe0, 0xc4, 0x08, 0x45, 0x70, 0x68, 0x00, 0x4d,
    0x70, 0x68, 0x00, 0x4d, 0x70, 0x68, 0x00, 0x28, 0xf8, 0xfc, 0xf8, 0x00,
    0xf8, 0xfc, 0xf8, 0x00, 0xf8, 0xfc, 0xf8, 0x00, 0xf8, 0xfc, 0xf8, 0x00,
    0xf8, 0xfc, 0xf8, 0x00, 0xf8, 0xfc, 0xf8, 0x00, 0xf8, 0xfc, 0xf8, 0x00,
    0xf8, 0xfc, 0xf8, 0x00, 0xf8, 0xfc, 0xf8, 0x00, 0xf8, 0xfc, 0xf8, 0x00,
    0xf8, 0xfc, 0xf8, 0x00, 0xf8, 0xfc, 0xf8, 0x00, 0xf8, 0xfc, 0xf8, 0x00,
    0xf8, 0xfc, 0xf8, 0x00, 0xf8, 0xfc, 0xf8, 0x00, 0xf8, 0xfc, 0xf8, 0x00,
    0xf8, 0xfc, 0xf8, 0x00, 0xf8, 0xfc, 0xf8, 0x00, 0xf8, 0xfc, 0xf8, 0x00,
    0xf8, 0xfc, 0xf8, 0x00, 0xf8, 0xfc, 0xf8, 0x00, 0xf8, 0xfc, 0xf8, 0x00,
    0xf8, 0xfc, 0xf8, 0x00, 0xf8, 0xfc, 0xf8, 0x00, 0xf8, 0xfc, 0xf8, 0x00,
    0xf8, 0xfc, 0xf8, 0x00, 0xf8, 0xfc, 0xf8, 0x00, 0xf8, 0xfc, 0xf8, 0x00,
    0xf8, 0xfc, 0xf8, 0x00, 0xf8, 0xfc, 0xf8, 0x00, 0xf8, 0xfc, 0xf8, 0xbe,
    0xf8, 0xfc, 0xf8, 0x82, 0xf8, 0xfc, 0xf8, 0x00, 0xf8, 0xd0, 0x08, 0x18,
    0xf0, 0xd0, 0x08, 0x4d, 0xf8, 0xd0, 0x08, 0x4d, 0xf8, 0xd0, 0x08, 0x4d,
    0xf0, 0xd4, 0x08, 0x4d, 0xf8, 0xd0, 0x08, 0x4d, 0xf8, 0xd0, 0x08, 0x4d,
    0xf0, 0xd4, 0x08, 0x4d, 0xf0, 0xd0, 0x08, 0x4d, 0xf8, 0xd0, 0x08, 0x4d,
    0xf8, 0xd0, 0x08, 0x4d, 0xf0, 0xd0, 0x08, 0x49, 0x70, 0x68, 0x00, 0x4d,
    0x78, 0x64, 0x00, 0x4d, 0x70, 0x68, 0x00, 0x38, 0xf8, 0xfc, 0xf8, 0x00,
    0xf8, 0xfc, 0xf8, 0x00, 0xf8, 0xfc, 0xf8, 0x00, 0xf8, 0xfc, 0xf8, 0x00,
    0xf8, 0xfc, 0xf8, 0x00, 0xf8, 0xfc, 0xf8, 0x00, 0xf8, 0xfc, 0xf8, 0x00,
    0xf8, 0xfc, 0xf8, 0x00, 0xf8, 0xfc, 0xf8, 0x00, 0xf8, 0xfc, 0xf8, 0x00,
    0xf8, 0xfc, 0xf8, 0x00, 0xf8, 0xfc, 0xf8, 0x00, 0xf8, 0xfc, 0xf8, 0x00,
    0xf8, 0xfc, 0xf8, 0x00, 0xf8, 0xfc, 0xf8, 0x00, 0xf8, 0xfc, 0xf8, 0x00,
    0xf8, 0xfc, 0xf8, 0x00, 0xf8, 0xfc, 0xf8, 0x00, 0xf8, 0xfc, 0xf8, 0x00,
    0xf8, 0xfc, 0xf8, 0x00, 0xf8, 0xfc, 0xf8, 0x00, 0xf8, 0xfc, 0xf8, 0x00,
    0xf8, 0xfc, 0xf8, 0x00, 0xf8, 0xfc, 0xf8, 0x00, 0xf8, 0xfc, 0xf8, 0x00,
    0xf8, 0xfc, 0xf8, 0x00, 0xf8, 0xfc, 0xf8, 0x00, 0xf8, 0xfc, 0xf8, 0x00,
    0xf8, 0xfc, 0xf8, 0x00, 0xf8, 0xfc, 0xf8, 0x00, 0xf8, 0xfc, 0xf8, 0x8e,
    0xf8, 0xfc, 0xf8, 0xae, 0xf8, 0xfc, 0xf8, 0x00, 0xf8, 0xd4, 0x08, 0x14,
    0xf0, 0xd0, 0x08, 0x4d, 0xf0, 0xd4, 0x08, 0x4d, 0xf8, 0xd0, 0x08, 0x4d,
    0xf0, 0xd0, 0x08, 0x4d, 0xf8, 0xd4, 0x08, 0x4d, 0xf8, 0xd0, 0x08, 0x4d,
    0xf8, 0xd0, 0x08, 0x4d, 0xf0, 0xd0, 0x08, 0x4d, 0xf8, 0xd0, 0x08, 0x4d,
    0xf8, 0xd0, 0x08, 0x4d, 0xf8, 0xd0, 0x08, 0x4d, 0x78, 0x6c, 0x00, 0x4d,
    0x70, 0x68, 0x00, 0x4d, 0x78, 0x68, 0x00, 0x45, 0xf8, 0xfc, 0xf8, 0x00,
    0xf8, 0xfc, 0xf8, 0x00, 0xf8, 0xfc, 0xf8, 0x00, 0xf8, 0xfc, 0xf8, 0x00,
    0xf8, 0xfc, 0xf8, 0x00, 0xf8, 0xfc, 0xf8, 0x00, 0xf8, 0xfc, 0xf8, 0x00,
    0xf8, 0xfc, 0xf8, 0x00, 0xf8, 0xfc, 0xf8, 0x00, 0xf8, 0xfc, 0xf8, 0x00,
    0xf8, 0xfc, 0xf8, 0x00, 0xf8, 0xfc, 0xf8, 0x00, 0xf8, 0xfc, 0xf8, 0x00,
    0xf8, 0xfc, 0xf8, 0x00, 0xf8, 0xfc, 0xf8, 0x00, 0xf8, 0xfc, 0xf8, 0x00,
    0xf8, 0xfc, 0xf8, 0x00, 0xf8, 0xfc, 0xf8, 0x00, 0xf8, 0xfc, 0xf8, 0x00,
    0xf8, 0xfc, 0xf8, 0x00, 0xf8, 0xfc, 0xf8, 0x00, 0xf8, 0xfc, 0xf8, 0x00,
    0xf8, 0xfc, 0xf8, 0x00, 0xf8, 0xfc, 0xf8, 0x00, 0xf8, 0xfc, 0xf8, 0x00,
    0xf8, 0xfc, 0xf8, 0x00, 0xf8, 0xfc, 0xf8, 0x00, 0xf8, 0xfc, 0xf8, 0x00,
    0xf8, 0xfc, 0xf8, 0x00, 0xf8, 0xfc, 0xf8, 0x00, 0xf8, 0xfc, 0xf8, 0x82,
    0xf8, 0xfc, 0xf8, 0xcf, 0xf8, 0xfc, 0xf8, 0x00, 0xf8, 0xfc, 0xf8, 0x00,
    0xf8, 0xd0, 0x08, 0x4d, 0xf8, 0xd0, 0x08, 0x4d, 0xf8, 0xd0, 0x08, 0x4d,
    0xf0, 0xd0, 0x08, 0x4d, 0xf0, 0xd0, 0x08, 0x4d, 0xf8, 0xd4, 0x08, 0x4d,
    0xf8, 0xd0, 0x08, 0x4d, 0xf0, 0xd4, 0x08, 0x4d, 0xf0, 0xd0, 0x08, 0x4d,
    0xf8, 0xd4, 0x08, 0x4d, 0xf8, 0xd0, 0x08, 0x41, 0x98, 0x88, 0x00, 0x30,
    0x70, 0x68, 0x00, 0x1c, 0x70, 0x64, 0x00, 0x0c, 0xf8, 0xfc, 0xf8, 0x10,
    0xf8, 0xfc, 0xf8, 0x00, 0xf8, 0xfc, 0xf8, 0x00, 0xf8, 0xfc, 0xf8, 0x00,
    0xf8, 0xfc, 0xf8, 0x00, 0xf8, 0xfc, 0xf8, 0x00, 0xf8, 0xfc, 0xf8, 0x00,
    0xf8, 0xfc, 0xf8, 0x00, 0xf8, 0xfc, 0xf8, 0x00, 0xf8, 0xfc, 0xf8, 0x00,
    0xf8, 0xfc, 0xf8, 0x00, 0xf8, 0xfc, 0xf8, 0x00, 0xf8, 0xfc, 0xf8, 0x00,
    0xf8, 0xfc, 0xf8, 0x00, 0xf8, 0xfc, 0xf8, 0x00, 0xf8, 0xfc, 0xf8, 0x00,
    0xf8, 0xfc, 0xf8, 0x00, 0xf8, 0xfc, 0xf8, 0x00, 0xf8, 0xfc, 0xf8, 0x00,
    0xf8, 0xfc, 0xf8, 0x00, 0xf8, 0xfc, 0xf8, 0x00, 0xf8, 0xfc, 0xf8, 0x00,
    0xf8, 0xfc, 0xf8, 0x00, 0xf8, 0xfc, 0xf8, 0x00, 0xf8, 0xfc, 0xf8, 0x00,
    0xf8, 0xfc, 0xf8, 0x00, 0xf8, 0xfc, 0xf8, 0x00, 0xf8, 0xfc, 0xf8, 0x00,
    0xf8, 0xfc, 0xf8, 0x00, 0xf8, 0xfc, 0xf8, 0x00, 0xf8, 0xfc, 0xf8, 0x41,
    0xf8, 0xfc, 0xf8, 0xff, 0xf8, 0xfc, 0xf8, 0x00, 0xf8, 0xfc, 0xf8, 0x00,
    0xf0, 0xd0, 0x08, 0x45, 0xf8, 0xd4, 0x08, 0x4d, 0xf8, 0xd0, 0x08, 0x4d,
    0xf8, 0xd0, 0x08, 0x4d, 0xf0, 0xd0, 0x08, 0x4d, 0xf8, 0xd0, 0x08, 0x49,
    0xf8, 0xd0, 0x08, 0x38, 0xf0, 0xd0, 0x08, 0x28, 0xf8, 0xd0, 0x08, 0x14,
    0xf0, 0xd0, 0x08, 0x04, 0xf8, 0xfc, 0xf8, 0x41, 0xf8, 0xfc, 0xf8, 0x82,
    0xf8, 0xfc, 0xf8, 0xae, 0xf8, 0xfc, 0xf8, 0xcf, 0xf8, 0xfc, 0xf8, 0x92,
    0xf8, 0xfc, 0xf8, 0x00, 0xf8, 0xfc, 0xf8, 0x00, 0xf8, 0xfc, 0xf8, 0x00,
    0xf8, 0xfc, 0xf8, 0x00, 0xf8, 0xfc, 0xf8, 0x00, 0xf8, 0xfc, 0xf8, 0x00,
    0xf8, 0xfc, 0xf8, 0x00, 0xf8, 0xfc, 0xf8, 0x00, 0xf8, 0xfc, 0xf8, 0x00,
    0xf8, 0xfc, 0xf8, 0x00, 0xf8, 0xfc, 0xf8, 0x00, 0xf8, 0xfc, 0xf8, 0x00,
    0xf8, 0xfc, 0xf8, 0x00, 0xf8, 0xfc, 0xf8, 0x00, 0xf8, 0xfc, 0xf8, 0x00,
    0xf8, 0xfc, 0xf8, 0x00, 0xf8, 0xfc, 0xf8, 0x00, 0xf8, 0xfc, 0xf8, 0x00,
    0xf8, 0xfc, 0xf8, 0x00, 0xf8, 0xfc, 0xf8, 0x00, 0xf8, 0xfc, 0xf8, 0x00,
    0xf8, 0xfc, 0xf8, 0x00, 0xf8, 0xfc, 0xf8, 0x00, 0xf8, 0xfc, 0xf8, 0x00,
    0xf8, 0xfc, 0xf8, 0x00, 0xf8, 0xfc, 0xf8, 0x00, 0xf8, 0xfc, 0xf8, 0x00,
    0xf8, 0xfc, 0xf8, 0x00, 0xf8, 0xfc, 0xf8, 0x00, 0xf8, 0xfc, 0xf8, 0x20,
    0xf8, 0xfc, 0xf8, 0xff, 0xf8, 0xfc, 0xf8, 0x30, 0xf8, 0xfc, 0xf8, 0x00,
    0xf8, 0xd0, 0x08, 0x38, 0xf0, 0xd0, 0x08, 0x41, 0xf0, 0xd4, 0x08, 0x30,
    0xf8, 0xd4, 0x08, 0x1c, 0xf8, 0xd0, 0x08, 0x0c, 0xf8, 0xfc, 0xf8, 0x20,
    0xf8, 0xfc, 0xf8, 0x51, 0xf8, 0xfc, 0xf8, 0x8e, 0xf8, 0xfc, 0xf8, 0xcf,
    0xf8, 0xfc, 0xf8, 0xbe, 0xf8, 0xfc, 0xf8, 0x8e, 0xf8, 0xfc, 0xf8, 0x51,
    0xf8, 0xfc, 0xf8, 0x20, 0x70, 0x68, 0x00, 0x0c, 0x70, 0x68, 0x00, 0x08,
    0xf8, 0xfc, 0xf8, 0x00, 0xf8, 0xfc, 0xf8, 0x00, 0xf8, 0xfc, 0xf8, 0x00,
    0xf8, 0xfc, 0xf8, 0x00, 0xf8, 0xfc, 0xf8, 0x00, 0xf8, 0xfc, 0xf8, 0x00,
    0xf8, 0xfc, 0xf8, 0x00, 0xf8, 0xfc, 0xf8, 0x00, 0xf8, 0xfc, 0xf8, 0x00,
    0xf8, 0xfc, 0xf8, 0x00, 0xf8, 0xfc, 0xf8, 0x00, 0xf8, 0xfc, 0xf8, 0x00,
    0xf8, 0xfc, 0xf8, 0x00, 0xf8, 0xfc, 0xf8, 0x00, 0xf8, 0xfc, 0xf8, 0x00,
    0xf8, 0xfc, 0xf8, 0x00, 0xf8, 0xfc, 0xf8, 0x00, 0xf8, 0xfc, 0xf8, 0x00,
    0xf8, 0xfc, 0xf8, 0x00, 0xf8, 0xfc, 0xf8, 0x00, 0xf8, 0xfc, 0xf8, 0x00,
    0xf8, 0xfc, 0xf8, 0x00, 0xf8, 0xfc, 0xf8, 0x00, 0xf8, 0xfc, 0xf8, 0x00,
    0xf8, 0xfc, 0xf8, 0x00, 0xf8, 0xfc, 0xf8, 0x00, 0xf8, 0xfc, 0xf8, 0x00,
    0xf8, 0xfc, 0xf8, 0x00, 0xf8, 0xfc, 0xf8, 0x00, 0xf8, 0xfc, 0xf8, 0x00,
    0xf8, 0xfc, 0xf8, 0xef, 0xf8, 0xfc, 0xf8, 0x61, 0xf8, 0xfc, 0xf8, 0x00,
    0xf8, 0xfc, 0xf8, 0x00, 0xf8, 0xfc, 0xf8, 0x41, 0xf8, 0xfc, 0xf8, 0x71,
    0xf8, 0xfc, 0xf8, 0xae, 0xf8, 0xfc, 0xf8, 0xcf, 0xf8, 0xfc, 0xf8, 0xb2,
    0xf8, 0xfc, 0xf8, 0x71, 0xf8, 0xfc, 0xf8, 0x41, 0xf8, 0xd4, 0x08, 0x04,
    0xf8, 0xd0, 0x08, 0x14, 0xf8, 0xd0, 0x08, 0x28, 0xe0, 0xbc, 0x08, 0x3c,
    0x70, 0x68, 0x00, 0x49, 0x70, 0x68, 0x00, 0x4d, 0x70, 0x68, 0x00, 0x30,
    0xf8, 0xfc, 0xf8, 0x00, 0xf8, 0xfc, 0xf8, 0x00, 0xf8, 0xfc, 0xf8, 0x00,
    0xf8, 0xfc, 0xf8, 0x00, 0xf8, 0xfc, 0xf8, 0x00, 0xf8, 0xfc, 0xf8, 0x00,
    0xf8, 0xfc, 0xf8, 0x00, 0xf8, 0xfc, 0xf8, 0x00, 0xf8, 0xfc, 0xf8, 0x00,
    0xf8, 0xfc, 0xf8, 0x00, 0xf8, 0xfc, 0xf8, 0x00, 0xf8, 0xfc, 0xf8, 0x00,
    0xf8, 0xfc, 0xf8, 0x00, 0xf8, 0xfc, 0xf8, 0x00, 0xf8, 0xfc, 0xf8, 0x00,
    0xf8, 0xfc, 0xf8, 0x00, 0xf8, 0xfc, 0xf8, 0x00, 0xf8, 0xfc, 0xf8, 0x00,
    0xf8, 0xfc, 0xf8, 0x00, 0xf8, 0xfc, 0xf8, 0x00, 0xf8, 0xfc, 0xf8, 0x00,
    0xf8, 0xfc, 0xf8, 0x00, 0xf8, 0xfc, 0xf8, 0x00, 0xf8, 0xfc, 0xf8, 0x00,
    0xf8, 0xfc, 0xf8, 0x00, 0xf8, 0xfc, 0xf8, 0x00, 0xf8, 0xfc, 0xf8, 0x00,
    0xf8, 0xfc, 0xf8, 0x00, 0xf8, 0xfc, 0xf8, 0x00, 0xf8, 0xfc, 0xf8, 0x00,
    0xf8, 0xfc, 0xf8, 0xcf, 0xf8, 0xfc, 0xf8, 0xc7, 0xf8, 0xfc, 0xf8, 0xbe,
    0xf8, 0xfc, 0xf8, 0xcf, 0xf8, 0xfc, 0xf8, 0x8e, 0xf8, 0xfc, 0xf8, 0x61,
    0xf8, 0xfc, 0xf8, 0x20, 0xf0, 0xd0, 0x08, 0x0c, 0xf8, 0xd0, 0x08, 0x1c,
    0xf0, 0xd4, 0x08, 0x30, 0xf8, 0xd0, 0x08, 0x41, 0xf0, 0xd0, 0x08, 0x4d,
    0xf0, 0xd4, 0x08, 0x4d, 0xf8, 0xd0, 0x08, 0x4d, 0xf8, 0xd0, 0x08, 0x4d,
    0x70, 0x68, 0x00, 0x4d, 0x70, 0x68, 0x00, 0x4d, 0x78, 0x64, 0x00, 0x41,
    0xf8, 0xfc, 0xf8, 0x00, 0xf8, 0xfc, 0xf8, 0x00, 0xf8, 0xfc, 0xf8, 0x00,
    0xf8, 0xfc, 0xf8, 0x00, 0xf8, 0xfc, 0xf8, 0x00, 0xf8, 0xfc, 0xf8, 0x00,
    0xf8, 0xfc, 0xf8, 0x00, 0xf8, 0xfc, 0xf8, 0x00, 0xf8, 0xfc, 0xf8, 0x00,
    0xf8, 0xfc, 0xf8, 0x00, 0xf8, 0xfc, 0xf8, 0x00, 0xf8, 0xfc, 0xf8, 0x00,
    0xf8, 0xfc, 0xf8, 0x00, 0xf8, 0xfc, 0xf8, 0x00, 0xf8, 0xfc, 0xf8, 0x00,
    0xf8, 0xfc, 0xf8, 0x00, 0xf8, 0xfc, 0xf8, 0x00, 0xf8, 0xfc, 0xf8, 0x00,
    0xf8, 0xfc, 0xf8, 0x00, 0xf8, 0xfc, 0xf8, 0x00, 0xf8, 0xfc, 0xf8, 0x00,
    0xf8, 0xfc, 0xf8, 0x00, 0xf8, 0xfc, 0xf8, 0x00, 0xf8, 0xfc, 0xf8, 0x00,
    0xf8, 0xfc, 0xf8, 0x00, 0xf8, 0xfc, 0xf8, 0x00, 0xf8, 0xfc, 0xf8, 0x00,
    0xf8, 0xfc, 0xf8, 0x00, 0xf8, 0xfc, 0xf8, 0x00, 0xf8, 0xfc, 0xf8, 0x00,
    0xf8, 0xfc, 0xf8, 0xa2, 0xf8, 0xfc, 0xf8, 0xcf, 0xf8, 0xfc, 0xf8, 0x00,
    0xf8, 0xfc, 0xf8, 0x00, 0xf8, 0xd0, 0x08, 0x28, 0xf8, 0xd0, 0x08, 0x34,
    0xf0, 0xd0, 0x08, 0x49, 0xf8, 0xd0, 0x08, 0x4d, 0xf8, 0xd4, 0x08, 0x4d,
    0xf8, 0xd0, 0x08, 0x4d, 0xf0, 0xd0, 0x08, 0x4d, 0xf8, 0xd0, 0x08, 0x4d,
    0xf8, 0xd0, 0x08, 0x4d, 0xf0, 0xd0, 0x08, 0x4d, 0xf8, 0xd0, 0x08, 0x4d,
    0x90, 0x84, 0x00, 0x4d, 0x70, 0x68, 0x00, 0x4d, 0x70, 0x68, 0x00, 0x4d,
    0x70, 0x68, 0x00, 0x04, 0xf8, 0xfc, 0xf8, 0x00, 0xf8, 0xfc, 0xf8, 0x00,
    0xf8, 0xfc, 0xf8, 0x00, 0xf8, 0xfc, 0xf8, 0x00, 0xf8, 0xfc, 0xf8, 0x00,
    0xf8, 0xfc, 0xf8, 0x00, 0xf8, 0xfc, 0xf8, 0x00, 0xf8, 0xfc, 0xf8, 0x00,
    0xf8, 0xfc, 0xf8, 0x00, 0xf8, 0xfc, 0xf8, 0x00, 0xf8, 0xfc, 0xf8, 0x00,
    0xf8, 0xfc, 0xf8, 0x00, 0xf8, 0xfc, 0xf8, 0x00, 0xf8, 0xfc, 0xf8, 0x00,
    0xf8, 0xfc, 0xf8, 0x00, 0xf8, 0xfc, 0xf8, 0x00, 0xf8, 0xfc, 0xf8, 0x00,
    0xf8, 0xfc, 0xf8, 0x00, 0xf8, 0xfc, 0xf8, 0x00, 0xf8, 0xfc, 0xf8, 0x00,
    0xf8, 0xfc, 0xf8, 0x00, 0xf8, 0xfc, 0xf8, 0x00, 0xf8, 0xfc, 0xf8, 0x00,
    0xf8, 0xfc, 0xf8, 0x00, 0xf8, 0xfc, 0xf8, 0x00, 0xf8, 0xfc, 0xf8, 0x00,
    0xf8, 0xfc, 0xf8, 0x00, 0xf8, 0xfc, 0xf8, 0x00, 0xf8, 0xfc, 0xf8, 0x00,
    0xf8, 0xfc, 0xf8, 0x61, 0xf8, 0xfc, 0xf8, 0xef, 0xf8, 0xfc, 0xf8, 0x00,
    0xf8, 0xfc, 0xf8, 0x00, 0xf8, 0xd0, 0x08, 0x49, 0xf0, 0xd4, 0x08, 0x4d,
    0xf8, 0xd0, 0x08, 0x4d, 0xf8, 0xd0, 0x08, 0x4d, 0xf0, 0xd0, 0x08, 0x4d,
    0xf8, 0xd0, 0x08, 0x4d, 0xf8, 0xd4, 0x08, 0x4d, 0xf0, 0xd0, 0x08, 0x4d,
    0xf8, 0xd0, 0x08, 0x4d, 0xf8, 0xd4, 0x08, 0x4d, 0xf0, 0xd0, 0x08, 0x4d,
    0xb8, 0xa0, 0x08, 0x45, 0x70, 0x68, 0x00, 0x4d, 0x78, 0x68, 0x00, 0x4d,
    0x70, 0x64, 0x00, 0x18, 0xf8, 0xfc, 0xf8, 0x00, 0xf8, 0xfc, 0xf8, 0x00,
    0xf8, 0xfc, 0xf8, 0x00, 0xf8, 0xfc, 0xf8, 0x00, 0xf8, 0xfc, 0xf8, 0x00,
    0xf8, 0xfc, 0xf8, 0x86, 0xf8, 0xfc, 0xf8, 0x8a, 0xf8, 0xfc, 0xf8, 0x86,
    0xf8, 0xfc, 0xf8, 0x8a, 0xf8, 0xfc, 0xf8, 0x86, 0xf8, 0xfc, 0xf8, 0x79,
    0xf8, 0xfc, 0xf8, 0x24, 0xf8, 0xfc, 0xf8, 0x00, 0xf8, 0xfc, 0xf8, 0x00,
    0xf8, 0xfc, 0xf8, 0x00, 0xf8, 0xfc, 0xf8, 0x00, 0xf8, 0xfc, 0xf8, 0x00,
    0xf8, 0xfc, 0xf8, 0x00, 0xf8, 0xfc, 0xf8, 0x00, 0xf8, 0xfc, 0xf8, 0x00,
    0xf8, 0xfc, 0xf8, 0x00, 0xf8, 0xfc, 0xf8, 0x00, 0xf8, 0xfc, 0xf8, 0x00,
    0xf8, 0xfc, 0xf8, 0x00, 0xf8, 0xfc, 0xf8, 0x00, 0xf8, 0xfc, 0xf8, 0x00,
    0xf8, 0xfc, 0xf8, 0x00, 0xf8, 0xfc, 0xf8, 0x00, 0xf8, 0xfc, 0xf8, 0x00,
    0xf8, 0xfc, 0xf8, 0x20, 0xf8, 0xfc, 0xf8, 0xff, 0xf8, 0xfc, 0xf8, 0x20,
    0xf8, 0xfc, 0xf8, 0x00, 0xf0, 0xd0, 0x08, 0x38, 0xf8, 0xd0, 0x08, 0x4d,
    0xf8, 0xd4, 0x08, 0x4d, 0xf0, 0xd0, 0x08, 0x4d, 0xf0, 0xd0, 0x08, 0x4d,
    0xf8, 0xd4, 0x08, 0x4d, 0xf8, 0xd0, 0x08, 0x4d, 0xf0, 0xd0, 0x08, 0x4d,
    0xf8, 0xd4, 0x08, 0x4d, 0xf8, 0xd0, 0x08, 0x4d, 0xf8, 0xd0, 0x08, 0x4d,
    0xd8, 0xbc, 0x08, 0x45, 0x70, 0x68, 0x00, 0x4d, 0x70, 0x68, 0x00, 0x4d,
    0x78, 0x68, 0x00, 0x28, 0xf8, 0xfc, 0xf8, 0x00, 0xf8, 0xfc, 0xf8, 0x00,
    0xf8, 0xfc, 0xf8, 0x00, 0xf8, 0xfc, 0xf8, 0x00, 0xf8, 0xfc, 0xf8, 0x10,
    0xf8, 0xfc, 0xf8, 0xff, 0xf8, 0xfc, 0xf8, 0xff, 0xf8, 0xfc, 0xf8, 0xff,
    0xf8, 0xfc, 0xf8, 0xff, 0xf8, 0xfc, 0xf8, 0xff, 0xf8, 0xfc, 0xf8, 0xff,
    0xf8, 0xfc, 0xf8, 0xef, 0xf8, 0xfc, 0xf8, 0x20, 0xf8, 0xfc, 0xf8, 0x00,
    0xf8, 0xfc, 0xf8, 0x00, 0xf8, 0xfc, 0xf8, 0x00, 0xf8, 0xfc, 0xf8, 0x00,
    0xf8, 0xfc, 0xf8, 0x00, 0xf8, 0xfc, 0xf8, 0x00, 0xf8, 0xfc, 0xf8, 0x00,
    0xf8, 0xfc, 0xf8, 0x00, 0xf8, 0xfc, 0xf8, 0x00, 0xf8, 0xfc, 0xf8, 0x00,
    0xf8, 0xfc, 0xf8, 0x00, 0xf8, 0xfc, 0xf8, 0x00, 0xf8, 0xfc, 0xf8, 0x00,
    0xf8, 0xfc, 0xf8, 0x00, 0xf8, 0xfc, 0xf8, 0x00, 0xf8, 0xfc, 0xf8, 0x00,
    0xf8, 0xfc, 0xf8, 0x00, 0xf8, 0xfc, 0xf8, 0xef, 0xf8, 0xfc, 0xf8, 0x61,
    0xf8, 0xfc, 0xf8, 0x00, 0xf8, 0xd0, 0x08, 0x28, 0xf0, 0xd0, 0x08, 0x4d,
    0xf8, 0xd4, 0x08, 0x4d, 0xf8, 0xd0, 0x08, 0x4d, 0xf8, 0xd0, 0x08, 0x4d,
    0xf0, 0xd4, 0x08, 0x4d, 0xf8, 0xd0, 0x08, 0x4d, 0xf0, 0xd0, 0x08, 0x4d,
    0xf0, 0xd0, 0x08, 0x4d, 0xf8, 0xd0, 0x08, 0x4d, 0xf8, 0xd0, 0x08, 0x4d,
    0xf0, 0xd0, 0x08, 0x49, 0x70, 0x68, 0x00, 0x4d, 0x70, 0x64, 0x00, 0x4d,
    0x70, 0x68, 0x00, 0x38, 0xf8, 0xfc, 0xf8, 0x00, 0xf8, 0xfc, 0xf8, 0x00,
    0xf8, 0xfc, 0xf8, 0x00, 0xf8, 0xfc, 0xf8, 0x00, 0xf8, 0xfc, 0xf8, 0x00,
    0xf8, 0xfc, 0xf8, 0x10, 0xf8, 0xfc, 0xf8, 0x10, 0xf8, 0xfc, 0xf8, 0x10,
    0xf8, 0xfc, 0xf8, 0x10, 0xf8, 0xfc, 0xf8, 0x10, 0xf8, 0xfc, 0xf8, 0xaa,
    0xf8, 0xfc, 0xf8, 0xff, 0xf8, 0xfc, 0xf8, 0x86, 0xf8, 0xfc, 0xf8, 0x00,
    0xf8, 0xfc, 0xf8, 0x00, 0xf8, 0xfc, 0xf8, 0x00, 0xf8, 0xfc, 0xf8, 0x00,
    0xf8, 0xfc, 0xf8, 0x00, 0xf8, 0xfc, 0xf8, 0x00, 0xf8, 0xfc, 0xf8, 0x00,
    0xf8, 0xfc, 0xf8, 0x00, 0xf8, 0xfc, 0xf8, 0x00, 0xf8, 0xfc, 0xf8, 0x00,
    0xf8, 0xfc, 0xf8, 0x00, 0xf8, 0xfc, 0xf8, 0x00, 0xf8, 0xfc, 0xf8, 0x00,
    0xf8, 0xfc, 0xf8, 0x00, 0xf8, 0xfc, 0xf8, 0x00, 0xf8, 0xfc, 0xf8, 0x00,
    0xf8, 0xfc, 0xf8, 0x00, 0xf8, 0xfc, 0xf8, 0xbe, 0xf8, 0xfc, 0xf8, 0x92,
    0xf8, 0xfc, 0xf8, 0x00, 0xf8, 0xd0, 0x08, 0x18, 0xf0, 0xd0, 0x08, 0x4d,
    0xf0, 0xd0, 0x08, 0x4d, 0xf8, 0xd0, 0x08, 0x4d, 0xf8, 0xd0, 0x08, 0x4d,
    0xf0, 0xd0, 0x08, 0x4d, 0xf8, 0xd0, 0x08, 0x4d, 0xf8, 0xd4, 0x08, 0x4d,
    0xf0, 0xd0, 0x08, 0x4d, 0xf8, 0xd0, 0x08, 0x4d, 0xf8, 0xd0, 0x08, 0x4d,
    0xf8, 0xd0, 0x08, 0x4d, 0x88, 0x7c, 0x00, 0x4d, 0x70, 0x68, 0x00, 0x4d,
    0x78, 0x64, 0x00, 0x4d, 0xf8, 0xfc, 0xf8, 0x00, 0xf8, 0xfc, 0xf8, 0x00,
    0xf8, 0xfc, 0xf8, 0x00, 0xf8, 0xfc, 0xf8, 0x00, 0xf8, 0xfc, 0xf8, 0x00,
    0xf8, 0xfc, 0xf8, 0x00, 0xf8, 0xfc, 0xf8, 0x00, 0xf8, 0xfc, 0xf8, 0x10,
    0xf8, 0xfc, 0xf8, 0x10, 0xf8, 0xfc, 0xf8, 0x10, 0xf8, 0xfc, 0xf8, 0xaa,
    0xf8, 0xfc, 0xf8, 0xff, 0xf8, 0xfc, 0xf8, 0x8a, 0xf8, 0xfc, 0xf8, 0x00,
    0xf8, 0xfc, 0xf8, 0x00, 0xf8, 0xfc, 0xf8, 0x00, 0xf8, 0xfc, 0xf8, 0x00,
    0xf8, 0xfc, 0xf8, 0x00, 0xf8, 0xfc, 0xf8, 0x00, 0xf8, 0xfc, 0xf8, 0x00,
    0xf8, 0xfc, 0xf8, 0x00, 0xf8, 0xfc, 0xf8, 0x00, 0xf8, 0xfc, 0xf8, 0x00,
    0xf8, 0xfc, 0xf8, 0x00, 0xf8, 0xfc, 0xf8, 0x00, 0xf8, 0xfc, 0xf8, 0x00,
    0xf8, 0xfc, 0xf8, 0x00, 0xf8, 0xfc, 0xf8, 0x00, 0xf8, 0xfc, 0xf8, 0x00,
    0xf8, 0xfc, 0xf8, 0x00, 0xf8, 0xfc, 0xf8, 0x82, 0xf8, 0xfc, 0xf8, 0xcf,
    0xf8, 0xfc, 0xf8, 0x00, 0xf8, 0xd4, 0x08, 0x04, 0xf8, 0xd0, 0x08, 0x4d,
    0xf0, 0xd4, 0x08, 0x4d, 0xf8, 0xd0, 0x08, 0x4d, 0xf8, 0xd4, 0x08, 0x4d,
    0xf0, 0xd0, 0x08, 0x4d, 0xf8, 0xd0, 0x08, 0x4d, 0xf8, 0xd4, 0x08, 0x4d,
    0xf0, 0xd0, 0x08, 0x4d, 0xf8, 0xd4, 0x08, 0x4d, 0xf0, 0xd0, 0x08, 0x4d,
    0xf8, 0xd0, 0x08, 0x4d, 0xb0, 0x98, 0x00, 0x49, 0x70, 0x68, 0x00, 0x4d,
    0x70, 0x68, 0x00, 0x4d, 0x70, 0x68, 0x00, 0x14, 0xf8, 0xfc, 0xf8, 0x00,
    0xf8, 0xfc, 0xf8, 0x00, 0xf8, 0xfc, 0xf8, 0x00, 0xf8, 0xfc, 0xf8, 0x00,
    0xf8, 0xfc, 0xf8, 0x34, 0xf8, 0xfc, 0xf8, 0xcb, 0xf8, 0xfc, 0xf8, 0xff,
    0xf8, 0xfc, 0xf8, 0xff, 0xf8, 0xfc, 0xf8, 0xff, 0xf8, 0xfc, 0xf8, 0xff,
    0xf8, 0xfc, 0xf8, 0xef, 0xf8, 0xfc, 0xf8, 0x24, 0xf8, 0xfc, 0xf8, 0x00,
    0xf8, 0xfc, 0xf8, 0x00, 0xf8, 0xfc, 0xf8, 0x00, 0xf8, 0xfc, 0xf8, 0x00,
    0xf8, 0xfc, 0xf8, 0x00, 0xf8, 0xfc, 0xf8, 0x00, 0xf8, 0xfc, 0xf8, 0x00,
    0xf8, 0xfc, 0xf8, 0x00, 0xf8, 0xfc, 0xf8, 0x00, 0xf8, 0xfc, 0xf8, 0x00,
    0xf8, 0xfc, 0xf8, 0x00, 0xf8, 0xfc, 0xf8, 0x00, 0xf8, 0xfc, 0xf8, 0x00,
    0xf8, 0xfc, 0xf8, 0x00, 0xf8, 0xfc, 0xf8, 0x00, 0xf8, 0xfc, 0xf8, 0x00,
    0xf8, 0xfc, 0xf8, 0x00, 0xf8, 0xfc, 0xf8, 0x41, 0xf8, 0xfc, 0xf8, 0xff,
    0xf8, 0xfc, 0xf8, 0x10, 0xf8, 0xfc, 0xf8, 0x00, 0xf8, 0xd0, 0x08, 0x41,
    0xf8, 0xd0, 0x08, 0x4d, 0xf0, 0xd0, 0x08, 0x4d, 0xf8, 0xd4, 0x08, 0x4d,
    0xf8, 0xd0, 0x08, 0x4d, 0xf0, 0xd0, 0x08, 0x4d, 0xf8, 0xd0, 0x08, 0x4d,
    0xf8, 0xd0, 0x08, 0x4d, 0xf0, 0xd0, 0x08, 0x4d, 0xf8, 0xd4, 0x08, 0x4d,
    0xf8, 0xd0, 0x08, 0x4d, 0xd8, 0xbc, 0x08, 0x45, 0x70, 0x68, 0x00, 0x4d,
    0x70, 0x68, 0x00, 0x4d, 0x78, 0x68, 0x00, 0x2c, 0xf8, 0xfc, 0xf8, 0x00,
    0xf8, 0xfc, 0xf8, 0x00, 0xf8, 0xfc, 0xf8, 0x00, 0xf8, 0xfc, 0xf8, 0x00,
    0xf8, 0xfc, 0xf8, 0xcb, 0xf8, 0xfc, 0xf8, 0xff, 0xf8, 0xfc, 0xf8, 0xaa,
    0xf8, 0xfc, 0xf8, 0x8a, 0xf8, 0xfc, 0xf8, 0x8a, 0xf8, 0xfc, 0xf8, 0x8a,
    0xf8, 0xfc, 0xf8, 0x20, 0xf8, 0xfc, 0xf8, 0x00, 0xf8, 0xfc, 0xf8, 0x00,
    0xf8, 0xfc, 0xf8, 0x00, 0xf8, 0xfc, 0xf8, 0x00, 0xf8, 0xfc, 0xf8, 0x00,
    0xf8, 0xfc, 0xf8, 0x00, 0xf8, 0xfc, 0xf8, 0x00, 0xf8, 0xfc, 0xf8, 0x00,
    0xf8, 0xfc, 0xf8, 0x00, 0xf8, 0xfc, 0xf8, 0x00, 0xf8, 0xfc, 0xf8, 0x00,
    0xf8, 0xfc, 0xf8, 0x00, 0xf8, 0xfc, 0xf8, 0x00, 0xf8, 0xfc, 0xf8, 0x00,
    0xf8, 0xfc, 0xf8, 0x00, 0xf8, 0xfc, 0xf8, 0x00, 0xf8, 0xfc, 0xf8, 0x00,
    0xf8, 0xfc, 0xf8, 0x00, 0xf8, 0xfc, 0xf8, 0x00, 0xf8, 0xfc, 0xf8, 0xff,
    0xf8, 0xfc, 0xf8, 0x51, 0xf8, 0xfc, 0xf8, 0x00, 0xf0, 0xd0, 0x08, 0x2c,
    0xf8, 0xd0, 0x08, 0x4d, 0xf0, 0xd0, 0x08, 0x4d, 0xf8, 0xd0, 0x08, 0x4d,
    0xf0, 0xd4, 0x08, 0x4d, 0xf8, 0xd0, 0x08, 0x4d, 0xf8, 0xd0, 0x08, 0x4d,
    0xf0, 0xd4, 0x08, 0x4d, 0xf8, 0xd0, 0x08, 0x4d, 0xf8, 0xd0, 0x08, 0x4d,
    0xf0, 0xd0, 0x08, 0x4d, 0xf0, 0xd0, 0x08, 0x49, 0x70, 0x68, 0x00, 0x4d,
    0x70, 0x64, 0x00, 0x41, 0x70, 0x68, 0x00, 0x1c, 0xf8, 0xfc, 0xf8, 0x00,
    0xf8, 0xfc, 0xf8, 0x00, 0xf8, 0xfc, 0xf8, 0x00, 0xf8, 0xfc, 0xf8, 0x10,
    0xf8, 0xfc, 0xf8, 0xff, 0xf8, 0xfc, 0xf8, 0xff, 0xf8, 0xfc, 0xf8, 0x10,
    0xf8, 0xfc, 0xf8, 0x00, 0xf8, 0xfc, 0xf8, 0x00, 0xf8, 0xfc, 0xf8, 0x00,
    0xf8, 0xfc, 0xf8, 0x00, 0xf8, 0xfc, 0xf8, 0x00, 0xf8, 0xfc, 0xf8, 0x00,
    0xf8, 0xfc, 0xf8, 0x00, 0xf8, 0xfc, 0xf8, 0x00, 0xf8, 0xfc, 0xf8, 0x00,
    0xf8, 0xfc, 0xf8, 0x00, 0xf8, 0xfc, 0xf8, 0x00, 0xf8, 0xfc, 0xf8, 0x00,
    0xf8, 0xfc, 0xf8, 0x00, 0xf8, 0xfc, 0xf8, 0x00, 0xf8, 0xfc, 0xf8, 0x00,
    0xf8, 0xfc, 0xf8, 0x00, 0xf8, 0xfc, 0xf8, 0x00, 0xf8, 0xfc, 0xf8, 0x00,
    0xf8, 0xfc, 0xf8, 0x00, 0xf8, 0xfc, 0xf8, 0x00, 0xf8, 0xfc, 0xf8, 0x00,
    0xf8, 0xfc, 0xf8, 0x00, 0xf8, 0xfc, 0xf8, 0x00, 0xf8, 0xfc, 0xf8, 0xbe,
    0xf8, 0xfc, 0xf8, 0x8e, 0xf8, 0xfc, 0xf8, 0x00, 0xf8, 0xd0, 0x08, 0x18,
    0xf0, 0xd4, 0x08, 0x4d, 0xf8, 0xd0, 0x08, 0x4d, 0xf8, 0xd0, 0x08, 0x4d,
    0xf0, 0xd0, 0x08, 0x4d, 0xf8, 0xd4, 0x08, 0x4d, 0xf0, 0xd0, 0x08, 0x4d,
    0xf8, 0xd0, 0x08, 0x4d, 0xf0, 0xd4, 0x08, 0x4d, 0xf8, 0xd0, 0x08, 0x49,
    0xf8, 0xd0, 0x08, 0x30, 0xe8, 0xc8, 0x08, 0x20, 0x70, 0x68, 0x00, 0x04,
    0xf8, 0xfc, 0xf8, 0x10, 0xf8, 0xfc, 0xf8, 0x51, 0xf8, 0xfc, 0xf8, 0x20,
    0xf8, 0xfc, 0xf8, 0x00, 0xf8, 0xfc, 0xf8, 0x00, 0xf8, 0xfc, 0xf8, 0x10,
    0xf8, 0xfc, 0xf8, 0xff, 0xf8, 0xfc, 0xf8, 0xff, 0xf8, 0xfc, 0xf8, 0x8a,
    0xf8, 0xfc, 0xf8, 0x8a, 0xf8, 0xfc, 0xf8, 0x86, 0xf8, 0xfc, 0xf8, 0x86,
    0xf8, 0xfc, 0xf8, 0x8a, 0xf8, 0xfc, 0xf8, 0x55, 0xf8, 0xfc, 0xf8, 0x00,
    0xf8, 0xfc, 0xf8, 0x00, 0xf8, 0xfc, 0xf8, 0x00, 0xf8, 0xfc, 0xf8, 0x00,
    0xf8, 0xfc, 0xf8, 0x00, 0xf8, 0xfc, 0xf8, 0x00, 0xf8, 0xfc, 0xf8, 0x00,
    0xf8, 0xfc, 0xf8, 0x00, 0xf8, 0xfc, 0xf8, 0x00, 0xf8, 0xfc, 0xf8, 0x00,
    0xf8, 0xfc, 0xf8, 0x00, 0xf8, 0xfc, 0xf8, 0x00, 0xf8, 0xfc, 0xf8, 0x00,
    0xf8, 0xfc, 0xf8, 0x00, 0xf8, 0xfc, 0xf8, 0x00, 0xf8, 0xfc, 0xf8, 0x00,
    0xf8, 0xfc, 0xf8, 0x00, 0xf8, 0xfc, 0xf8, 0x00, 0xf8, 0xfc, 0xf8, 0x82,
    0xf8, 0xfc, 0xf8, 0xcf, 0xf8, 0xfc, 0xf8, 0x00, 0xf8, 0xd0, 0x08, 0x04,
    0xf0, 0xd4, 0x08, 0x4d, 0xf8, 0xd0, 0x08, 0x4d, 0xf8, 0xd0, 0x08, 0x4d,
    0xf0, 0xd0, 0x08, 0x4d, 0xf8, 0xd0, 0x08, 0x4d, 0xf8, 0xd0, 0x08, 0x41,
    0xf0, 0xd0, 0x08, 0x2c, 0xf8, 0xd0, 0x08, 0x0c, 0xf8, 0xfc, 0xf8, 0x00,
    0xf8, 0xfc, 0xf8, 0x20, 0xf8, 0xfc, 0xf8, 0x71, 0xf8, 0xfc, 0xf8, 0xae,
    0xf8, 0xfc, 0xf8, 0xcf, 0xf8, 0xfc, 0xf8, 0x8e, 0xf8, 0xfc, 0xf8, 0x10,
    0xf8, 0xfc, 0xf8, 0x00, 0xf8, 0xfc, 0xf8, 0x00, 0xf8, 0xfc, 0xf8, 0x10,
    0xf8, 0xfc, 0xf8, 0xff, 0xf8, 0xfc, 0xf8, 0xff, 0xf8, 0xfc, 0xf8, 0xff,
    0xf8, 0xfc, 0xf8, 0xff, 0xf8, 0xfc, 0xf8, 0xff, 0xf8, 0xfc, 0xf8, 0xff,
    0xf8, 0xfc, 0xf8, 0xff, 0xf8, 0xfc, 0xf8, 0x86, 0xf8, 0xfc, 0xf8, 0x00,
    0xf8, 0xfc, 0xf8, 0x00, 0xf8, 0xfc, 0xf8, 0x00, 0xf8, 0xfc, 0xf8, 0x00,
    0xf8, 0xfc, 0xf8, 0x00, 0xf8, 0xfc, 0xf8, 0x00, 0xf8, 0xfc, 0xf8, 0x00,
    0xf8, 0xfc, 0xf8, 0x00, 0xf8, 0xfc, 0xf8, 0x00, 0xf8, 0xfc, 0xf8, 0x00,
    0xf8, 0xfc, 0xf8, 0x00, 0xf8, 0xfc, 0xf8, 0x00, 0xf8, 0xfc, 0xf8, 0x00,
    0xf8, 0xfc, 0xf8, 0x00, 0xf8, 0xfc, 0xf8, 0x00, 0xf8, 0xfc, 0xf8, 0x00,
    0xf8, 0xfc, 0xf8, 0x00, 0xf8, 0xfc, 0xf8, 0x00, 0xf8, 0xfc, 0xf8, 0x41,
    0xf8, 0xfc, 0xf8, 0xff, 0xf8, 0xfc, 0xf8, 0x10, 0xf8, 0xfc, 0xf8, 0x00,
    0xf8, 0xd0, 0x08, 0x41, 0xf0, 0xd4, 0x08, 0x49, 0xf8, 0xd0, 0x08, 0x34,
    0xf8, 0xd4, 0x08, 0x1c, 0xf0, 0xd0, 0x08, 0x08, 0xf8, 0xfc, 0xf8, 0x00,
    0xf8, 0xfc, 0xf8, 0x51, 0xf8, 0xfc, 0xf8, 0x8e, 0xf8, 0xfc, 0xf8, 0xcf,
    0xf8, 0xfc, 0xf8, 0xae, 0xf8, 0xfc, 0xf8, 0x61, 0xf8, 0xfc, 0xf8, 0x20,
    0xf8, 0xfc, 0xf8, 0x00, 0x78, 0x68, 0x00, 0x18, 0x70, 0x64, 0x00, 0x1c,
    0xf8, 0xfc, 0xf8, 0x00, 0xf8, 0xfc, 0xf8, 0x00, 0xf8, 0xfc, 0xf8, 0x00,
    0xf8, 0xfc, 0xf8, 0x10, 0xf8, 0xfc, 0xf8, 0x10, 0xf8, 0xfc, 0xf8, 0x10,
    0xf8, 0xfc, 0xf8, 0x10, 0xf8, 0xfc, 0xf8, 0x10, 0xf8, 0xfc, 0xf8, 0x10,
    0xf8, 0xfc, 0xf8, 0x10, 0xf8, 0xfc, 0xf8, 0x00, 0xf8, 0xfc, 0xf8, 0x00,
    0xf8, 0xfc, 0xf8, 0x00, 0xf8, 0xfc, 0xf8, 0x00, 0xf8, 0xfc, 0xf8, 0x00,
    0xf8, 0xfc, 0xf8, 0x00, 0xf8, 0xfc, 0xf8, 0x00, 0xf8, 0xfc, 0xf8, 0x00,
    0xf8, 0xfc, 0xf8, 0x00, 0xf8, 0xfc, 0xf8, 0x00, 0xf8, 0xfc, 0xf8, 0x00,
    0xf8, 0xfc, 0xf8, 0x00, 0xf8, 0xfc, 0xf8, 0x00, 0xf8, 0xfc, 0xf8, 0x00,
    0xf8, 0xfc, 0xf8, 0x00, 0xf8, 0xfc, 0xf8, 0x00, 0xf8, 0xfc, 0xf8, 0x00,
    0xf8, 0xfc, 0xf8, 0x00, 0xf8, 0xfc, 0xf8, 0x00, 0xf8, 0xfc, 0xf8, 0x00,
    0xf8, 0xfc, 0xf8, 0xff, 0xf8, 0xfc, 0xf8, 0x61, 0xf8, 0xfc, 0xf8, 0x00,
    0xf0, 0xd0, 0x08, 0x08, 0xf8, 0xfc, 0xf8, 0x00, 0xf8, 0xfc, 0xf8, 0x20,
    0xf8, 0xfc, 0xf8, 0x61, 0xf8, 0xfc, 0xf8, 0xae, 0xf8, 0xfc, 0xf8, 0xdf,
    0xf8, 0xfc, 0xf8, 0x92, 0xf8, 0xfc, 0xf8, 0x41, 0xf8, 0xfc, 0xf8, 0x00,
    0xf8, 0xd0, 0x08, 0x0c, 0xf8, 0xd0, 0x08, 0x20, 0xf0, 0xcc, 0x08, 0x38,
    0x80, 0x74, 0x00, 0x4d, 0x70, 0x68, 0x00, 0x4d, 0x70, 0x68, 0x00, 0x4d,
    0xf8, 0xfc, 0xf8, 0x00, 0xf8, 0xfc, 0xf8, 0x00, 0xf8, 0xfc, 0xf8, 0x00,
    0xf8, 0xfc, 0xf8, 0x00, 0xf8, 0xfc, 0xf8, 0x00, 0xf8, 0xfc, 0xf8, 0x00,
    0xf8, 0xfc, 0xf8, 0x00, 0xf8, 0xfc, 0xf8, 0x00, 0xf8, 0xfc, 0xf8, 0x00,
    0xf8, 0xfc, 0xf8, 0x00, 0xf8, 0xfc, 0xf8, 0x00, 0xf8, 0xfc, 0xf8, 0x00,
    0xf8, 0xfc, 0xf8, 0x00, 0xf8, 0xfc, 0xf8, 0x00, 0xf8, 0xfc, 0xf8, 0x00,
    0xf8, 0xfc, 0xf8, 0x00, 0xf8, 0xfc, 0xf8, 0x00, 0xf8, 0xfc, 0xf8, 0x00,
    0xf8, 0xfc, 0xf8, 0x00, 0xf8, 0xfc, 0xf8, 0x00, 0xf8, 0xfc, 0xf8, 0x00,
    0xf8, 0xfc, 0xf8, 0x00, 0xf8, 0xfc, 0xf8, 0x00, 0xf8, 0xfc, 0xf8, 0x00,
    0xf8, 0xfc, 0xf8, 0x00, 0xf8, 0xfc, 0xf8, 0x00, 0xf8, 0xfc, 0xf8, 0x00,
    0xf8, 0xfc, 0xf8, 0x00, 0xf8, 0xfc, 0xf8, 0x00, 0xf8, 0xfc, 0xf8, 0x00,
    0xf8, 0xfc, 0xf8, 0xae, 0xf8, 0xfc, 0xf8, 0x9e, 0xf8, 0xfc, 0xf8, 0x41,
    0xf8, 0xfc, 0xf8, 0x8e, 0xf8, 0xfc, 0xf8, 0xcf, 0xf8, 0xfc, 0xf8, 0xb2,
    0xf8, 0xfc, 0xf8, 0x71, 0xf8, 0xfc, 0xf8, 0x20, 0xf8, 0xfc, 0xf8, 0x00,
    0xf8, 0xd4, 0x08, 0x14, 0xf0, 0xd0, 0x08, 0x2c, 0xf8, 0xd0, 0x08, 0x41,
    0xf0, 0xd4, 0x08, 0x4d, 0xf8, 0xd0, 0x08, 0x4d, 0xf8, 0xd0, 0x08, 0x4d,
    0xb0, 0x98, 0x00, 0x49, 0x70, 0x68, 0x00, 0x4d, 0x70, 0x68, 0x00, 0x4d,
    0x78, 0x68, 0x00, 0x18, 0xf8, 0xfc, 0xf8, 0x00, 0xf8, 0xfc, 0xf8, 0x00,
    0xf8, 0xfc, 0xf8, 0x00, 0xf8, 0xfc, 0xf8, 0x00, 0xf8, 0xfc, 0xf8, 0x00,
    0xf8, 0xfc, 0xf8, 0x00, 0xf8, 0xfc, 0xf8, 0x00, 0xf8, 0xfc, 0xf8, 0x00,
    0xf8, 0xfc, 0xf8, 0x00, 0xf8, 0xfc, 0xf8, 0x00, 0xf8, 0xfc, 0xf8, 0x00,
    0xf8, 0xfc, 0xf8, 0x00, 0xf8, 0xfc, 0xf8, 0x00, 0xf8, 0xfc, 0xf8, 0x00,
    0xf8, 0xfc, 0xf8, 0x00, 0xf8, 0xfc, 0xf8, 0x00, 0xf8, 0xfc, 0xf8, 0x00,
    0xf8, 0xfc, 0xf8, 0x00, 0xf8, 0xfc, 0xf8, 0x00, 0xf8, 0xfc, 0xf8, 0x00,
    0xf8, 0xfc, 0xf8, 0x00, 0xf8, 0xfc, 0xf8, 0x00, 0xf8, 0xfc, 0xf8, 0x00,
    0xf8, 0xfc, 0xf8, 0x00, 0xf8, 0xfc, 0xf8, 0x00, 0xf8, 0xfc, 0xf8, 0x00,
    0xf8, 0xfc, 0xf8, 0x00, 0xf8, 0xfc, 0xf8, 0x00, 0xf8, 0xfc, 0xf8, 0x00,
    0xf8, 0xfc, 0xf8, 0x71, 0xf8, 0xfc, 0xf8, 0xfb, 0xf8, 0xfc, 0xf8, 0x92,
    0xf8, 0xfc, 0xf8, 0x51, 0xf8, 0xfc, 0xf8, 0x00, 0xf8, 0xd0, 0x08, 0x04,
    0xf8, 0xd0, 0x08, 0x1c, 0xf0, 0xd0, 0x08, 0x34, 0xf8, 0xd0, 0x08, 0x49,
    0xf8, 0xd0, 0x08, 0x4d, 0xf8, 0xd0, 0x08, 0x4d, 0xf0, 0xd4, 0x08, 0x4d,
    0xf8, 0xd0, 0x08, 0x4d, 0xf0, 0xd0, 0x08, 0x4d, 0xf8, 0xd0, 0x08, 0x4d,
    0xe8, 0xc4, 0x08, 0x49, 0x70, 0x68, 0x00, 0x4d, 0x70, 0x64, 0x00, 0x4d,
    0x70, 0x68, 0x00, 0x30, 0xf8, 0xfc, 0xf8, 0x00, 0xf8, 0xfc, 0xf8, 0x00,
    0xf8, 0xfc, 0xf8, 0x00, 0xf8, 0xfc, 0xf8, 0x00, 0xf8, 0xfc, 0xf8, 0x00,
    0xf8, 0xfc, 0xf8, 0x00, 0xf8, 0xfc, 0xf8, 0x00, 0xf8, 0xfc, 0xf8, 0x00,
    0xf8, 0xfc, 0xf8, 0x00, 0xf8, 0xfc, 0xf8, 0x00, 0xf8, 0xfc, 0xf8, 0x00,
    0xf8, 0xfc, 0xf8, 0x00, 0xf8, 0xfc, 0xf8, 0x00, 0xf8, 0xfc, 0xf8, 0x00,
    0xf8, 0xfc, 0xf8, 0x00, 0xf8, 0xfc, 0xf8, 0x00, 0xf8, 0xfc, 0xf8, 0x00,
    0xf8, 0xfc, 0xf8, 0x00, 0xf8, 0xfc, 0xf8, 0x00, 0xf8, 0xfc, 0xf8, 0x00,
    0xf8, 0xfc, 0xf8, 0x00, 0xf8, 0xfc, 0xf8, 0x00, 0xf8, 0xfc, 0xf8, 0x00,
    0xf8, 0xfc, 0xf8, 0x00, 0xf8, 0xfc, 0xf8, 0x00, 0xf8, 0xfc, 0xf8, 0x00,
    0xf8, 0xfc, 0xf8, 0x00, 0xf8, 0xfc, 0xf8, 0x00, 0xf8, 0xfc, 0xf8, 0x00,
    0xf8, 0xfc, 0xf8, 0x20, 0xf8, 0xfc, 0xf8, 0xff, 0xf8, 0xfc, 0xf8, 0x30,
    0xf8, 0xfc, 0xf8, 0x00, 0xf8, 0xd0, 0x08, 0x28, 0xf0, 0xd4, 0x08, 0x4d,
    0xf8, 0xd0, 0x08, 0x4d, 0xf8, 0xd4, 0x08, 0x4d, 0xf0, 0xd0, 0x08, 0x4d,
    0xf0, 0xd0, 0x08, 0x4d, 0xf8, 0xd4, 0x08, 0x4d, 0xf8, 0xd0, 0x08, 0x4d,
    0xf0, 0xd0, 0x08, 0x4d, 0xf8, 0xd0, 0x08, 0x4d, 0xf0, 0xd4, 0x08, 0x4d,
    0xf8, 0xd0, 0x08, 0x4d, 0x78, 0x6c, 0x00, 0x4d, 0x70, 0x68, 0x00, 0x4d,
    0x78, 0x68, 0x00, 0x49, 0xf8, 0xfc, 0xf8, 0x00, 0xf8, 0xfc, 0xf8, 0x00,
    0xf8, 0xfc, 0xf8, 0x00, 0xf8, 0xfc, 0xf8, 0x00, 0xf8, 0xfc, 0xf8, 0x00,
    0xf8, 0xfc, 0xf8, 0x00, 0xf8, 0xfc, 0xf8, 0x00, 0xf8, 0xfc, 0xf8, 0x00,
    0xf8, 0xfc, 0xf8, 0x00, 0xf8, 0xfc, 0xf8, 0x00, 0xf8, 0xfc, 0xf8, 0x00,
    0xf8, 0xfc, 0xf8, 0x00, 0xf8, 0xfc, 0xf8, 0x00, 0xf8, 0xfc, 0xf8, 0x00,
    0xf8, 0xfc, 0xf8, 0x00, 0xf8, 0xfc, 0xf8, 0x00, 0xf8, 0xfc, 0xf8, 0x00,
    0xf8, 0xfc, 0xf8, 0x00, 0xf8, 0xfc, 0xf8, 0x00, 0xf8, 0xfc, 0xf8, 0x00,
    0xf8, 0xfc, 0xf8, 0x00, 0xf8, 0xfc, 0xf8, 0x00, 0xf8, 0xfc, 0xf8, 0x00,
    0xf8, 0xfc, 0xf8, 0x00, 0xf8, 0xfc, 0xf8, 0x00, 0xf8, 0xfc, 0xf8, 0x00,
    0xf8, 0xfc, 0xf8, 0x00, 0xf8, 0xfc, 0xf8, 0x00, 0xf8, 0xfc, 0xf8, 0x00,
    0xf8, 0xfc, 0xf8, 0x00, 0xf8, 0xfc, 0xf8, 0xcf, 0xf8, 0xfc, 0xf8, 0x8e,
    0xf8, 0xfc, 0xf8, 0x00, 0xf8, 0xd0, 0x08, 0x1c, 0xf0, 0xd0, 0x08, 0x4d,
    0xf0, 0xd0, 0x08, 0x4d, 0xf8, 0xd4, 0x08, 0x4d, 0xf8, 0xd0, 0x08, 0x4d,
    0xf0, 0xd0, 0x08, 0x4d, 0xf8, 0xd0, 0x08, 0x4d, 0xf8, 0xd0, 0x08, 0x4d,
    0xf0, 0xd0, 0x08, 0x4d, 0xf8, 0xd4, 0x08, 0x4d, 0xf8, 0xd0, 0x08, 0x4d,
    0xf8, 0xd0, 0x08, 0x4d, 0xb0, 0x98, 0x08, 0x49, 0x70, 0x68, 0x00, 0x4d,
    0x70, 0x68, 0x00, 0x4d, 0x70, 0x64, 0x00, 0x18, 0xf8, 0xfc, 0xf8, 0x00,
    0xf8, 0xfc, 0xf8, 0x00, 0xf8, 0xfc, 0xf8, 0x00, 0xf8, 0xfc, 0xf8, 0x00,
    0xf8, 0xfc, 0xf8, 0x00, 0xf8, 0xfc, 0xf8, 0x00, 0xf8, 0xfc, 0xf8, 0x00,
    0xf8, 0xfc, 0xf8, 0x00, 0xf8, 0xfc, 0xf8, 0x00, 0xf8, 0xfc, 0xf8, 0x00,
    0xf8, 0xfc, 0xf8, 0x00, 0xf8, 0xfc, 0xf8, 0x00, 0xf8, 0xfc, 0xf8, 0x00,
    0xf8, 0xfc, 0xf8, 0x00, 0xf8, 0xfc, 0xf8, 0x00, 0xf8, 0xfc, 0xf8, 0x00,
    0xf8, 0xfc, 0xf8, 0x00, 0xf8, 0xfc, 0xf8, 0x00, 0xf8, 0xfc, 0xf8, 0x00,
    0xf8, 0xfc, 0xf8, 0x00, 0xf8, 0xfc, 0xf8, 0x00, 0xf8, 0xfc, 0xf8, 0x00,
    0xf8, 0xfc, 0xf8, 0x00, 0xf8, 0xfc, 0xf8, 0x00, 0xf8, 0xfc, 0xf8, 0x00,
    0xf8, 0xfc, 0xf8, 0x00, 0xf8, 0xfc, 0xf8, 0x00, 0xf8, 0xfc, 0xf8, 0x00,
    0xf8, 0xfc, 0xf8, 0x00, 0xf8, 0xfc, 0xf8, 0x92, 0xf8, 0xfc, 0xf8, 0xcf,
    0xf8, 0xfc, 0xf8, 0x00, 0xf8, 0xd0, 0x08, 0x04, 0xf8, 0xd0, 0x08, 0x4d,
    0xf0, 0xd0, 0x08, 0x4d, 0xf8, 0xd0, 0x08, 0x4d, 0xf8, 0xd4, 0x08, 0x4d,
    0xf0, 0xd0, 0x08, 0x4d, 0xf8, 0xd4, 0x08, 0x4d, 0xf8, 0xd0, 0x08, 0x4d,
    0xf0, 0xd0, 0x08, 0x4d, 0xf8, 0xd0, 0x08, 0x4d, 0xf8, 0xd0, 0x08, 0x4d,
    0xf0, 0xd4, 0x08, 0x4d, 0xe8, 0xc4, 0x08, 0x45, 0x70, 0x68, 0x00, 0x4d,
    0x70, 0x68, 0x00, 0x4d, 0x78, 0x68, 0x00, 0x34, 0xf8, 0xfc, 0xf8, 0x00,
    0xf8, 0xfc, 0xf8, 0x00, 0xf8, 0xfc, 0xf8, 0x00, 0xf8, 0xfc, 0xf8, 0x00,
    0xf8, 0xfc, 0xf8, 0x00, 0xf8, 0xfc, 0xf8, 0x00, 0xf8, 0xfc, 0xf8, 0x00,
    0xf8, 0xfc, 0xf8, 0x00, 0xf8, 0xfc, 0xf8, 0x00, 0xf8, 0xfc, 0xf8, 0x00,
    0xf8, 0xfc, 0xf8, 0x00, 0xf8, 0xfc, 0xf8, 0x00, 0xf8, 0xfc, 0xf8, 0x00,
    0xf8, 0xfc, 0xf8, 0x00, 0xf8, 0xfc, 0xf8, 0x00, 0xf8, 0xfc, 0xf8, 0x00,
    0xf8, 0xfc, 0xf8, 0x00, 0xf8, 0xfc, 0xf8, 0x00, 0xf8, 0xfc, 0xf8, 0x00,
    0xf8, 0xfc, 0xf8, 0x00, 0xf8, 0xfc, 0xf8, 0x00, 0xf8, 0xfc, 0xf8, 0x00,
    0xf8, 0xfc, 0xf8, 0x00, 0xf8, 0xfc, 0xf8, 0x00, 0xf8, 0xfc, 0xf8, 0x00,
    0xf8, 0xfc, 0xf8, 0x00, 0xf8, 0xfc, 0xf8, 0x00, 0xf8, 0xfc, 0xf8, 0x00,
    0xf8, 0xfc, 0xf8, 0x00, 0xf8, 0xfc, 0xf8, 0x30, 0xf8, 0xfc, 0xf8, 0xff,
    0xf8, 0xfc, 0xf8, 0x20, 0xf8, 0xfc, 0xf8, 0x00, 0xf8, 0xd4, 0x08, 0x34,
    0xf8, 0xd0, 0x08, 0x4d, 0xf0, 0xd0, 0x08, 0x4d, 0xf8, 0xd0, 0x08, 0x4d,
    0xf8, 0xd0, 0x08, 0x4d, 0xf0, 0xd4, 0x08, 0x4d, 0xf8, 0xd0, 0x08, 0x4d,
    0xf0, 0xd4, 0x08, 0x4d, 0xf8, 0xd0, 0x08, 0x4d, 0xf0, 0xd0, 0x08, 0x4d,
    0xf8, 0xd0, 0x08, 0x4d, 0xf8, 0xd0, 0x08, 0x4d, 0x80, 0x74, 0x00, 0x4d,
    0x70, 0x68, 0x00, 0x4d, 0x70, 0x68, 0x00, 0x4d, 0x70, 0x68, 0x00, 0x04,
    0xf8, 0xfc, 0xf8, 0x00, 0xf8, 0xfc, 0xf8, 0x00, 0xf8, 0xfc, 0xf8, 0x00,
    0xf8, 0xfc, 0xf8, 0x00, 0xf8, 0xfc, 0xf8, 0x00, 0xf8, 0xfc, 0xf8, 0x00,
    0xf8, 0xfc, 0xf8, 0x00, 0xf8, 0xfc, 0xf8, 0x00, 0xf8, 0xfc, 0xf8, 0x00,
    0xf8, 0xfc, 0xf8, 0x00, 0xf8, 0xfc, 0xf8, 0x00, 0xf8, 0xfc, 0xf8, 0x00,
    0xf8, 0xfc, 0xf8, 0x00, 0xf8, 0xfc, 0xf8, 0x00, 0xf8, 0xfc, 0xf8, 0x00,
    0xf8, 0xfc, 0xf8, 0x00, 0xf8, 0xfc, 0xf8, 0x00, 0xf8, 0xfc, 0xf8, 0x00,
    0xf8, 0xfc, 0xf8, 0x00, 0xf8, 0xfc, 0xf8, 0x00, 0xf8, 0xfc, 0xf8, 0x00,
    0xf8, 0xfc, 0xf8, 0x00, 0xf8, 0xfc, 0xf8, 0x00, 0xf8, 0xfc, 0xf8, 0x00,
    0xf8, 0xfc, 0xf8, 0x00, 0xf8, 0xfc, 0xf8, 0x00, 0xf8, 0xfc, 0xf8, 0x00,
    0xf8, 0xfc, 0xf8, 0x00, 0xf8, 0xfc, 0xf8, 0x00, 0xf8, 0xfc, 0xf8, 0xdf,
    0xf8, 0xfc, 0xf8, 0x71, 0xf8, 0xfc, 0xf8, 0x00, 0xf0, 0xd0, 0x08, 0x1c,
    0xf8, 0xd4, 0x08, 0x4d, 0xf0, 0xd0, 0x08, 0x4d, 0xf8, 0xd0, 0x08, 0x4d,
    0xf8, 0xd0, 0x08, 0x4d, 0xf0, 0xd0, 0x08, 0x4d, 0xf8, 0xd0, 0x08, 0x4d,
    0xf8, 0xd0, 0x08, 0x4d, 0xf0, 0xd4, 0x08, 0x4d, 0xf8, 0xd0, 0x08, 0x4d,
    0xf8, 0xd0, 0x08, 0x4d, 0xf8, 0xd0, 0x08, 0x4d, 0xb8, 0xa0, 0x00, 0x49,
    0x70, 0x68, 0x00, 0x4d, 0x70, 0x64, 0x00, 0x4d, 0x78, 0x68, 0x00, 0x1c,
    0xf8, 0xfc, 0xf8, 0x00, 0xf8, 0xfc, 0xf8, 0x00, 0xf8, 0xfc, 0xf8, 0x00,
    0xf8, 0xfc, 0xf8, 0x00, 0xf8, 0xfc, 0xf8, 0x00, 0xf8, 0xfc, 0xf8, 0x00,
    0xf8, 0xfc, 0xf8, 0x00, 0xf8, 0xfc, 0xf8, 0x00, 0xf8, 0xfc, 0xf8, 0x00,
    0xf8, 0xfc, 0xf8, 0x00, 0xf8, 0xfc, 0xf8, 0x00, 0xf8, 0xfc, 0xf8, 0x00,
    0xf8, 0xfc, 0xf8, 0x00, 0xf8, 0xfc, 0xf8, 0x00, 0xf8, 0xfc, 0xf8, 0x00,
    0xf8, 0xfc, 0xf8, 0x00, 0xf8, 0xfc, 0xf8, 0x00, 0xf8, 0xfc, 0xf8, 0x00,
    0xf8, 0xfc, 0xf8, 0x00, 0xf8, 0xfc, 0xf8, 0x00, 0xf8, 0xfc, 0xf8, 0x00,
    0xf8, 0xfc, 0xf8, 0x00, 0xf8, 0xfc, 0xf8, 0x00, 0xf8, 0xfc, 0xf8, 0x00,
    0xf8, 0xfc, 0xf8, 0x00, 0xf8, 0xfc, 0xf8, 0x00, 0xf8, 0xfc, 0xf8, 0x00,
    0xf8, 0xfc, 0xf8, 0x00, 0xf8, 0xfc, 0xf8, 0x00, 0xf8, 0xfc, 0xf8, 0x8e,
    0xf8, 0xfc, 0xf8, 0xcf, 0xf8, 0xfc, 0xf8, 0x00, 0xf8, 0xd0, 0x08, 0x04,
    0xf0, 0xd0, 0x08, 0x4d, 0xf8, 0xd4, 0x08, 0x4d, 0xf0, 0xd0, 0x08, 0x4d,
    0xf8, 0xd4, 0x08, 0x4d, 0xf8, 0xd0, 0x08, 0x4d, 0xf0, 0xd0, 0x08, 0x4d,
    0xf8, 0xd0, 0x08, 0x4d, 0xf8, 0xd4, 0x08, 0x4d, 0xf0, 0xd0, 0x08, 0x4d,
    0xf0, 0xd4, 0x08, 0x4d, 0xf8, 0xd0, 0x08, 0x4d, 0xf0, 0xcc, 0x08, 0x49,
    0x70, 0x68, 0x00, 0x45, 0x70, 0x68, 0x00, 0x1c, 0xf8, 0xfc, 0xf8, 0x20,
    0xf8, 0xfc, 0xf8, 0x71, 0xf8, 0xfc, 0xf8, 0x00, 0xf8, 0xfc, 0xf8, 0x00,
    0xf8, 0xfc, 0xf8, 0x00, 0xf8, 0xfc, 0xf8, 0x00, 0xf8, 0xfc, 0xf8, 0x00,
    0xf8, 0xfc, 0xf8, 0x00, 0xf8, 0xfc, 0xf8, 0x00, 0xf8, 0xfc, 0xf8, 0x00,
    0xf8, 0xfc, 0xf8, 0x00, 0xf8, 0xfc, 0xf8, 0x00, 0xf8, 0xfc, 0xf8, 0x00,
    0xf8, 0xfc, 0xf8, 0x00, 0xf8, 0xfc, 0xf8, 0x00, 0xf8, 0xfc, 0xf8, 0x00,
    0xf8, 0xfc, 0xf8, 0x00, 0xf8, 0xfc, 0xf8, 0x00, 0xf8, 0xfc, 0xf8, 0x00,
    0xf8, 0xfc, 0xf8, 0x00, 0xf8, 0xfc, 0xf8, 0x00, 0xf8, 0xfc, 0xf8, 0x00,
    0xf8, 0xfc, 0xf8, 0x00, 0xf8, 0xfc, 0xf8, 0x00, 0xf8, 0xfc, 0xf8, 0x00,
    0xf8, 0xfc, 0xf8, 0x00, 0xf8, 0xfc, 0xf8, 0x00, 0xf8, 0xfc, 0xf8, 0x00,
    0xf8, 0xfc, 0xf8, 0x00, 0xf8, 0xfc, 0xf8, 0x00, 0xf8, 0xfc, 0xf8, 0x30,
    0xf8, 0xfc, 0xf8, 0xff, 0xf8, 0xfc, 0xf8, 0x20, 0xf8, 0xfc, 0xf8, 0x00,
    0xf8, 0xd0, 0x08, 0x34, 0xf8, 0xd0, 0x08, 0x4d, 0xf0, 0xd0, 0x08, 0x4d,
    0xf8, 0xd4, 0x08, 0x4d, 0xf0, 0xd0, 0x08, 0x4d, 0xf8, 0xd0, 0x08, 0x4d,
    0xf0, 0xd4, 0x08, 0x4d, 0xf8, 0xd0, 0x08, 0x4d, 0xf8, 0xd0, 0x08, 0x4d,
    0xf0, 0xd0, 0x08, 0x4d, 0xf8, 0xd0, 0x08, 0x34, 0xf8, 0xd0, 0x08, 0x14,
    0xf8, 0xfc, 0xf8, 0x30, 0xf8, 0xfc, 0xf8, 0x9e, 0xf8, 0xfc, 0xf8, 0xcf,
    0xf8, 0xfc, 0xf8, 0x61, 0xf8, 0xfc, 0xf8, 0x00, 0xf8, 0xfc, 0xf8, 0x00,
    0xf8, 0xfc, 0xf8, 0x00, 0xf8, 0xfc, 0xf8, 0x00, 0xf8, 0xfc, 0xf8, 0x00,
    0xf8, 0xfc, 0xf8, 0x00, 0xf8, 0xfc, 0xf8, 0x00, 0xf8, 0xfc, 0xf8, 0x00,
    0xf8, 0xfc, 0xf8, 0x00, 0xf8, 0xfc, 0xf8, 0x00, 0xf8, 0xfc, 0xf8, 0x00,
    0xf8, 0xfc, 0xf8, 0x00, 0xf8, 0xfc, 0xf8, 0x00, 0xf8, 0xfc, 0xf8, 0x00,
    0xf8, 0xfc, 0xf8, 0x00, 0xf8, 0xfc, 0xf8, 0x00, 0xf8, 0xfc, 0xf8, 0x00,
    0xf8, 0xfc, 0xf8, 0x00, 0xf8, 0xfc, 0xf8, 0x00, 0xf8, 0xfc, 0xf8, 0x00,
    0xf8, 0xfc, 0xf8, 0x00, 0xf8, 0xfc, 0xf8, 0x00, 0xf8, 0xfc, 0xf8, 0x00,
    0xf8, 0xfc, 0xf8, 0x00, 0xf8, 0xfc, 0xf8, 0x00, 0xf8, 0xfc, 0xf8, 0x00,
    0xf8, 0xfc, 0xf8, 0x00, 0xf8, 0xfc, 0xf8, 0x00, 0xf8, 0xfc, 0xf8, 0x00,
    0xf8, 0xfc, 0xf8, 0xdf, 0xf8, 0xfc, 0xf8, 0x82, 0xf8, 0xfc, 0xf8, 0x00,
    0xf0, 0xd4, 0x08, 0x1c, 0xf8, 0xd0, 0x08, 0x4d, 0xf8, 0xd0, 0x08, 0x4d,
    0xf0, 0xd0, 0x08, 0x4d, 0xf8, 0xd0, 0x08, 0x4d, 0xf8, 0xd4, 0x08, 0x4d,
    0xf0, 0xd0, 0x08, 0x4d, 0xf8, 0xd0, 0x08, 0x49, 0xf8, 0xd0, 0x08, 0x30,
    0xf0, 0xd4, 0x08, 0x08, 0xf8, 0xfc, 0xf8, 0x51, 0xf8, 0xfc, 0xf8, 0xbe,
    0xf8, 0xfc, 0xf8, 0xb2, 0xf8, 0xfc, 0xf8, 0x41, 0x70, 0x68, 0x00, 0x14,
    0x70, 0x64, 0x00, 0x18, 0xf8, 0xfc, 0xf8, 0x00, 0xf8, 0xfc, 0xf8, 0x00,
    0xf8, 0xfc, 0xf8, 0x00, 0xf8, 0xfc, 0xf8, 0x00, 0xf8, 0xfc, 0xf8, 0x00,
    0xf8, 0xfc, 0xf8, 0x00, 0xf8, 0xfc, 0xf8, 0x00, 0xf8, 0xfc, 0xf8, 0x00,
    0xf8, 0xfc, 0xf8, 0x00, 0xf8, 0xfc, 0xf8, 0x00, 0xf8, 0xfc, 0xf8, 0x00,
    0xf8, 0xfc, 0xf8, 0x00, 0xf8, 0xfc, 0xf8, 0x00, 0xf8, 0xfc, 0xf8, 0x00,
    0xf8, 0xfc, 0xf8, 0x00, 0xf8, 0xfc, 0xf8, 0x00, 0xf8, 0xfc, 0xf8, 0x00,
    0xf8, 0xfc, 0xf8, 0x00, 0xf8, 0xfc, 0xf8, 0x00, 0xf8, 0xfc, 0xf8, 0x00,
    0xf8, 0xfc, 0xf8, 0x00, 0xf8, 0xfc, 0xf8, 0x00, 0xf8, 0xfc, 0xf8, 0x00,
    0xf8, 0xfc, 0xf8, 0x00, 0xf8, 0xfc, 0xf8, 0x00, 0xf8, 0xfc, 0xf8, 0x00,
    0xf8, 0xfc, 0xf8, 0x00, 0xf8, 0xfc, 0xf8, 0x00, 0xf8, 0xfc, 0xf8, 0x00,
    0xf8, 0xfc, 0xf8, 0x92, 0xf8, 0xfc, 0xf8, 0xdf, 0xf8, 0xfc, 0xf8, 0x00,
    0xf8, 0xfc, 0xf8, 0x00, 0xf0, 0xd0, 0x08, 0x49, 0xf8, 0xd4, 0x08, 0x4d,
    0xf8, 0xd0, 0x08, 0x4d, 0xf0, 0xd0, 0x08, 0x4d, 0xf8, 0xd0, 0x08, 0x45,
    0xf8, 0xd0, 0x08, 0x28, 0xf8, 0xf4, 0xc0, 0x14, 0xf8, 0xfc, 0xf8, 0x61,
    0xf8, 0xfc, 0xf8, 0xcf, 0xf8, 0xfc, 0xf8, 0x9e, 0xf8, 0xfc, 0xf8, 0x20,
    0xe0, 0xc0, 0x08, 0x24, 0x80, 0x70, 0x00, 0x3c, 0x70, 0x68, 0x00, 0x4d,
    0x70, 0x68, 0x00, 0x49, 0x78, 0x68, 0x00, 0x04, 0xf8, 0xfc, 0xf8, 0x00,
    0xf8, 0xfc, 0xf8, 0x00, 0xf8, 0xfc, 0xf8, 0x00, 0xf8, 0xfc, 0xf8, 0x00,
    0xf8, 0xfc, 0xf8, 0x00, 0xf8, 0xfc, 0xf8, 0x00, 0xf8, 0xfc, 0xf8, 0x00,
    0xf8, 0xfc, 0xf8, 0x00, 0xf8, 0xfc, 0xf8, 0x00, 0xf8, 0xfc, 0xf8, 0x00,
    0xf8, 0xfc, 0xf8, 0x00, 0xf8, 0xfc, 0xf8, 0x00, 0xf8, 0xfc, 0xf8, 0x00,
    0xf8, 0xfc, 0xf8, 0x00, 0xf8, 0xfc, 0xf8, 0x00, 0xf8, 0xfc, 0xf8, 0x00,
    0xf8, 0xfc, 0xf8, 0x00, 0xf8, 0xfc, 0xf8, 0x00, 0xf8, 0xfc, 0xf8, 0x00,
    0xf8, 0xfc, 0xf8, 0x00, 0xf8, 0xfc, 0xf8, 0x00, 0xf8, 0xfc, 0xf8, 0x00,
    0xf8, 0xfc, 0xf8, 0x00, 0xf8, 0xfc, 0xf8, 0x00, 0xf8, 0xfc, 0xf8, 0x00,
    0xf8, 0xfc, 0xf8, 0x00, 0xf8, 0xfc, 0xf8, 0x00, 0xf8, 0xfc, 0xf8, 0x00,
    0xf8, 0xfc, 0xf8, 0x20, 0xf8, 0xfc, 0xf8, 0xff, 0xf8, 0xfc, 0xf8, 0x30,
    0xf8, 0xfc, 0xf8, 0x00, 0xf8, 0xd0, 0x08, 0x30, 0xf0, 0xd0, 0x08, 0x4d,
    0xf8, 0xd4, 0x08, 0x41, 0xf0, 0xd0, 0x08, 0x1c, 0xf8, 0xfc, 0xf8, 0x20,
    0xf8, 0xfc, 0xf8, 0x8e, 0xf8, 0xfc, 0xf8, 0xcf, 0xf8, 0xfc, 0xf8, 0x82,
    0xf8, 0xf4, 0xc8, 0x14, 0xf8, 0xd0, 0x08, 0x24, 0xf0, 0xd0, 0x08, 0x45,
    0xf8, 0xd0, 0x08, 0x4d, 0xb0, 0x98, 0x08, 0x49, 0x70, 0x68, 0x00, 0x4d,
    0x70, 0x68, 0x00, 0x4d, 0x70, 0x64, 0x00, 0x1c, 0xf8, 0xfc, 0xf8, 0x00,
    0xf8, 0xfc, 0xf8, 0x00, 0xf8, 0xfc, 0xf8, 0x00, 0xf8, 0xfc, 0xf8, 0x00,
    0xf8, 0xfc, 0xf8, 0x00, 0xf8, 0xfc, 0xf8, 0x00, 0xf8, 0xfc, 0xf8, 0x00,
    0xf8, 0xfc, 0xf8, 0x00, 0xf8, 0xfc, 0xf8, 0x34, 0xf8, 0xfc, 0xf8, 0x79,
    0xf8, 0xfc, 0xf8, 0x8a, 0xf8, 0xfc, 0xf8, 0x86, 0xf8, 0xfc, 0xf8, 0x65,
    0xf8, 0xfc, 0xf8, 0x00, 0xf8, 0xfc, 0xf8, 0x00, 0xf8, 0xfc, 0xf8, 0x00,
    0xf8, 0xfc, 0xf8, 0x00, 0xf8, 0xfc, 0xf8, 0x00, 0xf8, 0xfc, 0xf8, 0x00,
    0xf8, 0xfc, 0xf8, 0x00, 0xf8, 0xfc, 0xf8, 0x00, 0xf8, 0xfc, 0xf8, 0x00,
    0xf8, 0xfc, 0xf8, 0x00, 0xf8, 0xfc, 0xf8, 0x00, 0xf8, 0xfc, 0xf8, 0x00,
    0xf8, 0xfc, 0xf8, 0x00, 0xf8, 0xfc, 0xf8, 0x00, 0xf8, 0xfc, 0xf8, 0x00,
    0xf8, 0xfc, 0xf8, 0x00, 0xf8, 0xfc, 0xf8, 0xcf, 0xf8, 0xfc, 0xf8, 0xa2,
    0xf8, 0xfc, 0xf8, 0x00, 0xf8, 0xd0, 0x08, 0x0c, 0xf8, 0xd0, 0x08, 0x14,
    0xf8, 0xfc, 0xf8, 0x41, 0xf8, 0xfc, 0xf8, 0x9e, 0xf8, 0xfc, 0xf8, 0xbe,
    0xf8, 0xfc, 0xf8, 0x61, 0xf0, 0xd4, 0x08, 0x08, 0xf8, 0xd0, 0x08, 0x30,
    0xf8, 0xd0, 0x08, 0x49, 0xf0, 0xd4, 0x08, 0x4d, 0xf8, 0xd0, 0x08, 0x4d,
    0xf8, 0xd0, 0x08, 0x4d, 0xe8, 0xcc, 0x08, 0x49, 0x70, 0x68, 0x00, 0x4d,
    0x78, 0x68, 0x00, 0x4d, 0x70, 0x68, 0x00, 0x45, 0xf8, 0xfc, 0xf8, 0x00,
    0xf8, 0xfc, 0xf8, 0x00, 0xf8, 0xfc, 0xf8, 0x00, 0xf8, 0xfc, 0xf8, 0x00,
    0xf8, 0xfc, 0xf8, 0x00, 0xf8, 0xfc, 0xf8, 0x00, 0xf8, 0xfc, 0xf8, 0x00,
    0xf8, 0xfc, 0xf8, 0x79, 0xf8, 0xfc, 0xf8, 0xff, 0xf8, 0xfc, 0xf8, 0xff,
    0xf8, 0xfc, 0xf8, 0xdb, 0xf8, 0xfc, 0xf8, 0xff, 0xf8, 0xfc, 0xf8, 0xff,
    0xf8, 0xfc, 0xf8, 0xcb, 0xf8, 0xfc, 0xf8, 0x10, 0xf8, 0xfc, 0xf8, 0x00,
    0xf8, 0xfc, 0xf8, 0x00, 0xf8, 0xfc, 0xf8, 0x00, 0xf8, 0xfc, 0xf8, 0x00,
    0xf8, 0xfc, 0xf8, 0x00, 0xf8, 0xfc, 0xf8, 0x00, 0xf8, 0xfc, 0xf8, 0x00,
    0xf8, 0xfc, 0xf8, 0x00, 0xf8, 0xfc, 0xf8, 0x00, 0xf8, 0xfc, 0xf8, 0x00,
    0xf8, 0xfc, 0xf8, 0x00, 0xf8, 0xfc, 0xf8, 0x00, 0xf8, 0xfc, 0xf8, 0x00,
    0xf8, 0xfc, 0xf8, 0x00, 0xf8, 0xfc, 0xf8, 0x61, 0xf8, 0xfc, 0xf8, 0xef,
    0xf8, 0xfc, 0xf8, 0x00, 0xf8, 0xfc, 0xf8, 0x61, 0xf8, 0xfc, 0xf8, 0xbe,
    0xf8, 0xfc, 0xf8, 0x9e, 0xf8, 0xfc, 0xf8, 0x41, 0xf8, 0xd0, 0x08, 0x14,
    0xf8, 0xd4, 0x08, 0x34, 0xf0, 0xd0, 0x08, 0x4d, 0xf8, 0xd0, 0x08, 0x4d,
    0xf0, 0xd0, 0x08, 0x4d, 0xf8, 0xd0, 0x08, 0x4d, 0xf8, 0xd0, 0x08, 0x4d,
    0xf0, 0xd0, 0x08, 0x4d, 0xf8, 0xd0, 0x08, 0x4d, 0x98, 0x88, 0x00, 0x4d,
    0x70, 0x68, 0x00, 0x4d, 0x70, 0x64, 0x00, 0x4d, 0x70, 0x68, 0x00, 0x14,
    0xf8, 0xfc, 0xf8, 0x00, 0xf8, 0xfc, 0xf8, 0x00, 0xf8, 0xfc, 0xf8, 0x00,
    0xf8, 0xfc, 0xf8, 0x00, 0xf8, 0xfc, 0xf8, 0x00, 0xf8, 0xfc, 0xf8, 0x10,
    0xf8, 0xfc, 0xf8, 0xef, 0xf8, 0xfc, 0xf8, 0xef, 0xf8, 0xfc, 0xf8, 0x45,
    0xf8, 0xfc, 0xf8, 0x00, 0xf8, 0xfc, 0xf8, 0x10, 0xf8, 0xfc, 0xf8, 0x9a,
    0xf8, 0xfc, 0xf8, 0xff, 0xf8, 0xfc, 0xf8, 0xaa, 0xf8, 0xfc, 0xf8, 0x00,
    0xf8, 0xfc, 0xf8, 0x00, 0xf8, 0xfc, 0xf8, 0x00, 0xf8, 0xfc, 0xf8, 0x00,
    0xf8, 0xfc, 0xf8, 0x00, 0xf8, 0xfc, 0xf8, 0x00, 0xf8, 0xfc, 0xf8, 0x00,
    0xf8, 0xfc, 0xf8, 0x00, 0xf8, 0xfc, 0xf8, 0x00, 0xf8, 0xfc, 0xf8, 0x00,
    0xf8, 0xfc, 0xf8, 0x00, 0xf8, 0xfc, 0xf8, 0x00, 0xf8, 0xfc, 0xf8, 0x00,
    0xf8, 0xfc, 0xf8, 0x00, 0xf8, 0xfc, 0xf8, 0x10, 0xf8, 0xfc, 0xf8, 0xff,
    0xf8, 0xfc, 0xf8, 0xe3, 0xf8, 0xfc, 0xf8, 0x8e, 0xf8, 0xfc, 0xf8, 0x20,
    0xf0, 0xd4, 0x08, 0x1c, 0xf8, 0xd0, 0x08, 0x41, 0xf0, 0xd0, 0x08, 0x4d,
    0xf8, 0xd0, 0x08, 0x4d, 0xf8, 0xd0, 0x08, 0x4d, 0xf0, 0xd4, 0x08, 0x4d,
    0xf8, 0xd0, 0x08, 0x4d, 0xf0, 0xd4, 0x08, 0x4d, 0xf8, 0xd0, 0x08, 0x4d,
    0xf8, 0xd0, 0x08, 0x4d, 0xf8, 0xd0, 0x08, 0x4d, 0xe0, 0xc0, 0x08, 0x45,
    0x70, 0x68, 0x00, 0x4d, 0x78, 0x68, 0x00, 0x4d, 0x70, 0x64, 0x00, 0x38,
    0xf8, 0xfc, 0xf8, 0x00, 0xf8, 0xfc, 0xf8, 0x00, 0xf8, 0xfc, 0xf8, 0x00,
    0xf8, 0xfc, 0xf8, 0x00, 0xf8, 0xfc, 0xf8, 0x00, 0xf8, 0xfc, 0xf8, 0x55,
    0xf8, 0xfc, 0xf8, 0xff, 0xf8, 0xfc, 0xf8, 0xaa, 0xf8, 0xfc, 0xf8, 0x00,
    0xf8, 0xfc, 0xf8, 0x00, 0xf8, 0xfc, 0xf8, 0x00, 0xf8, 0xfc, 0xf8, 0x24,
    0xf8, 0xfc, 0xf8, 0xff, 0xf8, 0xfc, 0xf8, 0xef, 0xf8, 0xfc, 0xf8, 0x00,
    0xf8, 0xfc, 0xf8, 0x00, 0xf8, 0xfc, 0xf8, 0x00, 0xf8, 0xfc, 0xf8, 0x00,
    0xf8, 0xfc, 0xf8, 0x00, 0xf8, 0xfc, 0xf8, 0x00, 0xf8, 0xfc, 0xf8, 0x00,
    0xf8, 0xfc, 0xf8, 0x00, 0xf8, 0xfc, 0xf8, 0x00, 0xf8, 0xfc, 0xf8, 0x00,
    0xf8, 0xfc, 0xf8, 0x00, 0xf8, 0xfc, 0xf8, 0x00, 0xf8, 0xfc, 0xf8, 0x00,
    0xf8, 0xfc, 0xf8, 0x00, 0xf8, 0xfc, 0xf8, 0x00, 0xf8, 0xfc, 0xf8, 0xa6,
    0xf8, 0xfc, 0xf8, 0xc3, 0xf8, 0xfc, 0xf8, 0x00, 0xf0, 0xd0, 0x08, 0x04,
    0xf8, 0xd0, 0x08, 0x4d, 0xf8, 0xd4, 0x08, 0x4d, 0xf0, 0xd0, 0x08, 0x4d,
    0xf8, 0xd0, 0x08, 0x4d, 0xf8, 0xd4, 0x08, 0x4d, 0xf0, 0xd0, 0x08, 0x4d,
    0xf8, 0xd0, 0x08, 0x4d, 0xf8, 0xd0, 0x08, 0x4d, 0xf0, 0xd4, 0x08, 0x4d,
    0xf0, 0xd0, 0x08, 0x4d, 0xf8, 0xd0, 0x08, 0x4d, 0xf8, 0xd0, 0x08, 0x4d,
    0x80, 0x74, 0x00, 0x4d, 0x70, 0x68, 0x00, 0x4d, 0x78, 0x68, 0x00, 0x4d,
    0x70, 0x68, 0x00, 0x10, 0xf8, 0xfc, 0xf8, 0x00, 0xf8, 0xfc, 0xf8, 0x00,
    0xf8, 0xfc, 0xf8, 0x00, 0xf8, 0xfc, 0xf8, 0x00, 0xf8, 0xfc, 0xf8, 0x8a,
    0xf8, 0xfc, 0xf8, 0xff, 0xf8, 0xfc, 0xf8, 0x86, 0xf8, 0xfc, 0xf8, 0x00,
    0xf8, 0xfc, 0xf8, 0x00, 0xf8, 0xfc, 0xf8, 0x00, 0xf8, 0xfc, 0xf8, 0x00,
    0xf8, 0xfc, 0xf8, 0xcb, 0xf8, 0xfc, 0xf8, 0xff, 0xf8, 0xfc, 0xf8, 0x10,
    0xf8, 0xfc, 0xf8, 0x00, 0xf8, 0xfc, 0xf8, 0x00, 0xf8, 0xfc, 0xf8, 0x00,
    0xf8, 0xfc, 0xf8, 0x00, 0xf8, 0xfc, 0xf8, 0x00, 0xf8, 0xfc, 0xf8, 0x00,
    0xf8, 0xfc, 0xf8, 0x00, 0xf8, 0xfc, 0xf8, 0x00, 0xf8, 0xfc, 0xf8, 0x00,
    0xf8, 0xfc, 0xf8, 0x00, 0xf8, 0xfc, 0xf8, 0x00, 0xf8, 0xfc, 0xf8, 0x00,
    0xf8, 0xfc, 0xf8, 0x00, 0xf8, 0xfc, 0xf8, 0x00, 0xf8, 0xfc, 0xf8, 0x41,
    0xf8, 0xfc, 0xf8, 0xff, 0xf8, 0xfc, 0xf8, 0x20, 0xf8, 0xfc, 0xf8, 0x00,
    0xf8, 0xd0, 0x08, 0x30, 0xf0, 0xd0, 0x08, 0x4d, 0xf8, 0xd4, 0x08, 0x4d,
    0xf0, 0xd0, 0x08, 0x4d, 0xf8, 0xd0, 0x08, 0x4d, 0xf8, 0xd0, 0x08, 0x4d,
    0xf0, 0xd0, 0x08, 0x4d, 0xf8, 0xd0, 0x08, 0x4d, 0xf8, 0xd4, 0x08, 0x4d,
    0xf0, 0xd0, 0x08, 0x4d, 0xf8, 0xd0, 0x08, 0x4d, 0xf8, 0xd0, 0x08, 0x4d,
    0xc8, 0xb0, 0x08, 0x45, 0x70, 0x68, 0x00, 0x4d, 0x70, 0x68, 0x00, 0x4d,
    0x70, 0x68, 0x00, 0x30, 0xf8, 0xfc, 0xf8, 0x00, 0xf8, 0xfc, 0xf8, 0x00,
    0xf8, 0xfc, 0xf8, 0x00, 0xf8, 0xfc, 0xf8, 0x00, 0xf8, 0xfc, 0xf8, 0x79,
    0xf8, 0xfc, 0xf8, 0xff, 0xf8, 0xfc, 0xf8, 0x86, 0xf8, 0xfc, 0xf8, 0x00,
    0xf8, 0xfc, 0xf8, 0x00, 0xf8, 0xfc, 0xf8, 0x00, 0xf8, 0xfc, 0xf8, 0x00,
    0xf8, 0xfc, 0xf8, 0xef, 0xf8, 0xfc, 0xf8, 0xff, 0xf8, 0xfc, 0xf8, 0x10,
    0xf8, 0xfc, 0xf8, 0x00, 0xf8, 0xfc, 0xf8, 0x00, 0xf8, 0xfc, 0xf8, 0x00,
    0xf8, 0xfc, 0xf8, 0x00, 0xf8, 0xfc, 0xf8, 0x00, 0xf8, 0xfc, 0xf8, 0x00,
    0xf8, 0xfc, 0xf8, 0x00, 0xf8, 0xfc, 0xf8, 0x00, 0xf8, 0xfc, 0xf8, 0x00,
    0xf8, 0xfc, 0xf8, 0x00, 0xf8, 0xfc, 0xf8, 0x00, 0xf8, 0xfc, 0xf8, 0x00,
    0xf8, 0xfc, 0xf8, 0x00, 0xf8, 0xfc, 0xf8, 0x00, 0xf8, 0xfc, 0xf8, 0x00,
    0xf8, 0xfc, 0xf8, 0xcf, 0xf8, 0xfc, 0xf8, 0xa2, 0xf8, 0xfc, 0xf8, 0x00,
    0xf8, 0xd0, 0x08, 0x10, 0xf8, 0xd0, 0x08, 0x4d, 0xf0, 0xd0, 0x08, 0x4d,
    0xf8, 0xd0, 0x08, 0x4d, 0xf0, 0xd4, 0x08, 0x4d, 0xf8, 0xd0, 0x08, 0x4d,
    0xf0, 0xd4, 0x08, 0x4d, 0xf8, 0xd0, 0x08, 0x4d, 0xf8, 0xd0, 0x08, 0x4d,
    0xf0, 0xd4, 0x08, 0x4d, 0xf8, 0xd0, 0x08, 0x4d, 0xf8, 0xd0, 0x08, 0x4d,
    0xf8, 0xd0, 0x08, 0x4d, 0x80, 0x74, 0x00, 0x4d, 0x70, 0x68, 0x00, 0x4d,
    0x78, 0x64, 0x00, 0x4d, 0x70, 0x68, 0x00, 0x0c, 0xf8, 0xfc, 0xf8, 0x00,
    0xf8, 0xfc, 0xf8, 0x00, 0xf8, 0xfc, 0xf8, 0x00, 0xf8, 0xfc, 0xf8, 0x45,
    0xf8, 0xfc, 0xf8, 0xff, 0xf8, 0xfc, 0xf8, 0xba, 0xf8, 0xfc, 0xf8, 0x00,
    0xf8, 0xfc, 0xf8, 0x00, 0xf8, 0xfc, 0xf8, 0x00, 0xf8, 0xfc, 0xf8, 0x34,
    0xf8, 0xfc, 0xf8, 0xff, 0xf8, 0xfc, 0xf8, 0xcb, 0xf8, 0xfc, 0xf8, 0x00,
    0xf8, 0xfc, 0xf8, 0x00, 0xf8, 0xfc, 0xf8, 0x00, 0xf8, 0xfc, 0xf8, 0x00,
    0xf8, 0xfc, 0xf8, 0x00, 0xf8, 0xfc, 0xf8, 0x00, 0xf8, 0xfc, 0xf8, 0x00,
    0xf8, 0xfc, 0xf8, 0x00, 0xf8, 0xfc, 0xf8, 0x00, 0xf8, 0xfc, 0xf8, 0x00,
    0xf8, 0xfc, 0xf8, 0x00, 0xf8, 0xfc, 0xf8, 0x00, 0xf8, 0xfc, 0xf8, 0x00,
    0xf8, 0xfc, 0xf8, 0x00, 0xf8, 0xfc, 0xf8, 0x00, 0xf8, 0xfc, 0xf8, 0x00,
    0xf8, 0xfc, 0xf8, 0x61, 0xf8, 0xfc, 0xf8, 0xef, 0xf8, 0xfc, 0xf8, 0x10,
    0xf8, 0xfc, 0xf8, 0x00, 0xf0, 0xd4, 0x08, 0x38, 0xf8, 0xd0, 0x08, 0x4d,
    0xf8, 0xd0, 0x08, 0x4d, 0xf8, 0xd0, 0x08, 0x4d, 0xf0, 0xd4, 0x08, 0x4d,
    0xf8, 0xd0, 0x08, 0x4d, 0xf8, 0xd0, 0x08, 0x4d, 0xf0, 0xd0, 0x08, 0x4d,
    0xf8, 0xd0, 0x08, 0x4d, 0xf0, 0xd4, 0x08, 0x4d, 0xf0, 0xd0, 0x08, 0x4d,
    0xf8, 0xd0, 0x08, 0x4d, 0xd0, 0xb0, 0x08, 0x45, 0x70, 0x68, 0x00, 0x4d,
    0x70, 0x68, 0x00, 0x4d, 0x70, 0x64, 0x00, 0x20, 0xf8, 0xfc, 0xf8, 0x00,
    0xf8, 0xfc, 0xf8, 0x00, 0xf8, 0xfc, 0xf8, 0x00, 0xf8, 0xfc, 0xf8, 0x00,
    0xf8, 0xfc, 0xf8, 0xcb, 0xf8, 0xfc, 0xf8, 0xff, 0xf8, 0xfc, 0xf8, 0xaa,
    0xf8, 0xfc, 0xf8, 0x55, 0xf8, 0xfc, 0xf8, 0x79, 0xf8, 0xfc, 0xf8, 0xcb,
    0xf8, 0xfc, 0xf8, 0xff, 0xf8, 0xfc, 0xf8, 0x79, 0xf8, 0xfc, 0xf8, 0x00,
    0xf8, 0xfc, 0xf8, 0x00, 0xf8, 0xfc, 0xf8, 0x00, 0xf8, 0xfc, 0xf8, 0x00,
    0xf8, 0xfc, 0xf8, 0x00, 0xf8, 0xfc, 0xf8, 0x00, 0xf8, 0xfc, 0xf8, 0x00,
    0xf8, 0xfc, 0xf8, 0x00, 0xf8, 0xfc, 0xf8, 0x00, 0xf8, 0xfc, 0xf8, 0x00,
    0xf8, 0xfc, 0xf8, 0x00, 0xf8, 0xfc, 0xf8, 0x00, 0xf8, 0xfc, 0xf8, 0x00,
    0xf8, 0xfc, 0xf8, 0x00, 0xf8, 0xfc, 0xf8, 0x00, 0xf8, 0xfc, 0xf8, 0x00,
    0xf8, 0xfc, 0xf8, 0x10, 0xf8, 0xfc, 0xf8, 0xef, 0xf8, 0xfc, 0xf8, 0x71,
    0xf8, 0xfc, 0xf8, 0x00, 0xf8, 0xd0, 0x08, 0x1c, 0xf0, 0xd4, 0x08, 0x4d,
    0xf8, 0xd0, 0x08, 0x4d, 0xf8, 0xd0, 0x08, 0x4d, 0xf0, 0xd0, 0x08, 0x4d,
    0xf8, 0xd0, 0x08, 0x4d, 0xf0, 0xd4, 0x08, 0x4d, 0xf8, 0xd0, 0x08, 0x4d,
    0xf8, 0xd0, 0x08, 0x4d, 0xf8, 0xd0, 0x08, 0x4d, 0xf0, 0xd4, 0x08, 0x4d,
    0xf8, 0xd0, 0x08, 0x4d, 0xf8, 0xd0, 0x08, 0x4d, 0x80, 0x70, 0x00, 0x3c,
    0xc8, 0xc4, 0x98, 0x30, 0xf8, 0xfc, 0xf8, 0xa2, 0xf8, 0xfc, 0xf8, 0x2c,
    0xf8, 0xfc, 0xf8, 0x00, 0xf8, 0xfc, 0xf8, 0x00, 0xf8, 0xfc, 0xf8, 0x00,
    0xf8, 0xfc, 0xf8, 0x10, 0xf8, 0xfc, 0xf8, 0xaa, 0xf8, 0xfc, 0xf8, 0xff,
    0xf8, 0xfc, 0xf8, 0xff, 0xf8, 0xfc, 0xf8, 0xff, 0xf8, 0xfc, 0xf8, 0xef,
    0xf8, 0xfc, 0xf8, 0x75, 0xf8, 0xfc, 0xf8, 0x00, 0xf8, 0xfc, 0xf8, 0x00,
    0xf8, 0xfc, 0xf8, 0x00, 0xf8, 0xfc, 0xf8, 0x00, 0xf8, 0xfc, 0xf8, 0x00,
    0xf8, 0xfc, 0xf8, 0x00, 0xf8, 0xfc, 0xf8, 0x00, 0xf8, 0xfc, 0xf8, 0x00,
    0xf8, 0xfc, 0xf8, 0x00, 0xf8, 0xfc, 0xf8, 0x00, 0xf8, 0xfc, 0xf8, 0x00,
    0xf8, 0xfc, 0xf8, 0x00, 0xf8, 0xfc, 0xf8, 0x00, 0xf8, 0xfc, 0xf8, 0x00,
    0xf8, 0xfc, 0xf8, 0x00, 0xf8, 0xfc, 0xf8, 0x00, 0xf8, 0xfc, 0xf8, 0x00,
    0xf8, 0xfc, 0xf8, 0x00, 0xf8, 0xfc, 0xf8, 0x8e, 0xf8, 0xfc, 0xf8, 0xdf,
    0xf8, 0xfc, 0xf8, 0x00, 0xf8, 0xfc, 0xf8, 0x00, 0xf0, 0xd0, 0x08, 0x45,
    0xf8, 0xd4, 0x08, 0x4d, 0xf0, 0xd0, 0x08, 0x4d, 0xf8, 0xd0, 0x08, 0x4d,
    0xf8, 0xd4, 0x08, 0x4d, 0xf0, 0xd0, 0x08, 0x4d, 0xf8, 0xd0, 0x08, 0x4d,
    0xf8, 0xd4, 0x08, 0x4d, 0xf0, 0xd0, 0x08, 0x4d, 0xf8, 0xd0, 0x08, 0x4d,
    0xf0, 0xd0, 0x08, 0x38, 0xf8, 0xe4, 0x70, 0x24, 0xf8, 0xfc, 0xf8, 0x82,
    0xf8, 0xfc, 0xf8, 0xf7, 0xf8, 0xfc, 0xf8, 0xf3, 0xf8, 0xfc, 0xf8, 0x65,
    0xf8, 0xfc, 0xf8, 0x00, 0xf8, 0xfc, 0xf8, 0x00, 0xf8, 0xfc, 0xf8, 0x00,
    0xf8, 0xfc, 0xf8, 0x00, 0xf8, 0xfc, 0xf8, 0x00, 0xf8, 0xfc, 0xf8, 0x10,
    0xf8, 0xfc, 0xf8, 0x34, 0xf8, 0xfc, 0xf8, 0x10, 0xf8, 0xfc, 0xf8, 0x00,
    0xf8, 0xfc, 0xf8, 0x00, 0xf8, 0xfc, 0xf8, 0x00, 0xf8, 0xfc, 0xf8, 0x00,
    0xf8, 0xfc, 0xf8, 0x00, 0xf8, 0xfc, 0xf8, 0x00, 0xf8, 0xfc, 0xf8, 0x00,
    0xf8, 0xfc, 0xf8, 0x00, 0xf8, 0xfc, 0xf8, 0x00, 0xf8, 0xfc, 0xf8, 0x00,
    0xf8, 0xfc, 0xf8, 0x00, 0xf8, 0xfc, 0xf8, 0x00, 0xf8, 0xfc, 0xf8, 0x00,
    0xf8, 0xfc, 0xf8, 0x00, 0xf8, 0xfc, 0xf8, 0x00, 0xf8, 0xfc, 0xf8, 0x00,
    0xf8, 0xfc, 0xf8, 0x00, 0xf8, 0xfc, 0xf8, 0x00, 0xf8, 0xfc, 0xf8, 0x00,
    0xf8, 0xfc, 0xf8, 0x00, 0xf8, 0xfc, 0xf8, 0x20, 0xf8, 0xfc, 0xf8, 0xff,
    0xf8, 0xfc, 0xf8, 0x61, 0xf8, 0xfc, 0xf8, 0x00, 0xf8, 0xd0, 0x08, 0x1c,
    0xf8, 0xd0, 0x08, 0x4d, 0xf0, 0xd0, 0x08, 0x4d, 0xf8, 0xd4, 0x08, 0x4d,
    0xf8, 0xd0, 0x08, 0x4d, 0xf0, 0xd0, 0x08, 0x4d, 0xf8, 0xd0, 0x08, 0x4d,
    0xf0, 0xd0, 0x08, 0x4d, 0xf8, 0xd4, 0x08, 0x38, 0xf8, 0xe4, 0x70, 0x24,
    0xf8, 0xfc, 0xf8, 0x82, 0xf8, 0xfc, 0xf8, 0xf7, 0xf8, 0xfc, 0xf8, 0xf3,
    0xf8, 0xfc, 0xf8, 0x86, 0xf8, 0xfc, 0xf8, 0x00, 0xf8, 0xfc, 0xf8, 0x00,
    0xf8, 0xfc, 0xf8, 0x00, 0xf8, 0xfc, 0xf8, 0x00, 0xf8, 0xfc, 0xf8, 0x00,
    0xf8, 0xfc, 0xf8, 0x00, 0xf8, 0xfc, 0xf8, 0x00, 0xf8, 0xfc, 0xf8, 0x00,
    0xf8, 0xfc, 0xf8, 0x00, 0xf8, 0xfc, 0xf8, 0x00, 0xf8, 0xfc, 0xf8, 0x00,
    0xf8, 0xfc, 0xf8, 0x00, 0xf8, 0xfc, 0xf8, 0x00, 0xf8, 0xfc, 0xf8, 0x00,
    0xf8, 0xfc, 0xf8, 0x00, 0xf8, 0xfc, 0xf8, 0x00, 0xf8, 0xfc, 0xf8, 0x00,
    0xf8, 0xfc, 0xf8, 0x00, 0xf8, 0xfc, 0xf8, 0x00, 0xf8, 0xfc, 0xf8, 0x00,
    0xf8, 0xfc, 0xf8, 0x00, 0xf8, 0xfc, 0xf8, 0x00, 0xf8, 0xfc, 0xf8, 0x00,
    0xf8, 0xfc, 0xf8, 0x00, 0xf8, 0xfc, 0xf8, 0x00, 0xf8, 0xfc, 0xf8, 0x00,
    0xf8, 0xfc, 0xf8, 0x00, 0xf8, 0xfc, 0xf8, 0x00, 0xf8, 0xfc, 0xf8, 0x00,
    0xf8, 0xfc, 0xf8, 0x00, 0xf8, 0xfc, 0xf8, 0x00, 0xf8, 0xfc, 0xf8, 0xa2,
    0xf8, 0xfc, 0xf8, 0xc3, 0xf8, 0xfc, 0xf8, 0x00, 0xf8, 0xd0, 0x08, 0x04,
    0xf0, 0xd0, 0x08, 0x49, 0xf8, 0xd4, 0x08, 0x4d, 0xf0, 0xd0, 0x08, 0x4d,
    0xf8, 0xd0, 0x08, 0x4d, 0xf8, 0xd4, 0x08, 0x4d, 0xf0, 0xd0, 0x08, 0x3c,
    0xf8, 0xe4, 0x70, 0x20, 0xf8, 0xfc, 0xf8, 0x82, 0xf8, 0xfc, 0xf8, 0xf7,
    0xf8, 0xfc, 0xf8, 0xf3, 0xf8, 0xfc, 0xf8, 0x86, 0xf8, 0xfc, 0xf8, 0x00,
    0xf8, 0xfc, 0xf8, 0x00, 0xf8, 0xfc, 0xf8, 0x00, 0xf8, 0xfc, 0xf8, 0x00,
    0xf8, 0xfc, 0xf8, 0x00, 0xf8, 0xfc, 0xf8, 0x00, 0xf8, 0xfc, 0xf8, 0x00,
    0xf8, 0xfc, 0xf8, 0x00, 0xf8, 0xfc, 0xf8, 0x00, 0xf8, 0xfc, 0xf8, 0x00,
    0xf8, 0xfc, 0xf8, 0x00, 0xf8, 0xfc, 0xf8, 0x00, 0xf8, 0xfc, 0xf8, 0x00,
    0xf8, 0xfc, 0xf8, 0x00, 0xf8, 0xfc, 0xf8, 0x00, 0xf8, 0xfc, 0xf8, 0x00,
    0xf8, 0xfc, 0xf8, 0x00, 0xf8, 0xfc, 0xf8, 0x00, 0xf8, 0xfc, 0xf8, 0x00,
    0xf8, 0xfc, 0xf8, 0x00, 0xf8, 0xfc, 0xf8, 0x00, 0xf8, 0xfc, 0xf8, 0x00,
    0xf8, 0xfc, 0xf8, 0x00, 0xf8, 0xfc, 0xf8, 0x00, 0xf8, 0xfc, 0xf8, 0x00,
    0xf8, 0xfc, 0xf8, 0x00, 0xf8, 0xfc, 0xf8, 0x00, 0xf8, 0xfc, 0xf8, 0x00,
    0xf8, 0xfc, 0xf8, 0x00, 0xf8, 0xfc, 0xf8, 0x00, 0xf8, 0xfc, 0xf8, 0x00,
    0xf8, 0xfc, 0xf8, 0x00, 0xf8, 0xfc, 0xf8, 0x00, 0xf8, 0xfc, 0xf8, 0x20,
    0xf8, 0xfc, 0xf8, 0xff, 0xf8, 0xfc, 0xf8, 0x41, 0xf8, 0xfc, 0xf8, 0x00,
    0xf8, 0xd4, 0x08, 0x28, 0xf0, 0xd0, 0x08, 0x4d, 0xf8, 0xd0, 0x08, 0x4d,
    0xf0, 0xd0, 0x08, 0x38, 0xf8, 0xe4, 0x70, 0x24, 0xf8, 0xfc, 0xf8, 0x82,
    0xf8, 0xfc, 0xf8, 0xf7, 0xf8, 0xfc, 0xf8, 0xf3, 0xf8, 0xfc, 0xf8, 0x86,
    0xf8, 0xfc, 0xf8, 0x00, 0xf8, 0xfc, 0xf8, 0x00, 0xf8, 0xfc, 0xf8, 0x00,
    0xf8, 0xfc, 0xf8, 0x00, 0xf8, 0xfc, 0xf8, 0x00, 0xf8, 0xfc, 0xf8, 0x00,
    0xf8, 0xfc, 0xf8, 0x00, 0xf8, 0xfc, 0xf8, 0x00, 0xf8, 0xfc, 0xf8, 0x00,
    0xf8, 0xfc, 0xf8, 0x00, 0xf8, 0xfc, 0xf8, 0x00, 0xf8, 0xfc, 0xf8, 0x00,
    0xf8, 0xfc, 0xf8, 0x00, 0xf8, 0xfc, 0xf8, 0x00, 0xf8, 0xfc, 0xf8, 0x00,
    0xf8, 0xfc, 0xf8, 0x00, 0xf8, 0xfc, 0xf8, 0x00, 0xf8, 0xfc, 0xf8, 0x00,
    0xf8, 0xfc, 0xf8, 0x00, 0xf8, 0xfc, 0xf8, 0x00, 0xf8, 0xfc, 0xf8, 0x00,
    0xf8, 0xfc, 0xf8, 0x00, 0xf8, 0xfc, 0xf8, 0x00, 0xf8, 0xfc, 0xf8, 0x00,
    0xf8, 0xfc, 0xf8, 0x00, 0xf8, 0xfc, 0xf8, 0x00, 0xf8, 0xfc, 0xf8, 0x00,
    0xf8, 0xfc, 0xf8, 0x00, 0xf8, 0xfc, 0xf8, 0x00, 0xf8, 0xfc, 0xf8, 0x00,
    0xf8, 0xfc, 0xf8, 0x00, 0xf8, 0xfc, 0xf8, 0x00, 0xf8, 0xfc, 0xf8, 0x00,
    0xf8, 0xfc, 0xf8, 0x00, 0xf8, 0xfc, 0xf8, 0x00, 0xf8, 0xfc, 0xf8, 0x00,
    0xf8, 0xfc, 0xf8, 0xbe, 0xf8, 0xfc, 0xf8, 0xbe, 0xf8, 0xfc, 0xf8, 0x00,
    0xf8, 0xd0, 0x08, 0x04, 0xf8, 0xd0, 0x08, 0x34, 0xf8, 0xe4, 0x70, 0x24,
    0xf8, 0xfc, 0xf8, 0x82, 0xf8, 0xfc, 0xf8, 0xf7, 0xf8, 0xfc, 0xf8, 0xf3,
    0xf8, 0xfc, 0xf8, 0x86, 0xf8, 0xfc, 0xf8, 0x00, 0xf8, 0xfc, 0xf8, 0x00,
    0xf8, 0xfc, 0xf8, 0x00, 0xf8, 0xfc, 0xf8, 0x00, 0xf8, 0xfc, 0xf8, 0x00,
    0xf8, 0xfc, 0xf8, 0x00, 0xf8, 0xfc, 0xf8, 0x00, 0xf8, 0xfc, 0xf8, 0x00,
    0xf8, 0xfc, 0xf8, 0x00, 0xf8, 0xfc, 0xf8, 0x00, 0xf8, 0xfc, 0xf8, 0x00,
    0xf8, 0xfc, 0xf8, 0x00, 0xf8, 0xfc, 0xf8, 0x00, 0xf8, 0xfc, 0xf8, 0x00,
    0xf8, 0xfc, 0xf8, 0x00, 0xf8, 0xfc, 0xf8, 0x00, 0xf8, 0xfc, 0xf8, 0x00,
    0xf8, 0xfc, 0xf8, 0x00, 0xf8, 0xfc, 0xf8, 0x00, 0xf8, 0xfc, 0xf8, 0x00,
    0xf8, 0xfc, 0xf8, 0x00, 0xf8, 0xfc, 0xf8, 0x00, 0xf8, 0xfc, 0xf8, 0x00,
    0xf8, 0xfc, 0xf8, 0x00, 0xf8, 0xfc, 0xf8, 0x00, 0xf8, 0xfc, 0xf8, 0x00,
    0xf8, 0xfc, 0xf8, 0x00, 0xf8, 0xfc, 0xf8, 0x00, 0xf8, 0xfc, 0xf8, 0x00,
    0xf8, 0xfc, 0xf8, 0x00, 0xf8, 0xfc, 0xf8, 0x00, 0xf8, 0xfc, 0xf8, 0x00,
    0xf8, 0xfc, 0xf8, 0x00, 0xf8, 0xfc, 0xf8, 0x00, 0xf8, 0xfc, 0xf8, 0x00,
    0xf8, 0xfc, 0xf8, 0x00, 0xf8, 0xfc, 0xf8, 0x00, 0xf8, 0xfc, 0xf8, 0x00,
    0xf8, 0xfc, 0xf8, 0x41, 0xf8, 0xfc, 0xf8, 0xff, 0xf8, 0xfc, 0xf8, 0x41,
    0xf8, 0xfc, 0xf8, 0x10, 0xf8, 0xfc, 0xf8, 0x82, 0xf8, 0xfc, 0xf8, 0xf7,
    0xf8, 0xfc, 0xf8, 0xf7, 0xf8, 0xfc, 0xf8, 0x9e, 0xf8, 0xfc, 0xf8, 0x10,
    0xf8, 0xfc, 0xf8, 0x00, 0xf8, 0xfc, 0xf8, 0x00, 0xf8, 0xfc, 0xf8, 0x00,
    0xf8, 0xfc, 0xf8, 0x00, 0xf8, 0xfc, 0xf8, 0x00, 0xf8, 0xfc, 0xf8, 0x00,
    0xf8, 0xfc, 0xf8, 0x00, 0xf8, 0xfc, 0xf8, 0x00, 0xf8, 0xfc, 0xf8, 0x00,
    0xf8, 0xfc, 0xf8, 0x00, 0xf8, 0xfc, 0xf8, 0x00, 0xf8, 0xfc, 0xf8, 0x00,
    0xf8, 0xfc, 0xf8, 0x00, 0xf8, 0xfc, 0xf8, 0x00, 0xf8, 0xfc, 0xf8, 0x00,
    0xf8, 0xfc, 0xf8, 0x00, 0xf8, 0xfc, 0xf8, 0x00, 0xf8, 0xfc, 0xf8, 0x00,
    0xf8, 0xfc, 0xf8, 0x00, 0xf8, 0xfc, 0xf8, 0x00, 0xf8, 0xfc, 0xf8, 0x00,
    0xf8, 0xfc, 0xf8, 0x00, 0xf8, 0xfc, 0xf8, 0x00, 0xf8, 0xfc, 0xf8, 0x00,
    0xf8, 0xfc, 0xf8, 0x00, 0xf8, 0xfc, 0xf8, 0x00, 0xf8, 0xfc, 0xf8, 0x00,
    0xf8, 0xfc, 0xf8, 0x00, 0xf8, 0xfc, 0xf8, 0x00, 0xf8, 0xfc, 0xf8, 0x00,
    0xf8, 0xfc, 0xf8, 0x00, 0xf8, 0xfc, 0xf8, 0x00, 0xf8, 0xfc, 0xf8, 0x00,
    0xf8, 0xfc, 0xf8, 0x00, 0xf8, 0xfc, 0xf8, 0x00, 0xf8, 0xfc, 0xf8, 0x00,
    0xf8, 0xfc, 0xf8, 0x00, 0xf8, 0xfc, 0xf8, 0x00, 0xf8, 0xfc, 0xf8, 0x00,
    0xf8, 0xfc, 0xf8, 0x00, 0xf8, 0xfc, 0xf8, 0xc3, 0xf8, 0xfc, 0xf8, 0xdf,
    0xf8, 0xfc, 0xf8, 0xf7, 0xf8, 0xfc, 0xf8, 0xfb, 0xf8, 0xfc, 0xf8, 0xa6,
    0xf8, 0xfc, 0xf8, 0x10, 0xf8, 0xfc, 0xf8, 0x00, 0xf8, 0xfc, 0xf8, 0x00,
    0xf8, 0xfc, 0xf8, 0x00, 0xf8, 0xfc, 0xf8, 0x00, 0xf8, 0xfc, 0xf8, 0x00,
    0xf8, 0xfc, 0xf8, 0x00, 0xf8, 0xfc, 0xf8, 0x00, 0xf8, 0xfc, 0xf8, 0x00,
    0xf8, 0xfc, 0xf8, 0x00, 0xf8, 0xfc, 0xf8, 0x00, 0xf8, 0xfc, 0xf8, 0x00,
    0xf8, 0xfc, 0xf8, 0x00, 0xf8, 0xfc, 0xf8, 0x00, 0xf8, 0xfc, 0xf8, 0x00,
    0xf8, 0xfc, 0xf8, 0x00, 0xf8, 0xfc, 0xf8, 0x00, 0xf8, 0xfc, 0xf8, 0x00,
    0xf8, 0xfc, 0xf8, 0x00, 0xf8, 0xfc, 0xf8, 0x00, 0xf8, 0xfc, 0xf8, 0x00,
    0xf8, 0xfc, 0xf8, 0x00, 0xf8, 0xfc, 0xf8, 0x00, 0xf8, 0xfc, 0xf8, 0x00,
    0xf8, 0xfc, 0xf8, 0x00, 0xf8, 0xfc, 0xf8, 0x00, 0xf8, 0xfc, 0xf8, 0x00,
    0xf8, 0xfc, 0xf8, 0x00, 0xf8, 0xfc, 0xf8, 0x00, 0xf8, 0xfc, 0xf8, 0x00,
    0xf8, 0xfc, 0xf8, 0x00, 0xf8, 0xfc, 0xf8, 0x00, 0xf8, 0xfc, 0xf8, 0x00,
    0xf8, 0xfc, 0xf8, 0x00, 0xf8, 0xfc, 0xf8, 0x00, 0xf8, 0xfc, 0xf8, 0x00,
    0xf8, 0xfc, 0xf8, 0x00, 0xf8, 0xfc, 0xf8, 0x00, 0xf8, 0xfc, 0xf8, 0x00,
    0xf8, 0xfc, 0xf8, 0x00, 0xf8, 0xfc, 0xf8, 0x00, 0xf8, 0xfc, 0xf8, 0x00,
    0xf8, 0xfc, 0xf8, 0x00, 0xf8, 0xfc, 0xf8, 0x41, 0xf8, 0xfc, 0xf8, 0xf7,
    0xf8, 0xfc, 0xf8, 0xae, 0xf8, 0xfc, 0xf8, 0x10, 0xf8, 0xfc, 0xf8, 0x00,
    0xf8, 0xfc, 0xf8, 0x00, 0xf8, 0xfc, 0xf8, 0x00, 0xf8, 0xfc, 0xf8, 0x00,
    0xf8, 0xfc, 0xf8, 0x00, 0xf8, 0xfc, 0xf8, 0x00, 0xf8, 0xfc, 0xf8, 0x00,
    0xf8, 0xfc, 0xf8, 0x00, 0xf8, 0xfc, 0xf8, 0x00, 0xf8, 0xfc, 0xf8, 0x00,
    0xf8, 0xfc, 0xf8, 0x00, 0xf8, 0xfc, 0xf8, 0x00, 0xf8, 0xfc, 0xf8, 0x00,
    0xf8, 0xfc, 0xf8, 0x00, 0xf8, 0xfc, 0xf8, 0x00, 0xf8, 0xfc, 0xf8, 0x00,
    0xf8, 0xfc, 0xf8, 0x00, 0xf8, 0xfc, 0xf8, 0x00, 0xf8, 0xfc, 0xf8, 0x00,
    0xf8, 0xfc, 0xf8, 0x00, 0xf8, 0xfc, 0xf8, 0x00, 0xf8, 0xfc, 0xf8, 0x00,
    0xf8, 0xfc, 0xf8, 0x00, 0xf8, 0xfc, 0xf8, 0x00, 0xf8, 0xfc, 0xf8, 0x00,
    0xf8, 0xfc, 0xf8, 0x00, 0xf8, 0xfc, 0xf8, 0x00, 0xf8, 0xfc, 0xf8, 0x00
};
