// 4.24.0 0x3f72956a D2 AY R0 FARGB8888 U565 N0 SExtFlashSection
// Generated by imageconverter. Please, do not edit!

#include <touchgfx/hal/Config.hpp>

LOCATION_PRAGMA("ExtFlashSection")
KEEP extern const unsigned char image_acelogo[] LOCATION_ATTRIBUTE("ExtFlashSection") = { // 143x119 ARGB8888 pixels.
    0x48, 0x70, 0x48, 0x00, 0x50, 0x70, 0x48, 0x00, 0x48, 0x70, 0x48, 0x00,
    0x48, 0x70, 0x48, 0x00, 0x50, 0x70, 0x48, 0x00, 0x48, 0x70, 0x48, 0x00,
    0x48, 0x70, 0x48, 0x00, 0x50, 0x70, 0x48, 0x00, 0x48, 0x70, 0x48, 0x00,
    0x48, 0x70, 0x48, 0x00, 0x50, 0x70, 0x48, 0x00, 0x48, 0x70, 0x48, 0x00,
    0x48, 0x70, 0x48, 0x00, 0x50, 0x70, 0x48, 0x00, 0x48, 0x70, 0x48, 0x00,
    0x48, 0x70, 0x48, 0x00, 0x50, 0x70, 0x48, 0x00, 0x48, 0x70, 0x48, 0x00,
    0x48, 0x70, 0x48, 0x00, 0x50, 0x70, 0x48, 0x00, 0x48, 0x70, 0x48, 0x00,
    0x48, 0x70, 0x48, 0x00, 0x50, 0x70, 0x48, 0x00, 0x48, 0x70, 0x48, 0x00,
    0x48, 0x70, 0x48, 0x00, 0x50, 0x70, 0x48, 0x00, 0x48, 0x70, 0x48, 0x00,
    0x48, 0x70, 0x48, 0x00, 0x50, 0x70, 0x48, 0x00, 0x48, 0x70, 0x48, 0x00,
    0x48, 0x70, 0x48, 0x00, 0x50, 0x70, 0x48, 0x00, 0x48, 0x70, 0x48, 0x00,
    0x48, 0x70, 0x48, 0x00, 0x50, 0x70, 0x48, 0x00, 0x48, 0x70, 0x48, 0x00,
    0x48, 0x70, 0x48, 0x00, 0x50, 0x70, 0x48, 0x00, 0x48, 0x70, 0x48, 0x00,
    0x48, 0x70, 0x48, 0x00, 0x50, 0x70, 0x48, 0x00, 0x48, 0x70, 0x48, 0x00,
    0x48, 0x70, 0x48, 0x00, 0x50, 0x70, 0x48, 0x00, 0x48, 0x70, 0x48, 0x00,
    0x48, 0x70, 0x48, 0x00, 0x50, 0x70, 0x48, 0x00, 0x48, 0x70, 0x48, 0x00,
    0x48, 0x70, 0x48, 0x00, 0x50, 0x70, 0x48, 0x00, 0x48, 0x70, 0x48, 0x00,
    0x48, 0x70, 0x48, 0x00, 0x50, 0x70, 0x48, 0x00, 0x48, 0x70, 0x48, 0x00,
    0x48, 0x70, 0x48, 0x00, 0x50, 0x70, 0x48, 0x00, 0x48, 0x70, 0x48, 0x00,
    0x48, 0x70, 0x48, 0x00, 0x50, 0x70, 0x48, 0x00, 0x48, 0x70, 0x48, 0x00,
    0x48, 0x70, 0x48, 0x00, 0x50, 0x70, 0x48, 0x00, 0x48, 0x70, 0x48, 0x00,
    0x48, 0x70, 0x48, 0x00, 0x50, 0x70, 0x48, 0x00, 0x48, 0x70, 0x48, 0x00,
    0x48, 0x70, 0x48, 0x00, 0x50, 0x70, 0x48, 0x00, 0x48, 0x70, 0x48, 0x00,
    0x48, 0x70, 0x48, 0x00, 0x50, 0x70, 0x48, 0x00, 0x48, 0x70, 0x48, 0x00,
    0x48, 0x70, 0x48, 0x00, 0x50, 0x70, 0x48, 0x00, 0x48, 0x70, 0x48, 0x00,
    0x48, 0x70, 0x48, 0x00, 0x50, 0x70, 0x48, 0x00, 0x48, 0x70, 0x48, 0x00,
    0x48, 0x70, 0x48, 0x00, 0x50, 0x70, 0x48, 0x00, 0x48, 0x70, 0x48, 0x00,
    0x48, 0x70, 0x48, 0x00, 0x50, 0x70, 0x48, 0x00, 0x48, 0x70, 0x48, 0x00,
    0x48, 0x70, 0x48, 0x00, 0x50, 0x70, 0x48, 0x00, 0x48, 0x70, 0x48, 0x00,
    0x48, 0x70, 0x48, 0x00, 0x50, 0x70, 0x48, 0x00, 0x48, 0x70, 0x48, 0x00,
    0x48, 0x70, 0x48, 0x00, 0x50, 0x70, 0x48, 0x00, 0x48, 0x70, 0x48, 0x00,
    0x48, 0x70, 0x48, 0x00, 0x50, 0x70, 0x48, 0x00, 0x48, 0x70, 0x48, 0x00,
    0x48, 0x70, 0x48, 0x00, 0x50, 0x70, 0x48, 0x00, 0x48, 0x70, 0x48, 0x00,
    0x48, 0x70, 0x48, 0x00, 0x50, 0x70, 0x48, 0x00, 0x48, 0x70, 0x48, 0x00,
    0x48, 0x70, 0x48, 0x00, 0x50, 0x70, 0x48, 0x00, 0x48, 0x70, 0x48, 0x00,
    0x48, 0x70, 0x48, 0x00, 0x50, 0x70, 0x48, 0x00, 0x48, 0x70, 0x48, 0x00,
    0x48, 0x70, 0x48, 0x00, 0x50, 0x70, 0x48, 0x00, 0x48, 0x70, 0x48, 0x00,
    0x48, 0x70, 0x48, 0x00, 0x50, 0x70, 0x48, 0x00, 0x48, 0x70, 0x48, 0x00,
    0x48, 0x70, 0x48, 0x00, 0x50, 0x70, 0x48, 0x00, 0x48, 0x70, 0x48, 0x00,
    0x48, 0x70, 0x48, 0x00, 0x50, 0x70, 0x48, 0x00, 0x48, 0x70, 0x48, 0x00,
    0x48, 0x70, 0x48, 0x00, 0x50, 0x70, 0x48, 0x00, 0x48, 0x70, 0x48, 0x00,
    0x48, 0x70, 0x48, 0x00, 0x50, 0x70, 0x48, 0x00, 0x48, 0x70, 0x48, 0x00,
    0x48, 0x70, 0x48, 0x00, 0x50, 0x70, 0x48, 0x00, 0x48, 0x70, 0x48, 0x00,
    0x48, 0x70, 0x48, 0x00, 0x50, 0x70, 0x48, 0x00, 0x48, 0x70, 0x48, 0x00,
    0x48, 0x70, 0x48, 0x00, 0x50, 0x70, 0x48, 0x00, 0x48, 0x70, 0x48, 0x00,
    0x48, 0x70, 0x48, 0x00, 0x50, 0x70, 0x48, 0x00, 0x48, 0x70, 0x48, 0x00,
    0x48, 0x70, 0x48, 0x00, 0x50, 0x70, 0x48, 0x00, 0x48, 0x70, 0x48, 0x00,
    0x48, 0x70, 0x48, 0x00, 0x50, 0x70, 0x48, 0x00, 0x48, 0x70, 0x48, 0x00,
    0x50, 0x70, 0x48, 0x00, 0x50, 0x70, 0x48, 0x00, 0x48, 0x70, 0x48, 0x00,
    0x50, 0x70, 0x48, 0x00, 0x50, 0x70, 0x48, 0x00, 0x48, 0x70, 0x48, 0x00,
    0x50, 0x70, 0x48, 0x00, 0x50, 0x70, 0x48, 0x00, 0x48, 0x70, 0x48, 0x00,
    0x50, 0x70, 0x48, 0x00, 0x50, 0x70, 0x48, 0x00, 0x48, 0x70, 0x48, 0x00,
    0x50, 0x70, 0x48, 0x00, 0x50, 0x70, 0x48, 0x00, 0x48, 0x70, 0x48, 0x00,
    0x50, 0x70, 0x48, 0x00, 0x50, 0x70, 0x48, 0x00, 0x48, 0x70, 0x48, 0x00,
    0x50, 0x70, 0x48, 0x00, 0x50, 0x70, 0x48, 0x00, 0x48, 0x70, 0x48, 0x00,
    0x50, 0x70, 0x48, 0x00, 0x50, 0x70, 0x48, 0x00, 0x48, 0x70, 0x48, 0x00,
    0x50, 0x70, 0x48, 0x00, 0x50, 0x70, 0x48, 0x00, 0x48, 0x70, 0x48, 0x00,
    0x50, 0x70, 0x48, 0x00, 0x50, 0x70, 0x48, 0x00, 0x48, 0x70, 0x48, 0x00,
    0x50, 0x70, 0x48, 0x00, 0x50, 0x70, 0x48, 0x00, 0x48, 0x70, 0x48, 0x00,
    0x50, 0x70, 0x48, 0x00, 0x50, 0x70, 0x48, 0x00, 0x48, 0x70, 0x48, 0x00,
    0x50, 0x70, 0x48, 0x00, 0x50, 0x70, 0x48, 0x00, 0x48, 0x70, 0x48, 0x00,
    0x50, 0x70, 0x48, 0x00, 0x50, 0x70, 0x48, 0x00, 0x48, 0x70, 0x48, 0x00,
    0x50, 0x70, 0x48, 0x00, 0x50, 0x70, 0x48, 0x00, 0x48, 0x70, 0x48, 0x00,
    0x50, 0x70, 0x48, 0x00, 0x50, 0x70, 0x48, 0x00, 0x48, 0x70, 0x48, 0x00,
    0x50, 0x70, 0x48, 0x00, 0x50, 0x70, 0x48, 0x00, 0x48, 0x70, 0x48, 0x00,
    0x50, 0x70, 0x48, 0x00, 0x50, 0x70, 0x48, 0x00, 0x48, 0x70, 0x48, 0x00,
    0x50, 0x70, 0x48, 0x00, 0x50, 0x70, 0x48, 0x00, 0x48, 0x70, 0x48, 0x00,
    0x50, 0x70, 0x48, 0x00, 0x50, 0x70, 0x48, 0x00, 0x48, 0x70, 0x48, 0x00,
    0x50, 0x70, 0x48, 0x00, 0x50, 0x70, 0x48, 0x00, 0x48, 0x70, 0x48, 0x00,
    0x50, 0x70, 0x48, 0x00, 0x50, 0x70, 0x48, 0x00, 0x48, 0x70, 0x48, 0x00,
    0x50, 0x70, 0x48, 0x00, 0x50, 0x70, 0x48, 0x00, 0x48, 0x70, 0x48, 0x00,
    0x50, 0x70, 0x48, 0x00, 0x50, 0x70, 0x48, 0x00, 0x48, 0x70, 0x48, 0x00,
    0x50, 0x70, 0x48, 0x00, 0x50, 0x70, 0x48, 0x00, 0x48, 0x70, 0x48, 0x00,
    0x50, 0x70, 0x48, 0x00, 0x50, 0x70, 0x48, 0x00, 0x48, 0x70, 0x48, 0x00,
    0x50, 0x70, 0x48, 0x00, 0x50, 0x70, 0x48, 0x00, 0x48, 0x70, 0x48, 0x00,
    0x50, 0x70, 0x48, 0x00, 0x50, 0x70, 0x48, 0x00, 0x48, 0x70, 0x48, 0x00,
    0x50, 0x70, 0x48, 0x00, 0x50, 0x70, 0x48, 0x00, 0x48, 0x70, 0x48, 0x00,
    0x50, 0x70, 0x48, 0x00, 0x50, 0x70, 0x48, 0x00, 0x48, 0x70, 0x48, 0x00,
    0x50, 0x70, 0x48, 0x00, 0x50, 0x70, 0x48, 0x00, 0x48, 0x70, 0x48, 0x00,
    0x50, 0x70, 0x48, 0x00, 0x50, 0x70, 0x48, 0x00, 0x48, 0x70, 0x48, 0x00,
    0x50, 0x70, 0x48, 0x00, 0x50, 0x70, 0x48, 0x00, 0x48, 0x70, 0x48, 0x00,
    0x50, 0x70, 0x48, 0x00, 0x50, 0x70, 0x48, 0x00, 0x48, 0x70, 0x48, 0x00,
    0x50, 0x70, 0x48, 0x00, 0x50, 0x70, 0x48, 0x00, 0x48, 0x70, 0x48, 0x00,
    0x50, 0x70, 0x48, 0x00, 0x50, 0x70, 0x48, 0x00, 0x48, 0x70, 0x48, 0x00,
    0x50, 0x70, 0x48, 0x00, 0x50, 0x70, 0x48, 0x00, 0x48, 0x70, 0x48, 0x00,
    0x50, 0x70, 0x48, 0x00, 0x50, 0x70, 0x48, 0x00, 0x48, 0x70, 0x48, 0x00,
    0x50, 0x70, 0x48, 0x00, 0x50, 0x70, 0x48, 0x00, 0x48, 0x70, 0x48, 0x00,
    0x50, 0x70, 0x48, 0x00, 0x50, 0x70, 0x48, 0x00, 0x48, 0x70, 0x48, 0x00,
    0x50, 0x70, 0x48, 0x00, 0x50, 0x70, 0x48, 0x00, 0x48, 0x70, 0x48, 0x00,
    0x50, 0x70, 0x48, 0x00, 0x50, 0x70, 0x48, 0x00, 0x48, 0x70, 0x48, 0x00,
    0x50, 0x70, 0x48, 0x00, 0x50, 0x70, 0x48, 0x00, 0x48, 0x70, 0x48, 0x00,
    0x50, 0x70, 0x48, 0x00, 0x50, 0x70, 0x48, 0x00, 0x48, 0x70, 0x48, 0x00,
    0x50, 0x70, 0x48, 0x00, 0x50, 0x70, 0x48, 0x00, 0x48, 0x70, 0x48, 0x00,
    0x50, 0x70, 0x48, 0x00, 0x50, 0x70, 0x48, 0x00, 0x48, 0x70, 0x48, 0x00,
    0x50, 0x70, 0x48, 0x00, 0x50, 0x70, 0x48, 0x00, 0x48, 0x70, 0x48, 0x00,
    0x48, 0x70, 0x48, 0x00, 0x48, 0x70, 0x48, 0x00, 0x50, 0x70, 0x48, 0x00,
    0x48, 0x70, 0x48, 0x00, 0x48, 0x70, 0x48, 0x00, 0x50, 0x70, 0x48, 0x00,
    0x48, 0x70, 0x48, 0x00, 0x48, 0x70, 0x48, 0x00, 0x50, 0x70, 0x48, 0x00,
    0x48, 0x70, 0x48, 0x00, 0x48, 0x70, 0x48, 0x00, 0x50, 0x70, 0x48, 0x00,
    0x48, 0x70, 0x48, 0x00, 0x48, 0x70, 0x48, 0x00, 0x50, 0x70, 0x48, 0x00,
    0x48, 0x70, 0x48, 0x00, 0x48, 0x70, 0x48, 0x00, 0x50, 0x70, 0x48, 0x00,
    0x48, 0x70, 0x48, 0x00, 0x48, 0x70, 0x48, 0x00, 0x50, 0x70, 0x48, 0x00,
    0x48, 0x70, 0x48, 0x00, 0x48, 0x70, 0x48, 0x00, 0x50, 0x70, 0x48, 0x00,
    0x48, 0x70, 0x48, 0x00, 0x48, 0x70, 0x48, 0x00, 0x50, 0x70, 0x48, 0x00,
    0x48, 0x70, 0x48, 0x00, 0x48, 0x70, 0x48, 0x00, 0x50, 0x70, 0x48, 0x00,
    0x48, 0x70, 0x48, 0x00, 0x48, 0x70, 0x48, 0x00, 0x50, 0x70, 0x48, 0x00,
    0x48, 0x70, 0x48, 0x00, 0x48, 0x70, 0x48, 0x00, 0x50, 0x70, 0x48, 0x00,
    0x48, 0x70, 0x48, 0x00, 0x48, 0x70, 0x48, 0x00, 0x50, 0x70, 0x48, 0x00,
    0x48, 0x70, 0x48, 0x00, 0x48, 0x70, 0x48, 0x00, 0x50, 0x70, 0x48, 0x00,
    0x48, 0x70, 0x48, 0x00, 0x48, 0x70, 0x48, 0x00, 0x50, 0x70, 0x48, 0x00,
    0x48, 0x70, 0x48, 0x00, 0x48, 0x70, 0x48, 0x00, 0x50, 0x70, 0x48, 0x00,
    0x48, 0x70, 0x48, 0x00, 0x48, 0x70, 0x48, 0x00, 0x50, 0x70, 0x48, 0x00,
    0x48, 0x70, 0x48, 0x00, 0x48, 0x70, 0x48, 0x00, 0x50, 0x70, 0x48, 0x00,
    0x48, 0x70, 0x48, 0x00, 0x48, 0x70, 0x48, 0x00, 0x50, 0x70, 0x48, 0x00,
    0x48, 0x70, 0x48, 0x00, 0x48, 0x70, 0x48, 0x00, 0x50, 0x70, 0x48, 0x00,
    0x48, 0x70, 0x48, 0x00, 0x48, 0x70, 0x48, 0x00, 0x50, 0x70, 0x48, 0x00,
    0x48, 0x70, 0x48, 0x00, 0x48, 0x70, 0x48, 0x00, 0x50, 0x70, 0x48, 0x00,
    0x48, 0x70, 0x48, 0x00, 0x48, 0x70, 0x48, 0x00, 0x50, 0x70, 0x48, 0x00,
    0x48, 0x70, 0x48, 0x00, 0x48, 0x70, 0x48, 0x00, 0x50, 0x70, 0x48, 0x00,
    0x48, 0x70, 0x48, 0x00, 0x48, 0x70, 0x48, 0x00, 0x50, 0x70, 0x48, 0x00,
    0x48, 0x70, 0x48, 0x00, 0x48, 0x70, 0x48, 0x00, 0x50, 0x70, 0x48, 0x00,
    0x48, 0x70, 0x48, 0x00, 0x48, 0x70, 0x48, 0x00, 0x50, 0x70, 0x48, 0x00,
    0x48, 0x70, 0x48, 0x00, 0x48, 0x70, 0x48, 0x00, 0x50, 0x70, 0x48, 0x00,
    0x48, 0x70, 0x48, 0x00, 0x48, 0x70, 0x48, 0x00, 0x50, 0x70, 0x48, 0x00,
    0x48, 0x70, 0x48, 0x00, 0x48, 0x70, 0x48, 0x00, 0x50, 0x70, 0x48, 0x00,
    0x48, 0x70, 0x48, 0x00, 0x48, 0x70, 0x48, 0x00, 0x50, 0x70, 0x48, 0x00,
    0x48, 0x70, 0x48, 0x00, 0x48, 0x70, 0x48, 0x00, 0x50, 0x70, 0x48, 0x00,
    0x48, 0x70, 0x48, 0x00, 0x48, 0x70, 0x48, 0x00, 0x50, 0x70, 0x48, 0x00,
    0x48, 0x70, 0x48, 0x00, 0x48, 0x70, 0x48, 0x00, 0x50, 0x70, 0x48, 0x00,
    0x48, 0x70, 0x48, 0x00, 0x48, 0x70, 0x48, 0x00, 0x50, 0x70, 0x48, 0x00,
    0x48, 0x70, 0x48, 0x00, 0x48, 0x70, 0x48, 0x00, 0x50, 0x70, 0x48, 0x00,
    0x48, 0x70, 0x48, 0x00, 0x48, 0x70, 0x48, 0x00, 0x50, 0x70, 0x48, 0x00,
    0x48, 0x70, 0x48, 0x00, 0x48, 0x70, 0x48, 0x00, 0x50, 0x70, 0x48, 0x00,
    0x48, 0x70, 0x48, 0x00, 0x48, 0x70, 0x48, 0x00, 0x50, 0x70, 0x48, 0x00,
    0x48, 0x70, 0x48, 0x00, 0x48, 0x70, 0x48, 0x00, 0x50, 0x70, 0x48, 0x00,
    0x48, 0x70, 0x48, 0x00, 0x48, 0x70, 0x48, 0x00, 0x50, 0x70, 0x48, 0x00,
    0x48, 0x70, 0x48, 0x00, 0x48, 0x70, 0x48, 0x00, 0x50, 0x70, 0x48, 0x00,
    0x48, 0x70, 0x48, 0x00, 0x48, 0x70, 0x48, 0x00, 0x50, 0x70, 0x48, 0x00,
    0x48, 0x70, 0x48, 0x00, 0x48, 0x70, 0x48, 0x00, 0x50, 0x70, 0x48, 0x00,
    0x48, 0x70, 0x48, 0x00, 0x48, 0x70, 0x48, 0x00, 0x50, 0x70, 0x48, 0x00,
    0x48, 0x70, 0x48, 0x00, 0x48, 0x70, 0x48, 0x00, 0x50, 0x70, 0x48, 0x00,
    0x48, 0x70, 0x48, 0x00, 0x48, 0x70, 0x48, 0x00, 0x50, 0x70, 0x48, 0x00,
    0x50, 0x70, 0x48, 0x00, 0x48, 0x70, 0x48, 0x00, 0x50, 0x70, 0x48, 0x00,
    0x50, 0x70, 0x48, 0x00, 0x48, 0x70, 0x48, 0x00, 0x50, 0x70, 0x48, 0x00,
    0x50, 0x70, 0x40, 0x00, 0x48, 0x70, 0x48, 0x00, 0x50, 0x70, 0x48, 0x00,
    0x50, 0x70, 0x40, 0x00, 0x48, 0x70, 0x48, 0x00, 0x50, 0x70, 0x48, 0x00,
    0x50, 0x70, 0x40, 0x00, 0x48, 0x70, 0x48, 0x00, 0x50, 0x70, 0x48, 0x00,
    0x50, 0x70, 0x40, 0x00, 0x48, 0x70, 0x48, 0x00, 0x50, 0x70, 0x48, 0x00,
    0x50, 0x70, 0x40, 0x00, 0x48, 0x70, 0x48, 0x00, 0x50, 0x70, 0x48, 0x00,
    0x50, 0x70, 0x40, 0x00, 0x48, 0x70, 0x48, 0x00, 0x50, 0x70, 0x48, 0x00,
    0x50, 0x70, 0x40, 0x00, 0x48, 0x70, 0x48, 0x00, 0x50, 0x70, 0x48, 0x00,
    0x50, 0x70, 0x40, 0x00, 0x48, 0x70, 0x48, 0x00, 0x50, 0x70, 0x48, 0x00,
    0x50, 0x70, 0x40, 0x00, 0x48, 0x70, 0x48, 0x00, 0x50, 0x70, 0x48, 0x00,
    0x50, 0x70, 0x40, 0x00, 0x48, 0x70, 0x48, 0x00, 0x50, 0x70, 0x48, 0x00,
    0x50, 0x70, 0x40, 0x00, 0x48, 0x70, 0x48, 0x00, 0x50, 0x70, 0x48, 0x00,
    0x50, 0x70, 0x40, 0x00, 0x48, 0x70, 0x48, 0x00, 0x50, 0x70, 0x48, 0x00,
    0x50, 0x70, 0x40, 0x00, 0x48, 0x70, 0x48, 0x00, 0x50, 0x70, 0x48, 0x00,
    0x50, 0x70, 0x40, 0x00, 0x48, 0x70, 0x48, 0x00, 0x50, 0x70, 0x48, 0x00,
    0x50, 0x70, 0x40, 0x00, 0x48, 0x70, 0x48, 0x00, 0x50, 0x70, 0x48, 0x00,
    0x50, 0x70, 0x40, 0x00, 0x48, 0x70, 0x48, 0x00, 0x50, 0x70, 0x48, 0x00,
    0x50, 0x70, 0x40, 0x00, 0x48, 0x70, 0x48, 0x00, 0x50, 0x70, 0x48, 0x00,
    0x50, 0x70, 0x40, 0x00, 0x48, 0x70, 0x48, 0x00, 0x50, 0x70, 0x48, 0x00,
    0x50, 0x70, 0x40, 0x00, 0x48, 0x70, 0x48, 0x00, 0x50, 0x70, 0x48, 0x00,
    0x50, 0x70, 0x40, 0x00, 0x48, 0x70, 0x48, 0x00, 0x50, 0x70, 0x48, 0x00,
    0x50, 0x70, 0x40, 0x00, 0x48, 0x70, 0x48, 0x00, 0x50, 0x70, 0x48, 0x00,
    0x50, 0x70, 0x40, 0x00, 0x48, 0x70, 0x48, 0x00, 0x50, 0x70, 0x48, 0x00,
    0x50, 0x70, 0x40, 0x00, 0x48, 0x70, 0x48, 0x00, 0x50, 0x70, 0x48, 0x00,
    0x50, 0x70, 0x40, 0x00, 0x48, 0x70, 0x48, 0x00, 0x50, 0x70, 0x48, 0x00,
    0x50, 0x70, 0x40, 0x00, 0x48, 0x70, 0x48, 0x00, 0x50, 0x70, 0x48, 0x00,
    0x50, 0x70, 0x40, 0x00, 0x48, 0x70, 0x48, 0x00, 0x50, 0x70, 0x48, 0x00,
    0x50, 0x70, 0x40, 0x00, 0x48, 0x70, 0x48, 0x00, 0x50, 0x70, 0x48, 0x00,
    0x50, 0x70, 0x40, 0x00, 0x48, 0x70, 0x48, 0x00, 0x50, 0x70, 0x48, 0x00,
    0x50, 0x70, 0x40, 0x00, 0x48, 0x70, 0x48, 0x00, 0x50, 0x70, 0x48, 0x00,
    0x50, 0x70, 0x40, 0x00, 0x48, 0x70, 0x48, 0x00, 0x50, 0x70, 0x48, 0x00,
    0x50, 0x70, 0x40, 0x00, 0x48, 0x70, 0x48, 0x00, 0x50, 0x70, 0x48, 0x00,
    0x50, 0x70, 0x40, 0x00, 0x48, 0x70, 0x48, 0x00, 0x50, 0x70, 0x48, 0x00,
    0x50, 0x70, 0x40, 0x00, 0x48, 0x70, 0x48, 0x00, 0x50, 0x70, 0x48, 0x00,
    0x50, 0x70, 0x40, 0x00, 0x48, 0x70, 0x48, 0x00, 0x50, 0x70, 0x48, 0x00,
    0x50, 0x70, 0x40, 0x00, 0x48, 0x70, 0x48, 0x00, 0x50, 0x70, 0x48, 0x00,
    0x50, 0x70, 0x40, 0x00, 0x48, 0x70, 0x48, 0x00, 0x50, 0x70, 0x48, 0x00,
    0x50, 0x70, 0x40, 0x00, 0x48, 0x70, 0x48, 0x00, 0x50, 0x70, 0x48, 0x00,
    0x50, 0x70, 0x40, 0x00, 0x48, 0x70, 0x48, 0x00, 0x50, 0x70, 0x48, 0x00,
    0x50, 0x70, 0x40, 0x00, 0x48, 0x70, 0x48, 0x00, 0x50, 0x70, 0x48, 0x00,
    0x50, 0x70, 0x40, 0x00, 0x48, 0x70, 0x48, 0x00, 0x50, 0x70, 0x48, 0x00,
    0x50, 0x70, 0x40, 0x00, 0x48, 0x70, 0x48, 0x00, 0x50, 0x70, 0x48, 0x00,
    0x50, 0x70, 0x40, 0x00, 0x48, 0x70, 0x48, 0x00, 0x50, 0x70, 0x48, 0x00,
    0x50, 0x70, 0x40, 0x00, 0x48, 0x70, 0x48, 0x00, 0x50, 0x70, 0x48, 0x00,
    0x50, 0x70, 0x40, 0x00, 0x48, 0x70, 0x48, 0x00, 0x50, 0x70, 0x48, 0x00,
    0x50, 0x70, 0x40, 0x00, 0x48, 0x70, 0x48, 0x00, 0x50, 0x70, 0x48, 0x00,
    0x48, 0x70, 0x40, 0x00, 0x48, 0x70, 0x48, 0x00, 0x50, 0x70, 0x48, 0x00,
    0x48, 0x70, 0x40, 0x00, 0x50, 0x70, 0x48, 0x00, 0x48, 0x70, 0x48, 0x00,
    0x50, 0x70, 0x48, 0x00, 0x48, 0x70, 0x48, 0x00, 0x50, 0x70, 0x48, 0x00,
    0x48, 0x70, 0x48, 0x00, 0x48, 0x70, 0x48, 0x00, 0x50, 0x70, 0x48, 0x00,
    0x48, 0x70, 0x48, 0x00, 0x50, 0x70, 0x48, 0x00, 0x48, 0x70, 0x48, 0x00,
    0x48, 0x70, 0x48, 0x00, 0x50, 0x70, 0x48, 0x00, 0x48, 0x70, 0x48, 0x00,
    0x48, 0x70, 0x48, 0x00, 0x50, 0x70, 0x48, 0x00, 0x48, 0x70, 0x48, 0x00,
    0x48, 0x70, 0x48, 0x00, 0x50, 0x70, 0x48, 0x00, 0x48, 0x70, 0x48, 0x00,
    0x48, 0x70, 0x48, 0x00, 0x50, 0x70, 0x48, 0x00, 0x48, 0x70, 0x48, 0x00,
    0x48, 0x70, 0x48, 0x00, 0x50, 0x70, 0x48, 0x00, 0x48, 0x70, 0x48, 0x00,
    0x48, 0x70, 0x48, 0x00, 0x50, 0x70, 0x48, 0x00, 0x48, 0x70, 0x48, 0x00,
    0x48, 0x70, 0x48, 0x00, 0x50, 0x70, 0x48, 0x00, 0x48, 0x70, 0x48, 0x00,
    0x48, 0x70, 0x48, 0x00, 0x50, 0x70, 0x48, 0x00, 0x48, 0x70, 0x48, 0x00,
    0x48, 0x70, 0x48, 0x00, 0x50, 0x70, 0x48, 0x00, 0x48, 0x70, 0x48, 0x00,
    0x48, 0x70, 0x48, 0x00, 0x50, 0x70, 0x48, 0x00, 0x48, 0x70, 0x48, 0x00,
    0x48, 0x70, 0x48, 0x00, 0x50, 0x70, 0x48, 0x00, 0x48, 0x70, 0x48, 0x00,
    0x48, 0x70, 0x48, 0x00, 0x50, 0x70, 0x48, 0x00, 0x48, 0x70, 0x48, 0x00,
    0x48, 0x70, 0x48, 0x00, 0x50, 0x70, 0x48, 0x00, 0x48, 0x70, 0x48, 0x00,
    0x48, 0x70, 0x48, 0x00, 0x50, 0x70, 0x48, 0x00, 0x48, 0x70, 0x48, 0x00,
    0x48, 0x70, 0x48, 0x00, 0x50, 0x70, 0x48, 0x00, 0x48, 0x70, 0x48, 0x00,
    0x48, 0x70, 0x48, 0x00, 0x50, 0x70, 0x48, 0x00, 0x48, 0x70, 0x48, 0x00,
    0x48, 0x70, 0x48, 0x00, 0x50, 0x70, 0x48, 0x00, 0x48, 0x70, 0x48, 0x00,
    0x48, 0x70, 0x48, 0x00, 0x50, 0x70, 0x48, 0x00, 0x48, 0x70, 0x48, 0x00,
    0x48, 0x70, 0x48, 0x00, 0x50, 0x70, 0x48, 0x00, 0x48, 0x70, 0x48, 0x00,
    0x48, 0x70, 0x48, 0x00, 0x50, 0x70, 0x48, 0x00, 0x48, 0x70, 0x48, 0x00,
    0x48, 0x70, 0x48, 0x00, 0x50, 0x70, 0x48, 0x00, 0x48, 0x70, 0x48, 0x00,
    0x48, 0x70, 0x48, 0x00, 0x50, 0x70, 0x48, 0x00, 0x48, 0x70, 0x48, 0x00,
    0x48, 0x70, 0x48, 0x00, 0x50, 0x70, 0x48, 0x00, 0x48, 0x70, 0x48, 0x00,
    0x48, 0x70, 0x48, 0x00, 0x50, 0x70, 0x48, 0x00, 0x48, 0x70, 0x48, 0x00,
    0x48, 0x70, 0x48, 0x00, 0x50, 0x70, 0x48, 0x00, 0x48, 0x70, 0x48, 0x00,
    0x48, 0x70, 0x48, 0x00, 0x50, 0x70, 0x48, 0x00, 0x48, 0x70, 0x48, 0x00,
    0x48, 0x70, 0x48, 0x00, 0x50, 0x70, 0x48, 0x00, 0x48, 0x70, 0x48, 0x00,
    0x48, 0x70, 0x48, 0x00, 0x50, 0x70, 0x48, 0x00, 0x48, 0x70, 0x48, 0x00,
    0x48, 0x70, 0x48, 0x00, 0x50, 0x70, 0x48, 0x00, 0x48, 0x70, 0x48, 0x00,
    0x48, 0x70, 0x48, 0x00, 0x50, 0x70, 0x48, 0x00, 0x48, 0x70, 0x48, 0x00,
    0x48, 0x70, 0x48, 0x00, 0x50, 0x70, 0x48, 0x00, 0x48, 0x70, 0x48, 0x00,
    0x48, 0x70, 0x48, 0x00, 0x50, 0x70, 0x48, 0x00, 0x48, 0x70, 0x48, 0x00,
    0x48, 0x70, 0x48, 0x00, 0x50, 0x70, 0x48, 0x00, 0x48, 0x70, 0x48, 0x00,
    0x48, 0x70, 0x48, 0x00, 0x50, 0x70, 0x48, 0x00, 0x48, 0x70, 0x48, 0x00,
    0x48, 0x70, 0x48, 0x00, 0x50, 0x70, 0x48, 0x00, 0x48, 0x70, 0x48, 0x00,
    0x48, 0x70, 0x48, 0x00, 0x50, 0x70, 0x48, 0x00, 0x48, 0x70, 0x48, 0x00,
    0x48, 0x70, 0x48, 0x00, 0x50, 0x70, 0x48, 0x00, 0x48, 0x70, 0x48, 0x00,
    0x48, 0x70, 0x48, 0x00, 0x50, 0x70, 0x48, 0x00, 0x48, 0x70, 0x48, 0x00,
    0x48, 0x70, 0x48, 0x00, 0x50, 0x70, 0x48, 0x00, 0x48, 0x70, 0x48, 0x00,
    0x48, 0x70, 0x48, 0x00, 0x50, 0x70, 0x48, 0x00, 0x48, 0x70, 0x48, 0x00,
    0x48, 0x70, 0x48, 0x00, 0x50, 0x70, 0x48, 0x00, 0x48, 0x70, 0x48, 0x00,
    0x48, 0x70, 0x48, 0x00, 0x50, 0x70, 0x48, 0x00, 0x48, 0x70, 0x48, 0x00,
    0x50, 0x70, 0x48, 0x00, 0x50, 0x70, 0x48, 0x00, 0x50, 0x70, 0x48, 0x00,
    0x48, 0x70, 0x48, 0x00, 0x48, 0x70, 0x48, 0x00, 0x50, 0x70, 0x48, 0x00,
    0x48, 0x70, 0x48, 0x00, 0x48, 0x70, 0x48, 0x00, 0x50, 0x70, 0x48, 0x00,
    0x48, 0x70, 0x48, 0x00, 0x48, 0x70, 0x48, 0x00, 0x50, 0x70, 0x48, 0x00,
    0x50, 0x70, 0x48, 0x00, 0x48, 0x70, 0x48, 0x00, 0x50, 0x70, 0x48, 0x00,
    0x48, 0x70, 0x48, 0x00, 0x50, 0x70, 0x48, 0x00, 0x50, 0x70, 0x48, 0x00,
    0x48, 0x70, 0x48, 0x00, 0x50, 0x70, 0x48, 0x00, 0x50, 0x70, 0x48, 0x00,
    0x48, 0x70, 0x48, 0x00, 0x50, 0x70, 0x48, 0x00, 0x50, 0x70, 0x48, 0x00,
    0x48, 0x70, 0x48, 0x00, 0x50, 0x70, 0x48, 0x00, 0x50, 0x70, 0x48, 0x00,
    0x48, 0x70, 0x48, 0x00, 0x50, 0x70, 0x48, 0x00, 0x50, 0x70, 0x48, 0x00,
    0x48, 0x70, 0x48, 0x00, 0x50, 0x70, 0x48, 0x00, 0x50, 0x70, 0x48, 0x00,
    0x48, 0x70, 0x48, 0x00, 0x50, 0x70, 0x48, 0x00, 0x50, 0x70, 0x48, 0x00,
    0x48, 0x70, 0x48, 0x00, 0x50, 0x70, 0x48, 0x00, 0x50, 0x70, 0x48, 0x00,
    0x48, 0x70, 0x48, 0x00, 0x50, 0x70, 0x48, 0x00, 0x50, 0x70, 0x48, 0x00,
    0x48, 0x70, 0x48, 0x00, 0x50, 0x70, 0x48, 0x00, 0x50, 0x70, 0x48, 0x00,
    0x48, 0x70, 0x48, 0x00, 0x50, 0x70, 0x48, 0x00, 0x50, 0x70, 0x48, 0x00,
    0x48, 0x70, 0x48, 0x00, 0x50, 0x70, 0x48, 0x00, 0x50, 0x70, 0x48, 0x00,
    0x48, 0x70, 0x48, 0x00, 0x50, 0x70, 0x48, 0x00, 0x50, 0x70, 0x48, 0x00,
    0x48, 0x70, 0x48, 0x00, 0x50, 0x70, 0x48, 0x00, 0x50, 0x70, 0x48, 0x00,
    0x48, 0x70, 0x48, 0x00, 0x50, 0x70, 0x48, 0x00, 0x50, 0x70, 0x48, 0x00,
    0x48, 0x70, 0x48, 0x00, 0x50, 0x70, 0x48, 0x00, 0x50, 0x70, 0x48, 0x00,
    0x48, 0x70, 0x48, 0x00, 0x50, 0x70, 0x48, 0x00, 0x50, 0x70, 0x48, 0x00,
    0x48, 0x70, 0x48, 0x00, 0x50, 0x70, 0x48, 0x00, 0x50, 0x70, 0x48, 0x00,
    0x48, 0x70, 0x48, 0x00, 0x50, 0x70, 0x48, 0x00, 0x50, 0x70, 0x48, 0x00,
    0x48, 0x70, 0x48, 0x00, 0x50, 0x70, 0x48, 0x00, 0x50, 0x70, 0x48, 0x00,
    0x48, 0x70, 0x48, 0x00, 0x50, 0x70, 0x48, 0x00, 0x50, 0x70, 0x48, 0x00,
    0x48, 0x70, 0x48, 0x00, 0x50, 0x70, 0x48, 0x00, 0x50, 0x70, 0x48, 0x00,
    0x48, 0x70, 0x48, 0x00, 0x50, 0x70, 0x48, 0x00, 0x50, 0x70, 0x48, 0x00,
    0x48, 0x70, 0x48, 0x00, 0x50, 0x70, 0x48, 0x00, 0x50, 0x70, 0x48, 0x00,
    0x48, 0x70, 0x48, 0x00, 0x50, 0x70, 0x48, 0x00, 0x50, 0x70, 0x48, 0x00,
    0x48, 0x70, 0x48, 0x00, 0x50, 0x70, 0x48, 0x00, 0x50, 0x70, 0x48, 0x00,
    0x48, 0x70, 0x48, 0x00, 0x50, 0x70, 0x48, 0x00, 0x50, 0x70, 0x48, 0x00,
    0x48, 0x70, 0x48, 0x00, 0x50, 0x70, 0x48, 0x00, 0x50, 0x70, 0x48, 0x00,
    0x48, 0x70, 0x48, 0x00, 0x50, 0x70, 0x48, 0x00, 0x50, 0x70, 0x48, 0x00,
    0x48, 0x70, 0x48, 0x00, 0x50, 0x70, 0x48, 0x00, 0x50, 0x70, 0x48, 0x00,
    0x48, 0x70, 0x48, 0x00, 0x50, 0x70, 0x48, 0x00, 0x50, 0x70, 0x48, 0x00,
    0x48, 0x70, 0x48, 0x00, 0x50, 0x70, 0x48, 0x00, 0x50, 0x70, 0x48, 0x00,
    0x48, 0x70, 0x48, 0x00, 0x50, 0x70, 0x48, 0x00, 0x50, 0x70, 0x48, 0x00,
    0x48, 0x70, 0x48, 0x00, 0x50, 0x70, 0x48, 0x00, 0x50, 0x70, 0x48, 0x00,
    0x48, 0x70, 0x48, 0x00, 0x50, 0x70, 0x48, 0x00, 0x50, 0x70, 0x48, 0x00,
    0x48, 0x70, 0x48, 0x00, 0x50, 0x70, 0x48, 0x00, 0x50, 0x70, 0x48, 0x00,
    0x48, 0x70, 0x48, 0x00, 0x50, 0x70, 0x48, 0x00, 0x50, 0x70, 0x48, 0x00,
    0x48, 0x70, 0x48, 0x00, 0x50, 0x70, 0x48, 0x00, 0x50, 0x70, 0x48, 0x00,
    0x48, 0x70, 0x48, 0x00, 0x50, 0x70, 0x48, 0x00, 0x50, 0x70, 0x48, 0x00,
    0x48, 0x70, 0x48, 0x00, 0x50, 0x70, 0x48, 0x00, 0x50, 0x70, 0x48, 0x00,
    0x48, 0x70, 0x48, 0x00, 0x50, 0x70, 0x48, 0x00, 0x50, 0x70, 0x48, 0x00,
    0x48, 0x70, 0x48, 0x00, 0x50, 0x70, 0x48, 0x00, 0x50, 0x70, 0x48, 0x00,
    0x48, 0x70, 0x48, 0x00, 0x48, 0x70, 0x48, 0x00, 0x48, 0x70, 0x48, 0x00,
    0x50, 0x70, 0x48, 0x00, 0x48, 0x70, 0x48, 0x00, 0x50, 0x70, 0x48, 0x00,
    0x50, 0x70, 0x48, 0x00, 0x48, 0x70, 0x48, 0x00, 0x50, 0x70, 0x48, 0x00,
    0x50, 0x70, 0x48, 0x00, 0x48, 0x70, 0x48, 0x00, 0x50, 0x70, 0x40, 0x00,
    0x50, 0x70, 0x48, 0x00, 0x48, 0x70, 0x48, 0x00, 0x50, 0x70, 0x40, 0x00,
    0x48, 0x70, 0x48, 0x00, 0x48, 0x70, 0x48, 0x00, 0x50, 0x70, 0x40, 0x00,
    0x48, 0x70, 0x48, 0x00, 0x50, 0x70, 0x48, 0x00, 0x48, 0x70, 0x40, 0x00,
    0x48, 0x70, 0x48, 0x00, 0x50, 0x70, 0x48, 0x00, 0x48, 0x70, 0x40, 0x00,
    0x50, 0x70, 0x48, 0x00, 0x48, 0x70, 0x48, 0x00, 0x48, 0x70, 0x40, 0x00,
    0x50, 0x70, 0x48, 0x00, 0x48, 0x70, 0x48, 0x00, 0x48, 0x70, 0x40, 0x00,
    0x50, 0x70, 0x48, 0x00, 0x48, 0x70, 0x48, 0x00, 0x48, 0x70, 0x40, 0x00,
    0x50, 0x70, 0x48, 0x00, 0x48, 0x70, 0x48, 0x00, 0x48, 0x70, 0x40, 0x00,
    0x50, 0x70, 0x48, 0x00, 0x48, 0x70, 0x48, 0x00, 0x48, 0x70, 0x40, 0x00,
    0x50, 0x70, 0x48, 0x00, 0x48, 0x70, 0x48, 0x00, 0x48, 0x70, 0x40, 0x00,
    0x50, 0x70, 0x48, 0x00, 0x48, 0x70, 0x48, 0x00, 0x48, 0x70, 0x40, 0x00,
    0x50, 0x70, 0x48, 0x00, 0x48, 0x70, 0x48, 0x00, 0x48, 0x70, 0x40, 0x00,
    0x50, 0x70, 0x48, 0x00, 0x48, 0x70, 0x48, 0x00, 0x48, 0x70, 0x40, 0x00,
    0x50, 0x70, 0x48, 0x00, 0x48, 0x70, 0x48, 0x00, 0x48, 0x70, 0x40, 0x00,
    0x50, 0x70, 0x48, 0x00, 0x48, 0x70, 0x48, 0x00, 0x48, 0x70, 0x40, 0x00,
    0x50, 0x70, 0x48, 0x00, 0x48, 0x70, 0x48, 0x00, 0x48, 0x70, 0x40, 0x00,
    0x50, 0x70, 0x48, 0x00, 0x48, 0x70, 0x48, 0x00, 0x48, 0x70, 0x40, 0x00,
    0x50, 0x70, 0x48, 0x00, 0x48, 0x70, 0x48, 0x00, 0x48, 0x70, 0x40, 0x00,
    0x50, 0x70, 0x48, 0x00, 0x48, 0x70, 0x48, 0x00, 0x48, 0x70, 0x40, 0x00,
    0x50, 0x70, 0x48, 0x00, 0x48, 0x70, 0x48, 0x00, 0x48, 0x70, 0x40, 0x00,
    0x50, 0x70, 0x48, 0x00, 0x48, 0x70, 0x48, 0x00, 0x48, 0x70, 0x40, 0x00,
    0x50, 0x70, 0x48, 0x00, 0x48, 0x70, 0x48, 0x00, 0x48, 0x70, 0x40, 0x00,
    0x50, 0x70, 0x48, 0x00, 0x48, 0x70, 0x48, 0x00, 0x48, 0x70, 0x40, 0x00,
    0x50, 0x70, 0x48, 0x00, 0x48, 0x70, 0x48, 0x00, 0x48, 0x70, 0x40, 0x00,
    0x50, 0x70, 0x48, 0x00, 0x48, 0x70, 0x48, 0x00, 0x48, 0x70, 0x40, 0x00,
    0x50, 0x70, 0x48, 0x00, 0x48, 0x70, 0x48, 0x00, 0x48, 0x70, 0x40, 0x00,
    0x50, 0x70, 0x48, 0x00, 0x48, 0x70, 0x48, 0x00, 0x48, 0x70, 0x40, 0x00,
    0x50, 0x70, 0x48, 0x00, 0x48, 0x70, 0x48, 0x00, 0x48, 0x70, 0x40, 0x00,
    0x50, 0x70, 0x48, 0x00, 0x48, 0x70, 0x48, 0x00, 0x48, 0x70, 0x40, 0x00,
    0x50, 0x70, 0x48, 0x00, 0x48, 0x70, 0x48, 0x00, 0x48, 0x70, 0x40, 0x00,
    0x50, 0x70, 0x48, 0x00, 0x48, 0x70, 0x48, 0x00, 0x48, 0x70, 0x40, 0x00,
    0x50, 0x70, 0x48, 0x00, 0x48, 0x70, 0x48, 0x00, 0x48, 0x70, 0x40, 0x00,
    0x50, 0x70, 0x48, 0x00, 0x48, 0x70, 0x48, 0x00, 0x48, 0x70, 0x40, 0x00,
    0x50, 0x70, 0x48, 0x00, 0x48, 0x70, 0x48, 0x00, 0x48, 0x70, 0x40, 0x00,
    0x50, 0x70, 0x48, 0x00, 0x48, 0x70, 0x48, 0x00, 0x48, 0x70, 0x40, 0x00,
    0x50, 0x70, 0x48, 0x00, 0x48, 0x70, 0x48, 0x00, 0x48, 0x70, 0x40, 0x00,
    0x50, 0x70, 0x48, 0x00, 0x48, 0x70, 0x48, 0x00, 0x48, 0x70, 0x40, 0x00,
    0x50, 0x70, 0x48, 0x00, 0x48, 0x70, 0x48, 0x00, 0x48, 0x70, 0x40, 0x00,
    0x50, 0x70, 0x48, 0x00, 0x48, 0x70, 0x48, 0x00, 0x48, 0x70, 0x40, 0x00,
    0x50, 0x70, 0x48, 0x00, 0x48, 0x70, 0x48, 0x00, 0x48, 0x70, 0x40, 0x00,
    0x50, 0x70, 0x48, 0x00, 0x48, 0x70, 0x48, 0x00, 0x48, 0x70, 0x40, 0x00,
    0x50, 0x70, 0x48, 0x00, 0x48, 0x70, 0x48, 0x00, 0x48, 0x70, 0x40, 0x00,
    0x50, 0x70, 0x48, 0x00, 0x48, 0x70, 0x48, 0x00, 0x48, 0x70, 0x40, 0x00,
    0x50, 0x70, 0x48, 0x00, 0x50, 0x70, 0x48, 0x00, 0x48, 0x70, 0x40, 0x00,
    0x50, 0x70, 0x48, 0x00, 0x50, 0x70, 0x48, 0x00, 0x48, 0x70, 0x40, 0x00,
    0x48, 0x70, 0x48, 0x00, 0x50, 0x70, 0x48, 0x00, 0x48, 0x70, 0x40, 0x00,
    0x48, 0x70, 0x48, 0x00, 0x50, 0x70, 0x48, 0x00, 0x48, 0x70, 0x48, 0x00,
    0x50, 0x70, 0x48, 0x00, 0x48, 0x70, 0x48, 0x00, 0x48, 0x70, 0x48, 0x00,
    0x50, 0x70, 0x48, 0x00, 0x48, 0x70, 0x48, 0x00, 0x50, 0x70, 0x48, 0x00,
    0x50, 0x70, 0x48, 0x00, 0x48, 0x70, 0x48, 0x00, 0x48, 0x70, 0x48, 0x00,
    0x50, 0x70, 0x48, 0x00, 0x50, 0x70, 0x48, 0x00, 0x48, 0x70, 0x48, 0x00,
    0x48, 0x70, 0x48, 0x00, 0x50, 0x70, 0x48, 0x00, 0x48, 0x70, 0x48, 0x00,
    0x50, 0x70, 0x48, 0x00, 0x50, 0x70, 0x48, 0x00, 0x48, 0x70, 0x48, 0x00,
    0x50, 0x70, 0x48, 0x00, 0x50, 0x70, 0x48, 0x00, 0x48, 0x70, 0x48, 0x00,
    0x50, 0x70, 0x48, 0x00, 0x50, 0x70, 0x48, 0x00, 0x48, 0x70, 0x48, 0x00,
    0x50, 0x70, 0x48, 0x00, 0x50, 0x70, 0x48, 0x00, 0x48, 0x70, 0x48, 0x00,
    0x50, 0x70, 0x48, 0x00, 0x50, 0x70, 0x48, 0x00, 0x48, 0x70, 0x48, 0x00,
    0x50, 0x70, 0x48, 0x00, 0x50, 0x70, 0x48, 0x00, 0x48, 0x70, 0x48, 0x00,
    0x50, 0x70, 0x48, 0x00, 0x50, 0x70, 0x48, 0x00, 0x48, 0x70, 0x48, 0x00,
    0x50, 0x70, 0x48, 0x00, 0x50, 0x70, 0x48, 0x00, 0x48, 0x70, 0x48, 0x00,
    0x50, 0x70, 0x48, 0x00, 0x50, 0x70, 0x48, 0x00, 0x48, 0x70, 0x48, 0x00,
    0x50, 0x70, 0x48, 0x00, 0x50, 0x70, 0x48, 0x00, 0x48, 0x70, 0x48, 0x00,
    0x50, 0x70, 0x48, 0x00, 0x50, 0x70, 0x48, 0x00, 0x48, 0x70, 0x48, 0x00,
    0x50, 0x70, 0x48, 0x00, 0x50, 0x70, 0x48, 0x00, 0x48, 0x70, 0x48, 0x00,
    0x50, 0x70, 0x48, 0x00, 0x50, 0x70, 0x48, 0x00, 0x48, 0x70, 0x48, 0x00,
    0x50, 0x70, 0x48, 0x00, 0x50, 0x70, 0x48, 0x00, 0x48, 0x70, 0x48, 0x00,
    0x50, 0x70, 0x48, 0x00, 0x50, 0x70, 0x48, 0x00, 0x48, 0x70, 0x48, 0x00,
    0x50, 0x70, 0x48, 0x00, 0x50, 0x70, 0x48, 0x00, 0x48, 0x70, 0x48, 0x00,
    0x50, 0x70, 0x48, 0x00, 0x50, 0x70, 0x48, 0x00, 0x48, 0x70, 0x48, 0x00,
    0x50, 0x70, 0x48, 0x00, 0x50, 0x70, 0x48, 0x00, 0x48, 0x70, 0x48, 0x00,
    0x50, 0x70, 0x48, 0x00, 0x50, 0x70, 0x48, 0x00, 0x48, 0x70, 0x48, 0x00,
    0x50, 0x70, 0x48, 0x00, 0x50, 0x70, 0x48, 0x00, 0x48, 0x70, 0x48, 0x00,
    0x50, 0x70, 0x48, 0x00, 0x50, 0x70, 0x48, 0x00, 0x48, 0x70, 0x48, 0x00,
    0x50, 0x70, 0x48, 0x00, 0x50, 0x70, 0x48, 0x00, 0x48, 0x70, 0x48, 0x00,
    0x50, 0x70, 0x48, 0x00, 0x50, 0x70, 0x48, 0x00, 0x48, 0x70, 0x48, 0x00,
    0x50, 0x70, 0x48, 0x00, 0x50, 0x70, 0x48, 0x00, 0x48, 0x70, 0x48, 0x00,
    0x50, 0x70, 0x48, 0x00, 0x50, 0x70, 0x48, 0x00, 0x48, 0x70, 0x48, 0x00,
    0x50, 0x70, 0x48, 0x00, 0x50, 0x70, 0x48, 0x00, 0x48, 0x70, 0x48, 0x00,
    0x50, 0x70, 0x48, 0x00, 0x50, 0x70, 0x48, 0x00, 0x48, 0x70, 0x48, 0x00,
    0x50, 0x70, 0x48, 0x00, 0x50, 0x70, 0x48, 0x00, 0x48, 0x70, 0x48, 0x00,
    0x50, 0x70, 0x48, 0x00, 0x50, 0x70, 0x48, 0x00, 0x48, 0x70, 0x48, 0x00,
    0x50, 0x70, 0x48, 0x00, 0x50, 0x70, 0x48, 0x00, 0x48, 0x70, 0x48, 0x00,
    0x50, 0x70, 0x48, 0x00, 0x50, 0x70, 0x48, 0x00, 0x48, 0x70, 0x48, 0x00,
    0x50, 0x70, 0x48, 0x00, 0x50, 0x70, 0x48, 0x00, 0x48, 0x70, 0x48, 0x00,
    0x50, 0x70, 0x48, 0x00, 0x50, 0x70, 0x48, 0x00, 0x48, 0x70, 0x48, 0x00,
    0x50, 0x70, 0x48, 0x00, 0x50, 0x70, 0x48, 0x00, 0x48, 0x70, 0x48, 0x00,
    0x50, 0x70, 0x48, 0x00, 0x50, 0x70, 0x48, 0x00, 0x48, 0x70, 0x48, 0x00,
    0x50, 0x70, 0x48, 0x00, 0x50, 0x70, 0x48, 0x00, 0x48, 0x70, 0x48, 0x00,
    0x50, 0x70, 0x48, 0x00, 0x50, 0x70, 0x48, 0x00, 0x48, 0x70, 0x48, 0x00,
    0x50, 0x70, 0x48, 0x00, 0x50, 0x70, 0x48, 0x00, 0x48, 0x70, 0x48, 0x00,
    0x50, 0x70, 0x48, 0x00, 0x48, 0x70, 0x48, 0x00, 0x48, 0x70, 0x48, 0x00,
    0x50, 0x70, 0x48, 0x00, 0x48, 0x70, 0x48, 0x00, 0x50, 0x70, 0x48, 0x00,
    0x50, 0x70, 0x48, 0x00, 0x48, 0x70, 0x48, 0x00, 0x50, 0x70, 0x48, 0x00,
    0x50, 0x70, 0x48, 0x00, 0x48, 0x70, 0x48, 0x00, 0x50, 0x70, 0x48, 0x00,
    0x48, 0x70, 0x48, 0x00, 0x48, 0x70, 0x48, 0x00, 0x50, 0x70, 0x48, 0x00,
    0x50, 0x70, 0x48, 0x00, 0x48, 0x70, 0x48, 0x00, 0x50, 0x70, 0x48, 0x00,
    0x48, 0x70, 0x48, 0x00, 0x50, 0x70, 0x40, 0x00, 0x50, 0x70, 0x48, 0x00,
    0x48, 0x70, 0x48, 0x00, 0x50, 0x70, 0x48, 0x00, 0x48, 0x70, 0x40, 0x00,
    0x50, 0x70, 0x48, 0x00, 0x50, 0x70, 0x48, 0x00, 0x48, 0x70, 0x48, 0x00,
    0x50, 0x70, 0x48, 0x00, 0x48, 0x70, 0x40, 0x00, 0x50, 0x70, 0x48, 0x00,
    0x48, 0x70, 0x48, 0x00, 0x48, 0x70, 0x40, 0x00, 0x50, 0x70, 0x48, 0x00,
    0x48, 0x70, 0x48, 0x00, 0x48, 0x70, 0x48, 0x00, 0x50, 0x70, 0x40, 0x00,
    0x48, 0x70, 0x48, 0x00, 0x48, 0x70, 0x48, 0x00, 0x50, 0x70, 0x40, 0x00,
    0x48, 0x70, 0x48, 0x00, 0x48, 0x70, 0x48, 0x00, 0x50, 0x70, 0x48, 0x00,
    0x48, 0x70, 0x48, 0x00, 0x48, 0x70, 0x40, 0x00, 0x50, 0x70, 0x48, 0x00,
    0x48, 0x70, 0x48, 0x00, 0x48, 0x70, 0x40, 0x00, 0x50, 0x70, 0x48, 0x00,
    0x48, 0x70, 0x48, 0x00, 0x48, 0x70, 0x48, 0x00, 0x50, 0x70, 0x40, 0x00,
    0x48, 0x70, 0x48, 0x00, 0x48, 0x70, 0x48, 0x00, 0x50, 0x70, 0x40, 0x00,
    0x48, 0x70, 0x48, 0x00, 0x48, 0x70, 0x48, 0x00, 0x50, 0x70, 0x48, 0x00,
    0x48, 0x70, 0x48, 0x00, 0x48, 0x70, 0x40, 0x00, 0x50, 0x70, 0x48, 0x00,
    0x48, 0x70, 0x48, 0x00, 0x48, 0x70, 0x40, 0x00, 0x50, 0x70, 0x48, 0x00,
    0x48, 0x70, 0x48, 0x00, 0x48, 0x70, 0x48, 0x00, 0x50, 0x70, 0x40, 0x00,
    0x48, 0x70, 0x48, 0x00, 0x48, 0x70, 0x48, 0x00, 0x50, 0x70, 0x40, 0x00,
    0x48, 0x70, 0x48, 0x00, 0x48, 0x70, 0x48, 0x00, 0x50, 0x70, 0x48, 0x00,
    0x48, 0x70, 0x48, 0x00, 0x48, 0x70, 0x40, 0x00, 0x50, 0x70, 0x48, 0x00,
    0x48, 0x70, 0x48, 0x00, 0x48, 0x70, 0x40, 0x00, 0x50, 0x70, 0x48, 0x00,
    0x48, 0x70, 0x48, 0x00, 0x48, 0x70, 0x48, 0x00, 0x50, 0x70, 0x40, 0x00,
    0x48, 0x70, 0x48, 0x00, 0x48, 0x70, 0x48, 0x00, 0x50, 0x70, 0x40, 0x00,
    0x48, 0x70, 0x48, 0x00, 0x48, 0x70, 0x48, 0x00, 0x50, 0x70, 0x48, 0x00,
    0x48, 0x70, 0x48, 0x00, 0x48, 0x70, 0x40, 0x00, 0x50, 0x70, 0x48, 0x00,
    0x48, 0x70, 0x48, 0x00, 0x48, 0x70, 0x40, 0x00, 0x50, 0x70, 0x48, 0x00,
    0x48, 0x70, 0x48, 0x00, 0x48, 0x70, 0x48, 0x00, 0x50, 0x70, 0x40, 0x00,
    0x48, 0x70, 0x48, 0x00, 0x48, 0x70, 0x48, 0x00, 0x50, 0x70, 0x40, 0x00,
    0x48, 0x70, 0x48, 0x00, 0x48, 0x70, 0x48, 0x00, 0x50, 0x70, 0x48, 0x00,
    0x48, 0x70, 0x48, 0x00, 0x48, 0x70, 0x40, 0x00, 0x50, 0x70, 0x48, 0x00,
    0x48, 0x70, 0x48, 0x00, 0x48, 0x70, 0x40, 0x00, 0x50, 0x70, 0x48, 0x00,
    0x48, 0x70, 0x48, 0x00, 0x48, 0x70, 0x48, 0x00, 0x50, 0x70, 0x40, 0x00,
    0x48, 0x70, 0x48, 0x00, 0x48, 0x70, 0x48, 0x00, 0x50, 0x70, 0x40, 0x00,
    0x48, 0x70, 0x48, 0x00, 0x48, 0x70, 0x48, 0x00, 0x50, 0x70, 0x48, 0x00,
    0x48, 0x70, 0x48, 0x00, 0x48, 0x70, 0x40, 0x00, 0x50, 0x70, 0x48, 0x00,
    0x48, 0x70, 0x48, 0x00, 0x48, 0x70, 0x40, 0x00, 0x50, 0x70, 0x48, 0x00,
    0x48, 0x70, 0x48, 0x00, 0x48, 0x70, 0x48, 0x00, 0x50, 0x70, 0x40, 0x00,
    0x48, 0x70, 0x48, 0x00, 0x48, 0x70, 0x48, 0x00, 0x50, 0x70, 0x40, 0x00,
    0x48, 0x70, 0x48, 0x00, 0x48, 0x70, 0x48, 0x00, 0x50, 0x70, 0x48, 0x00,
    0x48, 0x70, 0x48, 0x00, 0x48, 0x70, 0x40, 0x00, 0x50, 0x70, 0x48, 0x00,
    0x48, 0x70, 0x48, 0x00, 0x48, 0x70, 0x40, 0x00, 0x50, 0x70, 0x48, 0x00,
    0x48, 0x70, 0x48, 0x00, 0x48, 0x70, 0x48, 0x00, 0x50, 0x70, 0x40, 0x00,
    0x48, 0x70, 0x48, 0x00, 0x50, 0x70, 0x48, 0x00, 0x50, 0x70, 0x40, 0x00,
    0x50, 0x70, 0x48, 0x00, 0x48, 0x70, 0x48, 0x00, 0x48, 0x70, 0x48, 0x00,
    0x50, 0x70, 0x48, 0x00, 0x48, 0x70, 0x40, 0x00, 0x48, 0x70, 0x48, 0x00,
    0x50, 0x70, 0x48, 0x00, 0x48, 0x70, 0x48, 0x00, 0x48, 0x70, 0x40, 0x00,
    0x50, 0x70, 0x48, 0x00, 0x50, 0x70, 0x48, 0x00, 0x48, 0x70, 0x48, 0x00,
    0x48, 0x70, 0x48, 0x00, 0x50, 0x70, 0x48, 0x00, 0x48, 0x70, 0x40, 0x00,
    0x50, 0x70, 0x48, 0x00, 0x48, 0x70, 0x48, 0x00, 0x48, 0x70, 0x48, 0x00,
    0x48, 0x70, 0x48, 0x00, 0x50, 0x70, 0x48, 0x00, 0x48, 0x70, 0x48, 0x00,
    0x50, 0x70, 0x48, 0x00, 0x48, 0x70, 0x48, 0x00, 0x48, 0x70, 0x48, 0x00,
    0x50, 0x70, 0x40, 0x00, 0x50, 0x70, 0x48, 0x00, 0x48, 0x70, 0x48, 0x00,
    0x50, 0x70, 0x48, 0x00, 0x48, 0x70, 0x48, 0x00, 0x50, 0x70, 0x48, 0x00,
    0x50, 0x70, 0x48, 0x00, 0x48, 0x70, 0x48, 0x00, 0x50, 0x70, 0x48, 0x00,
    0x50, 0x70, 0x48, 0x00, 0x48, 0x70, 0x48, 0x00, 0x50, 0x70, 0x48, 0x00,
    0x50, 0x70, 0x48, 0x00, 0x48, 0x70, 0x48, 0x00, 0x50, 0x70, 0x48, 0x00,
    0x50, 0x70, 0x40, 0x00, 0x48, 0x70, 0x48, 0x00, 0x50, 0x70, 0x48, 0x00,
    0x50, 0x70, 0x48, 0x00, 0x48, 0x70, 0x48, 0x00, 0x50, 0x70, 0x48, 0x00,
    0x50, 0x70, 0x48, 0x00, 0x48, 0x70, 0x48, 0x00, 0x50, 0x70, 0x48, 0x00,
    0x50, 0x70, 0x48, 0x00, 0x48, 0x70, 0x48, 0x00, 0x50, 0x70, 0x48, 0x00,
    0x50, 0x70, 0x48, 0x00, 0x48, 0x70, 0x48, 0x00, 0x50, 0x70, 0x48, 0x00,
    0x50, 0x70, 0x40, 0x00, 0x48, 0x70, 0x48, 0x00, 0x50, 0x70, 0x48, 0x00,
    0x50, 0x70, 0x48, 0x00, 0x48, 0x70, 0x48, 0x00, 0x50, 0x70, 0x48, 0x00,
    0x50, 0x70, 0x48, 0x00, 0x48, 0x70, 0x48, 0x00, 0x50, 0x70, 0x48, 0x00,
    0x50, 0x70, 0x48, 0x00, 0x48, 0x70, 0x48, 0x00, 0x50, 0x70, 0x48, 0x00,
    0x50, 0x70, 0x48, 0x00, 0x48, 0x70, 0x48, 0x00, 0x50, 0x70, 0x48, 0x00,
    0x50, 0x70, 0x40, 0x00, 0x48, 0x70, 0x48, 0x00, 0x50, 0x70, 0x48, 0x00,
    0x50, 0x70, 0x48, 0x00, 0x48, 0x70, 0x48, 0x00, 0x50, 0x70, 0x48, 0x00,
    0x50, 0x70, 0x48, 0x00, 0x48, 0x70, 0x48, 0x00, 0x50, 0x70, 0x48, 0x00,
    0x50, 0x70, 0x48, 0x00, 0x48, 0x70, 0x48, 0x00, 0x50, 0x70, 0x48, 0x00,
    0x50, 0x70, 0x48, 0x00, 0x48, 0x70, 0x48, 0x00, 0x50, 0x70, 0x48, 0x00,
    0x50, 0x70, 0x40, 0x00, 0x48, 0x70, 0x48, 0x00, 0x50, 0x70, 0x48, 0x00,
    0x50, 0x70, 0x48, 0x00, 0x48, 0x70, 0x48, 0x00, 0x50, 0x70, 0x48, 0x00,
    0x50, 0x70, 0x48, 0x00, 0x48, 0x70, 0x48, 0x00, 0x50, 0x70, 0x48, 0x00,
    0x50, 0x70, 0x48, 0x00, 0x48, 0x70, 0x48, 0x00, 0x50, 0x70, 0x48, 0x00,
    0x50, 0x70, 0x48, 0x00, 0x48, 0x70, 0x48, 0x00, 0x50, 0x70, 0x48, 0x00,
    0x50, 0x70, 0x40, 0x00, 0x48, 0x70, 0x48, 0x00, 0x50, 0x70, 0x48, 0x00,
    0x50, 0x70, 0x48, 0x00, 0x48, 0x70, 0x48, 0x00, 0x50, 0x70, 0x48, 0x00,
    0x50, 0x70, 0x48, 0x00, 0x48, 0x70, 0x48, 0x00, 0x50, 0x70, 0x48, 0x00,
    0x50, 0x70, 0x48, 0x00, 0x48, 0x70, 0x48, 0x00, 0x50, 0x70, 0x48, 0x00,
    0x50, 0x70, 0x48, 0x00, 0x48, 0x70, 0x48, 0x00, 0x50, 0x70, 0x48, 0x00,
    0x50, 0x70, 0x40, 0x00, 0x48, 0x70, 0x48, 0x00, 0x50, 0x70, 0x48, 0x00,
    0x50, 0x70, 0x48, 0x00, 0x48, 0x70, 0x48, 0x00, 0x50, 0x70, 0x48, 0x00,
    0x50, 0x70, 0x48, 0x00, 0x48, 0x70, 0x48, 0x00, 0x50, 0x70, 0x48, 0x00,
    0x50, 0x70, 0x48, 0x00, 0x48, 0x70, 0x48, 0x00, 0x50, 0x70, 0x48, 0x00,
    0x50, 0x70, 0x48, 0x00, 0x48, 0x70, 0x48, 0x00, 0x50, 0x70, 0x48, 0x00,
    0x50, 0x70, 0x40, 0x00, 0x48, 0x70, 0x48, 0x00, 0x50, 0x70, 0x48, 0x00,
    0x50, 0x70, 0x48, 0x00, 0x48, 0x70, 0x48, 0x00, 0x50, 0x70, 0x48, 0x00,
    0x50, 0x70, 0x48, 0x00, 0x48, 0x70, 0x48, 0x00, 0x50, 0x70, 0x48, 0x00,
    0x50, 0x70, 0x48, 0x00, 0x48, 0x70, 0x48, 0x00, 0x48, 0x70, 0x48, 0x00,
    0x48, 0x70, 0x48, 0x00, 0x50, 0x70, 0x48, 0x00, 0x48, 0x70, 0x48, 0x00,
    0x50, 0x70, 0x40, 0x00, 0x50, 0x70, 0x48, 0x00, 0x48, 0x70, 0x48, 0x00,
    0x50, 0x70, 0x48, 0x00, 0x48, 0x70, 0x48, 0x00, 0x50, 0x70, 0x48, 0x00,
    0x48, 0x70, 0x48, 0x00, 0x48, 0x70, 0x48, 0x00, 0x50, 0x70, 0x48, 0x00,
    0x48, 0x70, 0x48, 0x00, 0x50, 0x70, 0x48, 0x00, 0x50, 0x70, 0x48, 0x00,
    0x48, 0x70, 0x48, 0x00, 0x48, 0x70, 0x48, 0x00, 0x50, 0x70, 0x48, 0x00,
    0x50, 0x70, 0x40, 0x00, 0x50, 0x70, 0x48, 0x00, 0x48, 0x70, 0x48, 0x00,
    0x48, 0x70, 0x48, 0x00, 0x50, 0x70, 0x40, 0x00, 0x48, 0x70, 0x48, 0x00,
    0x50, 0x70, 0x48, 0x00, 0x48, 0x70, 0x48, 0x00, 0x48, 0x70, 0x48, 0x00,
    0x50, 0x70, 0x48, 0x00, 0x48, 0x70, 0x48, 0x00, 0x48, 0x70, 0x48, 0x00,
    0x50, 0x70, 0x48, 0x00, 0x48, 0x70, 0x48, 0x00, 0x50, 0x70, 0x48, 0x00,
    0x48, 0x70, 0x48, 0x00, 0x48, 0x70, 0x40, 0x00, 0x50, 0x70, 0x48, 0x00,
    0x48, 0x70, 0x48, 0x00, 0x50, 0x70, 0x48, 0x00, 0x48, 0x70, 0x48, 0x00,
    0x48, 0x70, 0x48, 0x00, 0x50, 0x70, 0x48, 0x00, 0x48, 0x70, 0x48, 0x00,
    0x48, 0x70, 0x48, 0x00, 0x50, 0x70, 0x48, 0x00, 0x48, 0x70, 0x48, 0x00,
    0x48, 0x70, 0x48, 0x00, 0x50, 0x70, 0x48, 0x00, 0x48, 0x70, 0x48, 0x00,
    0x48, 0x70, 0x48, 0x00, 0x50, 0x70, 0x40, 0x00, 0x48, 0x70, 0x48, 0x00,
    0x48, 0x70, 0x48, 0x00, 0x50, 0x70, 0x48, 0x00, 0x48, 0x70, 0x48, 0x00,
    0x48, 0x70, 0x48, 0x00, 0x50, 0x70, 0x48, 0x00, 0x48, 0x70, 0x48, 0x00,
    0x48, 0x70, 0x48, 0x00, 0x50, 0x70, 0x48, 0x00, 0x48, 0x70, 0x48, 0x00,
    0x48, 0x70, 0x48, 0x00, 0x50, 0x70, 0x48, 0x00, 0x48, 0x70, 0x48, 0x00,
    0x48, 0x70, 0x48, 0x00, 0x50, 0x70, 0x40, 0x00, 0x48, 0x70, 0x48, 0x00,
    0x48, 0x70, 0x48, 0x00, 0x50, 0x70, 0x48, 0x00, 0x48, 0x70, 0x48, 0x00,
    0x48, 0x70, 0x48, 0x00, 0x50, 0x70, 0x48, 0x00, 0x48, 0x70, 0x48, 0x00,
    0x48, 0x70, 0x48, 0x00, 0x50, 0x70, 0x48, 0x00, 0x48, 0x70, 0x48, 0x00,
    0x48, 0x70, 0x48, 0x00, 0x50, 0x70, 0x48, 0x00, 0x48, 0x70, 0x48, 0x00,
    0x48, 0x70, 0x48, 0x00, 0x50, 0x70, 0x40, 0x00, 0x48, 0x70, 0x48, 0x00,
    0x48, 0x70, 0x48, 0x00, 0x50, 0x70, 0x48, 0x00, 0x48, 0x70, 0x48, 0x00,
    0x48, 0x70, 0x48, 0x00, 0x50, 0x70, 0x48, 0x00, 0x48, 0x70, 0x48, 0x00,
    0x48, 0x70, 0x48, 0x00, 0x50, 0x70, 0x48, 0x00, 0x48, 0x70, 0x48, 0x00,
    0x48, 0x70, 0x48, 0x00, 0x50, 0x70, 0x48, 0x00, 0x48, 0x70, 0x48, 0x00,
    0x48, 0x70, 0x48, 0x00, 0x50, 0x70, 0x40, 0x00, 0x48, 0x70, 0x48, 0x00,
    0x48, 0x70, 0x48, 0x00, 0x50, 0x70, 0x48, 0x00, 0x48, 0x70, 0x48, 0x00,
    0x48, 0x70, 0x48, 0x00, 0x50, 0x70, 0x48, 0x00, 0x48, 0x70, 0x48, 0x00,
    0x48, 0x70, 0x48, 0x00, 0x50, 0x70, 0x48, 0x00, 0x48, 0x70, 0x48, 0x00,
    0x48, 0x70, 0x48, 0x00, 0x50, 0x70, 0x48, 0x00, 0x48, 0x70, 0x48, 0x00,
    0x48, 0x70, 0x48, 0x00, 0x50, 0x70, 0x40, 0x00, 0x48, 0x70, 0x48, 0x00,
    0x48, 0x70, 0x48, 0x00, 0x50, 0x70, 0x48, 0x00, 0x48, 0x70, 0x48, 0x00,
    0x48, 0x70, 0x48, 0x00, 0x50, 0x70, 0x48, 0x00, 0x48, 0x70, 0x48, 0x00,
    0x48, 0x70, 0x48, 0x00, 0x50, 0x70, 0x48, 0x00, 0x48, 0x70, 0x48, 0x00,
    0x48, 0x70, 0x48, 0x00, 0x50, 0x70, 0x48, 0x00, 0x48, 0x70, 0x48, 0x00,
    0x48, 0x70, 0x48, 0x00, 0x50, 0x70, 0x40, 0x00, 0x48, 0x70, 0x48, 0x00,
    0x48, 0x70, 0x48, 0x00, 0x50, 0x70, 0x48, 0x00, 0x48, 0x70, 0x48, 0x00,
    0x48, 0x70, 0x48, 0x00, 0x50, 0x70, 0x48, 0x00, 0x48, 0x70, 0x48, 0x00,
    0x48, 0x70, 0x48, 0x00, 0x50, 0x70, 0x48, 0x00, 0x48, 0x70, 0x48, 0x00,
    0x48, 0x70, 0x48, 0x00, 0x50, 0x70, 0x48, 0x00, 0x48, 0x70, 0x48, 0x00,
    0x48, 0x70, 0x48, 0x00, 0x50, 0x70, 0x40, 0x00, 0x50, 0x70, 0x48, 0x00,
    0x48, 0x70, 0x48, 0x00, 0x50, 0x70, 0x48, 0x00, 0x50, 0x70, 0x48, 0x00,
    0x48, 0x70, 0x48, 0x00, 0x48, 0x70, 0x48, 0x00, 0x50, 0x70, 0x48, 0x00,
    0x48, 0x70, 0x48, 0x00, 0x50, 0x70, 0x48, 0x00, 0x48, 0x70, 0x48, 0x00,
    0x50, 0x70, 0x40, 0x00, 0x50, 0x70, 0x48, 0x00, 0x50, 0x70, 0x48, 0x00,
    0x48, 0x70, 0x48, 0x00, 0x50, 0x70, 0x48, 0x00, 0x48, 0x70, 0x40, 0x00,
    0x48, 0x70, 0x48, 0x00, 0x50, 0x70, 0x48, 0x00, 0x48, 0x70, 0x48, 0x00,
    0x50, 0x70, 0x48, 0x00, 0x48, 0x70, 0x48, 0x00, 0x48, 0x70, 0x48, 0x00,
    0x50, 0x70, 0x48, 0x00, 0x50, 0x70, 0x48, 0x00, 0x48, 0x70, 0x48, 0x00,
    0x50, 0x70, 0x48, 0x00, 0x50, 0x70, 0x48, 0x00, 0x48, 0x70, 0x48, 0x00,
    0x50, 0x70, 0x48, 0x00, 0x50, 0x70, 0x48, 0x00, 0x48, 0x70, 0x48, 0x00,
    0x50, 0x70, 0x40, 0x00, 0x50, 0x70, 0x48, 0x00, 0x48, 0x70, 0x48, 0x00,
    0x48, 0x70, 0x40, 0x00, 0x50, 0x70, 0x48, 0x00, 0x50, 0x70, 0x48, 0x00,
    0x48, 0x70, 0x48, 0x00, 0x48, 0x70, 0x48, 0x00, 0x50, 0x70, 0x48, 0x00,
    0x48, 0x70, 0x40, 0x00, 0x50, 0x70, 0x48, 0x00, 0x50, 0x70, 0x48, 0x00,
    0x48, 0x70, 0x48, 0x00, 0x50, 0x70, 0x48, 0x00, 0x50, 0x70, 0x48, 0x00,
    0x48, 0x70, 0x40, 0x00, 0x50, 0x70, 0x48, 0x00, 0x50, 0x70, 0x48, 0x00,
    0x48, 0x70, 0x40, 0x00, 0x50, 0x70, 0x48, 0x00, 0x50, 0x70, 0x48, 0x00,
    0x48, 0x70, 0x48, 0x00, 0x50, 0x70, 0x48, 0x00, 0x50, 0x70, 0x48, 0x00,
    0x48, 0x70, 0x40, 0x00, 0x50, 0x70, 0x48, 0x00, 0x50, 0x70, 0x48, 0x00,
    0x48, 0x70, 0x48, 0x00, 0x50, 0x70, 0x48, 0x00, 0x50, 0x70, 0x48, 0x00,
    0x48, 0x70, 0x40, 0x00, 0x50, 0x70, 0x48, 0x00, 0x50, 0x70, 0x48, 0x00,
    0x48, 0x70, 0x40, 0x00, 0x50, 0x70, 0x48, 0x00, 0x50, 0x70, 0x48, 0x00,
    0x48, 0x70, 0x48, 0x00, 0x50, 0x70, 0x48, 0x00, 0x50, 0x70, 0x48, 0x00,
    0x48, 0x70, 0x40, 0x00, 0x50, 0x70, 0x48, 0x00, 0x50, 0x70, 0x48, 0x00,
    0x48, 0x70, 0x48, 0x00, 0x50, 0x70, 0x48, 0x00, 0x50, 0x70, 0x48, 0x00,
    0x48, 0x70, 0x40, 0x00, 0x50, 0x70, 0x48, 0x00, 0x50, 0x70, 0x48, 0x00,
    0x48, 0x70, 0x40, 0x00, 0x50, 0x70, 0x48, 0x00, 0x50, 0x70, 0x48, 0x00,
    0x48, 0x70, 0x48, 0x00, 0x50, 0x70, 0x48, 0x00, 0x50, 0x70, 0x48, 0x00,
    0x48, 0x70, 0x40, 0x00, 0x50, 0x70, 0x48, 0x00, 0x50, 0x70, 0x48, 0x00,
    0x48, 0x70, 0x48, 0x00, 0x50, 0x70, 0x48, 0x00, 0x50, 0x70, 0x48, 0x00,
    0x48, 0x70, 0x40, 0x00, 0x50, 0x70, 0x48, 0x00, 0x50, 0x70, 0x48, 0x00,
    0x48, 0x70, 0x40, 0x00, 0x50, 0x70, 0x48, 0x00, 0x50, 0x70, 0x48, 0x00,
    0x48, 0x70, 0x48, 0x00, 0x50, 0x70, 0x48, 0x00, 0x50, 0x70, 0x48, 0x00,
    0x48, 0x70, 0x40, 0x00, 0x50, 0x70, 0x48, 0x00, 0x50, 0x70, 0x48, 0x00,
    0x48, 0x70, 0x48, 0x00, 0x50, 0x70, 0x48, 0x00, 0x50, 0x70, 0x48, 0x00,
    0x48, 0x70, 0x40, 0x00, 0x50, 0x70, 0x48, 0x00, 0x50, 0x70, 0x48, 0x00,
    0x48, 0x70, 0x40, 0x00, 0x50, 0x70, 0x48, 0x00, 0x50, 0x70, 0x48, 0x00,
    0x48, 0x70, 0x48, 0x00, 0x50, 0x70, 0x48, 0x00, 0x50, 0x70, 0x48, 0x00,
    0x48, 0x70, 0x40, 0x00, 0x50, 0x70, 0x48, 0x00, 0x50, 0x70, 0x48, 0x00,
    0x48, 0x70, 0x48, 0x00, 0x50, 0x70, 0x48, 0x00, 0x50, 0x70, 0x48, 0x00,
    0x48, 0x70, 0x40, 0x00, 0x50, 0x70, 0x48, 0x00, 0x50, 0x70, 0x48, 0x00,
    0x48, 0x70, 0x40, 0x00, 0x50, 0x70, 0x48, 0x00, 0x50, 0x70, 0x48, 0x00,
    0x48, 0x70, 0x48, 0x00, 0x50, 0x70, 0x48, 0x00, 0x50, 0x70, 0x48, 0x00,
    0x48, 0x70, 0x40, 0x00, 0x50, 0x70, 0x48, 0x00, 0x50, 0x70, 0x48, 0x00,
    0x48, 0x70, 0x48, 0x00, 0x50, 0x70, 0x48, 0x00, 0x50, 0x70, 0x48, 0x00,
    0x48, 0x70, 0x40, 0x00, 0x50, 0x70, 0x48, 0x00, 0x50, 0x70, 0x48, 0x00,
    0x48, 0x70, 0x40, 0x00, 0x50, 0x70, 0x48, 0x00, 0x48, 0x70, 0x48, 0x00,
    0x48, 0x70, 0x48, 0x00, 0x50, 0x70, 0x48, 0x00, 0x48, 0x70, 0x48, 0x00,
    0x50, 0x70, 0x40, 0x00, 0x50, 0x70, 0x48, 0x00, 0x48, 0x70, 0x48, 0x00,
    0x50, 0x70, 0x48, 0x00, 0x48, 0x70, 0x48, 0x00, 0x50, 0x70, 0x48, 0x00,
    0x48, 0x70, 0x48, 0x00, 0x48, 0x70, 0x48, 0x00, 0x50, 0x70, 0x48, 0x00,
    0x48, 0x70, 0x48, 0x00, 0x48, 0x70, 0x40, 0x00, 0x50, 0x70, 0x48, 0x00,
    0x50, 0x70, 0x48, 0x00, 0x48, 0x70, 0x48, 0x00, 0x50, 0x70, 0x48, 0x00,
    0x48, 0x70, 0x48, 0x00, 0x50, 0x70, 0x48, 0x00, 0x50, 0x70, 0x48, 0x00,
    0x48, 0x70, 0x48, 0x00, 0x48, 0x70, 0x48, 0x00, 0x50, 0x70, 0x48, 0x00,
    0x48, 0x70, 0x40, 0x00, 0x50, 0x70, 0x48, 0x00, 0x48, 0x70, 0x48, 0x00,
    0x48, 0x70, 0x48, 0x00, 0x50, 0x70, 0x40, 0x00, 0x48, 0x70, 0x48, 0x00,
    0x50, 0x70, 0x48, 0x00, 0x48, 0x70, 0x48, 0x00, 0x48, 0x70, 0x48, 0x00,
    0x50, 0x70, 0x48, 0x00, 0x50, 0x70, 0x48, 0x00, 0x48, 0x70, 0x48, 0x00,
    0x50, 0x70, 0x48, 0x00, 0x50, 0x70, 0x48, 0x00, 0x48, 0x70, 0x48, 0x00,
    0x50, 0x70, 0x48, 0x00, 0x50, 0x70, 0x48, 0x00, 0x48, 0x70, 0x48, 0x00,
    0x48, 0x70, 0x48, 0x00, 0x50, 0x70, 0x40, 0x00, 0x48, 0x70, 0x48, 0x00,
    0x50, 0x70, 0x48, 0x00, 0x48, 0x70, 0x48, 0x00, 0x48, 0x70, 0x48, 0x00,
    0x50, 0x70, 0x48, 0x00, 0x48, 0x70, 0x48, 0x00, 0x48, 0x70, 0x48, 0x00,
    0x50, 0x70, 0x48, 0x00, 0x48, 0x70, 0x48, 0x00, 0x48, 0x70, 0x48, 0x00,
    0x50, 0x70, 0x48, 0x00, 0x48, 0x70, 0x48, 0x00, 0x48, 0x70, 0x48, 0x00,
    0x50, 0x70, 0x48, 0x00, 0x48, 0x70, 0x40, 0x00, 0x48, 0x70, 0x48, 0x00,
    0x50, 0x70, 0x48, 0x00, 0x48, 0x70, 0x48, 0x00, 0x48, 0x70, 0x48, 0x00,
    0x50, 0x70, 0x48, 0x00, 0x48, 0x70, 0x48, 0x00, 0x48, 0x70, 0x48, 0x00,
    0x50, 0x70, 0x48, 0x00, 0x48, 0x70, 0x48, 0x00, 0x48, 0x70, 0x48, 0x00,
    0x50, 0x70, 0x48, 0x00, 0x48, 0x70, 0x48, 0x00, 0x48, 0x70, 0x48, 0x00,
    0x50, 0x70, 0x48, 0x00, 0x48, 0x70, 0x40, 0x00, 0x48, 0x70, 0x48, 0x00,
    0x50, 0x70, 0x48, 0x00, 0x48, 0x70, 0x48, 0x00, 0x48, 0x70, 0x48, 0x00,
    0x50, 0x70, 0x48, 0x00, 0x48, 0x70, 0x48, 0x00, 0x48, 0x70, 0x48, 0x00,
    0x50, 0x70, 0x48, 0x00, 0x48, 0x70, 0x48, 0x00, 0x48, 0x70, 0x48, 0x00,
    0x50, 0x70, 0x48, 0x00, 0x48, 0x70, 0x48, 0x00, 0x48, 0x70, 0x48, 0x00,
    0x50, 0x70, 0x48, 0x00, 0x48, 0x70, 0x40, 0x00, 0x48, 0x70, 0x48, 0x00,
    0x50, 0x70, 0x48, 0x00, 0x48, 0x70, 0x48, 0x00, 0x48, 0x70, 0x48, 0x00,
    0x50, 0x70, 0x48, 0x00, 0x48, 0x70, 0x48, 0x00, 0x48, 0x70, 0x48, 0x00,
    0x50, 0x70, 0x48, 0x00, 0x48, 0x70, 0x48, 0x00, 0x48, 0x70, 0x48, 0x00,
    0x50, 0x70, 0x48, 0x00, 0x48, 0x70, 0x48, 0x00, 0x48, 0x70, 0x48, 0x00,
    0x50, 0x70, 0x48, 0x00, 0x48, 0x70, 0x40, 0x00, 0x48, 0x70, 0x48, 0x00,
    0x50, 0x70, 0x48, 0x00, 0x48, 0x70, 0x48, 0x00, 0x48, 0x70, 0x48, 0x00,
    0x50, 0x70, 0x48, 0x00, 0x48, 0x70, 0x48, 0x00, 0x48, 0x70, 0x48, 0x00,
    0x50, 0x70, 0x48, 0x00, 0x48, 0x70, 0x48, 0x00, 0x48, 0x70, 0x48, 0x00,
    0x50, 0x70, 0x48, 0x00, 0x48, 0x70, 0x48, 0x00, 0x48, 0x70, 0x48, 0x00,
    0x50, 0x70, 0x48, 0x00, 0x48, 0x70, 0x40, 0x00, 0x48, 0x70, 0x48, 0x00,
    0x50, 0x70, 0x48, 0x00, 0x48, 0x70, 0x48, 0x00, 0x48, 0x70, 0x48, 0x00,
    0x50, 0x70, 0x48, 0x00, 0x48, 0x70, 0x48, 0x00, 0x48, 0x70, 0x48, 0x00,
    0x50, 0x70, 0x48, 0x00, 0x48, 0x70, 0x48, 0x00, 0x48, 0x70, 0x48, 0x00,
    0x50, 0x70, 0x48, 0x00, 0x48, 0x70, 0x48, 0x00, 0x48, 0x70, 0x48, 0x00,
    0x50, 0x70, 0x48, 0x00, 0x48, 0x70, 0x40, 0x00, 0x48, 0x70, 0x48, 0x00,
    0x50, 0x70, 0x48, 0x00, 0x48, 0x70, 0x48, 0x00, 0x48, 0x70, 0x48, 0x00,
    0x50, 0x70, 0x48, 0x00, 0x48, 0x70, 0x48, 0x00, 0x50, 0x70, 0x48, 0x00,
    0x50, 0x70, 0x48, 0x00, 0x50, 0x70, 0x48, 0x00, 0x48, 0x70, 0x48, 0x00,
    0x48, 0x70, 0x48, 0x00, 0x50, 0x70, 0x48, 0x00, 0x48, 0x70, 0x48, 0x00,
    0x48, 0x70, 0x48, 0x00, 0x50, 0x70, 0x40, 0x00, 0x48, 0x70, 0x48, 0x00,
    0x50, 0x70, 0x48, 0x00, 0x50, 0x70, 0x40, 0x00, 0x48, 0x70, 0x48, 0x00,
    0x50, 0x70, 0x48, 0x00, 0x48, 0x70, 0x48, 0x00, 0x50, 0x70, 0x48, 0x00,
    0x48, 0x70, 0x48, 0x00, 0x50, 0x70, 0x48, 0x00, 0x48, 0x70, 0x48, 0x00,
    0x50, 0x70, 0x48, 0x00, 0x48, 0x70, 0x48, 0x00, 0x48, 0x70, 0x48, 0x00,
    0x50, 0x70, 0x48, 0x00, 0x48, 0x70, 0x40, 0x00, 0x50, 0x70, 0x48, 0x00,
    0x50, 0x70, 0x48, 0x00, 0x48, 0x70, 0x48, 0x00, 0x50, 0x70, 0x48, 0x00,
    0x48, 0x70, 0x48, 0x00, 0x50, 0x70, 0x48, 0x00, 0x50, 0x70, 0x48, 0x00,
    0x48, 0x70, 0x48, 0x00, 0x48, 0x70, 0x48, 0x00, 0x50, 0x70, 0x40, 0x00,
    0x50, 0x70, 0x48, 0x00, 0x48, 0x70, 0x48, 0x00, 0x48, 0x70, 0x48, 0x00,
    0x50, 0x70, 0x48, 0x00, 0x48, 0x70, 0x48, 0x00, 0x48, 0x70, 0x40, 0x00,
    0x50, 0x70, 0x48, 0x00, 0x48, 0x70, 0x48, 0x00, 0x48, 0x70, 0x40, 0x00,
    0x50, 0x70, 0x48, 0x00, 0x50, 0x70, 0x48, 0x00, 0x48, 0x70, 0x48, 0x00,
    0x48, 0x70, 0x48, 0x00, 0x50, 0x70, 0x48, 0x00, 0x48, 0x70, 0x48, 0x00,
    0x50, 0x70, 0x40, 0x00, 0x50, 0x70, 0x48, 0x00, 0x48, 0x70, 0x48, 0x00,
    0x50, 0x70, 0x48, 0x00, 0x50, 0x70, 0x48, 0x00, 0x48, 0x70, 0x40, 0x00,
    0x50, 0x70, 0x48, 0x00, 0x50, 0x70, 0x48, 0x00, 0x48, 0x70, 0x40, 0x00,
    0x50, 0x70, 0x48, 0x00, 0x50, 0x70, 0x48, 0x00, 0x48, 0x70, 0x48, 0x00,
    0x50, 0x70, 0x48, 0x00, 0x50, 0x70, 0x48, 0x00, 0x48, 0x70, 0x48, 0x00,
    0x50, 0x70, 0x40, 0x00, 0x50, 0x70, 0x48, 0x00, 0x48, 0x70, 0x48, 0x00,
    0x50, 0x70, 0x48, 0x00, 0x50, 0x70, 0x48, 0x00, 0x48, 0x70, 0x40, 0x00,
    0x50, 0x70, 0x48, 0x00, 0x50, 0x70, 0x48, 0x00, 0x48, 0x70, 0x40, 0x00,
    0x50, 0x70, 0x48, 0x00, 0x50, 0x70, 0x48, 0x00, 0x48, 0x70, 0x48, 0x00,
    0x50, 0x70, 0x48, 0x00, 0x50, 0x70, 0x48, 0x00, 0x48, 0x70, 0x48, 0x00,
    0x50, 0x70, 0x40, 0x00, 0x50, 0x70, 0x48, 0x00, 0x48, 0x70, 0x48, 0x00,
    0x50, 0x70, 0x48, 0x00, 0x50, 0x70, 0x48, 0x00, 0x48, 0x70, 0x40, 0x00,
    0x50, 0x70, 0x48, 0x00, 0x50, 0x70, 0x48, 0x00, 0x48, 0x70, 0x40, 0x00,
    0x50, 0x70, 0x48, 0x00, 0x50, 0x70, 0x48, 0x00, 0x48, 0x70, 0x48, 0x00,
    0x50, 0x70, 0x48, 0x00, 0x50, 0x70, 0x48, 0x00, 0x48, 0x70, 0x48, 0x00,
    0x50, 0x70, 0x40, 0x00, 0x50, 0x70, 0x48, 0x00, 0x48, 0x70, 0x48, 0x00,
    0x50, 0x70, 0x48, 0x00, 0x50, 0x70, 0x48, 0x00, 0x48, 0x70, 0x40, 0x00,
    0x50, 0x70, 0x48, 0x00, 0x50, 0x70, 0x48, 0x00, 0x48, 0x70, 0x40, 0x00,
    0x50, 0x70, 0x48, 0x00, 0x50, 0x70, 0x48, 0x00, 0x48, 0x70, 0x48, 0x00,
    0x50, 0x70, 0x48, 0x00, 0x50, 0x70, 0x48, 0x00, 0x48, 0x70, 0x48, 0x00,
    0x50, 0x70, 0x40, 0x00, 0x50, 0x70, 0x48, 0x00, 0x48, 0x70, 0x48, 0x00,
    0x50, 0x70, 0x48, 0x00, 0x50, 0x70, 0x48, 0x00, 0x48, 0x70, 0x40, 0x00,
    0x50, 0x70, 0x48, 0x00, 0x50, 0x70, 0x48, 0x00, 0x48, 0x70, 0x40, 0x00,
    0x50, 0x70, 0x48, 0x00, 0x50, 0x70, 0x48, 0x00, 0x48, 0x70, 0x48, 0x00,
    0x50, 0x70, 0x48, 0x00, 0x50, 0x70, 0x48, 0x00, 0x48, 0x70, 0x48, 0x00,
    0x50, 0x70, 0x40, 0x00, 0x50, 0x70, 0x48, 0x00, 0x48, 0x70, 0x48, 0x00,
    0x50, 0x70, 0x48, 0x00, 0x50, 0x70, 0x48, 0x00, 0x48, 0x70, 0x40, 0x00,
    0x50, 0x70, 0x48, 0x00, 0x50, 0x70, 0x48, 0x00, 0x48, 0x70, 0x40, 0x00,
    0x50, 0x70, 0x48, 0x00, 0x50, 0x70, 0x48, 0x00, 0x48, 0x70, 0x48, 0x00,
    0x50, 0x70, 0x48, 0x00, 0x50, 0x70, 0x48, 0x00, 0x48, 0x70, 0x48, 0x00,
    0x50, 0x70, 0x40, 0x00, 0x50, 0x70, 0x48, 0x00, 0x48, 0x70, 0x48, 0x00,
    0x48, 0x70, 0x48, 0x00, 0x48, 0x70, 0x48, 0x00, 0x50, 0x70, 0x40, 0x00,
    0x48, 0x70, 0x48, 0x00, 0x50, 0x70, 0x48, 0x00, 0x50, 0x70, 0x40, 0x00,
    0x48, 0x70, 0x48, 0x00, 0x50, 0x70, 0x48, 0x00, 0x48, 0x70, 0x48, 0x00,
    0x50, 0x70, 0x48, 0x00, 0x48, 0x70, 0x48, 0x00, 0x48, 0x70, 0x48, 0x00,
    0x50, 0x70, 0x48, 0x00, 0x48, 0x70, 0x48, 0x00, 0x50, 0x70, 0x40, 0x00,
    0x50, 0x70, 0x48, 0x00, 0x48, 0x70, 0x48, 0x00, 0x50, 0x70, 0x48, 0x00,
    0x48, 0x70, 0x48, 0x00, 0x48, 0x70, 0x40, 0x00, 0x50, 0x70, 0x48, 0x00,
    0x48, 0x70, 0x48, 0x00, 0x50, 0x70, 0x48, 0x00, 0x48, 0x70, 0x48, 0x00,
    0x48, 0x70, 0x48, 0x00, 0x50, 0x70, 0x48, 0x00, 0x48, 0x70, 0x48, 0x00,
    0x50, 0x70, 0x40, 0x00, 0x48, 0x70, 0x48, 0x00, 0x48, 0x70, 0x48, 0x00,
    0x50, 0x70, 0x40, 0x00, 0x50, 0x70, 0x48, 0x00, 0x48, 0x70, 0x48, 0x00,
    0x50, 0x70, 0x48, 0x00, 0x48, 0x70, 0x48, 0x00, 0x50, 0x70, 0x48, 0x00,
    0x50, 0x70, 0x48, 0x00, 0x48, 0x70, 0x40, 0x00, 0x50, 0x70, 0x48, 0x00,
    0x50, 0x70, 0x48, 0x00, 0x48, 0x70, 0x48, 0x00, 0x50, 0x70, 0x48, 0x00,
    0x50, 0x70, 0x48, 0x00, 0x48, 0x70, 0x48, 0x00, 0x48, 0x70, 0x48, 0x00,
    0x50, 0x70, 0x48, 0x00, 0x50, 0x70, 0x48, 0x00, 0x48, 0x70, 0x48, 0x00,
    0x50, 0x70, 0x48, 0x00, 0x48, 0x70, 0x48, 0x00, 0x50, 0x70, 0x48, 0x00,
    0x48, 0x70, 0x48, 0x00, 0x48, 0x70, 0x48, 0x00, 0x50, 0x70, 0x40, 0x00,
    0x48, 0x70, 0x48, 0x00, 0x48, 0x70, 0x48, 0x00, 0x50, 0x70, 0x48, 0x00,
    0x48, 0x70, 0x48, 0x00, 0x48, 0x70, 0x48, 0x00, 0x50, 0x70, 0x48, 0x00,
    0x48, 0x70, 0x48, 0x00, 0x48, 0x70, 0x48, 0x00, 0x50, 0x70, 0x48, 0x00,
    0x48, 0x70, 0x48, 0x00, 0x48, 0x70, 0x48, 0x00, 0x50, 0x70, 0x48, 0x00,
    0x48, 0x70, 0x48, 0x00, 0x48, 0x70, 0x48, 0x00, 0x50, 0x70, 0x40, 0x00,
    0x48, 0x70, 0x48, 0x00, 0x48, 0x70, 0x48, 0x00, 0x50, 0x70, 0x48, 0x00,
    0x48, 0x70, 0x48, 0x00, 0x48, 0x70, 0x48, 0x00, 0x50, 0x70, 0x48, 0x00,
    0x48, 0x70, 0x48, 0x00, 0x48, 0x70, 0x48, 0x00, 0x50, 0x70, 0x48, 0x00,
    0x48, 0x70, 0x48, 0x00, 0x48, 0x70, 0x48, 0x00, 0x50, 0x70, 0x48, 0x00,
    0x48, 0x70, 0x48, 0x00, 0x48, 0x70, 0x48, 0x00, 0x50, 0x70, 0x40, 0x00,
    0x48, 0x70, 0x48, 0x00, 0x48, 0x70, 0x48, 0x00, 0x50, 0x70, 0x48, 0x00,
    0x48, 0x70, 0x48, 0x00, 0x48, 0x70, 0x48, 0x00, 0x50, 0x70, 0x48, 0x00,
    0x48, 0x70, 0x48, 0x00, 0x48, 0x70, 0x48, 0x00, 0x50, 0x70, 0x48, 0x00,
    0x48, 0x70, 0x48, 0x00, 0x48, 0x70, 0x48, 0x00, 0x50, 0x70, 0x48, 0x00,
    0x48, 0x70, 0x48, 0x00, 0x48, 0x70, 0x48, 0x00, 0x50, 0x70, 0x40, 0x00,
    0x48, 0x70, 0x48, 0x00, 0x48, 0x70, 0x48, 0x00, 0x50, 0x70, 0x48, 0x00,
    0x48, 0x70, 0x48, 0x00, 0x48, 0x70, 0x48, 0x00, 0x50, 0x70, 0x48, 0x00,
    0x48, 0x70, 0x48, 0x00, 0x48, 0x70, 0x48, 0x00, 0x50, 0x70, 0x48, 0x00,
    0x48, 0x70, 0x48, 0x00, 0x48, 0x70, 0x48, 0x00, 0x50, 0x70, 0x48, 0x00,
    0x48, 0x70, 0x48, 0x00, 0x48, 0x70, 0x48, 0x00, 0x50, 0x70, 0x40, 0x00,
    0x48, 0x70, 0x48, 0x00, 0x48, 0x70, 0x48, 0x00, 0x50, 0x70, 0x48, 0x00,
    0x48, 0x70, 0x48, 0x00, 0x48, 0x70, 0x48, 0x00, 0x50, 0x70, 0x48, 0x00,
    0x48, 0x70, 0x48, 0x00, 0x48, 0x70, 0x48, 0x00, 0x50, 0x70, 0x48, 0x00,
    0x48, 0x70, 0x48, 0x00, 0x48, 0x70, 0x48, 0x00, 0x50, 0x70, 0x48, 0x00,
    0x48, 0x70, 0x48, 0x00, 0x48, 0x70, 0x48, 0x00, 0x50, 0x70, 0x40, 0x00,
    0x48, 0x70, 0x48, 0x00, 0x48, 0x70, 0x48, 0x00, 0x50, 0x70, 0x48, 0x00,
    0x48, 0x70, 0x48, 0x00, 0x48, 0x70, 0x48, 0x00, 0x50, 0x70, 0x48, 0x00,
    0x48, 0x70, 0x48, 0x00, 0x48, 0x70, 0x48, 0x00, 0x50, 0x70, 0x48, 0x00,
    0x48, 0x70, 0x48, 0x00, 0x48, 0x70, 0x48, 0x00, 0x50, 0x70, 0x48, 0x00,
    0x50, 0x70, 0x48, 0x00, 0x48, 0x70, 0x48, 0x00, 0x50, 0x70, 0x40, 0x00,
    0x50, 0x70, 0x48, 0x00, 0x48, 0x70, 0x48, 0x00, 0x48, 0x70, 0x48, 0x00,
    0x50, 0x70, 0x48, 0x00, 0x48, 0x70, 0x48, 0x00, 0x50, 0x70, 0x48, 0x00,
    0x48, 0x70, 0x48, 0x00, 0x50, 0x70, 0x48, 0x00, 0x50, 0x70, 0x48, 0x00,
    0x48, 0x70, 0x48, 0x00, 0x50, 0x70, 0x48, 0x00, 0x48, 0x70, 0x48, 0x00,
    0x48, 0x70, 0x48, 0x00, 0x50, 0x70, 0x48, 0x00, 0x48, 0x70, 0x48, 0x00,
    0x48, 0x70, 0x48, 0x00, 0x50, 0x70, 0x48, 0x00, 0x50, 0x70, 0x48, 0x00,
    0x48, 0x70, 0x48, 0x00, 0x50, 0x70, 0x48, 0x00, 0x50, 0x70, 0x48, 0x00,
    0x48, 0x70, 0x48, 0x00, 0x50, 0x70, 0x48, 0x00, 0x50, 0x70, 0x48, 0x00,
    0x48, 0x70, 0x48, 0x00, 0x48, 0x70, 0x48, 0x00, 0x50, 0x70, 0x48, 0x00,
    0x50, 0x70, 0x48, 0x00, 0x48, 0x70, 0x48, 0x00, 0x48, 0x70, 0x48, 0x00,
    0x50, 0x70, 0x48, 0x00, 0x48, 0x70, 0x48, 0x00, 0x50, 0x70, 0x48, 0x00,
    0x48, 0x70, 0x48, 0x00, 0x48, 0x70, 0x48, 0x00, 0x50, 0x70, 0x48, 0x00,
    0x48, 0x70, 0x48, 0x00, 0x48, 0x70, 0x48, 0x00, 0x50, 0x70, 0x48, 0x00,
    0x48, 0x70, 0x48, 0x00, 0x48, 0x70, 0x48, 0x00, 0x50, 0x70, 0x48, 0x00,
    0x50, 0x70, 0x48, 0x00, 0x48, 0x70, 0x40, 0x00, 0x48, 0x70, 0x48, 0x00,
    0x50, 0x70, 0x48, 0x00, 0x50, 0x70, 0x40, 0x00, 0x48, 0x70, 0x48, 0x00,
    0x50, 0x70, 0x48, 0x00, 0x48, 0x70, 0x48, 0x00, 0x50, 0x70, 0x48, 0x00,
    0x50, 0x70, 0x48, 0x00, 0x48, 0x70, 0x48, 0x00, 0x50, 0x70, 0x48, 0x00,
    0x50, 0x70, 0x48, 0x00, 0x48, 0x70, 0x48, 0x00, 0x50, 0x70, 0x48, 0x00,
    0x50, 0x70, 0x48, 0x00, 0x48, 0x70, 0x40, 0x00, 0x50, 0x70, 0x48, 0x00,
    0x50, 0x70, 0x48, 0x00, 0x48, 0x70, 0x40, 0x00, 0x50, 0x70, 0x48, 0x00,
    0x50, 0x70, 0x48, 0x00, 0x48, 0x70, 0x48, 0x00, 0x50, 0x70, 0x48, 0x00,
    0x50, 0x70, 0x48, 0x00, 0x48, 0x70, 0x48, 0x00, 0x50, 0x70, 0x48, 0x00,
    0x50, 0x70, 0x48, 0x00, 0x48, 0x70, 0x48, 0x00, 0x50, 0x70, 0x48, 0x00,
    0x50, 0x70, 0x48, 0x00, 0x48, 0x70, 0x40, 0x00, 0x50, 0x70, 0x48, 0x00,
    0x50, 0x70, 0x48, 0x00, 0x48, 0x70, 0x40, 0x00, 0x50, 0x70, 0x48, 0x00,
    0x50, 0x70, 0x48, 0x00, 0x48, 0x70, 0x48, 0x00, 0x50, 0x70, 0x48, 0x00,
    0x50, 0x70, 0x48, 0x00, 0x48, 0x70, 0x48, 0x00, 0x50, 0x70, 0x48, 0x00,
    0x50, 0x70, 0x48, 0x00, 0x48, 0x70, 0x48, 0x00, 0x50, 0x70, 0x48, 0x00,
    0x50, 0x70, 0x48, 0x00, 0x48, 0x70, 0x40, 0x00, 0x50, 0x70, 0x48, 0x00,
    0x50, 0x70, 0x48, 0x00, 0x48, 0x70, 0x40, 0x00, 0x50, 0x70, 0x48, 0x00,
    0x50, 0x70, 0x48, 0x00, 0x48, 0x70, 0x48, 0x00, 0x50, 0x70, 0x48, 0x00,
    0x50, 0x70, 0x48, 0x00, 0x48, 0x70, 0x48, 0x00, 0x50, 0x70, 0x48, 0x00,
    0x50, 0x70, 0x48, 0x00, 0x48, 0x70, 0x48, 0x00, 0x50, 0x70, 0x48, 0x00,
    0x50, 0x70, 0x48, 0x00, 0x48, 0x70, 0x40, 0x00, 0x50, 0x70, 0x48, 0x00,
    0x50, 0x70, 0x48, 0x00, 0x48, 0x70, 0x40, 0x00, 0x50, 0x70, 0x48, 0x00,
    0x50, 0x70, 0x48, 0x00, 0x48, 0x70, 0x48, 0x00, 0x50, 0x70, 0x48, 0x00,
    0x50, 0x70, 0x48, 0x00, 0x48, 0x70, 0x48, 0x00, 0x50, 0x70, 0x48, 0x00,
    0x50, 0x70, 0x48, 0x00, 0x48, 0x70, 0x48, 0x00, 0x50, 0x70, 0x48, 0x00,
    0x50, 0x70, 0x48, 0x00, 0x48, 0x70, 0x40, 0x00, 0x50, 0x70, 0x48, 0x00,
    0x50, 0x70, 0x48, 0x00, 0x48, 0x70, 0x40, 0x00, 0x50, 0x70, 0x48, 0x00,
    0x50, 0x70, 0x48, 0x00, 0x48, 0x70, 0x48, 0x00, 0x50, 0x70, 0x48, 0x00,
    0x50, 0x70, 0x48, 0x00, 0x48, 0x70, 0x48, 0x00, 0x50, 0x70, 0x48, 0x00,
    0x50, 0x70, 0x48, 0x00, 0x48, 0x70, 0x48, 0x00, 0x50, 0x70, 0x48, 0x00,
    0x50, 0x70, 0x48, 0x00, 0x48, 0x70, 0x40, 0x00, 0x50, 0x70, 0x48, 0x00,
    0x50, 0x70, 0x48, 0x00, 0x48, 0x70, 0x40, 0x00, 0x50, 0x70, 0x48, 0x00,
    0x48, 0x70, 0x48, 0x00, 0x48, 0x70, 0x48, 0x00, 0x50, 0x70, 0x48, 0x00,
    0x48, 0x70, 0x48, 0x00, 0x50, 0x70, 0x48, 0x00, 0x50, 0x70, 0x48, 0x00,
    0x48, 0x70, 0x48, 0x00, 0x50, 0x70, 0x48, 0x00, 0x48, 0x70, 0x48, 0x00,
    0x50, 0x70, 0x48, 0x00, 0x48, 0x70, 0x40, 0x00, 0x48, 0x70, 0x48, 0x00,
    0x50, 0x70, 0x48, 0x00, 0x48, 0x70, 0x40, 0x00, 0x50, 0x70, 0x48, 0x00,
    0x50, 0x70, 0x48, 0x00, 0x48, 0x70, 0x40, 0x00, 0x50, 0x70, 0x48, 0x00,
    0x50, 0x70, 0x48, 0x00, 0x48, 0x70, 0x48, 0x00, 0x50, 0x70, 0x40, 0x00,
    0x48, 0x70, 0x48, 0x00, 0x50, 0x70, 0x48, 0x00, 0x48, 0x70, 0x48, 0x00,
    0x48, 0x70, 0x48, 0x00, 0x50, 0x70, 0x48, 0x00, 0x48, 0x70, 0x48, 0x00,
    0x50, 0x70, 0x48, 0x00, 0x50, 0x70, 0x40, 0x00, 0x48, 0x70, 0x48, 0x00,
    0x50, 0x70, 0x48, 0x00, 0x48, 0x70, 0x48, 0x00, 0x50, 0x70, 0x48, 0x00,
    0x50, 0x70, 0x48, 0x00, 0x48, 0x70, 0x48, 0x00, 0x48, 0x70, 0x48, 0x00,
    0x50, 0x70, 0x40, 0x00, 0x48, 0x70, 0x48, 0x00, 0x50, 0x70, 0x48, 0x00,
    0x48, 0x70, 0x40, 0x00, 0x50, 0x70, 0x48, 0x00, 0x50, 0x70, 0x48, 0x00,
    0x48, 0x70, 0x48, 0x00, 0x50, 0x70, 0x40, 0x00, 0x50, 0x70, 0x48, 0x00,
    0x48, 0x70, 0x48, 0x00, 0x48, 0x70, 0x40, 0x00, 0x50, 0x70, 0x48, 0x00,
    0x50, 0x70, 0x48, 0x00, 0x48, 0x70, 0x48, 0x00, 0x48, 0x70, 0x48, 0x00,
    0x50, 0x70, 0x48, 0x00, 0x48, 0x70, 0x48, 0x00, 0x48, 0x70, 0x40, 0x00,
    0x50, 0x70, 0x48, 0x00, 0x48, 0x70, 0x48, 0x00, 0x50, 0x70, 0x40, 0x00,
    0x48, 0x70, 0x48, 0x00, 0x48, 0x70, 0x48, 0x00, 0x50, 0x70, 0x48, 0x00,
    0x48, 0x70, 0x40, 0x00, 0x50, 0x70, 0x48, 0x00, 0x48, 0x70, 0x48, 0x00,
    0x48, 0x70, 0x48, 0x00, 0x50, 0x70, 0x48, 0x00, 0x48, 0x70, 0x48, 0x00,
    0x48, 0x70, 0x48, 0x00, 0x50, 0x70, 0x48, 0x00, 0x48, 0x70, 0x40, 0x00,
    0x48, 0x70, 0x48, 0x00, 0x50, 0x70, 0x48, 0x00, 0x48, 0x70, 0x40, 0x00,
    0x48, 0x70, 0x48, 0x00, 0x50, 0x70, 0x48, 0x00, 0x48, 0x70, 0x48, 0x00,
    0x48, 0x70, 0x40, 0x00, 0x50, 0x70, 0x48, 0x00, 0x48, 0x70, 0x48, 0x00,
    0x48, 0x70, 0x48, 0x00, 0x50, 0x70, 0x48, 0x00, 0x48, 0x70, 0x48, 0x00,
    0x48, 0x70, 0x48, 0x00, 0x50, 0x70, 0x48, 0x00, 0x48, 0x70, 0x40, 0x00,
    0x48, 0x70, 0x48, 0x00, 0x50, 0x70, 0x48, 0x00, 0x48, 0x70, 0x40, 0x00,
    0x48, 0x70, 0x48, 0x00, 0x50, 0x70, 0x48, 0x00, 0x48, 0x70, 0x48, 0x00,
    0x48, 0x70, 0x40, 0x00, 0x50, 0x70, 0x48, 0x00, 0x48, 0x70, 0x48, 0x00,
    0x48, 0x70, 0x48, 0x00, 0x50, 0x70, 0x48, 0x00, 0x48, 0x70, 0x48, 0x00,
    0x48, 0x70, 0x48, 0x00, 0x50, 0x70, 0x48, 0x00, 0x48, 0x70, 0x40, 0x00,
    0x48, 0x70, 0x48, 0x00, 0x50, 0x70, 0x48, 0x00, 0x48, 0x70, 0x40, 0x00,
    0x48, 0x70, 0x48, 0x00, 0x50, 0x70, 0x48, 0x00, 0x48, 0x70, 0x48, 0x00,
    0x48, 0x70, 0x40, 0x00, 0x50, 0x70, 0x48, 0x00, 0x48, 0x70, 0x48, 0x00,
    0x48, 0x70, 0x48, 0x00, 0x50, 0x70, 0x48, 0x00, 0x48, 0x70, 0x48, 0x00,
    0x48, 0x70, 0x48, 0x00, 0x50, 0x70, 0x48, 0x00, 0x48, 0x70, 0x40, 0x00,
    0x48, 0x70, 0x48, 0x00, 0x50, 0x70, 0x48, 0x00, 0x48, 0x70, 0x40, 0x00,
    0x48, 0x70, 0x48, 0x00, 0x50, 0x70, 0x48, 0x00, 0x48, 0x70, 0x48, 0x00,
    0x48, 0x70, 0x40, 0x00, 0x50, 0x70, 0x48, 0x00, 0x48, 0x70, 0x48, 0x00,
    0x48, 0x70, 0x48, 0x00, 0x50, 0x70, 0x48, 0x00, 0x48, 0x70, 0x48, 0x00,
    0x48, 0x70, 0x48, 0x00, 0x50, 0x70, 0x48, 0x00, 0x48, 0x70, 0x40, 0x00,
    0x48, 0x70, 0x48, 0x00, 0x50, 0x70, 0x48, 0x00, 0x48, 0x70, 0x40, 0x00,
    0x48, 0x70, 0x48, 0x00, 0x50, 0x70, 0x48, 0x00, 0x48, 0x70, 0x48, 0x00,
    0x48, 0x70, 0x40, 0x00, 0x50, 0x70, 0x48, 0x00, 0x48, 0x70, 0x48, 0x00,
    0x48, 0x70, 0x48, 0x00, 0x50, 0x70, 0x48, 0x00, 0x48, 0x70, 0x48, 0x00,
    0x50, 0x70, 0x48, 0x00, 0x50, 0x70, 0x48, 0x00, 0x50, 0x70, 0x40, 0x00,
    0x48, 0x70, 0x48, 0x00, 0x48, 0x70, 0x48, 0x00, 0x50, 0x70, 0x40, 0x00,
    0x48, 0x70, 0x48, 0x00, 0x48, 0x70, 0x48, 0x00, 0x50, 0x70, 0x48, 0x00,
    0x48, 0x70, 0x40, 0x00, 0x50, 0x70, 0x48, 0x00, 0x50, 0x70, 0x48, 0x00,
    0x48, 0x70, 0x48, 0x00, 0x50, 0x70, 0x48, 0x00, 0x48, 0x70, 0x48, 0x00,
    0x48, 0x70, 0x48, 0x00, 0x50, 0x70, 0x48, 0x00, 0x48, 0x70, 0x48, 0x00,
    0x48, 0x70, 0x48, 0x00, 0x50, 0x70, 0x48, 0x00, 0x48, 0x70, 0x48, 0x00,
    0x50, 0x70, 0x48, 0x00, 0x48, 0x70, 0x48, 0x00, 0x50, 0x70, 0x48, 0x00,
    0x48, 0x70, 0x40, 0x00, 0x50, 0x70, 0x48, 0x00, 0x48, 0x70, 0x48, 0x00,
    0x48, 0x70, 0x48, 0x00, 0x48, 0x70, 0x48, 0x00, 0x48, 0x70, 0x48, 0x00,
    0x50, 0x70, 0x48, 0x00, 0x48, 0x70, 0x48, 0x00, 0x50, 0x70, 0x40, 0x00,
    0x48, 0x70, 0x48, 0x00, 0x48, 0x70, 0x48, 0x00, 0x50, 0x70, 0x40, 0x00,
    0x50, 0x70, 0x48, 0x00, 0x48, 0x70, 0x48, 0x00, 0x50, 0x70, 0x48, 0x00,
    0x50, 0x70, 0x48, 0x00, 0x48, 0x70, 0x48, 0x00, 0x50, 0x70, 0x48, 0x00,
    0x48, 0x70, 0x48, 0x00, 0x48, 0x70, 0x48, 0x00, 0x50, 0x70, 0x48, 0x00,
    0x48, 0x70, 0x48, 0x00, 0x50, 0x70, 0x48, 0x00, 0x48, 0x70, 0x48, 0x00,
    0x48, 0x70, 0x48, 0x00, 0x50, 0x70, 0x48, 0x00, 0x48, 0x70, 0x48, 0x00,
    0x50, 0x70, 0x48, 0x00, 0x50, 0x70, 0x48, 0x00, 0x48, 0x70, 0x48, 0x00,
    0x50, 0x70, 0x48, 0x00, 0x50, 0x70, 0x48, 0x00, 0x48, 0x70, 0x48, 0x00,
    0x48, 0x70, 0x48, 0x00, 0x50, 0x70, 0x48, 0x00, 0x50, 0x70, 0x48, 0x00,
    0x48, 0x70, 0x48, 0x00, 0x48, 0x70, 0x48, 0x00, 0x50, 0x70, 0x48, 0x00,
    0x48, 0x70, 0x48, 0x00, 0x50, 0x70, 0x48, 0x00, 0x50, 0x70, 0x48, 0x00,
    0x48, 0x70, 0x48, 0x00, 0x50, 0x70, 0x48, 0x00, 0x50, 0x70, 0x48, 0x00,
    0x48, 0x70, 0x48, 0x00, 0x50, 0x70, 0x48, 0x00, 0x50, 0x70, 0x48, 0x00,
    0x48, 0x70, 0x48, 0x00, 0x50, 0x70, 0x48, 0x00, 0x50, 0x70, 0x48, 0x00,
    0x48, 0x70, 0x48, 0x00, 0x50, 0x70, 0x48, 0x00, 0x50, 0x70, 0x48, 0x00,
    0x48, 0x70, 0x48, 0x00, 0x50, 0x70, 0x48, 0x00, 0x50, 0x70, 0x48, 0x00,
    0x48, 0x70, 0x48, 0x00, 0x50, 0x70, 0x48, 0x00, 0x50, 0x70, 0x48, 0x00,
    0x48, 0x70, 0x48, 0x00, 0x50, 0x70, 0x48, 0x00, 0x50, 0x70, 0x48, 0x00,
    0x48, 0x70, 0x48, 0x00, 0x50, 0x70, 0x48, 0x00, 0x50, 0x70, 0x48, 0x00,
    0x48, 0x70, 0x48, 0x00, 0x50, 0x70, 0x48, 0x00, 0x50, 0x70, 0x48, 0x00,
    0x48, 0x70, 0x48, 0x00, 0x50, 0x70, 0x48, 0x00, 0x50, 0x70, 0x48, 0x00,
    0x48, 0x70, 0x48, 0x00, 0x50, 0x70, 0x48, 0x00, 0x50, 0x70, 0x48, 0x00,
    0x48, 0x70, 0x48, 0x00, 0x50, 0x70, 0x48, 0x00, 0x50, 0x70, 0x48, 0x00,
    0x48, 0x70, 0x48, 0x00, 0x50, 0x70, 0x48, 0x00, 0x50, 0x70, 0x48, 0x00,
    0x48, 0x70, 0x48, 0x00, 0x50, 0x70, 0x48, 0x00, 0x50, 0x70, 0x48, 0x00,
    0x48, 0x70, 0x48, 0x00, 0x50, 0x70, 0x48, 0x00, 0x50, 0x70, 0x48, 0x00,
    0x48, 0x70, 0x48, 0x00, 0x50, 0x70, 0x48, 0x00, 0x50, 0x70, 0x48, 0x00,
    0x48, 0x70, 0x48, 0x00, 0x50, 0x70, 0x48, 0x00, 0x50, 0x70, 0x48, 0x00,
    0x48, 0x70, 0x48, 0x00, 0x50, 0x70, 0x48, 0x00, 0x50, 0x70, 0x48, 0x00,
    0x48, 0x70, 0x48, 0x00, 0x50, 0x70, 0x48, 0x00, 0x50, 0x70, 0x48, 0x00,
    0x48, 0x70, 0x48, 0x00, 0x50, 0x70, 0x48, 0x00, 0x50, 0x70, 0x48, 0x00,
    0x48, 0x70, 0x48, 0x00, 0x50, 0x70, 0x48, 0x00, 0x50, 0x70, 0x48, 0x00,
    0x48, 0x70, 0x48, 0x00, 0x50, 0x70, 0x48, 0x00, 0x50, 0x70, 0x48, 0x00,
    0x48, 0x70, 0x48, 0x00, 0x50, 0x70, 0x48, 0x00, 0x50, 0x70, 0x48, 0x00,
    0x48, 0x70, 0x48, 0x00, 0x50, 0x70, 0x48, 0x00, 0x50, 0x70, 0x48, 0x00,
    0x48, 0x70, 0x48, 0x00, 0x50, 0x70, 0x48, 0x00, 0x50, 0x70, 0x48, 0x00,
    0x48, 0x70, 0x48, 0x00, 0x48, 0x70, 0x48, 0x00, 0x48, 0x70, 0x48, 0x00,
    0x50, 0x70, 0x48, 0x00, 0x48, 0x70, 0x48, 0x00, 0x50, 0x70, 0x48, 0x00,
    0x50, 0x70, 0x48, 0x00, 0x48, 0x70, 0x48, 0x00, 0x50, 0x70, 0x48, 0x00,
    0x48, 0x70, 0x48, 0x00, 0x50, 0x70, 0x48, 0x00, 0x48, 0x70, 0x48, 0x00,
    0x48, 0x70, 0x48, 0x00, 0x50, 0x70, 0x48, 0x00, 0x50, 0x70, 0x48, 0x00,
    0x48, 0x70, 0x48, 0x00, 0x50, 0x70, 0x48, 0x00, 0x50, 0x70, 0x48, 0x00,
    0x48, 0x70, 0x40, 0x00, 0x50, 0x70, 0x48, 0x00, 0x50, 0x70, 0x48, 0x00,
    0x48, 0x70, 0x48, 0x00, 0x48, 0x70, 0x40, 0x00, 0x50, 0x70, 0x48, 0x00,
    0x48, 0x70, 0x48, 0x00, 0x50, 0x70, 0x48, 0x00, 0x50, 0x70, 0x48, 0x00,
    0x48, 0x70, 0x48, 0x00, 0x50, 0x70, 0x48, 0x00, 0x50, 0x70, 0x48, 0x00,
    0x50, 0x70, 0x48, 0x00, 0x48, 0x70, 0x48, 0x00, 0x48, 0x70, 0x48, 0x00,
    0x50, 0x70, 0x48, 0x00, 0x50, 0x70, 0x48, 0x00, 0x48, 0x70, 0x48, 0x00,
    0x48, 0x70, 0x48, 0x00, 0x50, 0x70, 0x48, 0x00, 0x48, 0x70, 0x48, 0x00,
    0x50, 0x70, 0x48, 0x00, 0x48, 0x70, 0x48, 0x00, 0x48, 0x70, 0x48, 0x00,
    0x50, 0x70, 0x48, 0x00, 0x50, 0x70, 0x48, 0x00, 0x48, 0x70, 0x40, 0x00,
    0x50, 0x70, 0x48, 0x00, 0x48, 0x70, 0x48, 0x00, 0x48, 0x70, 0x48, 0x00,
    0x50, 0x70, 0x48, 0x00, 0x50, 0x70, 0x48, 0x00, 0x50, 0x70, 0x48, 0x00,
    0x48, 0x70, 0x48, 0x00, 0x48, 0x70, 0x40, 0x00, 0x50, 0x70, 0x48, 0x00,
    0x48, 0x70, 0x48, 0x00, 0x48, 0x70, 0x40, 0x00, 0x50, 0x70, 0x48, 0x00,
    0x50, 0x70, 0x48, 0x00, 0x48, 0x70, 0x48, 0x00, 0x50, 0x70, 0x48, 0x00,
    0x48, 0x70, 0x48, 0x00, 0x50, 0x70, 0x48, 0x00, 0x50, 0x70, 0x40, 0x00,
    0x48, 0x70, 0x48, 0x00, 0x50, 0x70, 0x48, 0x00, 0x48, 0x70, 0x48, 0x00,
    0x50, 0x70, 0x40, 0x00, 0x48, 0x70, 0x48, 0x00, 0x48, 0x70, 0x48, 0x00,
    0x50, 0x70, 0x40, 0x00, 0x48, 0x70, 0x48, 0x00, 0x48, 0x70, 0x48, 0x00,
    0x50, 0x70, 0x48, 0x00, 0x48, 0x70, 0x48, 0x00, 0x48, 0x70, 0x48, 0x00,
    0x50, 0x70, 0x48, 0x00, 0x48, 0x70, 0x48, 0x00, 0x48, 0x70, 0x40, 0x00,
    0x50, 0x70, 0x48, 0x00, 0x48, 0x70, 0x48, 0x00, 0x48, 0x70, 0x48, 0x00,
    0x50, 0x70, 0x40, 0x00, 0x48, 0x70, 0x48, 0x00, 0x48, 0x70, 0x48, 0x00,
    0x50, 0x70, 0x40, 0x00, 0x48, 0x70, 0x48, 0x00, 0x48, 0x70, 0x48, 0x00,
    0x50, 0x70, 0x48, 0x00, 0x48, 0x70, 0x48, 0x00, 0x48, 0x70, 0x48, 0x00,
    0x50, 0x70, 0x48, 0x00, 0x48, 0x70, 0x48, 0x00, 0x48, 0x70, 0x40, 0x00,
    0x50, 0x70, 0x48, 0x00, 0x48, 0x70, 0x48, 0x00, 0x48, 0x70, 0x48, 0x00,
    0x50, 0x70, 0x40, 0x00, 0x48, 0x70, 0x48, 0x00, 0x48, 0x70, 0x48, 0x00,
    0x50, 0x70, 0x40, 0x00, 0x48, 0x70, 0x48, 0x00, 0x48, 0x70, 0x48, 0x00,
    0x50, 0x70, 0x48, 0x00, 0x48, 0x70, 0x48, 0x00, 0x48, 0x70, 0x48, 0x00,
    0x50, 0x70, 0x48, 0x00, 0x48, 0x70, 0x48, 0x00, 0x48, 0x70, 0x40, 0x00,
    0x50, 0x70, 0x48, 0x00, 0x48, 0x70, 0x48, 0x00, 0x48, 0x70, 0x48, 0x00,
    0x50, 0x70, 0x40, 0x00, 0x48, 0x70, 0x48, 0x00, 0x48, 0x70, 0x48, 0x00,
    0x50, 0x70, 0x40, 0x00, 0x48, 0x70, 0x48, 0x00, 0x48, 0x70, 0x48, 0x00,
    0x50, 0x70, 0x48, 0x00, 0x48, 0x70, 0x48, 0x00, 0x48, 0x70, 0x48, 0x00,
    0x50, 0x70, 0x48, 0x00, 0x48, 0x70, 0x48, 0x00, 0x48, 0x70, 0x40, 0x00,
    0x50, 0x70, 0x48, 0x00, 0x48, 0x70, 0x48, 0x00, 0x48, 0x70, 0x48, 0x00,
    0x50, 0x70, 0x40, 0x00, 0x48, 0x70, 0x48, 0x00, 0x48, 0x70, 0x48, 0x00,
    0x50, 0x70, 0x40, 0x00, 0x48, 0x70, 0x48, 0x00, 0x48, 0x70, 0x48, 0x00,
    0x50, 0x70, 0x48, 0x00, 0x48, 0x70, 0x48, 0x00, 0x48, 0x70, 0x48, 0x00,
    0x50, 0x70, 0x48, 0x00, 0x48, 0x70, 0x48, 0x00, 0x48, 0x70, 0x40, 0x00,
    0x50, 0x70, 0x48, 0x00, 0x48, 0x70, 0x48, 0x00, 0x48, 0x70, 0x48, 0x00,
    0x50, 0x70, 0x40, 0x00, 0x50, 0x70, 0x48, 0x00, 0x48, 0x70, 0x48, 0x00,
    0x50, 0x70, 0x40, 0x00, 0x50, 0x70, 0x48, 0x00, 0x48, 0x70, 0x48, 0x00,
    0x48, 0x70, 0x48, 0x00, 0x50, 0x70, 0x48, 0x00, 0x48, 0x70, 0x48, 0x00,
    0x50, 0x70, 0x48, 0x00, 0x48, 0x70, 0x48, 0x00, 0x50, 0x70, 0x40, 0x00,
    0x50, 0x70, 0x48, 0x00, 0x48, 0x70, 0x48, 0x00, 0x48, 0x70, 0x48, 0x00,
    0x50, 0x70, 0x40, 0x00, 0x48, 0x70, 0x48, 0x00, 0x48, 0x70, 0x48, 0x00,
    0x50, 0x70, 0x40, 0x00, 0x48, 0x70, 0x48, 0x00, 0x48, 0x70, 0x48, 0x00,
    0x50, 0x70, 0x48, 0x00, 0x50, 0x70, 0x48, 0x00, 0x48, 0x70, 0x48, 0x00,
    0x50, 0x70, 0x48, 0x00, 0x50, 0x70, 0x48, 0x00, 0x48, 0x70, 0x48, 0x00,
    0x48, 0x70, 0x48, 0x00, 0x50, 0x70, 0x48, 0x00, 0x48, 0x70, 0x40, 0x00,
    0x48, 0x70, 0x48, 0x00, 0x50, 0x70, 0x48, 0x00, 0x50, 0x70, 0x48, 0x00,
    0x50, 0x70, 0x48, 0x00, 0x48, 0x70, 0x48, 0x00, 0x50, 0x70, 0x48, 0x00,
    0x48, 0x70, 0x48, 0x00, 0x50, 0x70, 0x48, 0x00, 0x50, 0x70, 0x48, 0x00,
    0x48, 0x70, 0x48, 0x00, 0x50, 0x70, 0x40, 0x00, 0x48, 0x70, 0x48, 0x00,
    0x50, 0x70, 0x48, 0x00, 0x48, 0x70, 0x40, 0x00, 0x48, 0x70, 0x48, 0x00,
    0x50, 0x70, 0x48, 0x00, 0x48, 0x70, 0x48, 0x00, 0x50, 0x70, 0x48, 0x00,
    0x50, 0x70, 0x40, 0x00, 0x48, 0x70, 0x48, 0x00, 0x48, 0x70, 0x48, 0x00,
    0x50, 0x70, 0x40, 0x00, 0x48, 0x70, 0x48, 0x00, 0x50, 0x70, 0x48, 0x00,
    0x50, 0x70, 0x48, 0x00, 0x48, 0x70, 0x48, 0x00, 0x50, 0x70, 0x48, 0x00,
    0x48, 0x70, 0x48, 0x00, 0x48, 0x70, 0x48, 0x00, 0x50, 0x70, 0x48, 0x00,
    0x48, 0x70, 0x40, 0x00, 0x50, 0x70, 0x48, 0x00, 0x48, 0x70, 0x48, 0x00,
    0x48, 0x70, 0x48, 0x00, 0x50, 0x70, 0x48, 0x00, 0x50, 0x70, 0x48, 0x00,
    0x48, 0x70, 0x48, 0x00, 0x50, 0x70, 0x48, 0x00, 0x48, 0x70, 0x48, 0x00,
    0x50, 0x70, 0x48, 0x00, 0x50, 0x70, 0x48, 0x00, 0x48, 0x70, 0x48, 0x00,
    0x50, 0x70, 0x48, 0x00, 0x50, 0x70, 0x40, 0x00, 0x48, 0x70, 0x48, 0x00,
    0x50, 0x70, 0x48, 0x00, 0x50, 0x70, 0x40, 0x00, 0x48, 0x70, 0x48, 0x00,
    0x50, 0x70, 0x48, 0x00, 0x50, 0x70, 0x48, 0x00, 0x48, 0x70, 0x48, 0x00,
    0x50, 0x70, 0x48, 0x00, 0x50, 0x70, 0x48, 0x00, 0x48, 0x70, 0x48, 0x00,
    0x50, 0x70, 0x48, 0x00, 0x50, 0x70, 0x48, 0x00, 0x48, 0x70, 0x48, 0x00,
    0x50, 0x70, 0x48, 0x00, 0x50, 0x70, 0x40, 0x00, 0x48, 0x70, 0x48, 0x00,
    0x50, 0x70, 0x48, 0x00, 0x50, 0x70, 0x40, 0x00, 0x48, 0x70, 0x48, 0x00,
    0x50, 0x70, 0x48, 0x00, 0x50, 0x70, 0x48, 0x00, 0x48, 0x70, 0x48, 0x00,
    0x50, 0x70, 0x48, 0x00, 0x50, 0x70, 0x48, 0x00, 0x48, 0x70, 0x48, 0x00,
    0x50, 0x70, 0x48, 0x00, 0x50, 0x70, 0x48, 0x00, 0x48, 0x70, 0x48, 0x00,
    0x50, 0x70, 0x48, 0x00, 0x50, 0x70, 0x40, 0x00, 0x48, 0x70, 0x48, 0x00,
    0x50, 0x70, 0x48, 0x00, 0x50, 0x70, 0x40, 0x00, 0x48, 0x70, 0x48, 0x00,
    0x50, 0x70, 0x48, 0x00, 0x50, 0x70, 0x48, 0x00, 0x48, 0x70, 0x48, 0x00,
    0x50, 0x70, 0x48, 0x00, 0x50, 0x70, 0x48, 0x00, 0x48, 0x70, 0x48, 0x00,
    0x50, 0x70, 0x48, 0x00, 0x50, 0x70, 0x48, 0x00, 0x48, 0x70, 0x48, 0x00,
    0x50, 0x70, 0x48, 0x00, 0x50, 0x70, 0x40, 0x00, 0x48, 0x70, 0x48, 0x00,
    0x50, 0x70, 0x48, 0x00, 0x50, 0x70, 0x40, 0x00, 0x48, 0x70, 0x48, 0x00,
    0x50, 0x70, 0x48, 0x00, 0x50, 0x70, 0x48, 0x00, 0x48, 0x70, 0x48, 0x00,
    0x50, 0x70, 0x48, 0x00, 0x50, 0x70, 0x48, 0x00, 0x48, 0x70, 0x48, 0x00,
    0x50, 0x70, 0x48, 0x00, 0x50, 0x70, 0x48, 0x00, 0x48, 0x70, 0x48, 0x00,
    0x50, 0x70, 0x48, 0x00, 0x50, 0x70, 0x40, 0x00, 0x48, 0x70, 0x48, 0x00,
    0x50, 0x70, 0x48, 0x00, 0x50, 0x70, 0x40, 0x00, 0x48, 0x70, 0x48, 0x00,
    0x50, 0x70, 0x48, 0x00, 0x50, 0x70, 0x48, 0x00, 0x48, 0x70, 0x48, 0x00,
    0x50, 0x70, 0x48, 0x00, 0x48, 0x70, 0x48, 0x00, 0x48, 0x70, 0x48, 0x00,
    0x50, 0x70, 0x48, 0x00, 0x48, 0x70, 0x48, 0x00, 0x50, 0x70, 0x48, 0x00,
    0x50, 0x70, 0x48, 0x00, 0x48, 0x70, 0x40, 0x00, 0x50, 0x70, 0x48, 0x00,
    0x48, 0x70, 0x48, 0x00, 0x50, 0x70, 0x40, 0x00, 0x48, 0x70, 0x48, 0x00,
    0x48, 0x70, 0x48, 0x00, 0x50, 0x70, 0x48, 0x00, 0x48, 0x70, 0x48, 0x00,
    0x50, 0x70, 0x48, 0x00, 0x50, 0x70, 0x48, 0x00, 0x48, 0x70, 0x48, 0x00,
    0x50, 0x70, 0x48, 0x00, 0x50, 0x70, 0x48, 0x00, 0x48, 0x70, 0x48, 0x00,
    0x50, 0x70, 0x48, 0x00, 0x48, 0x70, 0x48, 0x00, 0x48, 0x70, 0x48, 0x00,
    0x50, 0x70, 0x48, 0x00, 0x48, 0x70, 0x40, 0x00, 0x48, 0x70, 0x48, 0x00,
    0x50, 0x70, 0x48, 0x00, 0x48, 0x70, 0x40, 0x00, 0x50, 0x70, 0x48, 0x00,
    0x50, 0x70, 0x48, 0x00, 0x48, 0x70, 0x48, 0x00, 0x50, 0x70, 0x48, 0x00,
    0x48, 0x70, 0x48, 0x00, 0x48, 0x70, 0x48, 0x00, 0x48, 0x70, 0x48, 0x00,
    0x50, 0x70, 0x40, 0x00, 0x48, 0x70, 0x48, 0x00, 0x48, 0x70, 0x48, 0x00,
    0x50, 0x70, 0x40, 0x00, 0x48, 0x70, 0x48, 0x00, 0x50, 0x70, 0x48, 0x00,
    0x48, 0x70, 0x48, 0x00, 0x50, 0x70, 0x48, 0x00, 0x50, 0x70, 0x48, 0x00,
    0x48, 0x70, 0x48, 0x00, 0x50, 0x70, 0x48, 0x00, 0x48, 0x70, 0x48, 0x00,
    0x48, 0x70, 0x48, 0x00, 0x50, 0x70, 0x48, 0x00, 0x50, 0x70, 0x48, 0x00,
    0x48, 0x70, 0x48, 0x00, 0x50, 0x70, 0x48, 0x00, 0x48, 0x70, 0x48, 0x00,
    0x48, 0x70, 0x48, 0x00, 0x50, 0x70, 0x48, 0x00, 0x48, 0x70, 0x48, 0x00,
    0x50, 0x70, 0x48, 0x00, 0x50, 0x70, 0x48, 0x00, 0x48, 0x70, 0x48, 0x00,
    0x50, 0x70, 0x48, 0x00, 0x48, 0x70, 0x48, 0x00, 0x50, 0x70, 0x48, 0x00,
    0x48, 0x70, 0x48, 0x00, 0x50, 0x70, 0x48, 0x00, 0x48, 0x70, 0x40, 0x00,
    0x48, 0x70, 0x48, 0x00, 0x50, 0x70, 0x48, 0x00, 0x48, 0x70, 0x48, 0x00,
    0x48, 0x70, 0x48, 0x00, 0x50, 0x70, 0x48, 0x00, 0x48, 0x70, 0x48, 0x00,
    0x50, 0x70, 0x48, 0x00, 0x48, 0x70, 0x48, 0x00, 0x48, 0x70, 0x48, 0x00,
    0x50, 0x70, 0x48, 0x00, 0x48, 0x70, 0x48, 0x00, 0x50, 0x70, 0x48, 0x00,
    0x48, 0x70, 0x48, 0x00, 0x48, 0x70, 0x48, 0x00, 0x50, 0x70, 0x48, 0x00,
    0x48, 0x70, 0x48, 0x00, 0x48, 0x70, 0x48, 0x00, 0x50, 0x70, 0x40, 0x00,
    0x48, 0x70, 0x48, 0x00, 0x48, 0x70, 0x48, 0x00, 0x50, 0x70, 0x48, 0x00,
    0x48, 0x70, 0x48, 0x00, 0x48, 0x70, 0x48, 0x00, 0x50, 0x70, 0x48, 0x00,
    0x48, 0x70, 0x48, 0x00, 0x48, 0x70, 0x48, 0x00, 0x50, 0x70, 0x48, 0x00,
    0x48, 0x70, 0x48, 0x00, 0x48, 0x70, 0x48, 0x00, 0x50, 0x70, 0x48, 0x00,
    0x48, 0x70, 0x48, 0x00, 0x48, 0x70, 0x48, 0x00, 0x50, 0x70, 0x40, 0x00,
    0x48, 0x70, 0x48, 0x00, 0x48, 0x70, 0x48, 0x00, 0x50, 0x70, 0x48, 0x00,
    0x48, 0x70, 0x48, 0x00, 0x48, 0x70, 0x48, 0x00, 0x50, 0x70, 0x48, 0x00,
    0x48, 0x70, 0x48, 0x00, 0x48, 0x70, 0x48, 0x00, 0x50, 0x70, 0x48, 0x00,
    0x48, 0x70, 0x48, 0x00, 0x48, 0x70, 0x48, 0x00, 0x50, 0x70, 0x48, 0x00,
    0x48, 0x70, 0x48, 0x00, 0x48, 0x70, 0x48, 0x00, 0x50, 0x70, 0x40, 0x00,
    0x48, 0x70, 0x48, 0x00, 0x48, 0x70, 0x48, 0x00, 0x50, 0x70, 0x48, 0x00,
    0x48, 0x70, 0x48, 0x00, 0x48, 0x70, 0x48, 0x00, 0x50, 0x70, 0x48, 0x00,
    0x48, 0x70, 0x48, 0x00, 0x48, 0x70, 0x48, 0x00, 0x50, 0x70, 0x48, 0x00,
    0x48, 0x70, 0x48, 0x00, 0x48, 0x70, 0x48, 0x00, 0x50, 0x70, 0x48, 0x00,
    0x48, 0x70, 0x48, 0x00, 0x48, 0x70, 0x48, 0x00, 0x50, 0x70, 0x40, 0x00,
    0x48, 0x70, 0x48, 0x00, 0x48, 0x70, 0x48, 0x00, 0x50, 0x70, 0x48, 0x00,
    0x48, 0x70, 0x48, 0x00, 0x48, 0x70, 0x48, 0x00, 0x50, 0x70, 0x48, 0x00,
    0x48, 0x70, 0x48, 0x00, 0x48, 0x70, 0x48, 0x00, 0x50, 0x70, 0x48, 0x00,
    0x48, 0x70, 0x48, 0x00, 0x48, 0x70, 0x48, 0x00, 0x50, 0x70, 0x48, 0x00,
    0x48, 0x70, 0x48, 0x00, 0x50, 0x70, 0x48, 0x00, 0x50, 0x70, 0x40, 0x00,
    0x50, 0x70, 0x48, 0x00, 0x48, 0x70, 0x48, 0x00, 0x48, 0x70, 0x48, 0x00,
    0x50, 0x70, 0x48, 0x00, 0x48, 0x70, 0x48, 0x00, 0x48, 0x70, 0x48, 0x00,
    0x50, 0x70, 0x48, 0x00, 0x48, 0x70, 0x48, 0x00, 0x50, 0x70, 0x48, 0x00,
    0x50, 0x70, 0x48, 0x00, 0x48, 0x70, 0x48, 0x00, 0x50, 0x70, 0x48, 0x00,
    0x48, 0x70, 0x48, 0x00, 0x48, 0x70, 0x48, 0x00, 0x50, 0x70, 0x40, 0x00,
    0x48, 0x70, 0x48, 0x00, 0x48, 0x70, 0x48, 0x00, 0x50, 0x70, 0x48, 0x00,
    0x48, 0x70, 0x48, 0x00, 0x50, 0x70, 0x48, 0x00, 0x50, 0x70, 0x48, 0x00,
    0x48, 0x70, 0x40, 0x00, 0x50, 0x70, 0x48, 0x00, 0x50, 0x70, 0x48, 0x00,
    0x48, 0x70, 0x48, 0x00, 0x50, 0x70, 0x48, 0x00, 0x48, 0x70, 0x48, 0x00,
    0x50, 0x70, 0x48, 0x00, 0x48, 0x70, 0x48, 0x00, 0x48, 0x70, 0x48, 0x00,
    0x50, 0x70, 0x48, 0x00, 0x50, 0x70, 0x48, 0x00, 0x48, 0x70, 0x48, 0x00,
    0x48, 0x70, 0x48, 0x00, 0x50, 0x70, 0x48, 0x00, 0x50, 0x70, 0x48, 0x00,
    0x48, 0x70, 0x48, 0x00, 0x50, 0x70, 0x48, 0x00, 0x48, 0x70, 0x48, 0x00,
    0x50, 0x70, 0x48, 0x00, 0x48, 0x70, 0x48, 0x00, 0x48, 0x70, 0x48, 0x00,
    0x50, 0x70, 0x48, 0x00, 0x48, 0x70, 0x48, 0x00, 0x50, 0x70, 0x48, 0x00,
    0x50, 0x70, 0x40, 0x00, 0x48, 0x70, 0x48, 0x00, 0x50, 0x70, 0x48, 0x00,
    0x48, 0x70, 0x48, 0x00, 0x48, 0x70, 0x48, 0x00, 0x50, 0x70, 0x48, 0x00,
    0x50, 0x70, 0x48, 0x00, 0x48, 0x70, 0x48, 0x00, 0x50, 0x70, 0x40, 0x00,
    0x48, 0x70, 0x48, 0x00, 0x48, 0x70, 0x48, 0x00, 0x50, 0x70, 0x40, 0x00,
    0x48, 0x70, 0x48, 0x00, 0x50, 0x70, 0x48, 0x00, 0x48, 0x70, 0x40, 0x00,
    0x50, 0x70, 0x48, 0x00, 0x48, 0x70, 0x48, 0x00, 0x50, 0x70, 0x48, 0x00,
    0x50, 0x70, 0x48, 0x00, 0x48, 0x70, 0x48, 0x00, 0x50, 0x70, 0x48, 0x00,
    0x50, 0x70, 0x48, 0x00, 0x48, 0x70, 0x40, 0x00, 0x50, 0x70, 0x48, 0x00,
    0x50, 0x70, 0x48, 0x00, 0x48, 0x70, 0x40, 0x00, 0x48, 0x70, 0x48, 0x00,
    0x50, 0x70, 0x48, 0x00, 0x50, 0x70, 0x40, 0x00, 0x48, 0x70, 0x48, 0x00,
    0x50, 0x70, 0x48, 0x00, 0x48, 0x70, 0x48, 0x00, 0x50, 0x70, 0x48, 0x00,
    0x50, 0x70, 0x40, 0x00, 0x48, 0x70, 0x48, 0x00, 0x50, 0x70, 0x48, 0x00,
    0x50, 0x70, 0x48, 0x00, 0x48, 0x70, 0x48, 0x00, 0x50, 0x70, 0x48, 0x00,
    0x50, 0x70, 0x48, 0x00, 0x48, 0x70, 0x40, 0x00, 0x50, 0x70, 0x48, 0x00,
    0x50, 0x70, 0x48, 0x00, 0x48, 0x70, 0x40, 0x00, 0x50, 0x70, 0x48, 0x00,
    0x50, 0x70, 0x48, 0x00, 0x48, 0x70, 0x48, 0x00, 0x50, 0x70, 0x48, 0x00,
    0x50, 0x70, 0x40, 0x00, 0x48, 0x70, 0x48, 0x00, 0x50, 0x70, 0x48, 0x00,
    0x50, 0x70, 0x48, 0x00, 0x48, 0x70, 0x48, 0x00, 0x50, 0x70, 0x48, 0x00,
    0x50, 0x70, 0x48, 0x00, 0x48, 0x70, 0x40, 0x00, 0x50, 0x70, 0x48, 0x00,
    0x50, 0x70, 0x48, 0x00, 0x48, 0x70, 0x40, 0x00, 0x50, 0x70, 0x48, 0x00,
    0x50, 0x70, 0x48, 0x00, 0x48, 0x70, 0x48, 0x00, 0x50, 0x70, 0x48, 0x00,
    0x50, 0x70, 0x40, 0x00, 0x48, 0x70, 0x48, 0x00, 0x50, 0x70, 0x48, 0x00,
    0x50, 0x70, 0x48, 0x00, 0x48, 0x70, 0x48, 0x00, 0x50, 0x70, 0x48, 0x00,
    0x50, 0x70, 0x48, 0x00, 0x48, 0x70, 0x40, 0x00, 0x50, 0x70, 0x48, 0x00,
    0x50, 0x70, 0x48, 0x00, 0x48, 0x70, 0x40, 0x00, 0x50, 0x70, 0x48, 0x00,
    0x50, 0x70, 0x48, 0x00, 0x48, 0x70, 0x48, 0x00, 0x50, 0x70, 0x48, 0x00,
    0x50, 0x70, 0x40, 0x00, 0x48, 0x70, 0x48, 0x00, 0x50, 0x70, 0x48, 0x00,
    0x50, 0x70, 0x48, 0x00, 0x48, 0x70, 0x48, 0x00, 0x50, 0x70, 0x48, 0x00,
    0x50, 0x70, 0x48, 0x00, 0x48, 0x70, 0x40, 0x00, 0x50, 0x70, 0x48, 0x00,
    0x50, 0x70, 0x48, 0x00, 0x48, 0x70, 0x40, 0x00, 0x50, 0x70, 0x48, 0x00,
    0x50, 0x70, 0x48, 0x00, 0x48, 0x70, 0x48, 0x00, 0x50, 0x70, 0x48, 0x00,
    0x50, 0x70, 0x40, 0x00, 0x48, 0x70, 0x48, 0x00, 0x48, 0x70, 0x48, 0x00,
    0x48, 0x70, 0x48, 0x00, 0x50, 0x70, 0x48, 0x00, 0x48, 0x70, 0x48, 0x00,
    0x50, 0x70, 0x48, 0x00, 0x50, 0x70, 0x40, 0x00, 0x48, 0x70, 0x48, 0x00,
    0x50, 0x70, 0x48, 0x00, 0x48, 0x70, 0x40, 0x00, 0x50, 0x70, 0x48, 0x00,
    0x48, 0x70, 0x48, 0x00, 0x48, 0x70, 0x48, 0x00, 0x50, 0x70, 0x48, 0x00,
    0x50, 0x70, 0x40, 0x00, 0x48, 0x70, 0x48, 0x00, 0x50, 0x70, 0x48, 0x00,
    0x50, 0x70, 0x48, 0x00, 0x48, 0x70, 0x48, 0x00, 0x50, 0x70, 0x48, 0x00,
    0x50, 0x70, 0x48, 0x00, 0x48, 0x70, 0x40, 0x00, 0x48, 0x70, 0x48, 0x00,
    0x50, 0x70, 0x48, 0x00, 0x48, 0x70, 0x48, 0x00, 0x48, 0x70, 0x48, 0x00,
    0x50, 0x70, 0x48, 0x00, 0x48, 0x70, 0x48, 0x00, 0x50, 0x70, 0x48, 0x00,
    0x48, 0x70, 0x48, 0x00, 0x50, 0x70, 0x48, 0x00, 0x50, 0x70, 0x48, 0x00,
    0x48, 0x70, 0x48, 0x00, 0x48, 0x70, 0x40, 0x00, 0x50, 0x70, 0x48, 0x00,
    0x48, 0x70, 0x48, 0x00, 0x50, 0x70, 0x48, 0x00, 0x50, 0x70, 0x48, 0x00,
    0x48, 0x70, 0x48, 0x00, 0x50, 0x70, 0x48, 0x00, 0x50, 0x70, 0x48, 0x00,
    0x48, 0x70, 0x48, 0x00, 0x50, 0x70, 0x48, 0x00, 0x50, 0x70, 0x40, 0x00,
    0x48, 0x70, 0x48, 0x00, 0x50, 0x70, 0x48, 0x00, 0x48, 0x70, 0x40, 0x00,
    0x48, 0x70, 0x48, 0x00, 0x50, 0x70, 0x48, 0x00, 0x48, 0x70, 0x48, 0x00,
    0x50, 0x70, 0x48, 0x00, 0x50, 0x70, 0x40, 0x00, 0x48, 0x70, 0x48, 0x00,
    0x48, 0x70, 0x48, 0x00, 0x50, 0x70, 0x40, 0x00, 0x48, 0x70, 0x48, 0x00,
    0x50, 0x70, 0x48, 0x00, 0x50, 0x70, 0x48, 0x00, 0x48, 0x70, 0x48, 0x00,
    0x50, 0x70, 0x48, 0x00, 0x48, 0x70, 0x48, 0x00, 0x48, 0x70, 0x48, 0x00,
    0x50, 0x70, 0x48, 0x00, 0x50, 0x70, 0x48, 0x00, 0x48, 0x70, 0x48, 0x00,
    0x48, 0x70, 0x40, 0x00, 0x50, 0x70, 0x48, 0x00, 0x48, 0x70, 0x48, 0x00,
    0x48, 0x70, 0x48, 0x00, 0x50, 0x70, 0x48, 0x00, 0x48, 0x70, 0x48, 0x00,
    0x48, 0x70, 0x48, 0x00, 0x50, 0x70, 0x48, 0x00, 0x48, 0x70, 0x48, 0x00,
    0x50, 0x70, 0x48, 0x00, 0x50, 0x70, 0x48, 0x00, 0x48, 0x70, 0x48, 0x00,
    0x48, 0x70, 0x48, 0x00, 0x50, 0x70, 0x48, 0x00, 0x48, 0x70, 0x48, 0x00,
    0x48, 0x70, 0x48, 0x00, 0x50, 0x70, 0x48, 0x00, 0x48, 0x70, 0x48, 0x00,
    0x48, 0x70, 0x48, 0x00, 0x50, 0x70, 0x48, 0x00, 0x48, 0x70, 0x40, 0x00,
    0x48, 0x70, 0x48, 0x00, 0x50, 0x70, 0x48, 0x00, 0x48, 0x70, 0x48, 0x00,
    0x48, 0x70, 0x48, 0x00, 0x50, 0x70, 0x48, 0x00, 0x48, 0x70, 0x48, 0x00,
    0x48, 0x70, 0x48, 0x00, 0x50, 0x70, 0x48, 0x00, 0x48, 0x70, 0x48, 0x00,
    0x48, 0x70, 0x48, 0x00, 0x50, 0x70, 0x48, 0x00, 0x48, 0x70, 0x48, 0x00,
    0x48, 0x70, 0x48, 0x00, 0x50, 0x70, 0x48, 0x00, 0x48, 0x70, 0x40, 0x00,
    0x48, 0x70, 0x48, 0x00, 0x50, 0x70, 0x48, 0x00, 0x48, 0x70, 0x48, 0x00,
    0x48, 0x70, 0x48, 0x00, 0x50, 0x70, 0x48, 0x00, 0x48, 0x70, 0x48, 0x00,
    0x48, 0x70, 0x48, 0x00, 0x50, 0x70, 0x48, 0x00, 0x48, 0x70, 0x48, 0x00,
    0x48, 0x70, 0x48, 0x00, 0x50, 0x70, 0x48, 0x00, 0x48, 0x70, 0x48, 0x00,
    0x48, 0x70, 0x48, 0x00, 0x50, 0x70, 0x48, 0x00, 0x48, 0x70, 0x40, 0x00,
    0x48, 0x70, 0x48, 0x00, 0x50, 0x70, 0x48, 0x00, 0x48, 0x70, 0x48, 0x00,
    0x48, 0x70, 0x48, 0x00, 0x50, 0x70, 0x48, 0x00, 0x48, 0x70, 0x48, 0x00,
    0x48, 0x70, 0x48, 0x00, 0x50, 0x70, 0x48, 0x00, 0x48, 0x70, 0x48, 0x00,
    0x48, 0x70, 0x48, 0x00, 0x50, 0x70, 0x48, 0x00, 0x48, 0x70, 0x48, 0x00,
    0x48, 0x70, 0x48, 0x00, 0x50, 0x70, 0x48, 0x00, 0x48, 0x70, 0x40, 0x00,
    0x48, 0x70, 0x48, 0x00, 0x50, 0x70, 0x48, 0x00, 0x48, 0x70, 0x48, 0x00,
    0x48, 0x70, 0x48, 0x00, 0x50, 0x70, 0x48, 0x00, 0x48, 0x70, 0x48, 0x00,
    0x48, 0x70, 0x48, 0x00, 0x50, 0x70, 0x48, 0x00, 0x48, 0x70, 0x48, 0x00,
    0x48, 0x70, 0x48, 0x00, 0x50, 0x70, 0x48, 0x00, 0x50, 0x70, 0x48, 0x00,
    0x48, 0x70, 0x48, 0x00, 0x50, 0x70, 0x48, 0x00, 0x50, 0x70, 0x40, 0x00,
    0x48, 0x70, 0x48, 0x00, 0x48, 0x70, 0x48, 0x00, 0x50, 0x70, 0x48, 0x00,
    0x48, 0x70, 0x48, 0x00, 0x50, 0x70, 0x48, 0x00, 0x48, 0x70, 0x48, 0x00,
    0x50, 0x70, 0x48, 0x00, 0x50, 0x70, 0x48, 0x00, 0x48, 0x70, 0x48, 0x00,
    0x48, 0x70, 0x48, 0x00, 0x50, 0x70, 0x48, 0x00, 0x48, 0x70, 0x48, 0x00,
    0x48, 0x70, 0x48, 0x00, 0x50, 0x70, 0x48, 0x00, 0x48, 0x70, 0x40, 0x00,
    0x48, 0x70, 0x48, 0x00, 0x50, 0x70, 0x48, 0x00, 0x50, 0x70, 0x48, 0x00,
    0x48, 0x70, 0x48, 0x00, 0x50, 0x70, 0x48, 0x00, 0x50, 0x70, 0x48, 0x00,
    0x48, 0x70, 0x40, 0x00, 0x50, 0x70, 0x48, 0x00, 0x48, 0x70, 0x48, 0x00,
    0x50, 0x70, 0x48, 0x00, 0x48, 0x70, 0x40, 0x00, 0x48, 0x70, 0x48, 0x00,
    0x50, 0x70, 0x48, 0x00, 0x48, 0x70, 0x40, 0x00, 0x50, 0x70, 0x48, 0x00,
    0x50, 0x70, 0x48, 0x00, 0x48, 0x70, 0x48, 0x00, 0x48, 0x70, 0x48, 0x00,
    0x50, 0x70, 0x48, 0x00, 0x48, 0x70, 0x48, 0x00, 0x48, 0x70, 0x48, 0x00,
    0x48, 0x70, 0x40, 0x00, 0x50, 0x70, 0x48, 0x00, 0x48, 0x70, 0x48, 0x00,
    0x48, 0x70, 0x48, 0x00, 0x50, 0x70, 0x48, 0x00, 0x48, 0x70, 0x48, 0x00,
    0x50, 0x70, 0x48, 0x00, 0x50, 0x70, 0x48, 0x00, 0x48, 0x70, 0x48, 0x00,
    0x50, 0x70, 0x48, 0x00, 0x48, 0x70, 0x48, 0x00, 0x48, 0x70, 0x48, 0x00,
    0x50, 0x70, 0x48, 0x00, 0x50, 0x70, 0x48, 0x00, 0x48, 0x70, 0x48, 0x00,
    0x50, 0x70, 0x48, 0x00, 0x48, 0x70, 0x48, 0x00, 0x48, 0x70, 0x48, 0x00,
    0x50, 0x70, 0x48, 0x00, 0x50, 0x70, 0x48, 0x00, 0x48, 0x70, 0x48, 0x00,
    0x50, 0x70, 0x48, 0x00, 0x50, 0x70, 0x48, 0x00, 0x48, 0x70, 0x40, 0x00,
    0x50, 0x70, 0x48, 0x00, 0x48, 0x70, 0x48, 0x00, 0x50, 0x70, 0x48, 0x00,
    0x50, 0x70, 0x48, 0x00, 0x48, 0x70, 0x48, 0x00, 0x50, 0x70, 0x40, 0x00,
    0x50, 0x70, 0x48, 0x00, 0x48, 0x70, 0x48, 0x00, 0x50, 0x70, 0x48, 0x00,
    0x48, 0x70, 0x40, 0x00, 0x48, 0x70, 0x48, 0x00, 0x50, 0x70, 0x48, 0x00,
    0x50, 0x70, 0x48, 0x00, 0x48, 0x70, 0x48, 0x00, 0x50, 0x70, 0x48, 0x00,
    0x50, 0x70, 0x48, 0x00, 0x48, 0x70, 0x40, 0x00, 0x50, 0x70, 0x48, 0x00,
    0x50, 0x70, 0x48, 0x00, 0x48, 0x70, 0x48, 0x00, 0x50, 0x70, 0x48, 0x00,
    0x50, 0x70, 0x48, 0x00, 0x48, 0x70, 0x48, 0x00, 0x50, 0x70, 0x48, 0x00,
    0x50, 0x70, 0x48, 0x00, 0x48, 0x70, 0x48, 0x00, 0x50, 0x70, 0x48, 0x00,
    0x50, 0x70, 0x48, 0x00, 0x48, 0x70, 0x48, 0x00, 0x50, 0x70, 0x48, 0x00,
    0x50, 0x70, 0x48, 0x00, 0x48, 0x70, 0x40, 0x00, 0x50, 0x70, 0x48, 0x00,
    0x50, 0x70, 0x48, 0x00, 0x48, 0x70, 0x48, 0x00, 0x50, 0x70, 0x48, 0x00,
    0x50, 0x70, 0x48, 0x00, 0x48, 0x70, 0x48, 0x00, 0x50, 0x70, 0x48, 0x00,
    0x50, 0x70, 0x48, 0x00, 0x48, 0x70, 0x48, 0x00, 0x50, 0x70, 0x48, 0x00,
    0x50, 0x70, 0x48, 0x00, 0x48, 0x70, 0x48, 0x00, 0x50, 0x70, 0x48, 0x00,
    0x50, 0x70, 0x48, 0x00, 0x48, 0x70, 0x40, 0x00, 0x50, 0x70, 0x48, 0x00,
    0x50, 0x70, 0x48, 0x00, 0x48, 0x70, 0x48, 0x00, 0x50, 0x70, 0x48, 0x00,
    0x50, 0x70, 0x48, 0x00, 0x48, 0x70, 0x48, 0x00, 0x50, 0x70, 0x48, 0x00,
    0x50, 0x70, 0x48, 0x00, 0x48, 0x70, 0x48, 0x00, 0x50, 0x70, 0x48, 0x00,
    0x50, 0x70, 0x48, 0x00, 0x48, 0x70, 0x48, 0x00, 0x50, 0x70, 0x48, 0x00,
    0x50, 0x70, 0x48, 0x00, 0x48, 0x70, 0x40, 0x00, 0x50, 0x70, 0x48, 0x00,
    0x50, 0x70, 0x48, 0x00, 0x48, 0x70, 0x48, 0x00, 0x50, 0x70, 0x48, 0x00,
    0x50, 0x70, 0x48, 0x00, 0x48, 0x70, 0x48, 0x00, 0x50, 0x70, 0x48, 0x00,
    0x50, 0x70, 0x48, 0x00, 0x48, 0x70, 0x48, 0x00, 0x50, 0x70, 0x48, 0x00,
    0x50, 0x70, 0x48, 0x00, 0x48, 0x70, 0x48, 0x00, 0x50, 0x70, 0x48, 0x00,
    0x50, 0x70, 0x48, 0x00, 0x48, 0x70, 0x40, 0x00, 0x50, 0x70, 0x48, 0x00,
    0x48, 0x70, 0x48, 0x00, 0x48, 0x70, 0x48, 0x00, 0x50, 0x70, 0x48, 0x00,
    0x50, 0x70, 0x48, 0x00, 0x48, 0x70, 0x48, 0x00, 0x50, 0x70, 0x48, 0x00,
    0x50, 0x70, 0x48, 0x00, 0x48, 0x70, 0x48, 0x00, 0x48, 0x70, 0x48, 0x00,
    0x50, 0x70, 0x48, 0x00, 0x48, 0x70, 0x48, 0x00, 0x48, 0x70, 0x48, 0x00,
    0x50, 0x70, 0x48, 0x00, 0x50, 0x70, 0x40, 0x00, 0x48, 0x70, 0x48, 0x00,
    0x50, 0x70, 0x48, 0x00, 0x50, 0x70, 0x48, 0x00, 0x48, 0x70, 0x48, 0x00,
    0x50, 0x70, 0x48, 0x00, 0x50, 0x70, 0x48, 0x00, 0x48, 0x70, 0x48, 0x00,
    0x48, 0x70, 0x48, 0x00, 0x50, 0x70, 0x48, 0x00, 0x48, 0x70, 0x48, 0x00,
    0x48, 0x70, 0x48, 0x00, 0x50, 0x70, 0x48, 0x00, 0x48, 0x70, 0x48, 0x00,
    0x50, 0x70, 0x48, 0x00, 0x50, 0x70, 0x48, 0x00, 0x48, 0x70, 0x48, 0x00,
    0x50, 0x70, 0x48, 0x00, 0x50, 0x70, 0x48, 0x00, 0x48, 0x70, 0x48, 0x00,
    0x48, 0x70, 0x48, 0x00, 0x50, 0x70, 0x48, 0x00, 0x50, 0x70, 0x48, 0x00,
    0x48, 0x70, 0x48, 0x00, 0x50, 0x70, 0x40, 0x00, 0x48, 0x70, 0x48, 0x00,
    0x50, 0x70, 0x48, 0x00, 0x50, 0x70, 0x48, 0x00, 0x48, 0x70, 0x48, 0x00,
    0x50, 0x70, 0x48, 0x00, 0x50, 0x70, 0x48, 0x00, 0x48, 0x70, 0x40, 0x00,
    0x48, 0x70, 0x48, 0x00, 0x50, 0x70, 0x48, 0x00, 0x48, 0x70, 0x48, 0x00,
    0x50, 0x70, 0x48, 0x00, 0x48, 0x70, 0x40, 0x00, 0x50, 0x70, 0x48, 0x00,
    0x50, 0x70, 0x48, 0x00, 0x48, 0x70, 0x48, 0x00, 0x48, 0x70, 0x48, 0x00,
    0x50, 0x70, 0x48, 0x00, 0x50, 0x70, 0x48, 0x00, 0x48, 0x70, 0x48, 0x00,
    0x50, 0x70, 0x40, 0x00, 0x48, 0x70, 0x48, 0x00, 0x48, 0x70, 0x48, 0x00,
    0x50, 0x70, 0x40, 0x00, 0x48, 0x70, 0x48, 0x00, 0x50, 0x70, 0x48, 0x00,
    0x48, 0x70, 0x48, 0x00, 0x48, 0x70, 0x48, 0x00, 0x50, 0x70, 0x48, 0x00,
    0x48, 0x70, 0x48, 0x00, 0x48, 0x70, 0x48, 0x00, 0x50, 0x70, 0x48, 0x00,
    0x48, 0x70, 0x48, 0x00, 0x50, 0x70, 0x48, 0x00, 0x48, 0x70, 0x48, 0x00,
    0x50, 0x70, 0x48, 0x00, 0x50, 0x70, 0x48, 0x00, 0x48, 0x70, 0x48, 0x00,
    0x50, 0x70, 0x48, 0x00, 0x48, 0x70, 0x40, 0x00, 0x48, 0x70, 0x48, 0x00,
    0x50, 0x70, 0x48, 0x00, 0x48, 0x70, 0x40, 0x00, 0x48, 0x70, 0x48, 0x00,
    0x50, 0x70, 0x48, 0x00, 0x48, 0x70, 0x48, 0x00, 0x48, 0x70, 0x40, 0x00,
    0x50, 0x70, 0x48, 0x00, 0x48, 0x70, 0x48, 0x00, 0x48, 0x70, 0x40, 0x00,
    0x50, 0x70, 0x48, 0x00, 0x48, 0x70, 0x48, 0x00, 0x48, 0x70, 0x40, 0x00,
    0x50, 0x70, 0x48, 0x00, 0x48, 0x70, 0x48, 0x00, 0x50, 0x70, 0x40, 0x00,
    0x48, 0x70, 0x48, 0x00, 0x50, 0x70, 0x48, 0x00, 0x48, 0x70, 0x48, 0x00,
    0x48, 0x70, 0x48, 0x00, 0x50, 0x70, 0x48, 0x00, 0x48, 0x70, 0x40, 0x00,
    0x48, 0x70, 0x48, 0x00, 0x50, 0x70, 0x48, 0x00, 0x48, 0x70, 0x40, 0x00,
    0x48, 0x70, 0x48, 0x00, 0x50, 0x70, 0x48, 0x00, 0x48, 0x70, 0x40, 0x00,
    0x48, 0x70, 0x48, 0x00, 0x50, 0x70, 0x48, 0x00, 0x48, 0x70, 0x40, 0x00,
    0x48, 0x70, 0x48, 0x00, 0x50, 0x70, 0x48, 0x00, 0x48, 0x70, 0x48, 0x00,
    0x48, 0x70, 0x48, 0x00, 0x50, 0x70, 0x48, 0x00, 0x48, 0x70, 0x40, 0x00,
    0x48, 0x70, 0x48, 0x00, 0x50, 0x70, 0x48, 0x00, 0x48, 0x70, 0x40, 0x00,
    0x48, 0x70, 0x48, 0x00, 0x50, 0x70, 0x48, 0x00, 0x48, 0x70, 0x40, 0x00,
    0x48, 0x70, 0x48, 0x00, 0x50, 0x70, 0x48, 0x00, 0x48, 0x70, 0x40, 0x00,
    0x48, 0x70, 0x48, 0x00, 0x50, 0x70, 0x48, 0x00, 0x48, 0x70, 0x48, 0x00,
    0x48, 0x70, 0x48, 0x00, 0x50, 0x70, 0x48, 0x00, 0x48, 0x70, 0x40, 0x00,
    0x48, 0x70, 0x48, 0x00, 0x50, 0x70, 0x48, 0x00, 0x48, 0x70, 0x40, 0x00,
    0x48, 0x70, 0x48, 0x00, 0x50, 0x70, 0x48, 0x00, 0x48, 0x70, 0x40, 0x00,
    0x48, 0x70, 0x48, 0x00, 0x50, 0x70, 0x48, 0x00, 0x48, 0x70, 0x40, 0x00,
    0x48, 0x70, 0x48, 0x00, 0x50, 0x70, 0x48, 0x00, 0x48, 0x70, 0x48, 0x00,
    0x50, 0x70, 0x48, 0x00, 0x50, 0x70, 0x48, 0x00, 0x48, 0x70, 0x40, 0x00,
    0x48, 0x70, 0x48, 0x00, 0x50, 0x70, 0x48, 0x00, 0x48, 0x70, 0x40, 0x00,
    0x48, 0x70, 0x48, 0x00, 0x50, 0x70, 0x48, 0x00, 0x48, 0x70, 0x40, 0x00,
    0x50, 0x70, 0x48, 0x00, 0x50, 0x70, 0x48, 0x00, 0x48, 0x70, 0x40, 0x00,
    0x50, 0x70, 0x48, 0x00, 0x48, 0x70, 0x48, 0x00, 0x50, 0x70, 0x48, 0x00,
    0x48, 0x70, 0x48, 0x00, 0x48, 0x70, 0x48, 0x00, 0x50, 0x70, 0x40, 0x00,
    0x48, 0x70, 0x48, 0x00, 0x48, 0x70, 0x48, 0x00, 0x50, 0x70, 0x40, 0x00,
    0x50, 0x70, 0x48, 0x00, 0x48, 0x70, 0x48, 0x00, 0x50, 0x70, 0x40, 0x00,
    0x50, 0x70, 0x48, 0x00, 0x48, 0x70, 0x48, 0x00, 0x50, 0x70, 0x40, 0x00,
    0x48, 0x70, 0x48, 0x00, 0x48, 0x70, 0x48, 0x00, 0x50, 0x70, 0x48, 0x00,
    0x48, 0x70, 0x40, 0x00, 0x48, 0x70, 0x48, 0x00, 0x50, 0x70, 0x48, 0x00,
    0x50, 0x70, 0x48, 0x00, 0x48, 0x70, 0x48, 0x00, 0x50, 0x70, 0x48, 0x00,
    0x48, 0x70, 0x48, 0x00, 0x48, 0x70, 0x48, 0x00, 0x50, 0x70, 0x48, 0x00,
    0x50, 0x70, 0x48, 0x00, 0x48, 0x70, 0x48, 0x00, 0x48, 0x70, 0x48, 0x00,
    0x50, 0x70, 0x48, 0x00, 0x48, 0x70, 0x48, 0x00, 0x48, 0x70, 0x48, 0x00,
    0x50, 0x70, 0x48, 0x00, 0x50, 0x70, 0x48, 0x00, 0x48, 0x70, 0x48, 0x00,
    0x50, 0x70, 0x48, 0x00, 0x48, 0x70, 0x40, 0x00, 0x48, 0x70, 0x48, 0x00,
    0x50, 0x70, 0x48, 0x00, 0x48, 0x70, 0x48, 0x00, 0x50, 0x70, 0x48, 0x00,
    0x48, 0x70, 0x40, 0x00, 0x50, 0x70, 0x48, 0x00, 0x48, 0x70, 0x48, 0x00,
    0x48, 0x70, 0x40, 0x00, 0x50, 0x70, 0x48, 0x00, 0x50, 0x70, 0x48, 0x00,
    0x48, 0x70, 0x48, 0x00, 0x50, 0x70, 0x48, 0x00, 0x48, 0x70, 0x48, 0x00,
    0x50, 0x70, 0x48, 0x00, 0x48, 0x70, 0x40, 0x00, 0x50, 0x70, 0x48, 0x00,
    0x50, 0x70, 0x48, 0x00, 0x48, 0x70, 0x48, 0x00, 0x50, 0x70, 0x48, 0x00,
    0x50, 0x70, 0x40, 0x00, 0x48, 0x70, 0x48, 0x00, 0x50, 0x70, 0x48, 0x00,
    0x48, 0x70, 0x48, 0x00, 0x48, 0x70, 0x40, 0x00, 0x50, 0x70, 0x48, 0x00,
    0x48, 0x70, 0x48, 0x00, 0x50, 0x70, 0x48, 0x00, 0x50, 0x70, 0x48, 0x00,
    0x48, 0x70, 0x48, 0x00, 0x50, 0x70, 0x48, 0x00, 0x50, 0x70, 0x48, 0x00,
    0x48, 0x70, 0x48, 0x00, 0x50, 0x70, 0x48, 0x00, 0x50, 0x70, 0x48, 0x00,
    0x48, 0x70, 0x48, 0x00, 0x50, 0x70, 0x48, 0x00, 0x50, 0x70, 0x48, 0x00,
    0x48, 0x70, 0x48, 0x00, 0x50, 0x70, 0x48, 0x00, 0x50, 0x70, 0x48, 0x00,
    0x48, 0x70, 0x48, 0x00, 0x50, 0x70, 0x48, 0x00, 0x48, 0x70, 0x48, 0x00,
    0x50, 0x70, 0x48, 0x00, 0x48, 0x70, 0x48, 0x00, 0x48, 0x70, 0x48, 0x00,
    0x50, 0x70, 0x40, 0x00, 0x50, 0x70, 0x48, 0x00, 0x48, 0x70, 0x48, 0x00,
    0x50, 0x70, 0x48, 0x00, 0x50, 0x70, 0x48, 0x00, 0x48, 0x70, 0x48, 0x00,
    0x50, 0x70, 0x48, 0x00, 0x50, 0x70, 0x48, 0x00, 0x48, 0x70, 0x48, 0x00,
    0x50, 0x70, 0x48, 0x00, 0x50, 0x70, 0x48, 0x00, 0x48, 0x70, 0x48, 0x00,
    0x50, 0x70, 0x48, 0x00, 0x50, 0x70, 0x48, 0x00, 0x48, 0x70, 0x48, 0x00,
    0x50, 0x70, 0x40, 0x00, 0x50, 0x70, 0x48, 0x00, 0x48, 0x70, 0x48, 0x00,
    0x50, 0x70, 0x48, 0x00, 0x50, 0x70, 0x48, 0x00, 0x48, 0x70, 0x48, 0x00,
    0x50, 0x70, 0x48, 0x00, 0x50, 0x70, 0x48, 0x00, 0x48, 0x70, 0x48, 0x00,
    0x50, 0x70, 0x48, 0x00, 0x50, 0x70, 0x48, 0x00, 0x48, 0x70, 0x48, 0x00,
    0x50, 0x70, 0x48, 0x00, 0x50, 0x70, 0x48, 0x00, 0x48, 0x70, 0x48, 0x00,
    0x50, 0x70, 0x40, 0x00, 0x50, 0x70, 0x48, 0x00, 0x48, 0x70, 0x48, 0x00,
    0x50, 0x70, 0x48, 0x00, 0x50, 0x70, 0x48, 0x00, 0x48, 0x70, 0x48, 0x00,
    0x50, 0x70, 0x48, 0x00, 0x50, 0x70, 0x48, 0x00, 0x48, 0x70, 0x48, 0x00,
    0x50, 0x70, 0x48, 0x00, 0x50, 0x70, 0x48, 0x00, 0x48, 0x70, 0x48, 0x00,
    0x50, 0x70, 0x48, 0x00, 0x50, 0x70, 0x48, 0x00, 0x48, 0x70, 0x48, 0x00,
    0x50, 0x70, 0x40, 0x00, 0x48, 0x70, 0x48, 0x00, 0x48, 0x70, 0x48, 0x00,
    0x50, 0x70, 0x48, 0x00, 0x50, 0x70, 0x48, 0x00, 0x48, 0x70, 0x48, 0x00,
    0x50, 0x70, 0x48, 0x00, 0x48, 0x70, 0x48, 0x00, 0x50, 0x70, 0x48, 0x00,
    0x48, 0x70, 0x48, 0x00, 0x48, 0x70, 0x48, 0x00, 0x50, 0x70, 0x48, 0x00,
    0x48, 0x70, 0x48, 0x00, 0x50, 0x70, 0x48, 0x00, 0x50, 0x70, 0x48, 0x00,
    0x48, 0x70, 0x40, 0x00, 0x50, 0x70, 0x48, 0x00, 0x50, 0x70, 0x48, 0x00,
    0x48, 0x70, 0x48, 0x00, 0x50, 0x70, 0x48, 0x00, 0x50, 0x70, 0x48, 0x00,
    0x48, 0x70, 0x48, 0x00, 0x48, 0x70, 0x48, 0x00, 0x50, 0x70, 0x48, 0x00,
    0x48, 0x70, 0x48, 0x00, 0x48, 0x70, 0x48, 0x00, 0x50, 0x70, 0x48, 0x00,
    0x48, 0x70, 0x48, 0x00, 0x50, 0x70, 0x48, 0x00, 0x50, 0x70, 0x48, 0x00,
    0x48, 0x70, 0x48, 0x00, 0x50, 0x70, 0x48, 0x00, 0x48, 0x70, 0x48, 0x00,
    0x48, 0x70, 0x48, 0x00, 0x50, 0x70, 0x48, 0x00, 0x48, 0x70, 0x40, 0x00,
    0x48, 0x70, 0x48, 0x00, 0x50, 0x70, 0x48, 0x00, 0x50, 0x70, 0x40, 0x00,
    0x48, 0x70, 0x48, 0x00, 0x48, 0x70, 0x48, 0x00, 0x50, 0x70, 0x48, 0x00,
    0x48, 0x70, 0x48, 0x00, 0x48, 0x70, 0x48, 0x00, 0x50, 0x70, 0x48, 0x00,
    0x50, 0x70, 0x40, 0x00, 0x48, 0x70, 0x48, 0x00, 0x48, 0x70, 0x48, 0x00,
    0x50, 0x70, 0x48, 0x00, 0x50, 0x70, 0x48, 0x00, 0x48, 0x70, 0x48, 0x00,
    0x50, 0x70, 0x48, 0x00, 0x50, 0x70, 0x48, 0x00, 0x48, 0x70, 0x48, 0x00,
    0x48, 0x70, 0x48, 0x00, 0x50, 0x70, 0x48, 0x00, 0x50, 0x70, 0x48, 0x00,
    0x48, 0x70, 0x48, 0x00, 0x50, 0x70, 0x48, 0x00, 0x48, 0x70, 0x48, 0x00,
    0x50, 0x70, 0x48, 0x00, 0x48, 0x70, 0x48, 0x00, 0x50, 0x70, 0x48, 0x00,
    0x50, 0x70, 0x48, 0x00, 0x48, 0x70, 0x48, 0x00, 0x48, 0x70, 0x48, 0x00,
    0x50, 0x70, 0x48, 0x00, 0x48, 0x70, 0x48, 0x00, 0x48, 0x70, 0x48, 0x00,
    0x50, 0x70, 0x48, 0x00, 0x48, 0x70, 0x48, 0x00, 0x48, 0x70, 0x48, 0x00,
    0x50, 0x70, 0x48, 0x00, 0x50, 0x70, 0x48, 0x00, 0x48, 0x70, 0x48, 0x00,
    0x50, 0x70, 0x48, 0x00, 0x48, 0x70, 0x48, 0x00, 0x48, 0x70, 0x40, 0x00,
    0x50, 0x70, 0x48, 0x00, 0x48, 0x70, 0x48, 0x00, 0x48, 0x70, 0x48, 0x00,
    0x50, 0x70, 0x48, 0x00, 0x48, 0x70, 0x48, 0x00, 0x48, 0x70, 0x48, 0x00,
    0x50, 0x70, 0x48, 0x00, 0x48, 0x70, 0x48, 0x00, 0x48, 0x70, 0x48, 0x00,
    0x50, 0x70, 0x48, 0x00, 0x48, 0x70, 0x48, 0x00, 0x48, 0x70, 0x48, 0x00,
    0x50, 0x70, 0x48, 0x00, 0x48, 0x70, 0x48, 0x00, 0x50, 0x70, 0x48, 0x00,
    0x50, 0x70, 0x48, 0x00, 0x48, 0x70, 0x48, 0x00, 0x50, 0x70, 0x48, 0x00,
    0x50, 0x70, 0x48, 0x00, 0x48, 0x70, 0x48, 0x00, 0x50, 0x70, 0x48, 0x00,
    0x48, 0x70, 0x48, 0x00, 0x48, 0x70, 0x48, 0x00, 0x50, 0x70, 0x48, 0x00,
    0x48, 0x70, 0x48, 0x00, 0x48, 0x70, 0x48, 0x00, 0x50, 0x70, 0x48, 0x00,
    0x48, 0x70, 0x48, 0x00, 0x48, 0x70, 0x48, 0x00, 0x50, 0x70, 0x48, 0x00,
    0x48, 0x70, 0x48, 0x00, 0x50, 0x70, 0x48, 0x00, 0x48, 0x70, 0x48, 0x00,
    0x50, 0x70, 0x48, 0x00, 0x48, 0x70, 0x48, 0x00, 0x48, 0x70, 0x48, 0x00,
    0x50, 0x70, 0x48, 0x00, 0x48, 0x70, 0x48, 0x00, 0x48, 0x70, 0x48, 0x00,
    0x50, 0x70, 0x48, 0x00, 0x48, 0x70, 0x48, 0x00, 0x48, 0x70, 0x48, 0x00,
    0x50, 0x70, 0x48, 0x00, 0x48, 0x70, 0x48, 0x00, 0x48, 0x70, 0x48, 0x00,
    0x50, 0x70, 0x48, 0x00, 0x48, 0x70, 0x48, 0x00, 0x48, 0x70, 0x48, 0x00,
    0x50, 0x70, 0x48, 0x00, 0x48, 0x70, 0x48, 0x00, 0x48, 0x70, 0x48, 0x00,
    0x50, 0x70, 0x48, 0x00, 0x48, 0x70, 0x48, 0x00, 0x48, 0x70, 0x48, 0x00,
    0x50, 0x70, 0x48, 0x00, 0x48, 0x70, 0x48, 0x00, 0x48, 0x70, 0x48, 0x00,
    0x50, 0x70, 0x48, 0x00, 0x48, 0x70, 0x48, 0x00, 0x48, 0x70, 0x48, 0x00,
    0x50, 0x70, 0x48, 0x00, 0x48, 0x70, 0x48, 0x00, 0x48, 0x70, 0x48, 0x00,
    0x50, 0x70, 0x48, 0x00, 0x50, 0x70, 0x48, 0x00, 0x48, 0x70, 0x48, 0x00,
    0x50, 0x70, 0x48, 0x00, 0x48, 0x70, 0x48, 0x00, 0x48, 0x70, 0x48, 0x00,
    0x50, 0x70, 0x48, 0x00, 0x50, 0x70, 0x48, 0x00, 0x48, 0x70, 0x48, 0x00,
    0x50, 0x70, 0x48, 0x00, 0x50, 0x70, 0x48, 0x00, 0x48, 0x70, 0x48, 0x00,
    0x50, 0x70, 0x48, 0x00, 0x48, 0x70, 0x48, 0x00, 0x48, 0x70, 0x48, 0x00,
    0x50, 0x70, 0x48, 0x00, 0x48, 0x70, 0x48, 0x00, 0x48, 0x70, 0x48, 0x00,
    0x50, 0x70, 0x48, 0x00, 0x48, 0x70, 0x48, 0x00, 0x48, 0x70, 0x48, 0x00,
    0x50, 0x70, 0x48, 0x00, 0x50, 0x70, 0x48, 0x00, 0x48, 0x70, 0x48, 0x00,
    0x50, 0x70, 0x48, 0x00, 0x48, 0x70, 0x48, 0x00, 0x50, 0x70, 0x48, 0x00,
    0x48, 0x70, 0x48, 0x00, 0x50, 0x70, 0x48, 0x00, 0x48, 0x70, 0x48, 0x00,
    0x48, 0x70, 0x48, 0x00, 0x50, 0x70, 0x40, 0x00, 0x50, 0x70, 0x48, 0x00,
    0x48, 0x70, 0x48, 0x00, 0x50, 0x70, 0x48, 0x00, 0x50, 0x70, 0x48, 0x00,
    0x48, 0x70, 0x48, 0x00, 0x50, 0x70, 0x48, 0x00, 0x48, 0x70, 0x48, 0x00,
    0x50, 0x70, 0x48, 0x00, 0x50, 0x70, 0x48, 0x00, 0x48, 0x70, 0x48, 0x00,
    0x50, 0x70, 0x48, 0x00, 0x48, 0x70, 0x40, 0x00, 0x50, 0x70, 0x48, 0x00,
    0x48, 0x70, 0x48, 0x00, 0x50, 0x70, 0x48, 0x00, 0x50, 0x70, 0x48, 0x00,
    0x48, 0x70, 0x48, 0x00, 0x48, 0x70, 0x48, 0x00, 0x50, 0x70, 0x40, 0x00,
    0x48, 0x70, 0x48, 0x00, 0x48, 0x70, 0x48, 0x00, 0x50, 0x70, 0x48, 0x00,
    0x50, 0x70, 0x48, 0x00, 0x48, 0x70, 0x40, 0x00, 0x50, 0x70, 0x48, 0x00,
    0x48, 0x70, 0x48, 0x00, 0x48, 0x70, 0x48, 0x00, 0x50, 0x70, 0x48, 0x00,
    0x48, 0x70, 0x48, 0x00, 0x50, 0x70, 0x48, 0x00, 0x48, 0x70, 0x48, 0x00,
    0x48, 0x70, 0x40, 0x00, 0x50, 0x70, 0x48, 0x00, 0x48, 0x70, 0x48, 0x00,
    0x50, 0x70, 0x40, 0x00, 0x50, 0x70, 0x48, 0x00, 0x48, 0x70, 0x48, 0x00,
    0x50, 0x70, 0x48, 0x00, 0x50, 0x70, 0x40, 0x00, 0x48, 0x70, 0x48, 0x00,
    0x50, 0x70, 0x48, 0x00, 0x48, 0x70, 0x48, 0x00, 0x48, 0x70, 0x40, 0x00,
    0x50, 0x70, 0x48, 0x00, 0x48, 0x70, 0x48, 0x00, 0x50, 0x70, 0x48, 0x00,
    0x50, 0x70, 0x48, 0x00, 0x48, 0x70, 0x48, 0x00, 0x50, 0x70, 0x48, 0x00,
    0x48, 0x70, 0x48, 0x00, 0x50, 0x70, 0x40, 0x00, 0x50, 0x70, 0x48, 0x00,
    0x48, 0x70, 0x48, 0x00, 0x50, 0x70, 0x40, 0x00, 0x50, 0x70, 0x48, 0x00,
    0x48, 0x70, 0x48, 0x00, 0x50, 0x70, 0x40, 0x00, 0x50, 0x70, 0x48, 0x00,
    0x48, 0x70, 0x48, 0x00, 0x50, 0x70, 0x40, 0x00, 0x48, 0x70, 0x48, 0x00,
    0x48, 0x70, 0x48, 0x00, 0x50, 0x70, 0x40, 0x00, 0x48, 0x70, 0x48, 0x00,
    0x48, 0x70, 0x48, 0x00, 0x50, 0x70, 0x40, 0x00, 0x48, 0x70, 0x48, 0x00,
    0x50, 0x70, 0x48, 0x00, 0x48, 0x70, 0x48, 0x00, 0x50, 0x70, 0x48, 0x00,
    0x50, 0x70, 0x40, 0x00, 0x48, 0x70, 0x48, 0x00, 0x50, 0x70, 0x48, 0x00,
    0x50, 0x70, 0x40, 0x00, 0x48, 0x70, 0x48, 0x00, 0x50, 0x70, 0x48, 0x00,
    0x50, 0x70, 0x40, 0x00, 0x48, 0x70, 0x48, 0x00, 0x48, 0x70, 0x48, 0x00,
    0x50, 0x70, 0x40, 0x00, 0x48, 0x70, 0x48, 0x00, 0x48, 0x70, 0x48, 0x00,
    0x50, 0x70, 0x40, 0x00, 0x50, 0x70, 0x48, 0x00, 0x48, 0x70, 0x48, 0x00,
    0x50, 0x70, 0x40, 0x00, 0x50, 0x70, 0x48, 0x00, 0x48, 0x70, 0x48, 0x00,
    0x50, 0x70, 0x40, 0x00, 0x50, 0x70, 0x48, 0x00, 0x48, 0x70, 0x48, 0x00,
    0x50, 0x70, 0x40, 0x00, 0x50, 0x70, 0x48, 0x00, 0x48, 0x70, 0x48, 0x00,
    0x50, 0x70, 0x40, 0x00, 0x50, 0x70, 0x48, 0x00, 0x48, 0x70, 0x48, 0x00,
    0x50, 0x70, 0x40, 0x00, 0x50, 0x70, 0x48, 0x00, 0x48, 0x70, 0x48, 0x00,
    0x50, 0x70, 0x40, 0x00, 0x50, 0x70, 0x48, 0x00, 0x48, 0x70, 0x48, 0x00,
    0x50, 0x70, 0x40, 0x00, 0x50, 0x70, 0x48, 0x00, 0x48, 0x70, 0x48, 0x00,
    0x50, 0x70, 0x40, 0x00, 0x50, 0x70, 0x48, 0x00, 0x48, 0x70, 0x48, 0x00,
    0x50, 0x70, 0x40, 0x00, 0x48, 0x70, 0x48, 0x00, 0x48, 0x70, 0x48, 0x00,
    0x50, 0x70, 0x40, 0x00, 0x48, 0x70, 0x48, 0x00, 0x50, 0x70, 0x48, 0x00,
    0x50, 0x70, 0x40, 0x00, 0x48, 0x70, 0x48, 0x00, 0x48, 0x70, 0x48, 0x00,
    0x50, 0x70, 0x40, 0x00, 0x48, 0x70, 0x48, 0x00, 0x48, 0x70, 0x48, 0x00,
    0x50, 0x70, 0x40, 0x00, 0x50, 0x70, 0x48, 0x00, 0x48, 0x70, 0x48, 0x00,
    0x50, 0x70, 0x40, 0x00, 0x50, 0x70, 0x48, 0x00, 0x48, 0x70, 0x48, 0x00,
    0x50, 0x70, 0x40, 0x00, 0x48, 0x70, 0x48, 0x00, 0x50, 0x70, 0x48, 0x00,
    0x48, 0x70, 0x40, 0x00, 0x50, 0x70, 0x48, 0x00, 0x48, 0x70, 0x48, 0x00,
    0x48, 0x70, 0x40, 0x00, 0x50, 0x70, 0x48, 0x00, 0x48, 0x70, 0x48, 0x00,
    0x50, 0x70, 0x40, 0x00, 0x50, 0x70, 0x48, 0x00, 0x48, 0x70, 0x48, 0x00,
    0x50, 0x70, 0x40, 0x00, 0x50, 0x70, 0x48, 0x00, 0x48, 0x70, 0x48, 0x00,
    0x48, 0x70, 0x48, 0x00, 0x50, 0x70, 0x48, 0x00, 0x48, 0x70, 0x40, 0x00,
    0x50, 0x70, 0x48, 0x00, 0x48, 0x70, 0x48, 0x00, 0x50, 0x70, 0x40, 0x00,
    0x48, 0x70, 0x48, 0x00, 0x50, 0x70, 0x48, 0x00, 0x48, 0x70, 0x48, 0x00,
    0x48, 0x70, 0x48, 0x00, 0x50, 0x70, 0x48, 0x00, 0x48, 0x70, 0x48, 0x00,
    0x50, 0x70, 0x48, 0x00, 0x48, 0x70, 0x48, 0x00, 0x48, 0x70, 0x48, 0x00,
    0x48, 0x70, 0x48, 0x00, 0x50, 0x70, 0x48, 0x00, 0x50, 0x70, 0x48, 0x00,
    0x48, 0x70, 0x48, 0x00, 0x50, 0x70, 0x48, 0x00, 0x50, 0x70, 0x48, 0x00,
    0x48, 0x70, 0x40, 0x00, 0x48, 0x70, 0x48, 0x00, 0x50, 0x70, 0x48, 0x00,
    0x48, 0x70, 0x48, 0x00, 0x50, 0x70, 0x48, 0x00, 0x50, 0x70, 0x48, 0x00,
    0x48, 0x70, 0x40, 0x00, 0x50, 0x70, 0x48, 0x00, 0x48, 0x70, 0x48, 0x00,
    0x50, 0x70, 0x40, 0x00, 0x50, 0x70, 0x48, 0x00, 0x48, 0x70, 0x48, 0x00,
    0x48, 0x70, 0x48, 0x00, 0x50, 0x70, 0x48, 0x00, 0x48, 0x70, 0x48, 0x00,
    0x48, 0x70, 0x48, 0x00, 0x50, 0x70, 0x48, 0x00, 0x48, 0x70, 0x48, 0x00,
    0x50, 0x70, 0x48, 0x00, 0x48, 0x70, 0x48, 0x00, 0x50, 0x70, 0x48, 0x00,
    0x50, 0x70, 0x48, 0x00, 0x48, 0x70, 0x48, 0x00, 0x50, 0x70, 0x48, 0x00,
    0x48, 0x70, 0x40, 0x00, 0x48, 0x70, 0x48, 0x00, 0x50, 0x70, 0x48, 0x00,
    0x48, 0x70, 0x48, 0x00, 0x50, 0x70, 0x48, 0x00, 0x48, 0x70, 0x48, 0x00,
    0x48, 0x70, 0x48, 0x00, 0x50, 0x70, 0x48, 0x00, 0x48, 0x70, 0x48, 0x00,
    0x48, 0x70, 0x48, 0x00, 0x50, 0x70, 0x48, 0x00, 0x48, 0x70, 0x48, 0x00,
    0x48, 0x70, 0x48, 0x00, 0x50, 0x70, 0x48, 0x00, 0x50, 0x70, 0x48, 0x00,
    0x48, 0x70, 0x48, 0x00, 0x50, 0x70, 0x48, 0x00, 0x50, 0x70, 0x48, 0x00,
    0x48, 0x70, 0x48, 0x00, 0x50, 0x70, 0x48, 0x00, 0x48, 0x70, 0x48, 0x00,
    0x48, 0x70, 0x48, 0x00, 0x50, 0x70, 0x48, 0x00, 0x48, 0x70, 0x40, 0x00,
    0x48, 0x70, 0x48, 0x00, 0x50, 0x70, 0x48, 0x00, 0x48, 0x70, 0x48, 0x00,
    0x48, 0x70, 0x48, 0x00, 0x50, 0x70, 0x48, 0x00, 0x48, 0x70, 0x48, 0x00,
    0x48, 0x70, 0x48, 0x00, 0x50, 0x70, 0x48, 0x00, 0x50, 0x70, 0x48, 0x00,
    0x48, 0x70, 0x48, 0x00, 0x50, 0x70, 0x48, 0x00, 0x50, 0x70, 0x48, 0x00,
    0x48, 0x70, 0x48, 0x00, 0x50, 0x70, 0x48, 0x00, 0x50, 0x70, 0x48, 0x00,
    0x48, 0x70, 0x48, 0x00, 0x48, 0x70, 0x48, 0x00, 0x50, 0x70, 0x48, 0x00,
    0x48, 0x70, 0x48, 0x00, 0x48, 0x70, 0x48, 0x00, 0x50, 0x70, 0x48, 0x00,
    0x48, 0x70, 0x48, 0x00, 0x48, 0x70, 0x48, 0x00, 0x50, 0x70, 0x48, 0x00,
    0x48, 0x70, 0x48, 0x00, 0x48, 0x70, 0x48, 0x00, 0x50, 0x70, 0x48, 0x00,
    0x48, 0x70, 0x48, 0x00, 0x48, 0x70, 0x48, 0x00, 0x50, 0x70, 0x48, 0x00,
    0x48, 0x70, 0x48, 0x00, 0x48, 0x70, 0x48, 0x00, 0x50, 0x70, 0x48, 0x00,
    0x48, 0x70, 0x48, 0x00, 0x48, 0x70, 0x48, 0x00, 0x50, 0x70, 0x48, 0x00,
    0x48, 0x70, 0x48, 0x00, 0x48, 0x70, 0x48, 0x00, 0x50, 0x70, 0x48, 0x00,
    0x48, 0x70, 0x48, 0x00, 0x50, 0x70, 0x48, 0x00, 0x50, 0x70, 0x48, 0x00,
    0x48, 0x70, 0x48, 0x00, 0x50, 0x70, 0x48, 0x00, 0x48, 0x70, 0x48, 0x00,
    0x48, 0x70, 0x48, 0x00, 0x50, 0x70, 0x48, 0x00, 0x50, 0x70, 0x48, 0x00,
    0x48, 0x70, 0x48, 0x00, 0x50, 0x70, 0x48, 0x00, 0x48, 0x70, 0x48, 0x00,
    0x50, 0x70, 0x48, 0x00, 0x48, 0x70, 0x48, 0x00, 0x48, 0x70, 0x48, 0x00,
    0x50, 0x70, 0x48, 0x00, 0x48, 0x70, 0x48, 0x00, 0x50, 0x70, 0x48, 0x00,
    0x48, 0x70, 0x48, 0x00, 0x50, 0x70, 0x48, 0x00, 0x48, 0x70, 0x48, 0x00,
    0x50, 0x70, 0x48, 0x00, 0x48, 0x70, 0x48, 0x00, 0x50, 0x70, 0x48, 0x00,
    0x50, 0x70, 0x48, 0x00, 0x48, 0x70, 0x48, 0x00, 0x50, 0x70, 0x48, 0x00,
    0x48, 0x70, 0x48, 0x00, 0x48, 0x70, 0x48, 0x00, 0x50, 0x70, 0x48, 0x00,
    0x48, 0x70, 0x48, 0x00, 0x48, 0x70, 0x48, 0x00, 0x50, 0x70, 0x48, 0x00,
    0x50, 0x70, 0x48, 0x00, 0x48, 0x70, 0x48, 0x00, 0x50, 0x70, 0x48, 0x00,
    0x48, 0x70, 0x48, 0x00, 0x50, 0x70, 0x48, 0x00, 0x48, 0x70, 0x48, 0x00,
    0x48, 0x70, 0x48, 0x00, 0x50, 0x70, 0x48, 0x00, 0x50, 0x70, 0x48, 0x00,
    0x48, 0x70, 0x48, 0x00, 0x50, 0x70, 0x40, 0x00, 0x48, 0x70, 0x48, 0x00,
    0x50, 0x70, 0x48, 0x00, 0x48, 0x70, 0x40, 0x00, 0x50, 0x70, 0x48, 0x00,
    0x48, 0x70, 0x48, 0x00, 0x50, 0x70, 0x48, 0x00, 0x48, 0x70, 0x48, 0x00,
    0x48, 0x70, 0x40, 0x00, 0x50, 0x70, 0x48, 0x00, 0x48, 0x70, 0x48, 0x00,
    0x48, 0x70, 0x48, 0x00, 0x50, 0x70, 0x48, 0x00, 0x50, 0x70, 0x48, 0x00,
    0x48, 0x70, 0x48, 0x00, 0x48, 0x70, 0x48, 0x00, 0x50, 0x70, 0x48, 0x00,
    0x48, 0x70, 0x48, 0x00, 0x48, 0x70, 0x48, 0x00, 0x50, 0x70, 0x48, 0x00,
    0x48, 0x70, 0x48, 0x00, 0x50, 0x70, 0x48, 0x00, 0x48, 0x70, 0x48, 0x00,
    0x50, 0x70, 0x48, 0x00, 0x50, 0x70, 0x48, 0x00, 0x48, 0x70, 0x48, 0x00,
    0x50, 0x70, 0x48, 0x00, 0x50, 0x70, 0x48, 0x00, 0x48, 0x70, 0x48, 0x00,
    0x50, 0x70, 0x40, 0x00, 0x48, 0x70, 0x48, 0x00, 0x48, 0x70, 0x48, 0x00,
    0x50, 0x70, 0x40, 0x00, 0x48, 0x70, 0x48, 0x00, 0x50, 0x70, 0x48, 0x00,
    0x48, 0x70, 0x48, 0x00, 0x50, 0x70, 0x48, 0x00, 0x50, 0x70, 0x48, 0x00,
    0x48, 0x70, 0x48, 0x00, 0x50, 0x70, 0x48, 0x00, 0x48, 0x70, 0x40, 0x00,
    0x50, 0x70, 0x48, 0x00, 0x50, 0x70, 0x48, 0x00, 0x48, 0x70, 0x48, 0x00,
    0x50, 0x70, 0x48, 0x00, 0x50, 0x70, 0x40, 0x00, 0x48, 0x70, 0x48, 0x00,
    0x50, 0x70, 0x48, 0x00, 0x50, 0x70, 0x48, 0x00, 0x48, 0x70, 0x48, 0x00,
    0x48, 0x70, 0x40, 0x00, 0x50, 0x70, 0x48, 0x00, 0x48, 0x70, 0x48, 0x00,
    0x50, 0x70, 0x48, 0x00, 0x48, 0x70, 0x48, 0x00, 0x50, 0x70, 0x48, 0x00,
    0x50, 0x70, 0x40, 0x00, 0x48, 0x70, 0x48, 0x00, 0x50, 0x70, 0x48, 0x00,
    0x50, 0x70, 0x48, 0x00, 0x48, 0x70, 0x48, 0x00, 0x50, 0x70, 0x48, 0x00,
    0x50, 0x70, 0x48, 0x00, 0x48, 0x70, 0x48, 0x00, 0x50, 0x70, 0x48, 0x00,
    0x50, 0x70, 0x40, 0x00, 0x48, 0x70, 0x48, 0x00, 0x50, 0x70, 0x48, 0x00,
    0x48, 0x70, 0x48, 0x00, 0x48, 0x70, 0x48, 0x00, 0x50, 0x70, 0x40, 0x00,
    0x48, 0x70, 0x48, 0x00, 0x48, 0x70, 0x48, 0x00, 0x50, 0x70, 0x48, 0x00,
    0x48, 0x70, 0x48, 0x00, 0x48, 0x70, 0x48, 0x00, 0x50, 0x70, 0x48, 0x00,
    0x50, 0x70, 0x48, 0x00, 0x48, 0x70, 0x48, 0x00, 0x50, 0x70, 0x48, 0x00,
    0x50, 0x70, 0x48, 0x00, 0x48, 0x70, 0x48, 0x00, 0x50, 0x70, 0x40, 0x00,
    0x50, 0x70, 0x48, 0x00, 0x48, 0x70, 0x48, 0x00, 0x50, 0x70, 0x48, 0x00,
    0x50, 0x70, 0x48, 0x00, 0x48, 0x70, 0x48, 0x00, 0x50, 0x70, 0x40, 0x00,
    0x50, 0x70, 0x48, 0x00, 0x48, 0x70, 0x48, 0x00, 0x50, 0x70, 0x48, 0x00,
    0x50, 0x70, 0x48, 0x00, 0x48, 0x70, 0x48, 0x00, 0x50, 0x70, 0x48, 0x00,
    0x50, 0x70, 0x48, 0x00, 0x48, 0x70, 0x48, 0x00, 0x50, 0x70, 0x40, 0x00,
    0x50, 0x70, 0x48, 0x00, 0x48, 0x70, 0x48, 0x00, 0x48, 0x70, 0x48, 0x00,
    0x50, 0x70, 0x48, 0x00, 0x48, 0x70, 0x48, 0x00, 0x50, 0x70, 0x40, 0x00,
    0x50, 0x70, 0x48, 0x00, 0x48, 0x70, 0x48, 0x00, 0x50, 0x70, 0x48, 0x00,
    0x48, 0x70, 0x48, 0x00, 0x48, 0x70, 0x48, 0x00, 0x50, 0x70, 0x48, 0x00,
    0x48, 0x70, 0x48, 0x00, 0x50, 0x70, 0x48, 0x00, 0x50, 0x70, 0x40, 0x00,
    0x48, 0x70, 0x48, 0x00, 0x50, 0x70, 0x48, 0x00, 0x48, 0x70, 0x48, 0x00,
    0x50, 0x70, 0x48, 0x00, 0x48, 0x70, 0x48, 0x00, 0x48, 0x70, 0x40, 0x00,
    0x50, 0x70, 0x48, 0x00, 0x50, 0x70, 0x48, 0x00, 0x48, 0x70, 0x48, 0x00,
    0x48, 0x70, 0x48, 0x00, 0x50, 0x70, 0x48, 0x00, 0x48, 0x70, 0x48, 0x00,
    0x50, 0x70, 0x48, 0x00, 0x50, 0x70, 0x48, 0x00, 0x48, 0x70, 0x40, 0x00,
    0x50, 0x70, 0x48, 0x00, 0x50, 0x70, 0x48, 0x00, 0x48, 0x70, 0x48, 0x00,
    0x48, 0x70, 0x48, 0x00, 0x50, 0x70, 0x48, 0x00, 0x48, 0x70, 0x40, 0x00,
    0x48, 0x70, 0x48, 0x00, 0x50, 0x70, 0x48, 0x00, 0x50, 0x70, 0x48, 0x00,
    0x48, 0x70, 0x48, 0x00, 0x50, 0x70, 0x48, 0x00, 0x48, 0x70, 0x48, 0x00,
    0x50, 0x70, 0x48, 0x00, 0x48, 0x70, 0x48, 0x00, 0x48, 0x70, 0x48, 0x00,
    0x50, 0x70, 0x48, 0x00, 0x50, 0x70, 0x48, 0x00, 0x48, 0x70, 0x48, 0x00,
    0x50, 0x70, 0x48, 0x00, 0x48, 0x70, 0x48, 0x00, 0x50, 0x70, 0x48, 0x00,
    0x50, 0x70, 0x48, 0x00, 0x50, 0x70, 0x48, 0x00, 0x48, 0x70, 0x48, 0x00,
    0x50, 0x70, 0x48, 0x00, 0x50, 0x70, 0x48, 0x00, 0x48, 0x70, 0x40, 0x00,
    0x48, 0x70, 0x48, 0x00, 0x50, 0x70, 0x48, 0x00, 0x50, 0x70, 0x48, 0x00,
    0x48, 0x70, 0x40, 0x00, 0x50, 0x70, 0x48, 0x00, 0x50, 0x70, 0x48, 0x00,
    0x48, 0x70, 0x40, 0x00, 0x50, 0x70, 0x48, 0x00, 0x50, 0x70, 0x48, 0x00,
    0x48, 0x70, 0x48, 0x00, 0x48, 0x70, 0x48, 0x00, 0x48, 0x70, 0x48, 0x00,
    0x50, 0x70, 0x40, 0x00, 0x48, 0x70, 0x48, 0x00, 0x48, 0x70, 0x48, 0x00,
    0x50, 0x70, 0x40, 0x00, 0x50, 0x70, 0x48, 0x00, 0x48, 0x70, 0x48, 0x00,
    0x50, 0x70, 0x48, 0x00, 0x50, 0x70, 0x48, 0x00, 0x48, 0x70, 0x48, 0x00,
    0x48, 0x70, 0x48, 0x00, 0x50, 0x70, 0x40, 0x00, 0x48, 0x70, 0x48, 0x00,
    0x48, 0x70, 0x48, 0x00, 0x50, 0x70, 0x48, 0x00, 0x50, 0x70, 0x48, 0x00,
    0x48, 0x70, 0x48, 0x00, 0x48, 0x70, 0x48, 0x00, 0x50, 0x70, 0x48, 0x00,
    0x48, 0x70, 0x40, 0x00, 0x48, 0x70, 0x48, 0x00, 0x50, 0x70, 0x48, 0x00,
    0x48, 0x70, 0x48, 0x00, 0x48, 0x70, 0x48, 0x00, 0x50, 0x70, 0x48, 0x00,
    0x50, 0x70, 0x40, 0x00, 0x48, 0x70, 0x48, 0x00, 0x50, 0x70, 0x48, 0x00,
    0x48, 0x70, 0x48, 0x00, 0x50, 0x70, 0x48, 0x00, 0x48, 0x70, 0x40, 0x00,
    0x48, 0x70, 0x48, 0x00, 0x50, 0x70, 0x48, 0x00, 0x48, 0x70, 0x48, 0x00,
    0x48, 0x70, 0x48, 0x00, 0x50, 0x70, 0x48, 0x00, 0x48, 0x70, 0x48, 0x00,
    0x50, 0x70, 0x48, 0x00, 0x48, 0x70, 0x48, 0x00, 0x48, 0x70, 0x40, 0x00,
    0x50, 0x70, 0x48, 0x00, 0x48, 0x70, 0x48, 0x00, 0x48, 0x70, 0x48, 0x00,
    0x50, 0x70, 0x48, 0x00, 0x50, 0x70, 0x48, 0x00, 0x48, 0x70, 0x40, 0x00,
    0x50, 0x70, 0x48, 0x00, 0x50, 0x70, 0x48, 0x00, 0x48, 0x70, 0x48, 0x00,
    0x50, 0x70, 0x48, 0x00, 0x50, 0x70, 0x40, 0x00, 0x48, 0x70, 0x48, 0x00,
    0x50, 0x70, 0x48, 0x00, 0x48, 0x70, 0x40, 0x00, 0x50, 0x70, 0x48, 0x00,
    0x48, 0x70, 0x48, 0x00, 0x48, 0x70, 0x40, 0x00, 0x50, 0x70, 0x48, 0x00,
    0x48, 0x70, 0x48, 0x00, 0x50, 0x70, 0x48, 0x00, 0x48, 0x70, 0x48, 0x00,
    0x48, 0x70, 0x48, 0x00, 0x50, 0x70, 0x40, 0x00, 0x48, 0x70, 0x48, 0x00,
    0x48, 0x70, 0x48, 0x00, 0x50, 0x70, 0x48, 0x00, 0x48, 0x70, 0x48, 0x00,
    0x48, 0x70, 0x48, 0x00, 0x50, 0x70, 0x40, 0x00, 0x48, 0x70, 0x48, 0x00,
    0x48, 0x70, 0x48, 0x00, 0x50, 0x70, 0x40, 0x00, 0x48, 0x70, 0x48, 0x00,
    0x48, 0x70, 0x48, 0x00, 0x50, 0x70, 0x48, 0x00, 0x50, 0x70, 0x48, 0x00,
    0x48, 0x70, 0x48, 0x00, 0x50, 0x70, 0x40, 0x00, 0x48, 0x70, 0x48, 0x00,
    0x48, 0x70, 0x48, 0x00, 0x50, 0x70, 0x48, 0x00, 0x48, 0x70, 0x48, 0x00,
    0x50, 0x70, 0x48, 0x00, 0x50, 0x70, 0x40, 0x00, 0x48, 0x70, 0x48, 0x00,
    0x50, 0x70, 0x48, 0x00, 0x50, 0x70, 0x40, 0x00, 0x48, 0x70, 0x48, 0x00,
    0x48, 0x70, 0x48, 0x00, 0x50, 0x70, 0x48, 0x00, 0x50, 0x70, 0x48, 0x00,
    0x48, 0x70, 0x48, 0x00, 0x50, 0x70, 0x40, 0x00, 0x48, 0x70, 0x48, 0x00,
    0x50, 0x70, 0x48, 0x00, 0x48, 0x70, 0x48, 0x00, 0x48, 0x70, 0x48, 0x00,
    0x50, 0x70, 0x48, 0x00, 0x48, 0x70, 0x40, 0x00, 0x50, 0x70, 0x48, 0x00,
    0x48, 0x70, 0x48, 0x00, 0x48, 0x70, 0x40, 0x00, 0x50, 0x70, 0x48, 0x00,
    0x48, 0x70, 0x48, 0x00, 0x48, 0x70, 0x48, 0x00, 0x50, 0x70, 0x48, 0x00,
    0x50, 0x70, 0x48, 0x00, 0x48, 0x70, 0x40, 0x00, 0x50, 0x70, 0x48, 0x00,
    0x50, 0x70, 0x48, 0x00, 0x48, 0x70, 0x48, 0x00, 0x50, 0x70, 0x48, 0x00,
    0x48, 0x70, 0x40, 0x00, 0x48, 0x70, 0x48, 0x00, 0x50, 0x70, 0x48, 0x00,
    0x48, 0x70, 0x40, 0x00, 0x50, 0x70, 0x48, 0x00, 0x48, 0x70, 0x48, 0x00,
    0x50, 0x70, 0x40, 0x00, 0x48, 0x70, 0x48, 0x00, 0x48, 0x70, 0x48, 0x00,
    0x50, 0x70, 0x48, 0x00, 0x48, 0x70, 0x48, 0x00, 0x48, 0x70, 0x48, 0x00,
    0x50, 0x70, 0x48, 0x00, 0x48, 0x70, 0x48, 0x00, 0x48, 0x70, 0x48, 0x00,
    0x48, 0x70, 0x48, 0x00, 0x50, 0x70, 0x48, 0x00, 0x48, 0x70, 0x48, 0x00,
    0x50, 0x70, 0x48, 0x00, 0x50, 0x70, 0x48, 0x00, 0x48, 0x70, 0x48, 0x00,
    0x48, 0x70, 0x48, 0x00, 0x50, 0x70, 0x48, 0x00, 0x48, 0x70, 0x48, 0x00,
    0x48, 0x70, 0x48, 0x00, 0x50, 0x70, 0x48, 0x00, 0x48, 0x70, 0x48, 0x00,
    0x48, 0x70, 0x48, 0x00, 0x50, 0x70, 0x48, 0x00, 0x50, 0x70, 0x40, 0x00,
    0x48, 0x70, 0x48, 0x00, 0x50, 0x70, 0x48, 0x00, 0x50, 0x70, 0x48, 0x00,
    0x48, 0x70, 0x48, 0x00, 0x48, 0x70, 0x48, 0x00, 0x50, 0x70, 0x48, 0x00,
    0x48, 0x70, 0x48, 0x00, 0x48, 0x70, 0x48, 0x00, 0x50, 0x70, 0x48, 0x00,
    0x50, 0x70, 0x48, 0x00, 0x48, 0x70, 0x48, 0x00, 0x50, 0x70, 0x48, 0x00,
    0x50, 0x70, 0x48, 0x00, 0x48, 0x70, 0x48, 0x00, 0x48, 0x70, 0x48, 0x00,
    0x50, 0x70, 0x40, 0x00, 0x48, 0x70, 0x48, 0x00, 0x50, 0x70, 0x48, 0x00,
    0x50, 0x70, 0x48, 0x00, 0x48, 0x70, 0x48, 0x00, 0x50, 0x70, 0x48, 0x00,
    0x50, 0x70, 0x48, 0x00, 0x48, 0x70, 0x48, 0x00, 0x50, 0x70, 0x48, 0x00,
    0x48, 0x70, 0x48, 0x00, 0x48, 0x70, 0x48, 0x00, 0x48, 0x70, 0x48, 0x00,
    0x50, 0x70, 0x48, 0x00, 0x48, 0x70, 0x48, 0x00, 0x50, 0x70, 0x48, 0x00,
    0x48, 0x70, 0x48, 0x00, 0x50, 0x70, 0x48, 0x00, 0x50, 0x70, 0x48, 0x00,
    0x48, 0x70, 0x48, 0x00, 0x50, 0x70, 0x48, 0x00, 0x50, 0x70, 0x48, 0x00,
    0x48, 0x70, 0x40, 0x00, 0x50, 0x70, 0x48, 0x00, 0x48, 0x70, 0x48, 0x00,
    0x50, 0x70, 0x48, 0x00, 0x50, 0x70, 0x48, 0x00, 0x48, 0x70, 0x48, 0x00,
    0x50, 0x70, 0x48, 0x00, 0x48, 0x70, 0x48, 0x00, 0x50, 0x70, 0x48, 0x00,
    0x48, 0x70, 0x48, 0x00, 0x48, 0x70, 0x48, 0x00, 0x50, 0x70, 0x48, 0x00,
    0x48, 0x70, 0x48, 0x00, 0x48, 0x70, 0x48, 0x00, 0x50, 0x70, 0x48, 0x00,
    0x48, 0x70, 0x48, 0x00, 0x50, 0x70, 0x48, 0x00, 0x48, 0x70, 0x48, 0x00,
    0x50, 0x70, 0x48, 0x00, 0x48, 0x70, 0x48, 0x00, 0x50, 0x70, 0x48, 0x00,
    0x50, 0x70, 0x48, 0x00, 0x48, 0x70, 0x48, 0x00, 0x50, 0x70, 0x48, 0x00,
    0x48, 0x70, 0x48, 0x00, 0x50, 0x70, 0x48, 0x00, 0x50, 0x70, 0x48, 0x00,
    0x48, 0x70, 0x48, 0x00, 0x50, 0x70, 0x48, 0x00, 0x50, 0x70, 0x48, 0x00,
    0x48, 0x70, 0x48, 0x00, 0x50, 0x70, 0x48, 0x00, 0x50, 0x70, 0x48, 0x00,
    0x48, 0x70, 0x48, 0x00, 0x50, 0x70, 0x48, 0x00, 0x50, 0x70, 0x48, 0x00,
    0x48, 0x70, 0x48, 0x00, 0x50, 0x70, 0x48, 0x00, 0x48, 0x70, 0x48, 0x00,
    0x48, 0x70, 0x48, 0x00, 0x50, 0x70, 0x48, 0x00, 0x48, 0x70, 0x48, 0x00,
    0x50, 0x70, 0x48, 0x00, 0x50, 0x70, 0x48, 0x00, 0x48, 0x70, 0x48, 0x00,
    0x50, 0x70, 0x48, 0x00, 0x48, 0x70, 0x48, 0x00, 0x48, 0x70, 0x48, 0x00,
    0x50, 0x70, 0x48, 0x00, 0x48, 0x70, 0x48, 0x00, 0x48, 0x70, 0x48, 0x00,
    0x50, 0x70, 0x48, 0x00, 0x48, 0x70, 0x48, 0x00, 0x48, 0x70, 0x48, 0x00,
    0x50, 0x70, 0x48, 0x00, 0x48, 0x70, 0x48, 0x00, 0x48, 0x70, 0x48, 0x00,
    0x50, 0x70, 0x48, 0x00, 0x50, 0x70, 0x48, 0x00, 0x48, 0x70, 0x48, 0x00,
    0x50, 0x70, 0x48, 0x00, 0x50, 0x70, 0x48, 0x00, 0x48, 0x70, 0x48, 0x00,
    0x50, 0x70, 0x48, 0x00, 0x50, 0x70, 0x48, 0x00, 0x48, 0x70, 0x48, 0x00,
    0x50, 0x70, 0x48, 0x00, 0x50, 0x70, 0x48, 0x00, 0x48, 0x70, 0x48, 0x00,
    0x50, 0x70, 0x48, 0x00, 0x48, 0x70, 0x48, 0x00, 0x48, 0x70, 0x48, 0x00,
    0x50, 0x70, 0x48, 0x00, 0x48, 0x70, 0x48, 0x00, 0x48, 0x70, 0x48, 0x00,
    0x50, 0x70, 0x48, 0x00, 0x50, 0x70, 0x48, 0x00, 0x48, 0x70, 0x48, 0x00,
    0x50, 0x70, 0x48, 0x00, 0x50, 0x70, 0x48, 0x00, 0x48, 0x70, 0x48, 0x00,
    0x50, 0x70, 0x48, 0x00, 0x50, 0x70, 0x48, 0x00, 0x48, 0x70, 0x48, 0x00,
    0x50, 0x70, 0x48, 0x00, 0x50, 0x70, 0x40, 0x00, 0x48, 0x70, 0x48, 0x00,
    0x50, 0x70, 0x48, 0x00, 0x50, 0x70, 0x40, 0x00, 0x48, 0x70, 0x48, 0x00,
    0x50, 0x70, 0x48, 0x00, 0x48, 0x70, 0x48, 0x00, 0x50, 0x70, 0x48, 0x00,
    0x48, 0x70, 0x40, 0x00, 0x48, 0x70, 0x48, 0x00, 0x50, 0x70, 0x48, 0x00,
    0x48, 0x70, 0x48, 0x00, 0x50, 0x70, 0x48, 0x00, 0x50, 0x70, 0x40, 0x00,
    0x48, 0x70, 0x48, 0x00, 0x50, 0x70, 0x48, 0x00, 0x50, 0x70, 0x48, 0x00,
    0x48, 0x70, 0x48, 0x00, 0x50, 0x70, 0x48, 0x00, 0x48, 0x70, 0x48, 0x00,
    0x48, 0x70, 0x48, 0x00, 0x50, 0x70, 0x48, 0x00, 0x48, 0x70, 0x48, 0x00,
    0x50, 0x70, 0x48, 0x00, 0x50, 0x70, 0x48, 0x00, 0x48, 0x70, 0x48, 0x00,
    0x50, 0x70, 0x48, 0x00, 0x50, 0x70, 0x48, 0x00, 0x48, 0x70, 0x48, 0x00,
    0x48, 0x70, 0x48, 0x00, 0x50, 0x70, 0x40, 0x00, 0x48, 0x70, 0x48, 0x00,
    0x48, 0x70, 0x48, 0x00, 0x50, 0x70, 0x48, 0x00, 0x50, 0x70, 0x48, 0x00,
    0x48, 0x70, 0x48, 0x00, 0x50, 0x70, 0x48, 0x00, 0x48, 0x70, 0x48, 0x00,
    0x48, 0x70, 0x48, 0x00, 0x50, 0x70, 0x40, 0x00, 0x48, 0x70, 0x48, 0x00,
    0x48, 0x70, 0x48, 0x00, 0x50, 0x70, 0x48, 0x00, 0x48, 0x70, 0x48, 0x00,
    0x50, 0x70, 0x40, 0x00, 0x50, 0x70, 0x48, 0x00, 0x50, 0x70, 0x48, 0x00,
    0x48, 0x70, 0x40, 0x00, 0x50, 0x70, 0x48, 0x00, 0x50, 0x70, 0x48, 0x00,
    0x48, 0x70, 0x48, 0x00, 0x48, 0x70, 0x40, 0x00, 0x50, 0x70, 0x48, 0x00,
    0x48, 0x70, 0x48, 0x00, 0x48, 0x70, 0x48, 0x00, 0x50, 0x70, 0x40, 0x00,
    0x48, 0x70, 0x48, 0x00, 0x48, 0x70, 0x48, 0x00, 0x50, 0x70, 0x48, 0x00,
    0x48, 0x70, 0x48, 0x00, 0x50, 0x70, 0x48, 0x00, 0x48, 0x70, 0x40, 0x00,
    0x50, 0x70, 0x48, 0x00, 0x48, 0x70, 0x48, 0x00, 0x50, 0x70, 0x40, 0x00,
    0x50, 0x70, 0x48, 0x00, 0x48, 0x70, 0x48, 0x00, 0x50, 0x70, 0x40, 0x00,
    0x50, 0x70, 0x48, 0x00, 0x48, 0x70, 0x48, 0x00, 0x50, 0x70, 0x48, 0x00,
    0x50, 0x70, 0x40, 0x00, 0x48, 0x70, 0x48, 0x00, 0x48, 0x70, 0x48, 0x00,
    0x50, 0x70, 0x48, 0x00, 0x50, 0x70, 0x48, 0x00, 0x48, 0x70, 0x48, 0x00,
    0x48, 0x70, 0x40, 0x00, 0x50, 0x70, 0x48, 0x00, 0x48, 0x70, 0x48, 0x00,
    0x48, 0x70, 0x48, 0x00, 0x50, 0x70, 0x40, 0x00, 0x48, 0x70, 0x48, 0x00,
    0x48, 0x70, 0x48, 0x00, 0x50, 0x70, 0x40, 0x00, 0x48, 0x70, 0x48, 0x00,
    0x50, 0x70, 0x48, 0x00, 0x48, 0x70, 0x40, 0x00, 0x48, 0x70, 0x48, 0x00,
    0x50, 0x70, 0x48, 0x00, 0x48, 0x70, 0x40, 0x00, 0x48, 0x70, 0x48, 0x00,
    0x50, 0x70, 0x48, 0x00, 0x48, 0x70, 0x48, 0x00, 0x50, 0x70, 0x48, 0x00,
    0x50, 0x70, 0x40, 0x00, 0x48, 0x70, 0x48, 0x00, 0x50, 0x70, 0x48, 0x00,
    0x48, 0x70, 0x40, 0x00, 0x48, 0x70, 0x48, 0x00, 0x50, 0x70, 0x48, 0x00,
    0x48, 0x70, 0x48, 0x00, 0x50, 0x70, 0x40, 0x00, 0x50, 0x70, 0x48, 0x00,
    0x48, 0x70, 0x48, 0x00, 0x50, 0x70, 0x40, 0x00, 0x50, 0x70, 0x48, 0x00,
    0x48, 0x70, 0x48, 0x00, 0x50, 0x70, 0x48, 0x00, 0x50, 0x70, 0x48, 0x00,
    0x48, 0x70, 0x40, 0x00, 0x50, 0x70, 0x48, 0x00, 0x50, 0x70, 0x48, 0x00,
    0x48, 0x70, 0x40, 0x00, 0x50, 0x70, 0x48, 0x00, 0x48, 0x70, 0x48, 0x00,
    0x48, 0x70, 0x48, 0x00, 0x50, 0x70, 0x40, 0x00, 0x48, 0x70, 0x48, 0x00,
    0x50, 0x70, 0x48, 0x00, 0x48, 0x70, 0x40, 0x00, 0x48, 0x70, 0x48, 0x00,
    0x50, 0x70, 0x48, 0x00, 0x48, 0x70, 0x48, 0x00, 0x50, 0x70, 0x48, 0x00,
    0x48, 0x70, 0x40, 0x00, 0x50, 0x70, 0x48, 0x00, 0x50, 0x70, 0x48, 0x00,
    0x48, 0x70, 0x40, 0x00, 0x50, 0x70, 0x48, 0x00, 0x50, 0x70, 0x48, 0x00,
    0x48, 0x70, 0x48, 0x00, 0x48, 0x70, 0x40, 0x00, 0x50, 0x70, 0x48, 0x00,
    0x48, 0x70, 0x48, 0x00, 0x48, 0x70, 0x48, 0x00, 0x50, 0x70, 0x48, 0x00,
    0x48, 0x70, 0x48, 0x00, 0x48, 0x70, 0x48, 0x00, 0x50, 0x70, 0x40, 0x00,
    0x48, 0x70, 0x48, 0x00, 0x48, 0x70, 0x48, 0x00, 0x50, 0x70, 0x48, 0x00,
    0x48, 0x70, 0x48, 0x00, 0x48, 0x70, 0x48, 0x00, 0x50, 0x70, 0x48, 0x00,
    0x48, 0x70, 0x48, 0x00, 0x50, 0x70, 0x48, 0x00, 0x48, 0x70, 0x48, 0x00,
    0x50, 0x70, 0x48, 0x00, 0x50, 0x70, 0x48, 0x00, 0x48, 0x70, 0x48, 0x00,
    0x50, 0x70, 0x48, 0x00, 0x48, 0x70, 0x48, 0x00, 0x48, 0x70, 0x40, 0x00,
    0x50, 0x70, 0x48, 0x00, 0x48, 0x70, 0x48, 0x00, 0x48, 0x70, 0x48, 0x00,
    0x50, 0x70, 0x48, 0x00, 0x48, 0x70, 0x40, 0x00, 0x50, 0x70, 0x48, 0x00,
    0x50, 0x70, 0x48, 0x00, 0x48, 0x70, 0x40, 0x00, 0x50, 0x70, 0x48, 0x00,
    0x48, 0x70, 0x48, 0x00, 0x48, 0x70, 0x48, 0x00, 0x50, 0x70, 0x40, 0x00,
    0x48, 0x70, 0x48, 0x00, 0x48, 0x70, 0x48, 0x00, 0x50, 0x70, 0x40, 0x00,
    0x50, 0x70, 0x48, 0x00, 0x48, 0x70, 0x48, 0x00, 0x50, 0x70, 0x48, 0x00,
    0x50, 0x70, 0x48, 0x00, 0x48, 0x70, 0x48, 0x00, 0x48, 0x70, 0x48, 0x00,
    0x50, 0x70, 0x40, 0x00, 0x48, 0x70, 0x48, 0x00, 0x50, 0x70, 0x48, 0x00,
    0x50, 0x70, 0x40, 0x00, 0x48, 0x70, 0x48, 0x00, 0x50, 0x70, 0x48, 0x00,
    0x50, 0x70, 0x48, 0x00, 0x48, 0x70, 0x48, 0x00, 0x50, 0x70, 0x48, 0x00,
    0x48, 0x70, 0x40, 0x00, 0x48, 0x70, 0x48, 0x00, 0x48, 0x70, 0x48, 0x00,
    0x50, 0x70, 0x48, 0x00, 0x48, 0x70, 0x48, 0x00, 0x50, 0x70, 0x48, 0x00,
    0x48, 0x70, 0x48, 0x00, 0x50, 0x70, 0x48, 0x00, 0x50, 0x70, 0x48, 0x00,
    0x48, 0x70, 0x48, 0x00, 0x50, 0x70, 0x48, 0x00, 0x50, 0x70, 0x48, 0x00,
    0x48, 0x70, 0x48, 0x00, 0x50, 0x70, 0x48, 0x00, 0x48, 0x70, 0x48, 0x00,
    0x50, 0x70, 0x48, 0x00, 0x50, 0x70, 0x48, 0x00, 0x48, 0x70, 0x48, 0x00,
    0x48, 0x70, 0x48, 0x00, 0x50, 0x70, 0x48, 0x00, 0x48, 0x70, 0x48, 0x00,
    0x48, 0x70, 0x48, 0x00, 0x50, 0x70, 0x48, 0x00, 0x48, 0x70, 0x48, 0x00,
    0x48, 0x70, 0x48, 0x00, 0x50, 0x70, 0x48, 0x00, 0x48, 0x70, 0x48, 0x00,
    0x48, 0x70, 0x48, 0x00, 0x50, 0x70, 0x48, 0x00, 0x50, 0x70, 0x48, 0x00,
    0x48, 0x70, 0x48, 0x00, 0x50, 0x70, 0x48, 0x00, 0x48, 0x70, 0x40, 0x00,
    0x50, 0x70, 0x48, 0x00, 0x48, 0x70, 0x48, 0x00, 0x50, 0x70, 0x48, 0x00,
    0x50, 0x70, 0x48, 0x00, 0x48, 0x70, 0x48, 0x00, 0x50, 0x70, 0x48, 0x00,
    0x50, 0x70, 0x48, 0x00, 0x48, 0x70, 0x48, 0x00, 0x50, 0x70, 0x48, 0x00,
    0x48, 0x70, 0x48, 0x00, 0x50, 0x70, 0x48, 0x00, 0x48, 0x70, 0x48, 0x00,
    0x50, 0x70, 0x48, 0x00, 0x50, 0x70, 0x48, 0x00, 0x48, 0x70, 0x48, 0x00,
    0x50, 0x70, 0x48, 0x00, 0x50, 0x70, 0x48, 0x00, 0x48, 0x70, 0x48, 0x00,
    0x48, 0x70, 0x48, 0x00, 0x50, 0x70, 0x48, 0x00, 0x48, 0x70, 0x48, 0x00,
    0x50, 0x70, 0x48, 0x00, 0x50, 0x70, 0x48, 0x00, 0x48, 0x70, 0x48, 0x00,
    0x50, 0x70, 0x48, 0x00, 0x48, 0x70, 0x48, 0x00, 0x48, 0x70, 0x48, 0x00,
    0x50, 0x70, 0x48, 0x00, 0x48, 0x70, 0x48, 0x00, 0x48, 0x70, 0x48, 0x00,
    0x50, 0x70, 0x48, 0x00, 0x48, 0x70, 0x48, 0x00, 0x48, 0x70, 0x48, 0x00,
    0x50, 0x70, 0x48, 0x00, 0x48, 0x70, 0x48, 0x00, 0x50, 0x70, 0x48, 0x00,
    0x48, 0x70, 0x48, 0x00, 0x48, 0x70, 0x48, 0x00, 0x50, 0x70, 0x48, 0x00,
    0x50, 0x70, 0x48, 0x00, 0x48, 0x70, 0x48, 0x00, 0x50, 0x70, 0x48, 0x00,
    0x48, 0x70, 0x48, 0x00, 0x50, 0x70, 0x48, 0x00, 0x48, 0x70, 0x48, 0x00,
    0x50, 0x70, 0x48, 0x00, 0x50, 0x70, 0x48, 0x00, 0x48, 0x70, 0x48, 0x00,
    0x50, 0x70, 0x48, 0x00, 0x48, 0x70, 0x48, 0x00, 0x48, 0x70, 0x48, 0x00,
    0x50, 0x70, 0x48, 0x00, 0x48, 0x70, 0x48, 0x00, 0x48, 0x70, 0x48, 0x00,
    0x50, 0x70, 0x48, 0x00, 0x48, 0x70, 0x48, 0x00, 0x50, 0x70, 0x48, 0x00,
    0x50, 0x70, 0x48, 0x00, 0x48, 0x70, 0x48, 0x00, 0x50, 0x70, 0x48, 0x00,
    0x50, 0x70, 0x40, 0x00, 0x48, 0x70, 0x48, 0x00, 0x50, 0x70, 0x48, 0x00,
    0x48, 0x70, 0x48, 0x00, 0x50, 0x70, 0x48, 0x00, 0x48, 0x70, 0x48, 0x00,
    0x50, 0x70, 0x48, 0x00, 0x50, 0x70, 0x48, 0x00, 0x48, 0x70, 0x48, 0x00,
    0x50, 0x70, 0x48, 0x00, 0x48, 0x70, 0x48, 0x00, 0x50, 0x70, 0x48, 0x00,
    0x48, 0x70, 0x48, 0x00, 0x50, 0x70, 0x48, 0x00, 0x48, 0x70, 0x48, 0x00,
    0x48, 0x70, 0x48, 0x00, 0x50, 0x70, 0x48, 0x00, 0x50, 0x70, 0x48, 0x00,
    0x48, 0x70, 0x48, 0x00, 0x50, 0x70, 0x48, 0x00, 0x50, 0x70, 0x48, 0x00,
    0x48, 0x70, 0x48, 0x00, 0x50, 0x70, 0x48, 0x00, 0x48, 0x70, 0x48, 0x00,
    0x48, 0x70, 0x48, 0x00, 0x50, 0x70, 0x48, 0x00, 0x48, 0x70, 0x48, 0x00,
    0x50, 0x70, 0x48, 0x00, 0x50, 0x70, 0x48, 0x00, 0x48, 0x70, 0x48, 0x00,
    0x50, 0x70, 0x48, 0x00, 0x50, 0x70, 0x48, 0x00, 0x48, 0x70, 0x48, 0x00,
    0x48, 0x70, 0x48, 0x00, 0x50, 0x70, 0x48, 0x00, 0x48, 0x70, 0x48, 0x00,
    0x48, 0x70, 0x48, 0x00, 0x50, 0x70, 0x40, 0x00, 0x48, 0x70, 0x48, 0x00,
    0x50, 0x70, 0x48, 0x00, 0x50, 0x70, 0x48, 0x00, 0x48, 0x70, 0x48, 0x00,
    0x48, 0x70, 0x48, 0x00, 0x50, 0x70, 0x48, 0x00, 0x48, 0x70, 0x48, 0x00,
    0x48, 0x70, 0x48, 0x00, 0x50, 0x70, 0x48, 0x00, 0x48, 0x70, 0x48, 0x00,
    0x50, 0x70, 0x48, 0x00, 0x50, 0x70, 0x48, 0x00, 0x50, 0x70, 0x48, 0x00,
    0x48, 0x70, 0x48, 0x00, 0x50, 0x70, 0x48, 0x00, 0x48, 0x70, 0x48, 0x00,
    0x48, 0x70, 0x48, 0x00, 0x50, 0x70, 0x48, 0x00, 0x48, 0x70, 0x48, 0x00,
    0x48, 0x70, 0x48, 0x00, 0x50, 0x70, 0x40, 0x00, 0x48, 0x70, 0x48, 0x00,
    0x48, 0x70, 0x48, 0x00, 0x50, 0x70, 0x48, 0x00, 0x50, 0x70, 0x40, 0x00,
    0x48, 0x70, 0x48, 0x00, 0x50, 0x70, 0x48, 0x00, 0x48, 0x70, 0x40, 0x00,
    0x50, 0x70, 0x48, 0x00, 0x48, 0x70, 0x48, 0x00, 0x50, 0x70, 0x40, 0x00,
    0x50, 0x70, 0x48, 0x00, 0x48, 0x70, 0x48, 0x00, 0x50, 0x70, 0x48, 0x00,
    0x50, 0x70, 0x48, 0x00, 0x48, 0x70, 0x48, 0x00, 0x50, 0x70, 0x48, 0x00,
    0x48, 0x70, 0x48, 0x00, 0x50, 0x70, 0x48, 0x00, 0x48, 0x70, 0x40, 0x00,
    0x48, 0x70, 0x48, 0x00, 0x48, 0x70, 0x48, 0x00, 0x50, 0x70, 0x48, 0x00,
    0x48, 0x70, 0x48, 0x00, 0x50, 0x70, 0x48, 0x00, 0x48, 0x70, 0x48, 0x00,
    0x48, 0x70, 0x48, 0x00, 0x50, 0x70, 0x48, 0x00, 0x48, 0x70, 0x48, 0x00,
    0x48, 0x70, 0x40, 0x00, 0x50, 0x70, 0x48, 0x00, 0x48, 0x70, 0x48, 0x00,
    0x50, 0x70, 0x48, 0x00, 0x50, 0x70, 0x48, 0x00, 0x48, 0x70, 0x48, 0x00,
    0x48, 0x70, 0x48, 0x00, 0x50, 0x70, 0x48, 0x00, 0x48, 0x70, 0x48, 0x00,
    0x50, 0x70, 0x48, 0x00, 0x48, 0x70, 0x48, 0x00, 0x48, 0x70, 0x48, 0x00,
    0x50, 0x70, 0x48, 0x00, 0x50, 0x70, 0x40, 0x00, 0x48, 0x70, 0x48, 0x00,
    0x48, 0x70, 0x48, 0x00, 0x50, 0x70, 0x48, 0x00, 0x48, 0x70, 0x48, 0x00,
    0x48, 0x70, 0x48, 0x00, 0x50, 0x70, 0x48, 0x00, 0x50, 0x70, 0x40, 0x00,
    0x50, 0x70, 0x48, 0x00, 0x48, 0x70, 0x48, 0x00, 0x50, 0x70, 0x48, 0x00,
    0x48, 0x70, 0x48, 0x00, 0x50, 0x70, 0x48, 0x00, 0x50, 0x70, 0x48, 0x00,
    0x48, 0x70, 0x48, 0x00, 0x50, 0x70, 0x40, 0x00, 0x48, 0x70, 0x48, 0x00,
    0x50, 0x70, 0x48, 0x00, 0x48, 0x70, 0x48, 0x00, 0x50, 0x70, 0x48, 0x00,
    0x48, 0x70, 0x48, 0x00, 0x50, 0x70, 0x48, 0x00, 0x48, 0x70, 0x40, 0x00,
    0x50, 0x70, 0x48, 0x00, 0x48, 0x70, 0x48, 0x00, 0x50, 0x70, 0x48, 0x00,
    0x48, 0x70, 0x48, 0x00, 0x50, 0x70, 0x48, 0x00, 0x48, 0x70, 0x48, 0x00,
    0x48, 0x70, 0x48, 0x00, 0x50, 0x70, 0x40, 0x00, 0x50, 0x70, 0x48, 0x00,
    0x48, 0x70, 0x48, 0x00, 0x50, 0x70, 0x48, 0x00, 0x48, 0x70, 0x48, 0x00,
    0x50, 0x70, 0x48, 0x00, 0x50, 0x70, 0x48, 0x00, 0x48, 0x70, 0x40, 0x00,
    0x48, 0x70, 0x48, 0x00, 0x50, 0x70, 0x48, 0x00, 0x48, 0x70, 0x48, 0x00,
    0x48, 0x70, 0x48, 0x00, 0x50, 0x70, 0x48, 0x00, 0x48, 0x70, 0x48, 0x00,
    0x50, 0x70, 0x48, 0x00, 0x48, 0x70, 0x40, 0x00, 0x50, 0x70, 0x48, 0x00,
    0x48, 0x70, 0x48, 0x00, 0x50, 0x70, 0x48, 0x00, 0x48, 0x70, 0x40, 0x00,
    0x48, 0x70, 0x48, 0x00, 0x50, 0x70, 0x48, 0x00, 0x50, 0x70, 0x40, 0x00,
    0x48, 0x70, 0x48, 0x00, 0x50, 0x70, 0x48, 0x00, 0x48, 0x70, 0x40, 0x00,
    0x48, 0x70, 0x48, 0x00, 0x48, 0x70, 0x48, 0x00, 0x50, 0x70, 0x48, 0x00,
    0x48, 0x70, 0x40, 0x00, 0x50, 0x70, 0x48, 0x00, 0x48, 0x70, 0x48, 0x00,
    0x50, 0x70, 0x48, 0x00, 0x48, 0x70, 0x48, 0x00, 0x50, 0x70, 0x48, 0x00,
    0x50, 0x70, 0x40, 0x00, 0x48, 0x70, 0x48, 0x00, 0x50, 0x70, 0x48, 0x00,
    0x48, 0x70, 0x48, 0x00, 0x48, 0x70, 0x48, 0x00, 0x50, 0x70, 0x48, 0x00,
    0x48, 0x70, 0x40, 0x00, 0x48, 0x70, 0x48, 0x00, 0x50, 0x70, 0x48, 0x00,
    0x50, 0x70, 0x48, 0x00, 0x48, 0x70, 0x48, 0x00, 0x50, 0x70, 0x48, 0x00,
    0x50, 0x70, 0x48, 0x00, 0x48, 0x70, 0x48, 0x00, 0x50, 0x70, 0x48, 0x00,
    0x48, 0x70, 0x48, 0x00, 0x48, 0x70, 0x48, 0x00, 0x50, 0x70, 0x48, 0x00,
    0x50, 0x70, 0x40, 0x00, 0x48, 0x70, 0x48, 0x00, 0x50, 0x70, 0x48, 0x00,
    0x48, 0x70, 0x48, 0x00, 0x50, 0x70, 0x48, 0x00, 0x50, 0x70, 0x48, 0x00,
    0x48, 0x70, 0x40, 0x00, 0x48, 0x70, 0x48, 0x00, 0x48, 0x70, 0x48, 0x00,
    0x50, 0x70, 0x48, 0x00, 0x48, 0x70, 0x48, 0x00, 0x50, 0x70, 0x48, 0x00,
    0x50, 0x70, 0x40, 0x00, 0x48, 0x70, 0x48, 0x00, 0x50, 0x70, 0x48, 0x00,
    0x50, 0x70, 0x40, 0x00, 0x48, 0x70, 0x48, 0x00, 0x50, 0x70, 0x48, 0x00,
    0x50, 0x70, 0x48, 0x00, 0x48, 0x70, 0x48, 0x00, 0x48, 0x70, 0x48, 0x00,
    0x50, 0x70, 0x48, 0x00, 0x48, 0x70, 0x48, 0x00, 0x48, 0x70, 0x48, 0x00,
    0x50, 0x70, 0x48, 0x00, 0x48, 0x70, 0x48, 0x00, 0x48, 0x70, 0x48, 0x00,
    0x50, 0x70, 0x48, 0x00, 0x48, 0x70, 0x48, 0x00, 0x50, 0x70, 0x48, 0x00,
    0x48, 0x70, 0x48, 0x00, 0x48, 0x70, 0x40, 0x00, 0x50, 0x70, 0x48, 0x00,
    0x48, 0x70, 0x48, 0x00, 0x50, 0x70, 0x40, 0x00, 0x50, 0x70, 0x48, 0x00,
    0x48, 0x70, 0x48, 0x00, 0x50, 0x70, 0x48, 0x00, 0x50, 0x70, 0x48, 0x00,
    0x48, 0x70, 0x48, 0x00, 0x50, 0x70, 0x40, 0x00, 0x50, 0x70, 0x48, 0x00,
    0x48, 0x70, 0x48, 0x00, 0x50, 0x70, 0x48, 0x00, 0x50, 0x70, 0x40, 0x00,
    0x48, 0x70, 0x48, 0x00, 0x50, 0x70, 0x48, 0x00, 0x50, 0x70, 0x48, 0x00,
    0x48, 0x70, 0x48, 0x00, 0x48, 0x70, 0x48, 0x00, 0x50, 0x70, 0x40, 0x00,
    0x48, 0x70, 0x48, 0x00, 0x50, 0x70, 0x48, 0x00, 0x50, 0x70, 0x40, 0x00,
    0x48, 0x70, 0x48, 0x00, 0x48, 0x70, 0x48, 0x00, 0x50, 0x70, 0x40, 0x00,
    0x50, 0x70, 0x48, 0x00, 0x48, 0x70, 0x48, 0x00, 0x48, 0x70, 0x48, 0x00,
    0x50, 0x70, 0x48, 0x00, 0x50, 0x70, 0x48, 0x00, 0x48, 0x70, 0x40, 0x00,
    0x50, 0x70, 0x48, 0x00, 0x50, 0x70, 0x48, 0x00, 0x48, 0x70, 0x40, 0x00,
    0x48, 0x70, 0x48, 0x00, 0x50, 0x70, 0x48, 0x00, 0x48, 0x70, 0x48, 0x00,
    0x50, 0x70, 0x48, 0x00, 0x48, 0x70, 0x40, 0x00, 0x50, 0x70, 0x48, 0x00,
    0x48, 0x70, 0x48, 0x00, 0x48, 0x70, 0x40, 0x00, 0x50, 0x70, 0x48, 0x00,
    0x50, 0x70, 0x48, 0x00, 0x48, 0x70, 0x48, 0x00, 0x48, 0x70, 0x40, 0x00,
    0x50, 0x70, 0x48, 0x00, 0x50, 0x70, 0x48, 0x00, 0x48, 0x70, 0x40, 0x00,
    0x48, 0x70, 0x48, 0x00, 0x50, 0x70, 0x48, 0x00, 0x48, 0x70, 0x48, 0x00,
    0x50, 0x70, 0x48, 0x00, 0x48, 0x70, 0x40, 0x00, 0x50, 0x70, 0x48, 0x00,
    0x50, 0x70, 0x48, 0x00, 0x48, 0x70, 0x40, 0x00, 0x48, 0x70, 0x48, 0x00,
    0x50, 0x70, 0x48, 0x00, 0x48, 0x70, 0x48, 0x00, 0x50, 0x70, 0x40, 0x00,
    0x48, 0x70, 0x48, 0x00, 0x50, 0x70, 0x48, 0x00, 0x48, 0x70, 0x40, 0x00,
    0x50, 0x70, 0x48, 0x00, 0x48, 0x70, 0x48, 0x00, 0x50, 0x70, 0x48, 0x00,
    0x50, 0x70, 0x48, 0x00, 0x48, 0x70, 0x40, 0x00, 0x50, 0x70, 0x48, 0x00,
    0x48, 0x70, 0x48, 0x00, 0x50, 0x70, 0x48, 0x00, 0x48, 0x70, 0x48, 0x00,
    0x50, 0x70, 0x48, 0x00, 0x48, 0x70, 0x48, 0x00, 0x50, 0x70, 0x48, 0x00,
    0x50, 0x70, 0x48, 0x00, 0x48, 0x70, 0x48, 0x00, 0x48, 0x70, 0x48, 0x00,
    0x50, 0x70, 0x48, 0x00, 0x48, 0x70, 0x48, 0x00, 0x50, 0x70, 0x48, 0x00,
    0x48, 0x70, 0x48, 0x00, 0x50, 0x70, 0x48, 0x00, 0x50, 0x70, 0x48, 0x00,
    0x50, 0x70, 0x48, 0x00, 0x48, 0x70, 0x48, 0x00, 0x50, 0x70, 0x48, 0x00,
    0x48, 0x70, 0x48, 0x00, 0x50, 0x70, 0x48, 0x00, 0x48, 0x70, 0x40, 0x00,
    0x48, 0x70, 0x48, 0x00, 0x50, 0x70, 0x48, 0x00, 0x48, 0x70, 0x48, 0x00,
    0x50, 0x70, 0x48, 0x00, 0x50, 0x70, 0x48, 0x00, 0x48, 0x70, 0x40, 0x00,
    0x50, 0x70, 0x48, 0x00, 0x50, 0x70, 0x48, 0x00, 0x48, 0x70, 0x48, 0x00,
    0x50, 0x70, 0x48, 0x00, 0x48, 0x70, 0x40, 0x00, 0x48, 0x70, 0x48, 0x00,
    0x50, 0x70, 0x48, 0x00, 0x48, 0x70, 0x40, 0x00, 0x48, 0x70, 0x48, 0x00,
    0x50, 0x70, 0x48, 0x00, 0x50, 0x70, 0x40, 0x00, 0x48, 0x70, 0x48, 0x00,
    0x50, 0x70, 0x48, 0x00, 0x48, 0x70, 0x48, 0x00, 0x48, 0x70, 0x48, 0x00,
    0x50, 0x70, 0x48, 0x00, 0x48, 0x70, 0x48, 0x00, 0x50, 0x70, 0x40, 0x00,
    0x48, 0x70, 0x48, 0x00, 0x50, 0x70, 0x48, 0x00, 0x50, 0x70, 0x48, 0x00,
    0x48, 0x70, 0x48, 0x00, 0x50, 0x70, 0x48, 0x00, 0x48, 0x70, 0x40, 0x00,
    0x48, 0x70, 0x48, 0x00, 0x50, 0x70, 0x48, 0x00, 0x48, 0x70, 0x48, 0x00,
    0x48, 0x70, 0x48, 0x00, 0x50, 0x70, 0x48, 0x00, 0x48, 0x70, 0x48, 0x00,
    0x48, 0x70, 0x48, 0x00, 0x50, 0x70, 0x48, 0x00, 0x48, 0x70, 0x48, 0x00,
    0x50, 0x70, 0x48, 0x00, 0x50, 0x70, 0x40, 0x00, 0x48, 0x70, 0x48, 0x00,
    0x50, 0x70, 0x48, 0x00, 0x50, 0x70, 0x48, 0x00, 0x48, 0x70, 0x48, 0x00,
    0x50, 0x70, 0x48, 0x00, 0x50, 0x70, 0x48, 0x00, 0x48, 0x70, 0x48, 0x00,
    0x50, 0x70, 0x48, 0x00, 0x48, 0x70, 0x48, 0x00, 0x50, 0x70, 0x48, 0x00,
    0x50, 0x70, 0x48, 0x00, 0x48, 0x70, 0x48, 0x00, 0x48, 0x70, 0x48, 0x00,
    0x50, 0x70, 0x48, 0x00, 0x48, 0x70, 0x48, 0x00, 0x48, 0x70, 0x48, 0x00,
    0x50, 0x70, 0x48, 0x00, 0x50, 0x70, 0x48, 0x00, 0x48, 0x70, 0x48, 0x00,
    0x48, 0x70, 0x48, 0x00, 0x50, 0x70, 0x48, 0x00, 0x48, 0x70, 0x48, 0x00,
    0x48, 0x70, 0x48, 0x00, 0x50, 0x70, 0x48, 0x00, 0x48, 0x70, 0x48, 0x00,
    0x50, 0x70, 0x48, 0x00, 0x50, 0x70, 0x48, 0x00, 0x48, 0x70, 0x48, 0x00,
    0x50, 0x70, 0x48, 0x00, 0x48, 0x70, 0x48, 0x00, 0x48, 0x70, 0x48, 0x00,
    0x50, 0x70, 0x48, 0x00, 0x50, 0x70, 0x48, 0x00, 0x48, 0x70, 0x48, 0x00,
    0x50, 0x70, 0x48, 0x00, 0x48, 0x70, 0x48, 0x00, 0x50, 0x70, 0x48, 0x00,
    0x50, 0x70, 0x40, 0x00, 0x48, 0x70, 0x48, 0x00, 0x48, 0x70, 0x48, 0x00,
    0x50, 0x70, 0x48, 0x00, 0x48, 0x70, 0x48, 0x00, 0x48, 0x70, 0x48, 0x00,
    0x50, 0x70, 0x48, 0x00, 0x50, 0x70, 0x48, 0x00, 0x48, 0x70, 0x48, 0x00,
    0x48, 0x70, 0x48, 0x00, 0x50, 0x70, 0x48, 0x00, 0x48, 0x70, 0x48, 0x00,
    0x50, 0x70, 0x48, 0x00, 0x50, 0x70, 0x48, 0x00, 0x48, 0x70, 0x48, 0x00,
    0x48, 0x70, 0x48, 0x00, 0x50, 0x70, 0x48, 0x00, 0x48, 0x70, 0x48, 0x00,
    0x50, 0x70, 0x48, 0x00, 0x48, 0x70, 0x48, 0x00, 0x50, 0x70, 0x48, 0x00,
    0x48, 0x70, 0x48, 0x00, 0x50, 0x70, 0x48, 0x00, 0x50, 0x70, 0x48, 0x00,
    0x48, 0x70, 0x48, 0x00, 0x50, 0x70, 0x48, 0x00, 0x48, 0x70, 0x48, 0x00,
    0x48, 0x70, 0x48, 0x00, 0x50, 0x70, 0x48, 0x00, 0x48, 0x70, 0x48, 0x00,
    0x50, 0x70, 0x48, 0x00, 0x50, 0x70, 0x48, 0x00, 0x48, 0x70, 0x48, 0x00,
    0x48, 0x70, 0x48, 0x00, 0x50, 0x70, 0x48, 0x00, 0x48, 0x70, 0x48, 0x00,
    0x48, 0x70, 0x48, 0x00, 0x50, 0x70, 0x48, 0x00, 0x48, 0x70, 0x48, 0x00,
    0x50, 0x70, 0x48, 0x00, 0x48, 0x70, 0x48, 0x00, 0x48, 0x70, 0x48, 0x00,
    0x50, 0x70, 0x48, 0x00, 0x50, 0x70, 0x48, 0x00, 0x48, 0x70, 0x40, 0x00,
    0x50, 0x70, 0x48, 0x00, 0x48, 0x70, 0x48, 0x00, 0x50, 0x70, 0x48, 0x00,
    0x48, 0x70, 0x48, 0x00, 0x48, 0x70, 0x40, 0x00, 0x50, 0x70, 0x48, 0x00,
    0x50, 0x70, 0x48, 0x00, 0x50, 0x70, 0x48, 0x00, 0x48, 0x70, 0x48, 0x00,
    0x48, 0x70, 0x48, 0x00, 0x50, 0x70, 0x40, 0x00, 0x48, 0x70, 0x48, 0x00,
    0x48, 0x70, 0x48, 0x00, 0x50, 0x70, 0x48, 0x00, 0x48, 0x70, 0x48, 0x00,
    0x50, 0x70, 0x48, 0x00, 0x48, 0x70, 0x48, 0x00, 0x50, 0x70, 0x48, 0x00,
    0x50, 0x70, 0x48, 0x00, 0x48, 0x70, 0x48, 0x00, 0x50, 0x70, 0x48, 0x00,
    0x48, 0x70, 0x48, 0x00, 0x48, 0x70, 0x48, 0x00, 0x50, 0x70, 0x48, 0x00,
    0x48, 0x70, 0x48, 0x00, 0x48, 0x70, 0x48, 0x00, 0x50, 0x70, 0x48, 0x00,
    0x48, 0x70, 0x48, 0x00, 0x50, 0x70, 0x48, 0x00, 0x50, 0x70, 0x48, 0x00,
    0x48, 0x70, 0x48, 0x00, 0x50, 0x70, 0x48, 0x00, 0x50, 0x70, 0x48, 0x00,
    0x48, 0x70, 0x48, 0x00, 0x48, 0x70, 0x48, 0x00, 0x50, 0x70, 0x48, 0x00,
    0x48, 0x70, 0x48, 0x00, 0x50, 0x70, 0x48, 0x00, 0x50, 0x70, 0x48, 0x00,
    0x48, 0x70, 0x48, 0x00, 0x50, 0x70, 0x48, 0x00, 0x48, 0x70, 0x48, 0x00,
    0x50, 0x70, 0x48, 0x00, 0x08, 0x7c, 0xe8, 0x49, 0x08, 0x7c, 0xf0, 0x65,
    0x08, 0x7c, 0xf0, 0x65, 0x08, 0x7c, 0xe8, 0x69, 0x10, 0x7c, 0xf0, 0x65,
    0x08, 0x7c, 0xf0, 0x65, 0x08, 0x7c, 0xe8, 0x69, 0x10, 0x7c, 0xf0, 0x65,
    0x08, 0x7c, 0xf0, 0x65, 0x08, 0x7c, 0xe8, 0x69, 0x10, 0x7c, 0xf0, 0x65,
    0x08, 0x7c, 0xe8, 0x65, 0x08, 0x7c, 0xf0, 0x69, 0x10, 0x7c, 0xe8, 0x65,
    0x08, 0x7c, 0xe8, 0x65, 0x08, 0x7c, 0xf0, 0x69, 0x08, 0x7c, 0xf0, 0x28,
    0x50, 0x70, 0x48, 0x00, 0x48, 0x70, 0x48, 0x00, 0x48, 0x70, 0x48, 0x00,
    0x50, 0x70, 0x40, 0x00, 0x48, 0x70, 0x48, 0x00, 0x50, 0x70, 0x48, 0x00,
    0x48, 0x70, 0x40, 0x00, 0x50, 0x70, 0x48, 0x00, 0x48, 0x70, 0x48, 0x00,
    0x48, 0x70, 0x40, 0x00, 0x50, 0x70, 0x48, 0x00, 0x50, 0x70, 0x48, 0x00,
    0x48, 0x70, 0x48, 0x00, 0x50, 0x70, 0x48, 0x00, 0x50, 0x70, 0x48, 0x00,
    0x48, 0x70, 0x40, 0x00, 0x50, 0x70, 0x48, 0x00, 0x48, 0x70, 0x48, 0x00,
    0x48, 0x70, 0x40, 0x00, 0x50, 0x70, 0x48, 0x00, 0x48, 0x70, 0x48, 0x00,
    0x50, 0x70, 0x48, 0x00, 0x50, 0x70, 0x40, 0x00, 0x08, 0x7c, 0xe8, 0x0c,
    0x08, 0x7c, 0xf0, 0x28, 0x08, 0x7c, 0xe8, 0x49, 0x08, 0x7c, 0xe8, 0x65,
    0x08, 0x7c, 0xf0, 0x28, 0x50, 0x70, 0x48, 0x00, 0x08, 0x7c, 0xe8, 0x49,
    0x08, 0x7c, 0xf0, 0x65, 0x08, 0x7c, 0xe8, 0x65, 0x08, 0x7c, 0xf0, 0x69,
    0x08, 0x7c, 0xe8, 0x65, 0x08, 0x7c, 0xf0, 0x65, 0x08, 0x7c, 0xe8, 0x69,
    0x08, 0x7c, 0xf0, 0x65, 0x08, 0x7c, 0xf0, 0x65, 0x08, 0x7c, 0xe8, 0x69,
    0x10, 0x7c, 0xf0, 0x65, 0x08, 0x7c, 0xf0, 0x65, 0x08, 0x7c, 0xe8, 0x69,
    0x10, 0x7c, 0xf0, 0x65, 0x48, 0x70, 0x48, 0x00, 0x48, 0x70, 0x48, 0x00,
    0x50, 0x70, 0x48, 0x00, 0x50, 0x70, 0x48, 0x00, 0x08, 0x7c, 0xe8, 0x65,
    0x08, 0x7c, 0xe8, 0x65, 0x08, 0x7c, 0xf0, 0x69, 0x08, 0x7c, 0xe8, 0x65,
    0x08, 0x7c, 0xf0, 0x65, 0x10, 0x7c, 0xe8, 0x69, 0x08, 0x7c, 0xf0, 0x65,
    0x08, 0x7c, 0xe8, 0x65, 0x08, 0x7c, 0xf0, 0x69, 0x08, 0x7c, 0xe8, 0x65,
    0x10, 0x7c, 0xf0, 0x65, 0x08, 0x7c, 0xe8, 0x69, 0x08, 0x7c, 0xf0, 0x65,
    0x08, 0x7c, 0xf0, 0x65, 0x08, 0x7c, 0xe8, 0x69, 0x08, 0x7c, 0xe8, 0x28,
    0x50, 0x70, 0x48, 0x00, 0x08, 0x7c, 0xe8, 0x49, 0x08, 0x7c, 0xf0, 0x65,
    0x08, 0x7c, 0xe8, 0x65, 0x08, 0x7c, 0xf0, 0x69, 0x08, 0x7c, 0xf0, 0x65,
    0x10, 0x7c, 0xe8, 0x65, 0x08, 0x7c, 0xf0, 0x69, 0x08, 0x7c, 0xe8, 0x65,
    0x10, 0x7c, 0xf0, 0x65, 0x08, 0x7c, 0xe8, 0x69, 0x08, 0x7c, 0xf0, 0x65,
    0x10, 0x7c, 0xf0, 0x65, 0x08, 0x7c, 0xe8, 0x69, 0x08, 0x7c, 0xe8, 0x65,
    0x08, 0x7c, 0xf0, 0x65, 0x08, 0x7c, 0xe8, 0x28, 0x50, 0x70, 0x48, 0x00,
    0x48, 0x70, 0x48, 0x00, 0x50, 0x70, 0x48, 0x00, 0x48, 0x70, 0x48, 0x00,
    0x50, 0x70, 0x48, 0x00, 0x48, 0x70, 0x40, 0x00, 0x50, 0x70, 0x48, 0x00,
    0x48, 0x70, 0x48, 0x00, 0x48, 0x70, 0x48, 0x00, 0x50, 0x70, 0x48, 0x00,
    0x48, 0x70, 0x40, 0x00, 0x50, 0x70, 0x48, 0x00, 0x50, 0x70, 0x48, 0x00,
    0x48, 0x70, 0x48, 0x00, 0x50, 0x70, 0x48, 0x00, 0x48, 0x70, 0x48, 0x00,
    0x48, 0x70, 0x48, 0x00, 0x50, 0x70, 0x48, 0x00, 0x48, 0x70, 0x48, 0x00,
    0x48, 0x70, 0x40, 0x00, 0x50, 0x70, 0x48, 0x00, 0x48, 0x70, 0x48, 0x00,
    0x50, 0x70, 0x48, 0x00, 0x50, 0x70, 0x48, 0x00, 0x48, 0x70, 0x40, 0x00,
    0x50, 0x70, 0x48, 0x00, 0x50, 0x70, 0x48, 0x00, 0x48, 0x70, 0x40, 0x00,
    0x50, 0x70, 0x48, 0x00, 0x48, 0x70, 0x48, 0x00, 0x48, 0x70, 0x40, 0x00,
    0x50, 0x70, 0x48, 0x00, 0x48, 0x70, 0x48, 0x00, 0x48, 0x70, 0x48, 0x00,
    0x50, 0x70, 0x48, 0x00, 0x48, 0x70, 0x48, 0x00, 0x50, 0x70, 0x48, 0x00,
    0x50, 0x70, 0x40, 0x00, 0x48, 0x70, 0x48, 0x00, 0x48, 0x70, 0x48, 0x00,
    0x50, 0x70, 0x48, 0x00, 0x48, 0x70, 0x40, 0x00, 0x50, 0x70, 0x48, 0x00,
    0x48, 0x70, 0x48, 0x00, 0x50, 0x70, 0x48, 0x00, 0x50, 0x70, 0x48, 0x00,
    0x08, 0x7c, 0xf0, 0x82, 0x08, 0x7c, 0xf0, 0xff, 0x10, 0x7c, 0xe8, 0xff,
    0x08, 0x7c, 0xf0, 0xff, 0x08, 0x7c, 0xf0, 0xff, 0x10, 0x7c, 0xe8, 0xff,
    0x08, 0x7c, 0xf0, 0xff, 0x10, 0x7c, 0xf0, 0xff, 0x08, 0x7c, 0xf0, 0xff,
    0x08, 0x7c, 0xf0, 0xff, 0x10, 0x7c, 0xe8, 0xff, 0x08, 0x7c, 0xf0, 0xff,
    0x10, 0x7c, 0xf0, 0xff, 0x08, 0x7c, 0xf0, 0xff, 0x08, 0x7c, 0xf0, 0xff,
    0x10, 0x7c, 0xe8, 0xff, 0x08, 0x7c, 0xf0, 0xa2, 0x50, 0x70, 0x48, 0x00,
    0x50, 0x70, 0x48, 0x00, 0x48, 0x70, 0x48, 0x00, 0x48, 0x70, 0x48, 0x00,
    0x50, 0x70, 0x48, 0x00, 0x48, 0x70, 0x48, 0x00, 0x48, 0x70, 0x48, 0x00,
    0x50, 0x70, 0x48, 0x00, 0x50, 0x70, 0x48, 0x00, 0x48, 0x70, 0x48, 0x00,
    0x48, 0x70, 0x48, 0x00, 0x50, 0x70, 0x48, 0x00, 0x48, 0x70, 0x40, 0x00,
    0x48, 0x70, 0x48, 0x00, 0x50, 0x70, 0x48, 0x00, 0x48, 0x70, 0x48, 0x00,
    0x50, 0x70, 0x48, 0x00, 0x50, 0x70, 0x48, 0x00, 0x48, 0x70, 0x48, 0x00,
    0x08, 0x7c, 0xe8, 0x0c, 0x10, 0x7c, 0xf0, 0x28, 0x08, 0x7c, 0xf0, 0x82,
    0x08, 0x7c, 0xf0, 0xc3, 0x10, 0x7c, 0xf0, 0xeb, 0x08, 0x7c, 0xf0, 0xff,
    0x10, 0x7c, 0xf0, 0xff, 0x08, 0x7c, 0xf0, 0xe7, 0x08, 0x7c, 0xf0, 0x69,
    0x50, 0x70, 0x48, 0x00, 0x08, 0x7c, 0xe8, 0x28, 0x10, 0x7c, 0xf0, 0xeb,
    0x10, 0x7c, 0xf0, 0xff, 0x08, 0x7c, 0xf0, 0xff, 0x10, 0x7c, 0xf0, 0xff,
    0x10, 0x7c, 0xe8, 0xff, 0x08, 0x7c, 0xf0, 0xff, 0x10, 0x7c, 0xf0, 0xff,
    0x08, 0x7c, 0xf0, 0xff, 0x08, 0x7c, 0xf0, 0xff, 0x10, 0x7c, 0xf0, 0xff,
    0x08, 0x7c, 0xe8, 0xff, 0x08, 0x7c, 0xf0, 0xff, 0x10, 0x7c, 0xe8, 0xe7,
    0x50, 0x70, 0x48, 0x00, 0x48, 0x70, 0x48, 0x00, 0x48, 0x70, 0x40, 0x00,
    0x10, 0x7c, 0xf0, 0x0c, 0x08, 0x7c, 0xf0, 0xff, 0x10, 0x7c, 0xf0, 0xff,
    0x10, 0x7c, 0xf0, 0xff, 0x08, 0x7c, 0xf0, 0xff, 0x08, 0x7c, 0xe8, 0xff,
    0x10, 0x7c, 0xf0, 0xff, 0x10, 0x7c, 0xf0, 0xff, 0x08, 0x7c, 0xf0, 0xff,
    0x10, 0x7c, 0xf0, 0xff, 0x08, 0x7c, 0xf0, 0xff, 0x08, 0x7c, 0xf0, 0xff,
    0x10, 0x7c, 0xf0, 0xff, 0x08, 0x7c, 0xe8, 0xff, 0x10, 0x7c, 0xf0, 0xff,
    0x08, 0x7c, 0xf0, 0xff, 0x10, 0x7c, 0xf0, 0x82, 0x08, 0x7c, 0xf0, 0x0c,
    0x10, 0x7c, 0xf0, 0x28, 0x10, 0x7c, 0xf0, 0xa6, 0x10, 0x7c, 0xe8, 0xff,
    0x08, 0x7c, 0xf0, 0xff, 0x08, 0x7c, 0xf0, 0xff, 0x10, 0x7c, 0xe8, 0xff,
    0x08, 0x7c, 0xf0, 0xff, 0x08, 0x7c, 0xf0, 0xff, 0x10, 0x7c, 0xf0, 0xff,
    0x08, 0x7c, 0xf0, 0xff, 0x10, 0x7c, 0xe8, 0xff, 0x08, 0x7c, 0xf0, 0xff,
    0x10, 0x7c, 0xf0, 0xff, 0x08, 0x7c, 0xf0, 0xff, 0x10, 0x7c, 0xf0, 0xff,
    0x10, 0x7c, 0xf0, 0x69, 0x48, 0x70, 0x48, 0x00, 0x48, 0x70, 0x48, 0x00,
    0x50, 0x70, 0x48, 0x00, 0x48, 0x70, 0x48, 0x00, 0x50, 0x70, 0x48, 0x00,
    0x50, 0x70, 0x48, 0x00, 0x48, 0x70, 0x48, 0x00, 0x50, 0x70, 0x48, 0x00,
    0x50, 0x70, 0x48, 0x00, 0x48, 0x70, 0x48, 0x00, 0x48, 0x70, 0x48, 0x00,
    0x50, 0x70, 0x48, 0x00, 0x48, 0x70, 0x48, 0x00, 0x50, 0x70, 0x48, 0x00,
    0x50, 0x70, 0x48, 0x00, 0x50, 0x70, 0x48, 0x00, 0x48, 0x70, 0x48, 0x00,
    0x50, 0x70, 0x48, 0x00, 0x48, 0x70, 0x48, 0x00, 0x50, 0x70, 0x48, 0x00,
    0x48, 0x70, 0x48, 0x00, 0x48, 0x70, 0x48, 0x00, 0x50, 0x70, 0x40, 0x00,
    0x48, 0x70, 0x48, 0x00, 0x48, 0x70, 0x48, 0x00, 0x50, 0x70, 0x48, 0x00,
    0x48, 0x70, 0x48, 0x00, 0x50, 0x70, 0x48, 0x00, 0x50, 0x70, 0x48, 0x00,
    0x48, 0x70, 0x48, 0x00, 0x50, 0x70, 0x48, 0x00, 0x50, 0x70, 0x48, 0x00,
    0x48, 0x70, 0x48, 0x00, 0x50, 0x70, 0x40, 0x00, 0x48, 0x70, 0x48, 0x00,
    0x48, 0x70, 0x48, 0x00, 0x50, 0x70, 0x48, 0x00, 0x50, 0x70, 0x48, 0x00,
    0x48, 0x70, 0x48, 0x00, 0x50, 0x70, 0x48, 0x00, 0x48, 0x70, 0x48, 0x00,
    0x48, 0x70, 0x48, 0x00, 0x50, 0x70, 0x48, 0x00, 0x48, 0x70, 0x40, 0x00,
    0x48, 0x70, 0x48, 0x00, 0x50, 0x70, 0x48, 0x00, 0x08, 0x7c, 0xe8, 0x65,
    0x10, 0x7c, 0xf0, 0xff, 0x10, 0x80, 0xf0, 0xff, 0x08, 0x7c, 0xf0, 0xff,
    0x08, 0x80, 0xf0, 0xff, 0x10, 0x7c, 0xf0, 0xff, 0x08, 0x80, 0xf0, 0xff,
    0x08, 0x7c, 0xe8, 0xff, 0x10, 0x80, 0xf0, 0xff, 0x08, 0x7c, 0xf0, 0xff,
    0x08, 0x80, 0xf0, 0xff, 0x10, 0x7c, 0xf0, 0xff, 0x08, 0x80, 0xf0, 0xff,
    0x08, 0x7c, 0xf0, 0xff, 0x10, 0x80, 0xf0, 0xff, 0x08, 0x7c, 0xf0, 0xff,
    0x08, 0x7c, 0xe8, 0xc7, 0x50, 0x70, 0x48, 0x00, 0x50, 0x70, 0x48, 0x00,
    0x48, 0x70, 0x48, 0x00, 0x50, 0x70, 0x48, 0x00, 0x50, 0x70, 0x48, 0x00,
    0x48, 0x70, 0x48, 0x00, 0x50, 0x70, 0x48, 0x00, 0x48, 0x70, 0x40, 0x00,
    0x50, 0x70, 0x48, 0x00, 0x50, 0x70, 0x48, 0x00, 0x48, 0x70, 0x48, 0x00,
    0x50, 0x70, 0x48, 0x00, 0x48, 0x70, 0x48, 0x00, 0x50, 0x70, 0x48, 0x00,
    0x48, 0x70, 0x48, 0x00, 0x48, 0x70, 0x48, 0x00, 0x50, 0x70, 0x48, 0x00,
    0x08, 0x7c, 0xe8, 0x0c, 0x08, 0x7c, 0xf0, 0x49, 0x10, 0x7c, 0xf0, 0xa2,
    0x08, 0x7c, 0xe8, 0xeb, 0x08, 0x7c, 0xf0, 0xff, 0x08, 0x7c, 0xf0, 0xff,
    0x10, 0x80, 0xf0, 0xff, 0x08, 0x7c, 0xe8, 0xff, 0x10, 0x7c, 0xf0, 0xff,
    0x08, 0x80, 0xf0, 0xeb, 0x10, 0x7c, 0xe8, 0x65, 0x50, 0x70, 0x48, 0x00,
    0x48, 0x70, 0x48, 0x00, 0x08, 0x80, 0xf0, 0x49, 0x10, 0x7c, 0xf0, 0xe7,
    0x08, 0x80, 0xe8, 0xff, 0x08, 0x7c, 0xf0, 0xff, 0x10, 0x80, 0xf0, 0xff,
    0x08, 0x7c, 0xf0, 0xff, 0x10, 0x80, 0xe8, 0xff, 0x10, 0x7c, 0xf0, 0xff,
    0x08, 0x80, 0xf0, 0xff, 0x10, 0x7c, 0xe8, 0xff, 0x08, 0x80, 0xf0, 0xff,
    0x08, 0x7c, 0xf0, 0xff, 0x10, 0x7c, 0xf0, 0xeb, 0x50, 0x70, 0x48, 0x00,
    0x48, 0x70, 0x48, 0x00, 0x50, 0x70, 0x48, 0x00, 0x08, 0x7c, 0xe8, 0x0c,
    0x08, 0x7c, 0xf0, 0xff, 0x08, 0x80, 0xf0, 0xff, 0x10, 0x7c, 0xf0, 0xff,
    0x08, 0x80, 0xf0, 0xff, 0x08, 0x7c, 0xf0, 0xff, 0x10, 0x80, 0xf0, 0xff,
    0x08, 0x7c, 0xf0, 0xff, 0x08, 0x80, 0xe8, 0xff, 0x10, 0x7c, 0xf0, 0xff,
    0x10, 0x80, 0xf0, 0xff, 0x08, 0x7c, 0xe8, 0xff, 0x08, 0x80, 0xf0, 0xff,
    0x10, 0x7c, 0xf0, 0xff, 0x08, 0x80, 0xf0, 0xff, 0x10, 0x7c, 0xf0, 0xff,
    0x08, 0x7c, 0xf0, 0x82, 0x08, 0x80, 0xe8, 0x0c, 0x50, 0x70, 0x48, 0x00,
    0x08, 0x7c, 0xf0, 0x28, 0x08, 0x80, 0xf0, 0xc7, 0x10, 0x7c, 0xf0, 0xff,
    0x08, 0x80, 0xf0, 0xff, 0x10, 0x7c, 0xf0, 0xff, 0x08, 0x80, 0xf0, 0xff,
    0x10, 0x7c, 0xf0, 0xff, 0x08, 0x80, 0xe8, 0xff, 0x08, 0x7c, 0xf0, 0xff,
    0x10, 0x80, 0xf0, 0xff, 0x08, 0x7c, 0xf0, 0xff, 0x08, 0x80, 0xf0, 0xff,
    0x10, 0x7c, 0xe8, 0xff, 0x08, 0x7c, 0xf0, 0xff, 0x08, 0x80, 0xf0, 0x69,
    0x50, 0x70, 0x48, 0x00, 0x50, 0x70, 0x40, 0x00, 0x48, 0x70, 0x48, 0x00,
    0x48, 0x70, 0x48, 0x00, 0x50, 0x70, 0x48, 0x00, 0x48, 0x70, 0x48, 0x00,
    0x48, 0x70, 0x48, 0x00, 0x50, 0x70, 0x40, 0x00, 0x50, 0x70, 0x48, 0x00,
    0x48, 0x70, 0x48, 0x00, 0x50, 0x70, 0x48, 0x00, 0x48, 0x70, 0x48, 0x00,
    0x48, 0x70, 0x40, 0x00, 0x48, 0x70, 0x48, 0x00, 0x50, 0x70, 0x48, 0x00,
    0x48, 0x70, 0x40, 0x00, 0x50, 0x70, 0x48, 0x00, 0x48, 0x70, 0x48, 0x00,
    0x50, 0x70, 0x48, 0x00, 0x50, 0x70, 0x48, 0x00, 0x48, 0x70, 0x48, 0x00,
    0x50, 0x70, 0x48, 0x00, 0x50, 0x70, 0x48, 0x00, 0x48, 0x70, 0x48, 0x00,
    0x50, 0x70, 0x48, 0x00, 0x48, 0x70, 0x48, 0x00, 0x48, 0x70, 0x48, 0x00,
    0x50, 0x70, 0x48, 0x00, 0x48, 0x70, 0x48, 0x00, 0x48, 0x70, 0x48, 0x00,
    0x50, 0x70, 0x48, 0x00, 0x48, 0x70, 0x48, 0x00, 0x50, 0x70, 0x48, 0x00,
    0x50, 0x70, 0x48, 0x00, 0x48, 0x70, 0x48, 0x00, 0x50, 0x70, 0x40, 0x00,
    0x48, 0x70, 0x48, 0x00, 0x48, 0x70, 0x48, 0x00, 0x50, 0x70, 0x48, 0x00,
    0x50, 0x70, 0x40, 0x00, 0x48, 0x70, 0x48, 0x00, 0x50, 0x70, 0x48, 0x00,
    0x50, 0x70, 0x48, 0x00, 0x48, 0x70, 0x48, 0x00, 0x50, 0x70, 0x48, 0x00,
    0x48, 0x70, 0x48, 0x00, 0x08, 0x7c, 0xe8, 0x28, 0x08, 0x7c, 0xf0, 0xeb,
    0x08, 0x7c, 0xf0, 0xff, 0x10, 0x80, 0xe8, 0xff, 0x08, 0x7c, 0xf0, 0xff,
    0x08, 0x7c, 0xf0, 0xff, 0x10, 0x7c, 0xe8, 0xff, 0x08, 0x7c, 0xf0, 0xff,
    0x10, 0x7c, 0xf0, 0xff, 0x08, 0x80, 0xe8, 0xff, 0x08, 0x7c, 0xf0, 0xff,
    0x10, 0x7c, 0xe8, 0xff, 0x08, 0x7c, 0xe8, 0xff, 0x10, 0x80, 0xf0, 0xff,
    0x08, 0x7c, 0xf0, 0xff, 0x08, 0x7c, 0xf0, 0xff, 0x10, 0x80, 0xe8, 0xff,
    0x08, 0x7c, 0xf0, 0x0c, 0x48, 0x70, 0x48, 0x00, 0x50, 0x70, 0x40, 0x00,
    0x48, 0x70, 0x48, 0x00, 0x50, 0x70, 0x48, 0x00, 0x50, 0x70, 0x40, 0x00,
    0x48, 0x70, 0x48, 0x00, 0x48, 0x70, 0x48, 0x00, 0x50, 0x70, 0x48, 0x00,
    0x48, 0x70, 0x48, 0x00, 0x50, 0x70, 0x40, 0x00, 0x48, 0x70, 0x48, 0x00,
    0x50, 0x70, 0x48, 0x00, 0x50, 0x70, 0x48, 0x00, 0x48, 0x70, 0x40, 0x00,
    0x50, 0x70, 0x48, 0x00, 0x08, 0x7c, 0xf0, 0x28, 0x08, 0x7c, 0xe8, 0xa2,
    0x10, 0x7c, 0xf0, 0xe7, 0x08, 0x7c, 0xf0, 0xff, 0x10, 0x80, 0xf0, 0xff,
    0x08, 0x7c, 0xe8, 0xff, 0x10, 0x7c, 0xf0, 0xff, 0x08, 0x80, 0xf0, 0xff,
    0x08, 0x7c, 0xe8, 0xff, 0x08, 0x7c, 0xf0, 0xff, 0x08, 0x80, 0xf0, 0xe7,
    0x08, 0x7c, 0xf0, 0x69, 0x50, 0x70, 0x48, 0x00, 0x50, 0x70, 0x48, 0x00,
    0x08, 0x7c, 0xe8, 0x0c, 0x08, 0x7c, 0xf0, 0x65, 0x10, 0x7c, 0xf0, 0xeb,
    0x08, 0x7c, 0xe8, 0xff, 0x08, 0x7c, 0xf0, 0xff, 0x08, 0x80, 0xf0, 0xff,
    0x08, 0x7c, 0xe8, 0xff, 0x08, 0x7c, 0xf0, 0xff, 0x10, 0x7c, 0xf0, 0xff,
    0x08, 0x7c, 0xf0, 0xff, 0x08, 0x80, 0xf0, 0xff, 0x10, 0x7c, 0xf0, 0xff,
    0x08, 0x7c, 0xe8, 0xeb, 0x48, 0x70, 0x48, 0x00, 0x50, 0x70, 0x48, 0x00,
    0x50, 0x70, 0x48, 0x00, 0x08, 0x7c, 0xf0, 0x0c, 0x08, 0x7c, 0xe8, 0xff,
    0x10, 0x7c, 0xf0, 0xff, 0x08, 0x7c, 0xe8, 0xff, 0x08, 0x7c, 0xe8, 0xff,
    0x10, 0x80, 0xf0, 0xff, 0x08, 0x7c, 0xf0, 0xff, 0x08, 0x7c, 0xe8, 0xff,
    0x08, 0x7c, 0xf0, 0xff, 0x08, 0x80, 0xf0, 0xff, 0x10, 0x7c, 0xe8, 0xff,
    0x08, 0x7c, 0xf0, 0xff, 0x08, 0x7c, 0xf0, 0xff, 0x10, 0x80, 0xe8, 0xff,
    0x08, 0x7c, 0xf0, 0xff, 0x08, 0x7c, 0xe8, 0xff, 0x10, 0x80, 0xf0, 0x82,
    0x08, 0x7c, 0xf0, 0x0c, 0x50, 0x70, 0x48, 0x00, 0x48, 0x70, 0x48, 0x00,
    0x08, 0x7c, 0xe8, 0x49, 0x10, 0x7c, 0xf0, 0xc3, 0x08, 0x7c, 0xe8, 0xff,
    0x08, 0x80, 0xf0, 0xff, 0x10, 0x7c, 0xf0, 0xff, 0x08, 0x7c, 0xe8, 0xff,
    0x08, 0x7c, 0xf0, 0xff, 0x10, 0x80, 0xf0, 0xff, 0x08, 0x7c, 0xe8, 0xff,
    0x08, 0x7c, 0xf0, 0xff, 0x10, 0x7c, 0xf0, 0xff, 0x08, 0x80, 0xe8, 0xff,
    0x08, 0x7c, 0xf0, 0xff, 0x08, 0x7c, 0xf0, 0x65, 0x50, 0x70, 0x48, 0x00,
    0x50, 0x70, 0x48, 0x00, 0x48, 0x70, 0x48, 0x00, 0x50, 0x70, 0x40, 0x00,
    0x50, 0x70, 0x48, 0x00, 0x48, 0x70, 0x48, 0x00, 0x48, 0x70, 0x48, 0x00,
    0x50, 0x70, 0x48, 0x00, 0x48, 0x70, 0x48, 0x00, 0x48, 0x70, 0x48, 0x00,
    0x50, 0x70, 0x40, 0x00, 0x50, 0x70, 0x48, 0x00, 0x50, 0x70, 0x48, 0x00,
    0x48, 0x70, 0x48, 0x00, 0x48, 0x70, 0x48, 0x00, 0x50, 0x70, 0x48, 0x00,
    0x48, 0x70, 0x48, 0x00, 0x48, 0x70, 0x48, 0x00, 0x50, 0x70, 0x48, 0x00,
    0x48, 0x70, 0x40, 0x00, 0x48, 0x70, 0x48, 0x00, 0x50, 0x70, 0x48, 0x00,
    0x48, 0x70, 0x48, 0x00, 0x50, 0x70, 0x48, 0x00, 0x50, 0x70, 0x40, 0x00,
    0x48, 0x70, 0x48, 0x00, 0x50, 0x70, 0x48, 0x00, 0x50, 0x70, 0x40, 0x00,
    0x48, 0x70, 0x48, 0x00, 0x50, 0x70, 0x48, 0x00, 0x48, 0x70, 0x40, 0x00,
    0x48, 0x70, 0x48, 0x00, 0x50, 0x70, 0x48, 0x00, 0x48, 0x70, 0x48, 0x00,
    0x50, 0x70, 0x48, 0x00, 0x50, 0x70, 0x48, 0x00, 0x48, 0x70, 0x48, 0x00,
    0x48, 0x70, 0x48, 0x00, 0x50, 0x70, 0x48, 0x00, 0x48, 0x70, 0x48, 0x00,
    0x50, 0x70, 0x48, 0x00, 0x48, 0x70, 0x48, 0x00, 0x50, 0x70, 0x48, 0x00,
    0x50, 0x70, 0x48, 0x00, 0x48, 0x70, 0x48, 0x00, 0x50, 0x70, 0x48, 0x00,
    0x10, 0x7c, 0xf0, 0x28, 0x08, 0x7c, 0xf0, 0xc7, 0x08, 0x7c, 0xe8, 0xff,
    0x10, 0x7c, 0xf0, 0xff, 0x08, 0x7c, 0xf0, 0xff, 0x08, 0x80, 0xe8, 0xff,
    0x10, 0x7c, 0xf0, 0xff, 0x08, 0x7c, 0xf0, 0xff, 0x08, 0x7c, 0xf0, 0xff,
    0x10, 0x7c, 0xf0, 0xff, 0x08, 0x7c, 0xf0, 0xff, 0x08, 0x7c, 0xf0, 0xff,
    0x10, 0x7c, 0xf0, 0xff, 0x08, 0x7c, 0xe8, 0xff, 0x10, 0x7c, 0xf0, 0xff,
    0x08, 0x7c, 0xf0, 0xff, 0x08, 0x7c, 0xf0, 0xff, 0x08, 0x7c, 0xf0, 0x28,
    0x50, 0x70, 0x48, 0x00, 0x48, 0x70, 0x48, 0x00, 0x48, 0x70, 0x48, 0x00,
    0x50, 0x70, 0x48, 0x00, 0x48, 0x70, 0x48, 0x00, 0x50, 0x70, 0x48, 0x00,
    0x50, 0x70, 0x48, 0x00, 0x48, 0x70, 0x48, 0x00, 0x48, 0x70, 0x48, 0x00,
    0x50, 0x70, 0x48, 0x00, 0x48, 0x70, 0x48, 0x00, 0x48, 0x70, 0x48, 0x00,
    0x50, 0x70, 0x48, 0x00, 0x50, 0x70, 0x48, 0x00, 0x08, 0x7c, 0xe8, 0x28,
    0x08, 0x7c, 0xf0, 0xa6, 0x10, 0x7c, 0xf0, 0xff, 0x08, 0x80, 0xf0, 0xff,
    0x08, 0x7c, 0xf0, 0xff, 0x10, 0x7c, 0xf0, 0xff, 0x08, 0x80, 0xe8, 0xff,
    0x08, 0x7c, 0xf0, 0xff, 0x10, 0x7c, 0xf0, 0xff, 0x10, 0x7c, 0xf0, 0xff,
    0x08, 0x7c, 0xe8, 0xff, 0x10, 0x7c, 0xf0, 0xe7, 0x08, 0x7c, 0xf0, 0x69,
    0x48, 0x70, 0x48, 0x00, 0x50, 0x70, 0x48, 0x00, 0x50, 0x70, 0x48, 0x00,
    0x08, 0x7c, 0xf0, 0x0c, 0x08, 0x80, 0xf0, 0x82, 0x10, 0x7c, 0xf0, 0xeb,
    0x10, 0x7c, 0xf0, 0xff, 0x08, 0x7c, 0xf0, 0xff, 0x08, 0x7c, 0xf0, 0xff,
    0x10, 0x80, 0xe8, 0xff, 0x08, 0x7c, 0xf0, 0xff, 0x08, 0x7c, 0xe8, 0xff,
    0x10, 0x7c, 0xf0, 0xff, 0x08, 0x80, 0xf0, 0xff, 0x08, 0x7c, 0xe8, 0xe7,
    0x50, 0x70, 0x48, 0x00, 0x48, 0x70, 0x48, 0x00, 0x50, 0x70, 0x48, 0x00,
    0x08, 0x80, 0xf0, 0x0c, 0x10, 0x7c, 0xf0, 0xff, 0x08, 0x7c, 0xf0, 0xff,
    0x08, 0x80, 0xf0, 0xff, 0x10, 0x7c, 0xf0, 0xff, 0x08, 0x7c, 0xf0, 0xff,
    0x10, 0x7c, 0xe8, 0xff, 0x10, 0x7c, 0xf0, 0xff, 0x08, 0x7c, 0xf0, 0xff,
    0x08, 0x7c, 0xf0, 0xff, 0x10, 0x7c, 0xf0, 0xff, 0x08, 0x7c, 0xf0, 0xff,
    0x08, 0x7c, 0xf0, 0xff, 0x10, 0x7c, 0xf0, 0xff, 0x08, 0x7c, 0xe8, 0xff,
    0x08, 0x7c, 0xf0, 0xff, 0x10, 0x7c, 0xf0, 0x82, 0x08, 0x7c, 0xe8, 0x0c,
    0x50, 0x70, 0x48, 0x00, 0x50, 0x70, 0x48, 0x00, 0x08, 0x7c, 0xf0, 0x0c,
    0x08, 0x80, 0xf0, 0x28, 0x10, 0x7c, 0xe8, 0xeb, 0x08, 0x7c, 0xf0, 0xff,
    0x08, 0x7c, 0xf0, 0xff, 0x10, 0x7c, 0xe8, 0xff, 0x08, 0x7c, 0xf0, 0xff,
    0x10, 0x7c, 0xf0, 0xff, 0x08, 0x7c, 0xf0, 0xff, 0x08, 0x7c, 0xe8, 0xff,
    0x10, 0x7c, 0xf0, 0xff, 0x08, 0x7c, 0xf0, 0xff, 0x10, 0x80, 0xe8, 0xff,
    0x08, 0x7c, 0xf0, 0x65, 0x50, 0x70, 0x48, 0x00, 0x48, 0x70, 0x48, 0x00,
    0x48, 0x70, 0x48, 0x00, 0x50, 0x70, 0x48, 0x00, 0x50, 0x70, 0x48, 0x00,
    0x48, 0x70, 0x48, 0x00, 0x50, 0x70, 0x40, 0x00, 0x50, 0x70, 0x48, 0x00,
    0x48, 0x70, 0x48, 0x00, 0x50, 0x70, 0x48, 0x00, 0x48, 0x70, 0x48, 0x00,
    0x48, 0x70, 0x48, 0x00, 0x50, 0x70, 0x48, 0x00, 0x50, 0x70, 0x48, 0x00,
    0x48, 0x70, 0x48, 0x00, 0x50, 0x70, 0x48, 0x00, 0x48, 0x70, 0x48, 0x00,
    0x50, 0x70, 0x48, 0x00, 0x48, 0x70, 0x48, 0x00, 0x50, 0x70, 0x48, 0x00,
    0x50, 0x70, 0x48, 0x00, 0x48, 0x70, 0x48, 0x00, 0x48, 0x70, 0x48, 0x00,
    0x50, 0x70, 0x48, 0x00, 0x48, 0x70, 0x48, 0x00, 0x48, 0x70, 0x48, 0x00,
    0x50, 0x70, 0x48, 0x00, 0x48, 0x70, 0x48, 0x00, 0x50, 0x70, 0x48, 0x00,
    0x50, 0x70, 0x48, 0x00, 0x48, 0x70, 0x48, 0x00, 0x50, 0x70, 0x48, 0x00,
    0x48, 0x70, 0x40, 0x00, 0x48, 0x70, 0x48, 0x00, 0x50, 0x70, 0x48, 0x00,
    0x48, 0x70, 0x48, 0x00, 0x50, 0x70, 0x48, 0x00, 0x50, 0x70, 0x40, 0x00,
    0x48, 0x70, 0x48, 0x00, 0x50, 0x70, 0x48, 0x00, 0x48, 0x70, 0x48, 0x00,
    0x48, 0x70, 0x40, 0x00, 0x48, 0x70, 0x48, 0x00, 0x50, 0x70, 0x48, 0x00,
    0x48, 0x70, 0x40, 0x00, 0x50, 0x70, 0x48, 0x00, 0x08, 0x7c, 0xf0, 0x0c,
    0x08, 0x80, 0xe8, 0xa2, 0x10, 0x80, 0xf0, 0xff, 0x08, 0x7c, 0xf0, 0xff,
    0x10, 0x7c, 0xf0, 0xff, 0x08, 0x80, 0xf0, 0xff, 0x10, 0x7c, 0xf0, 0xff,
    0x08, 0x80, 0xe8, 0xff, 0x08, 0x80, 0xf0, 0xff, 0x10, 0x7c, 0xe8, 0xff,
    0x10, 0x80, 0xf0, 0xff, 0x08, 0x7c, 0xf0, 0xff, 0x08, 0x80, 0xf0, 0xff,
    0x10, 0x7c, 0xf0, 0xff, 0x08, 0x80, 0xe8, 0xff, 0x10, 0x7c, 0xf0, 0xff,
    0x08, 0x7c, 0xe8, 0xff, 0x10, 0x80, 0xf0, 0x65, 0x50, 0x70, 0x48, 0x00,
    0x48, 0x70, 0x48, 0x00, 0x50, 0x70, 0x48, 0x00, 0x48, 0x70, 0x48, 0x00,
    0x48, 0x70, 0x48, 0x00, 0x50, 0x70, 0x48, 0x00, 0x50, 0x70, 0x40, 0x00,
    0x48, 0x70, 0x48, 0x00, 0x50, 0x70, 0x48, 0x00, 0x50, 0x70, 0x48, 0x00,
    0x48, 0x70, 0x48, 0x00, 0x48, 0x70, 0x40, 0x00, 0x50, 0x70, 0x48, 0x00,
    0x08, 0x7c, 0xf0, 0x49, 0x08, 0x7c, 0xf0, 0xc3, 0x10, 0x7c, 0xf0, 0xff,
    0x08, 0x80, 0xe8, 0xff, 0x08, 0x7c, 0xf0, 0xff, 0x10, 0x7c, 0xf0, 0xff,
    0x08, 0x7c, 0xe8, 0xff, 0x08, 0x7c, 0xf0, 0xff, 0x10, 0x7c, 0xf0, 0xff,
    0x08, 0x80, 0xf0, 0xff, 0x08, 0x7c, 0xf0, 0xff, 0x10, 0x80, 0xf0, 0xff,
    0x08, 0x7c, 0xe8, 0xeb, 0x10, 0x7c, 0xe8, 0x65, 0x48, 0x70, 0x48, 0x00,
    0x48, 0x70, 0x48, 0x00, 0x50, 0x70, 0x48, 0x00, 0x50, 0x70, 0x48, 0x00,
    0x08, 0x7c, 0xe8, 0x0c, 0x08, 0x80, 0xf0, 0x82, 0x10, 0x7c, 0xe8, 0xff,
    0x08, 0x7c, 0xf0, 0xff, 0x10, 0x80, 0xf0, 0xff, 0x10, 0x7c, 0xf0, 0xff,
    0x08, 0x7c, 0xf0, 0xff, 0x08, 0x7c, 0xe8, 0xff, 0x10, 0x7c, 0xf0, 0xff,
    0x08, 0x7c, 0xf0, 0xff, 0x10, 0x80, 0xf0, 0xe7, 0x50, 0x70, 0x48, 0x00,
    0x48, 0x70, 0x48, 0x00, 0x48, 0x70, 0x48, 0x00, 0x10, 0x7c, 0xe8, 0x0c,
    0x08, 0x80, 0xf0, 0xff, 0x08, 0x7c, 0xf0, 0xff, 0x10, 0x7c, 0xe8, 0xff,
    0x08, 0x80, 0xf0, 0xff, 0x08, 0x7c, 0xf0, 0xff, 0x08, 0x7c, 0xf0, 0xff,
    0x10, 0x80, 0xf0, 0xff, 0x08, 0x80, 0xe8, 0xff, 0x10, 0x7c, 0xf0, 0xff,
    0x08, 0x80, 0xe8, 0xff, 0x10, 0x7c, 0xf0, 0xff, 0x08, 0x80, 0xf0, 0xff,
    0x10, 0x7c, 0xf0, 0xff, 0x08, 0x80, 0xf0, 0xff, 0x08, 0x7c, 0xf0, 0xff,
    0x10, 0x7c, 0xf0, 0x82, 0x08, 0x80, 0xe8, 0x0c, 0x48, 0x70, 0x48, 0x00,
    0x50, 0x70, 0x48, 0x00, 0x50, 0x70, 0x48, 0x00, 0x48, 0x70, 0x48, 0x00,
    0x10, 0x7c, 0xf0, 0x49, 0x08, 0x7c, 0xf0, 0xe7, 0x08, 0x80, 0xf0, 0xff,
    0x10, 0x80, 0xf0, 0xff, 0x08, 0x7c, 0xf0, 0xff, 0x08, 0x7c, 0xf0, 0xff,
    0x10, 0x80, 0xf0, 0xff, 0x08, 0x80, 0xf0, 0xff, 0x08, 0x7c, 0xf0, 0xff,
    0x10, 0x7c, 0xf0, 0xff, 0x08, 0x7c, 0xf0, 0xff, 0x08, 0x7c, 0xe8, 0x69,
    0x50, 0x70, 0x48, 0x00, 0x50, 0x70, 0x48, 0x00, 0x48, 0x70, 0x48, 0x00,
    0x48, 0x70, 0x48, 0x00, 0x50, 0x70, 0x48, 0x00, 0x48, 0x70, 0x48, 0x00,
    0x48, 0x70, 0x48, 0x00, 0x50, 0x70, 0x48, 0x00, 0x48, 0x70, 0x48, 0x00,
    0x50, 0x70, 0x48, 0x00, 0x50, 0x70, 0x48, 0x00, 0x48, 0x70, 0x48, 0x00,
    0x48, 0x70, 0x40, 0x00, 0x50, 0x70, 0x48, 0x00, 0x50, 0x70, 0x48, 0x00,
    0x48, 0x70, 0x40, 0x00, 0x50, 0x70, 0x48, 0x00, 0x48, 0x70, 0x48, 0x00,
    0x48, 0x70, 0x48, 0x00, 0x50, 0x70, 0x48, 0x00, 0x50, 0x70, 0x48, 0x00,
    0x48, 0x70, 0x40, 0x00, 0x50, 0x70, 0x48, 0x00, 0x48, 0x70, 0x48, 0x00,
    0x50, 0x70, 0x48, 0x00, 0x50, 0x70, 0x48, 0x00, 0x48, 0x70, 0x48, 0x00,
    0x48, 0x70, 0x48, 0x00, 0x50, 0x70, 0x48, 0x00, 0x48, 0x70, 0x48, 0x00,
    0x50, 0x70, 0x48, 0x00, 0x50, 0x70, 0x48, 0x00, 0x48, 0x70, 0x48, 0x00,
    0x50, 0x70, 0x48, 0x00, 0x48, 0x70, 0x48, 0x00, 0x48, 0x70, 0x40, 0x00,
    0x50, 0x70, 0x48, 0x00, 0x48, 0x70, 0x48, 0x00, 0x50, 0x70, 0x48, 0x00,
    0x50, 0x70, 0x48, 0x00, 0x48, 0x70, 0x48, 0x00, 0x50, 0x70, 0x48, 0x00,
    0x50, 0x70, 0x48, 0x00, 0x48, 0x70, 0x48, 0x00, 0x50, 0x70, 0x48, 0x00,
    0x48, 0x70, 0x48, 0x00, 0x08, 0x7c, 0xf0, 0x0c, 0x10, 0x7c, 0xf0, 0x82,
    0x08, 0x7c, 0xf0, 0xff, 0x08, 0x7c, 0xe8, 0xff, 0x10, 0x7c, 0xf0, 0xff,
    0x08, 0x7c, 0xf0, 0xff, 0x08, 0x7c, 0xe8, 0xff, 0x10, 0x7c, 0xf0, 0xff,
    0x08, 0x7c, 0xf0, 0xff, 0x08, 0x7c, 0xf0, 0xff, 0x10, 0x7c, 0xe8, 0xff,
    0x08, 0x80, 0xf0, 0xff, 0x08, 0x7c, 0xf0, 0xff, 0x10, 0x7c, 0xe8, 0xff,
    0x08, 0x7c, 0xf0, 0xff, 0x08, 0x80, 0xf0, 0xff, 0x10, 0x7c, 0xf0, 0xff,
    0x08, 0x7c, 0xe8, 0xa6, 0x50, 0x70, 0x48, 0x00, 0x50, 0x70, 0x48, 0x00,
    0x48, 0x70, 0x40, 0x00, 0x50, 0x70, 0x48, 0x00, 0x48, 0x70, 0x48, 0x00,
    0x48, 0x70, 0x48, 0x00, 0x48, 0x70, 0x48, 0x00, 0x50, 0x70, 0x48, 0x00,
    0x48, 0x70, 0x48, 0x00, 0x50, 0x70, 0x40, 0x00, 0x50, 0x70, 0x48, 0x00,
    0x48, 0x70, 0x48, 0x00, 0x08, 0x7c, 0xe8, 0x49, 0x08, 0x7c, 0xf0, 0xc3,
    0x10, 0x7c, 0xf0, 0xff, 0x08, 0x7c, 0xe8, 0xff, 0x08, 0x7c, 0xf0, 0xff,
    0x10, 0x7c, 0xf0, 0xff, 0x08, 0x80, 0xe8, 0xff, 0x08, 0x7c, 0xf0, 0xff,
    0x10, 0x7c, 0xf0, 0xff, 0x08, 0x80, 0xe8, 0xff, 0x08, 0x7c, 0xe8, 0xff,
    0x08, 0x7c, 0xf0, 0xff, 0x10, 0x7c, 0xf0, 0xff, 0x08, 0x80, 0xf0, 0xe7,
    0x08, 0x7c, 0xf0, 0x69, 0x50, 0x70, 0x48, 0x00, 0x48, 0x70, 0x48, 0x00,
    0x48, 0x70, 0x48, 0x00, 0x50, 0x70, 0x48, 0x00, 0x48, 0x70, 0x48, 0x00,
    0x08, 0x7c, 0xe8, 0x0c, 0x08, 0x7c, 0xf0, 0xa2, 0x08, 0x80, 0xf0, 0xff,
    0x08, 0x7c, 0xe8, 0xff, 0x10, 0x7c, 0xf0, 0xff, 0x08, 0x80, 0xf0, 0xff,
    0x08, 0x80, 0xf0, 0xff, 0x10, 0x7c, 0xf0, 0xff, 0x08, 0x7c, 0xe8, 0xff,
    0x08, 0x7c, 0xf0, 0xeb, 0x50, 0x70, 0x48, 0x00, 0x48, 0x70, 0x48, 0x00,
    0x50, 0x70, 0x48, 0x00, 0x08, 0x7c, 0xe8, 0x0c, 0x08, 0x7c, 0xf0, 0xff,
    0x10, 0x7c, 0xf0, 0xff, 0x10, 0x7c, 0xe8, 0xff, 0x08, 0x7c, 0xf0, 0xff,
    0x08, 0x7c, 0xf0, 0xff, 0x10, 0x7c, 0xe8, 0xff, 0x08, 0x7c, 0xf0, 0xff,
    0x08, 0x7c, 0xf0, 0xff, 0x10, 0x7c, 0xf0, 0xff, 0x08, 0x7c, 0xe8, 0xff,
    0x08, 0x7c, 0xf0, 0xff, 0x10, 0x7c, 0xe8, 0xff, 0x08, 0x80, 0xe8, 0xff,
    0x08, 0x7c, 0xf0, 0xff, 0x10, 0x7c, 0xf0, 0xff, 0x08, 0x80, 0xf0, 0x82,
    0x08, 0x7c, 0xf0, 0x0c, 0x50, 0x70, 0x48, 0x00, 0x48, 0x70, 0x48, 0x00,
    0x48, 0x70, 0x48, 0x00, 0x50, 0x70, 0x48, 0x00, 0x08, 0x7c, 0xe8, 0x0c,
    0x08, 0x7c, 0xf0, 0x49, 0x10, 0x7c, 0xe8, 0xe7, 0x08, 0x7c, 0xf0, 0xff,
    0x08, 0x7c, 0xe8, 0xff, 0x10, 0x80, 0xe8, 0xff, 0x10, 0x7c, 0xf0, 0xff,
    0x08, 0x7c, 0xe8, 0xff, 0x08, 0x7c, 0xf0, 0xff, 0x10, 0x80, 0xf0, 0xff,
    0x08, 0x7c, 0xe8, 0xff, 0x08, 0x7c, 0xf0, 0x69, 0x50, 0x70, 0x48, 0x00,
    0x50, 0x70, 0x48, 0x00, 0x48, 0x70, 0x40, 0x00, 0x50, 0x70, 0x48, 0x00,
    0x48, 0x70, 0x48, 0x00, 0x50, 0x70, 0x40, 0x00, 0x50, 0x70, 0x48, 0x00,
    0x48, 0x70, 0x48, 0x00, 0x48, 0x70, 0x40, 0x00, 0x50, 0x70, 0x48, 0x00,
    0x50, 0x70, 0x48, 0x00, 0x48, 0x70, 0x48, 0x00, 0x50, 0x70, 0x48, 0x00,
    0x48, 0x70, 0x48, 0x00, 0x48, 0x70, 0x48, 0x00, 0x50, 0x70, 0x48, 0x00,
    0x48, 0x70, 0x48, 0x00, 0x50, 0x70, 0x48, 0x00, 0x48, 0x70, 0x48, 0x00,
    0x48, 0x70, 0x48, 0x00, 0x48, 0x70, 0x48, 0x00, 0x50, 0x70, 0x48, 0x00,
    0x48, 0x70, 0x48, 0x00, 0x50, 0x70, 0x40, 0x00, 0x48, 0x70, 0x48, 0x00,
    0x50, 0x70, 0x48, 0x00, 0x48, 0x70, 0x40, 0x00, 0x50, 0x70, 0x48, 0x00,
    0x48, 0x70, 0x48, 0x00, 0x48, 0x70, 0x40, 0x00, 0x50, 0x70, 0x48, 0x00,
    0x48, 0x70, 0x48, 0x00, 0x50, 0x70, 0x48, 0x00, 0x50, 0x70, 0x48, 0x00,
    0x48, 0x70, 0x48, 0x00, 0x50, 0x70, 0x48, 0x00, 0x48, 0x70, 0x48, 0x00,
    0x48, 0x70, 0x48, 0x00, 0x50, 0x70, 0x48, 0x00, 0x48, 0x70, 0x40, 0x00,
    0x48, 0x70, 0x48, 0x00, 0x50, 0x70, 0x48, 0x00, 0x48, 0x70, 0x48, 0x00,
    0x50, 0x70, 0x48, 0x00, 0x48, 0x70, 0x48, 0x00, 0x50, 0x70, 0x48, 0x00,
    0x50, 0x70, 0x48, 0x00, 0x08, 0x7c, 0xe8, 0x69, 0x08, 0x7c, 0xf0, 0xff,
    0x10, 0x80, 0xf0, 0xff, 0x08, 0x7c, 0xe8, 0xff, 0x08, 0x7c, 0xf0, 0xff,
    0x10, 0x80, 0xf0, 0xff, 0x08, 0x7c, 0xf0, 0xff, 0x10, 0x7c, 0xf0, 0xff,
    0x08, 0x7c, 0xf0, 0xff, 0x08, 0x7c, 0xe8, 0xff, 0x10, 0x7c, 0xf0, 0xff,
    0x08, 0x7c, 0xf0, 0xff, 0x08, 0x7c, 0xf0, 0xff, 0x10, 0x7c, 0xf0, 0xff,
    0x08, 0x7c, 0xf0, 0xff, 0x08, 0x80, 0xf0, 0xff, 0x08, 0x7c, 0xe8, 0xc7,
    0x48, 0x70, 0x48, 0x00, 0x50, 0x70, 0x48, 0x00, 0x48, 0x70, 0x48, 0x00,
    0x50, 0x70, 0x48, 0x00, 0x50, 0x70, 0x40, 0x00, 0x48, 0x70, 0x48, 0x00,
    0x50, 0x70, 0x48, 0x00, 0x48, 0x70, 0x48, 0x00, 0x48, 0x70, 0x48, 0x00,
    0x50, 0x70, 0x48, 0x00, 0x50, 0x70, 0x48, 0x00, 0x08, 0x7c, 0xf0, 0x0c,
    0x10, 0x7c, 0xf0, 0xc3, 0x10, 0x80, 0xf0, 0xff, 0x08, 0x7c, 0xe8, 0xff,
    0x08, 0x80, 0xf0, 0xff, 0x10, 0x7c, 0xf0, 0xff, 0x10, 0x7c, 0xf0, 0xff,
    0x08, 0x80, 0xf0, 0xff, 0x10, 0x7c, 0xf0, 0xff, 0x08, 0x7c, 0xf0, 0xff,
    0x10, 0x7c, 0xf0, 0xff, 0x10, 0x7c, 0xf0, 0xff, 0x08, 0x7c, 0xf0, 0xff,
    0x08, 0x7c, 0xe8, 0xff, 0x10, 0x80, 0xf0, 0xe7, 0x08, 0x7c, 0xf0, 0x69,
    0x50, 0x70, 0x48, 0x00, 0x50, 0x70, 0x40, 0x00, 0x48, 0x70, 0x48, 0x00,
    0x50, 0x70, 0x48, 0x00, 0x50, 0x70, 0x48, 0x00, 0x50, 0x70, 0x48, 0x00,
    0x10, 0x7c, 0xf0, 0x28, 0x08, 0x7c, 0xf0, 0xc7, 0x08, 0x7c, 0xe8, 0xff,
    0x10, 0x7c, 0xf0, 0xff, 0x08, 0x7c, 0xf0, 0xff, 0x08, 0x7c, 0xe8, 0xff,
    0x10, 0x80, 0xf0, 0xff, 0x08, 0x7c, 0xf0, 0xff, 0x08, 0x7c, 0xe8, 0xeb,
    0x50, 0x70, 0x48, 0x00, 0x50, 0x70, 0x48, 0x00, 0x48, 0x70, 0x48, 0x00,
    0x08, 0x7c, 0xf0, 0x0c, 0x10, 0x80, 0xf0, 0xff, 0x08, 0x7c, 0xf0, 0xff,
    0x08, 0x80, 0xf0, 0xff, 0x10, 0x7c, 0xf0, 0xff, 0x10, 0x80, 0xe8, 0xff,
    0x08, 0x7c, 0xf0, 0xff, 0x08, 0x7c, 0xf0, 0xff, 0x10, 0x80, 0xf0, 0xff,
    0x08, 0x7c, 0xf0, 0xff, 0x08, 0x7c, 0xf0, 0xff, 0x10, 0x80, 0xf0, 0xff,
    0x08, 0x7c, 0xf0, 0xff, 0x08, 0x7c, 0xf0, 0xff, 0x10, 0x7c, 0xe8, 0xff,
    0x08, 0x7c, 0xf0, 0xff, 0x08, 0x7c, 0xe8, 0x82, 0x10, 0x7c, 0xf0, 0x0c,
    0x50, 0x70, 0x48, 0x00, 0x48, 0x70, 0x48, 0x00, 0x50, 0x70, 0x48, 0x00,
    0x50, 0x70, 0x48, 0x00, 0x48, 0x70, 0x48, 0x00, 0x10, 0x80, 0xe8, 0x0c,
    0x08, 0x7c, 0xf0, 0x69, 0x10, 0x7c, 0xf0, 0xeb, 0x08, 0x7c, 0xf0, 0xff,
    0x08, 0x7c, 0xf0, 0xff, 0x08, 0x7c, 0xf0, 0xff, 0x10, 0x7c, 0xe8, 0xff,
    0x08, 0x80, 0xf0, 0xff, 0x10, 0x7c, 0xf0, 0xff, 0x08, 0x7c, 0xf0, 0xff,
    0x08, 0x80, 0xf0, 0x65, 0x50, 0x70, 0x48, 0x00, 0x48, 0x70, 0x48, 0x00,
    0x48, 0x70, 0x48, 0x00, 0x50, 0x70, 0x48, 0x00, 0x48, 0x70, 0x48, 0x00,
    0x50, 0x70, 0x48, 0x00, 0x50, 0x70, 0x48, 0x00, 0x48, 0x70, 0x48, 0x00,
    0x50, 0x70, 0x48, 0x00, 0x48, 0x70, 0x48, 0x00, 0x48, 0x70, 0x48, 0x00,
    0x50, 0x70, 0x40, 0x00, 0x50, 0x70, 0x48, 0x00, 0x48, 0x70, 0x48, 0x00,
    0x50, 0x70, 0x48, 0x00, 0x50, 0x70, 0x48, 0x00, 0x48, 0x70, 0x48, 0x00,
    0x50, 0x70, 0x48, 0x00, 0x50, 0x70, 0x48, 0x00, 0x48, 0x70, 0x40, 0x00,
    0x50, 0x70, 0x48, 0x00, 0x50, 0x70, 0x48, 0x00, 0x48, 0x70, 0x48, 0x00,
    0x48, 0x70, 0x48, 0x00, 0x50, 0x70, 0x48, 0x00, 0x48, 0x70, 0x48, 0x00,
    0x50, 0x70, 0x48, 0x00, 0x50, 0x70, 0x48, 0x00, 0x48, 0x70, 0x48, 0x00,
    0x50, 0x70, 0x48, 0x00, 0x48, 0x70, 0x48, 0x00, 0x48, 0x70, 0x40, 0x00,
    0x50, 0x70, 0x48, 0x00, 0x48, 0x70, 0x48, 0x00, 0x50, 0x70, 0x48, 0x00,
    0x50, 0x70, 0x48, 0x00, 0x48, 0x70, 0x48, 0x00, 0x50, 0x70, 0x48, 0x00,
    0x50, 0x70, 0x48, 0x00, 0x48, 0x70, 0x48, 0x00, 0x50, 0x70, 0x48, 0x00,
    0x48, 0x70, 0x48, 0x00, 0x50, 0x70, 0x40, 0x00, 0x08, 0x7c, 0xe8, 0x0c,
    0x08, 0x7c, 0xf0, 0x0c, 0x50, 0x70, 0x48, 0x00, 0x50, 0x70, 0x48, 0x00,
    0x08, 0x80, 0xe8, 0x49, 0x08, 0x7c, 0xf0, 0xe7, 0x10, 0x7c, 0xf0, 0xff,
    0x08, 0x80, 0xf0, 0xff, 0x10, 0x7c, 0xe8, 0xff, 0x08, 0x7c, 0xf0, 0xff,
    0x08, 0x80, 0xe8, 0xff, 0x10, 0x7c, 0xf0, 0xff, 0x08, 0x80, 0xf0, 0xff,
    0x08, 0x7c, 0xf0, 0xff, 0x10, 0x7c, 0xe8, 0xff, 0x08, 0x80, 0xf0, 0xff,
    0x08, 0x80, 0xe8, 0xff, 0x10, 0x7c, 0xf0, 0xff, 0x10, 0x7c, 0xe8, 0xff,
    0x08, 0x7c, 0xf0, 0xff, 0x10, 0x7c, 0xf0, 0xc3, 0x08, 0x7c, 0xf0, 0x28,
    0x48, 0x70, 0x48, 0x00, 0x50, 0x70, 0x48, 0x00, 0x48, 0x70, 0x48, 0x00,
    0x50, 0x70, 0x48, 0x00, 0x50, 0x70, 0x48, 0x00, 0x50, 0x70, 0x48, 0x00,
    0x48, 0x70, 0x40, 0x00, 0x50, 0x70, 0x48, 0x00, 0x48, 0x70, 0x48, 0x00,
    0x48, 0x70, 0x48, 0x00, 0x08, 0x7c, 0xe8, 0x82, 0x08, 0x7c, 0xf0, 0xff,
    0x10, 0x7c, 0xf0, 0xff, 0x08, 0x7c, 0xf0, 0xff, 0x08, 0x80, 0xf0, 0xff,
    0x10, 0x7c, 0xe8, 0xff, 0x08, 0x7c, 0xf0, 0xff, 0x08, 0x7c, 0xf0, 0xff,
    0x08, 0x80, 0xe8, 0xff, 0x08, 0x7c, 0xf0, 0xff, 0x08, 0x7c, 0xf0, 0xff,
    0x10, 0x80, 0xf0, 0xff, 0x08, 0x7c, 0xe8, 0xff, 0x08, 0x7c, 0xf0, 0xff,
    0x10, 0x7c, 0xf0, 0xeb, 0x08, 0x80, 0xe8, 0x65, 0x50, 0x70, 0x48, 0x00,
    0x50, 0x70, 0x48, 0x00, 0x48, 0x70, 0x48, 0x00, 0x48, 0x70, 0x48, 0x00,
    0x50, 0x70, 0x48, 0x00, 0x48, 0x70, 0x48, 0x00, 0x50, 0x70, 0x48, 0x00,
    0x08, 0x80, 0xf0, 0x28, 0x10, 0x7c, 0xf0, 0xc7, 0x08, 0x7c, 0xf0, 0xff,
    0x10, 0x7c, 0xe8, 0xff, 0x08, 0x7c, 0xf0, 0xff, 0x08, 0x7c, 0xf0, 0xff,
    0x10, 0x80, 0xf0, 0xff, 0x08, 0x7c, 0xf0, 0xe7, 0x50, 0x70, 0x48, 0x00,
    0x48, 0x70, 0x48, 0x00, 0x50, 0x70, 0x48, 0x00, 0x08, 0x7c, 0xe8, 0x0c,
    0x10, 0x7c, 0xe8, 0xff, 0x08, 0x80, 0xf0, 0xff, 0x08, 0x7c, 0xf0, 0xff,
    0x08, 0x7c, 0xe8, 0xff, 0x10, 0x80, 0xf0, 0xff, 0x08, 0x7c, 0xf0, 0xff,
    0x08, 0x7c, 0xe8, 0xff, 0x10, 0x80, 0xe8, 0xff, 0x08, 0x7c, 0xf0, 0xff,
    0x08, 0x7c, 0xf0, 0xff, 0x10, 0x80, 0xe8, 0xff, 0x08, 0x7c, 0xf0, 0xff,
    0x10, 0x7c, 0xf0, 0xff, 0x10, 0x80, 0xf0, 0xff, 0x08, 0x7c, 0xf0, 0xff,
    0x08, 0x7c, 0xe8, 0x82, 0x10, 0x80, 0xf0, 0x0c, 0x48, 0x70, 0x48, 0x00,
    0x48, 0x70, 0x40, 0x00, 0x50, 0x70, 0x48, 0x00, 0x48, 0x70, 0x48, 0x00,
    0x50, 0x70, 0x48, 0x00, 0x50, 0x70, 0x48, 0x00, 0x08, 0x80, 0xf0, 0x0c,
    0x08, 0x7c, 0xf0, 0x65, 0x10, 0x80, 0xf0, 0xff, 0x08, 0x7c, 0xf0, 0xff,
    0x08, 0x7c, 0xf0, 0xff, 0x10, 0x80, 0xf0, 0xff, 0x08, 0x7c, 0xe8, 0xff,
    0x08, 0x7c, 0xf0, 0xff, 0x10, 0x7c, 0xf0, 0xff, 0x08, 0x7c, 0xe8, 0x65,
    0x50, 0x70, 0x48, 0x00, 0x48, 0x70, 0x48, 0x00, 0x50, 0x70, 0x48, 0x00,
    0x50, 0x70, 0x48, 0x00, 0x48, 0x70, 0x48, 0x00, 0x48, 0x70, 0x48, 0x00,
    0x48, 0x70, 0x48, 0x00, 0x50, 0x70, 0x48, 0x00, 0x50, 0x70, 0x48, 0x00,
    0x48, 0x70, 0x48, 0x00, 0x48, 0x70, 0x48, 0x00, 0x50, 0x70, 0x48, 0x00,
    0x48, 0x70, 0x48, 0x00, 0x48, 0x70, 0x48, 0x00, 0x50, 0x70, 0x40, 0x00,
    0x48, 0x70, 0x48, 0x00, 0x50, 0x70, 0x48, 0x00, 0x48, 0x70, 0x48, 0x00,
    0x50, 0x70, 0x48, 0x00, 0x48, 0x70, 0x48, 0x00, 0x50, 0x70, 0x48, 0x00,
    0x48, 0x70, 0x48, 0x00, 0x50, 0x70, 0x48, 0x00, 0x50, 0x70, 0x48, 0x00,
    0x48, 0x70, 0x48, 0x00, 0x48, 0x70, 0x48, 0x00, 0x50, 0x70, 0x48, 0x00,
    0x48, 0x70, 0x40, 0x00, 0x50, 0x70, 0x48, 0x00, 0x50, 0x70, 0x48, 0x00,
    0x48, 0x70, 0x48, 0x00, 0x50, 0x70, 0x48, 0x00, 0x48, 0x70, 0x48, 0x00,
    0x48, 0x70, 0x40, 0x00, 0x50, 0x70, 0x48, 0x00, 0x48, 0x70, 0x48, 0x00,
    0x48, 0x70, 0x40, 0x00, 0x50, 0x70, 0x48, 0x00, 0x48, 0x70, 0x48, 0x00,
    0x50, 0x70, 0x48, 0x00, 0x50, 0x70, 0x48, 0x00, 0x48, 0x70, 0x48, 0x00,
    0x50, 0x70, 0x48, 0x00, 0x08, 0x7c, 0xf0, 0x49, 0x08, 0x7c, 0xe8, 0x49,
    0x50, 0x70, 0x48, 0x00, 0x48, 0x70, 0x48, 0x00, 0x08, 0x7c, 0xf0, 0x28,
    0x10, 0x7c, 0xf0, 0xc7, 0x08, 0x7c, 0xf0, 0xff, 0x08, 0x80, 0xf0, 0xff,
    0x10, 0x7c, 0xf0, 0xff, 0x08, 0x7c, 0xf0, 0xff, 0x08, 0x7c, 0xe8, 0xff,
    0x10, 0x7c, 0xf0, 0xff, 0x08, 0x80, 0xf0, 0xff, 0x10, 0x7c, 0xe8, 0xff,
    0x08, 0x7c, 0xf0, 0xff, 0x10, 0x7c, 0xf0, 0xff, 0x08, 0x7c, 0xf0, 0xff,
    0x08, 0x80, 0xe8, 0xff, 0x08, 0x7c, 0xf0, 0xff, 0x10, 0x7c, 0xf0, 0xff,
    0x08, 0x80, 0xf0, 0xeb, 0x10, 0x7c, 0xe8, 0x49, 0x50, 0x70, 0x48, 0x00,
    0x48, 0x70, 0x48, 0x00, 0x48, 0x70, 0x48, 0x00, 0x48, 0x70, 0x48, 0x00,
    0x50, 0x70, 0x48, 0x00, 0x48, 0x70, 0x48, 0x00, 0x50, 0x70, 0x48, 0x00,
    0x50, 0x70, 0x48, 0x00, 0x48, 0x70, 0x48, 0x00, 0x08, 0x7c, 0xe8, 0x28,
    0x10, 0x7c, 0xf0, 0xeb, 0x08, 0x80, 0xf0, 0xff, 0x08, 0x7c, 0xe8, 0xff,
    0x10, 0x7c, 0xf0, 0xff, 0x08, 0x7c, 0xf0, 0xff, 0x08, 0x7c, 0xe8, 0xff,
    0x10, 0x7c, 0xf0, 0xff, 0x08, 0x80, 0xf0, 0xff, 0x10, 0x7c, 0xe8, 0xff,
    0x10, 0x7c, 0xf0, 0xff, 0x08, 0x80, 0xf0, 0xff, 0x08, 0x7c, 0xe8, 0xff,
    0x10, 0x80, 0xf0, 0xff, 0x08, 0x7c, 0xf0, 0xff, 0x08, 0x7c, 0xf0, 0xeb,
    0x08, 0x7c, 0xf0, 0x65, 0x50, 0x70, 0x48, 0x00, 0x48, 0x70, 0x48, 0x00,
    0x48, 0x70, 0x48, 0x00, 0x50, 0x70, 0x40, 0x00, 0x48, 0x70, 0x48, 0x00,
    0x48, 0x70, 0x48, 0x00, 0x50, 0x70, 0x40, 0x00, 0x08, 0x7c, 0xe8, 0x0c,
    0x08, 0x80, 0xf0, 0x49, 0x10, 0x80, 0xf0, 0xe7, 0x08, 0x7c, 0xf0, 0xff,
    0x10, 0x7c, 0xf0, 0xff, 0x08, 0x80, 0xe8, 0xff, 0x08, 0x7c, 0xf0, 0xff,
    0x10, 0x7c, 0xe8, 0xe7, 0x48, 0x70, 0x48, 0x00, 0x50, 0x70, 0x48, 0x00,
    0x48, 0x70, 0x48, 0x00, 0x08, 0x7c, 0xf0, 0x0c, 0x10, 0x7c, 0xf0, 0xff,
    0x08, 0x7c, 0xf0, 0xff, 0x08, 0x7c, 0xe8, 0xff, 0x10, 0x7c, 0xf0, 0xff,
    0x08, 0x7c, 0xf0, 0xff, 0x08, 0x7c, 0xf0, 0xff, 0x10, 0x7c, 0xf0, 0xff,
    0x08, 0x7c, 0xf0, 0xff, 0x10, 0x7c, 0xf0, 0xff, 0x08, 0x7c, 0xe8, 0xff,
    0x08, 0x7c, 0xf0, 0xff, 0x10, 0x7c, 0xf0, 0xff, 0x08, 0x7c, 0xe8, 0xff,
    0x08, 0x80, 0xf0, 0xff, 0x10, 0x7c, 0xf0, 0xff, 0x08, 0x7c, 0xf0, 0x86,
    0x08, 0x80, 0xf0, 0x0c, 0x50, 0x70, 0x48, 0x00, 0x50, 0x70, 0x48, 0x00,
    0x48, 0x70, 0x48, 0x00, 0x48, 0x70, 0x48, 0x00, 0x50, 0x70, 0x48, 0x00,
    0x48, 0x70, 0x48, 0x00, 0x50, 0x70, 0x48, 0x00, 0x08, 0x7c, 0xe8, 0x0c,
    0x10, 0x7c, 0xe8, 0x82, 0x10, 0x80, 0xf0, 0xff, 0x08, 0x7c, 0xf0, 0xff,
    0x08, 0x7c, 0xe8, 0xff, 0x10, 0x7c, 0xf0, 0xff, 0x08, 0x80, 0xf0, 0xff,
    0x08, 0x7c, 0xe8, 0xff, 0x10, 0x7c, 0xf0, 0x69, 0x48, 0x70, 0x48, 0x00,
    0x50, 0x70, 0x40, 0x00, 0x48, 0x70, 0x48, 0x00, 0x50, 0x70, 0x48, 0x00,
    0x50, 0x70, 0x40, 0x00, 0x48, 0x70, 0x48, 0x00, 0x50, 0x70, 0x48, 0x00,
    0x48, 0x70, 0x40, 0x00, 0x48, 0x70, 0x48, 0x00, 0x50, 0x70, 0x48, 0x00,
    0x50, 0x70, 0x40, 0x00, 0x48, 0x70, 0x48, 0x00, 0x50, 0x70, 0x48, 0x00,
    0x50, 0x70, 0x48, 0x00, 0x48, 0x70, 0x48, 0x00, 0x48, 0x70, 0x48, 0x00,
    0x50, 0x70, 0x48, 0x00, 0x48, 0x70, 0x48, 0x00, 0x48, 0x70, 0x48, 0x00,
    0x50, 0x70, 0x48, 0x00, 0x48, 0x70, 0x48, 0x00, 0x48, 0x70, 0x40, 0x00,
    0x50, 0x70, 0x48, 0x00, 0x50, 0x70, 0x48, 0x00, 0x48, 0x70, 0x40, 0x00,
    0x50, 0x70, 0x48, 0x00, 0x48, 0x70, 0x48, 0x00, 0x48, 0x70, 0x48, 0x00,
    0x50, 0x70, 0x48, 0x00, 0x48, 0x70, 0x48, 0x00, 0x50, 0x70, 0x48, 0x00,
    0x50, 0x70, 0x48, 0x00, 0x48, 0x70, 0x48, 0x00, 0x50, 0x70, 0x48, 0x00,
    0x50, 0x70, 0x48, 0x00, 0x48, 0x70, 0x48, 0x00, 0x50, 0x70, 0x48, 0x00,
    0x48, 0x70, 0x48, 0x00, 0x48, 0x70, 0x40, 0x00, 0x50, 0x70, 0x48, 0x00,
    0x48, 0x70, 0x48, 0x00, 0x48, 0x70, 0x48, 0x00, 0x08, 0x7c, 0xf0, 0x0c,
    0x10, 0x7c, 0xf0, 0xa2, 0x08, 0x7c, 0xf0, 0x49, 0x50, 0x70, 0x48, 0x00,
    0x48, 0x70, 0x48, 0x00, 0x08, 0x7c, 0xe8, 0x0c, 0x10, 0x80, 0xe8, 0xa2,
    0x08, 0x7c, 0xf0, 0xff, 0x08, 0x7c, 0xe8, 0xff, 0x10, 0x7c, 0xf0, 0xff,
    0x08, 0x80, 0xf0, 0xff, 0x10, 0x7c, 0xf0, 0xff, 0x08, 0x7c, 0xf0, 0xff,
    0x08, 0x7c, 0xe8, 0xff, 0x10, 0x80, 0xf0, 0xff, 0x08, 0x7c, 0xf0, 0xff,
    0x08, 0x7c, 0xf0, 0xff, 0x10, 0x7c, 0xf0, 0xff, 0x08, 0x7c, 0xf0, 0xff,
    0x08, 0x80, 0xf0, 0xff, 0x08, 0x7c, 0xe8, 0xff, 0x08, 0x7c, 0xf0, 0xe7,
    0x08, 0x80, 0xf0, 0x65, 0x50, 0x70, 0x48, 0x00, 0x50, 0x70, 0x40, 0x00,
    0x50, 0x70, 0x48, 0x00, 0x48, 0x70, 0x48, 0x00, 0x48, 0x70, 0x40, 0x00,
    0x50, 0x70, 0x48, 0x00, 0x48, 0x70, 0x48, 0x00, 0x48, 0x70, 0x48, 0x00,
    0x10, 0x7c, 0xe8, 0x0c, 0x10, 0x7c, 0xf0, 0x82, 0x08, 0x7c, 0xf0, 0xff,
    0x10, 0x7c, 0xf0, 0xff, 0x08, 0x80, 0xe8, 0xff, 0x10, 0x7c, 0xf0, 0xff,
    0x08, 0x7c, 0xf0, 0xff, 0x08, 0x80, 0xf0, 0xff, 0x10, 0x7c, 0xf0, 0xff,
    0x08, 0x7c, 0xf0, 0xff, 0x08, 0x7c, 0xf0, 0xff, 0x10, 0x7c, 0xe8, 0xff,
    0x08, 0x7c, 0xf0, 0xff, 0x08, 0x7c, 0xf0, 0xff, 0x10, 0x7c, 0xf0, 0xff,
    0x10, 0x80, 0xe8, 0xff, 0x08, 0x7c, 0xf0, 0xe7, 0x08, 0x7c, 0xf0, 0x69,
    0x50, 0x70, 0x48, 0x00, 0x50, 0x70, 0x48, 0x00, 0x48, 0x70, 0x48, 0x00,
    0x50, 0x70, 0x48, 0x00, 0x50, 0x70, 0x48, 0x00, 0x48, 0x70, 0x48, 0x00,
    0x50, 0x70, 0x48, 0x00, 0x50, 0x70, 0x48, 0x00, 0x48, 0x70, 0x48, 0x00,
    0x08, 0x7c, 0xe8, 0x49, 0x08, 0x7c, 0xf0, 0xe7, 0x10, 0x80, 0xf0, 0xff,
    0x08, 0x7c, 0xf0, 0xff, 0x08, 0x7c, 0xe8, 0xff, 0x10, 0x7c, 0xf0, 0xeb,
    0x48, 0x70, 0x48, 0x00, 0x50, 0x70, 0x48, 0x00, 0x50, 0x70, 0x48, 0x00,
    0x08, 0x80, 0xe8, 0x0c, 0x08, 0x7c, 0xf0, 0xff, 0x10, 0x80, 0xf0, 0xff,
    0x10, 0x7c, 0xf0, 0xff, 0x08, 0x7c, 0xf0, 0xff, 0x08, 0x80, 0xe8, 0xff,
    0x10, 0x7c, 0xf0, 0xff, 0x08, 0x80, 0xf0, 0xff, 0x08, 0x7c, 0xf0, 0xff,
    0x10, 0x80, 0xe8, 0xff, 0x08, 0x7c, 0xf0, 0xff, 0x08, 0x80, 0xf0, 0xff,
    0x10, 0x7c, 0xf0, 0xff, 0x08, 0x7c, 0xf0, 0xff, 0x08, 0x7c, 0xe8, 0xff,
    0x10, 0x7c, 0xf0, 0xff, 0x08, 0x7c, 0xf0, 0x82, 0x08, 0x7c, 0xe8, 0x0c,
    0x50, 0x70, 0x48, 0x00, 0x50, 0x70, 0x48, 0x00, 0x48, 0x70, 0x48, 0x00,
    0x50, 0x70, 0x40, 0x00, 0x48, 0x70, 0x48, 0x00, 0x48, 0x70, 0x48, 0x00,
    0x50, 0x70, 0x48, 0x00, 0x48, 0x70, 0x48, 0x00, 0x48, 0x70, 0x48, 0x00,
    0x10, 0x7c, 0xf0, 0x82, 0x08, 0x7c, 0xe8, 0xeb, 0x08, 0x7c, 0xf0, 0xff,
    0x10, 0x80, 0xf0, 0xff, 0x08, 0x7c, 0xf0, 0xff, 0x08, 0x7c, 0xf0, 0xff,
    0x10, 0x80, 0xf0, 0x69, 0x50, 0x70, 0x48, 0x00, 0x48, 0x70, 0x48, 0x00,
    0x48, 0x70, 0x48, 0x00, 0x48, 0x70, 0x48, 0x00, 0x50, 0x70, 0x48, 0x00,
    0x50, 0x70, 0x48, 0x00, 0x48, 0x70, 0x48, 0x00, 0x50, 0x70, 0x48, 0x00,
    0x48, 0x70, 0x48, 0x00, 0x50, 0x70, 0x48, 0x00, 0x48, 0x70, 0x48, 0x00,
    0x48, 0x70, 0x48, 0x00, 0x50, 0x70, 0x48, 0x00, 0x50, 0x70, 0x48, 0x00,
    0x48, 0x70, 0x48, 0x00, 0x50, 0x70, 0x48, 0x00, 0x48, 0x70, 0x48, 0x00,
    0x50, 0x70, 0x48, 0x00, 0x50, 0x70, 0x48, 0x00, 0x48, 0x70, 0x48, 0x00,
    0x50, 0x70, 0x48, 0x00, 0x48, 0x70, 0x48, 0x00, 0x48, 0x70, 0x48, 0x00,
    0x50, 0x70, 0x48, 0x00, 0x48, 0x70, 0x48, 0x00, 0x50, 0x70, 0x48, 0x00,
    0x50, 0x70, 0x48, 0x00, 0x48, 0x70, 0x48, 0x00, 0x48, 0x70, 0x48, 0x00,
    0x50, 0x70, 0x40, 0x00, 0x48, 0x70, 0x48, 0x00, 0x48, 0x70, 0x48, 0x00,
    0x50, 0x70, 0x48, 0x00, 0x48, 0x70, 0x48, 0x00, 0x48, 0x70, 0x48, 0x00,
    0x50, 0x70, 0x48, 0x00, 0x50, 0x70, 0x48, 0x00, 0x48, 0x70, 0x48, 0x00,
    0x50, 0x70, 0x48, 0x00, 0x50, 0x70, 0x48, 0x00, 0x48, 0x70, 0x40, 0x00,
    0x50, 0x70, 0x48, 0x00, 0x08, 0x7c, 0xe8, 0x28, 0x08, 0x7c, 0xe8, 0xc3,
    0x10, 0x80, 0xf0, 0x65, 0x50, 0x70, 0x48, 0x00, 0x48, 0x70, 0x48, 0x00,
    0x50, 0x70, 0x48, 0x00, 0x10, 0x7c, 0xf0, 0x82, 0x08, 0x7c, 0xf0, 0xff,
    0x10, 0x7c, 0xf0, 0xff, 0x08, 0x80, 0xe8, 0xff, 0x08, 0x7c, 0xf0, 0xff,
    0x10, 0x7c, 0xf0, 0xff, 0x08, 0x7c, 0xe8, 0xff, 0x08, 0x7c, 0xf0, 0xff,
    0x10, 0x80, 0xf0, 0xff, 0x08, 0x7c, 0xe8, 0xff, 0x08, 0x80, 0xf0, 0xff,
    0x10, 0x7c, 0xe8, 0xff, 0x10, 0x7c, 0xf0, 0xff, 0x10, 0x7c, 0xf0, 0xff,
    0x08, 0x7c, 0xe8, 0xff, 0x10, 0x7c, 0xf0, 0xff, 0x08, 0x7c, 0xf0, 0x82,
    0x48, 0x70, 0x48, 0x00, 0x50, 0x70, 0x48, 0x00, 0x50, 0x70, 0x48, 0x00,
    0x48, 0x70, 0x48, 0x00, 0x50, 0x70, 0x48, 0x00, 0x50, 0x70, 0x48, 0x00,
    0x48, 0x70, 0x48, 0x00, 0x48, 0x70, 0x48, 0x00, 0x10, 0x7c, 0xf0, 0x28,
    0x08, 0x7c, 0xf0, 0xc7, 0x08, 0x80, 0xf0, 0xff, 0x08, 0x7c, 0xe8, 0xff,
    0x10, 0x7c, 0xf0, 0xff, 0x08, 0x7c, 0xf0, 0xff, 0x08, 0x80, 0xe8, 0xff,
    0x10, 0x7c, 0xf0, 0xff, 0x08, 0x7c, 0xe8, 0xff, 0x08, 0x80, 0xf0, 0xff,
    0x10, 0x7c, 0xf0, 0xff, 0x08, 0x80, 0xf0, 0xff, 0x08, 0x7c, 0xe8, 0xff,
    0x10, 0x7c, 0xf0, 0xff, 0x08, 0x7c, 0xf0, 0xff, 0x08, 0x7c, 0xe8, 0xff,
    0x10, 0x80, 0xf0, 0xe7, 0x08, 0x7c, 0xe8, 0x69, 0x50, 0x70, 0x48, 0x00,
    0x48, 0x70, 0x48, 0x00, 0x50, 0x70, 0x40, 0x00, 0x48, 0x70, 0x48, 0x00,
    0x50, 0x70, 0x48, 0x00, 0x48, 0x70, 0x48, 0x00, 0x48, 0x70, 0x48, 0x00,
    0x50, 0x70, 0x48, 0x00, 0x50, 0x70, 0x48, 0x00, 0x50, 0x70, 0x48, 0x00,
    0x08, 0x7c, 0xe8, 0x69, 0x08, 0x7c, 0xf0, 0xeb, 0x10, 0x7c, 0xf0, 0xff,
    0x08, 0x80, 0xf0, 0xff, 0x08, 0x7c, 0xf0, 0xeb, 0x50, 0x70, 0x48, 0x00,
    0x48, 0x70, 0x48, 0x00, 0x50, 0x70, 0x48, 0x00, 0x08, 0x7c, 0xe8, 0x0c,
    0x08, 0x7c, 0xf0, 0xff, 0x10, 0x80, 0xf0, 0xff, 0x08, 0x7c, 0xe8, 0xff,
    0x08, 0x7c, 0xf0, 0xff, 0x10, 0x80, 0xf0, 0xff, 0x08, 0x7c, 0xe8, 0xff,
    0x08, 0x7c, 0xf0, 0xff, 0x10, 0x80, 0xf0, 0xff, 0x08, 0x7c, 0xf0, 0xff,
    0x10, 0x7c, 0xf0, 0xff, 0x08, 0x7c, 0xe8, 0xff, 0x08, 0x80, 0xf0, 0xff,
    0x10, 0x7c, 0xf0, 0xff, 0x08, 0x80, 0xf0, 0xff, 0x08, 0x7c, 0xe8, 0xff,
    0x10, 0x7c, 0xf0, 0x82, 0x08, 0x80, 0xf0, 0x0c, 0x48, 0x70, 0x48, 0x00,
    0x50, 0x70, 0x48, 0x00, 0x48, 0x70, 0x48, 0x00, 0x50, 0x70, 0x48, 0x00,
    0x50, 0x70, 0x48, 0x00, 0x48, 0x70, 0x48, 0x00, 0x50, 0x70, 0x48, 0x00,
    0x50, 0x70, 0x48, 0x00, 0x48, 0x70, 0x48, 0x00, 0x08, 0x7c, 0xf0, 0x0c,
    0x10, 0x80, 0xf0, 0x82, 0x08, 0x7c, 0xf0, 0xeb, 0x10, 0x7c, 0xe8, 0xff,
    0x08, 0x7c, 0xf0, 0xff, 0x08, 0x7c, 0xf0, 0xff, 0x10, 0x7c, 0xe8, 0x65,
    0x48, 0x70, 0x48, 0x00, 0x50, 0x70, 0x48, 0x00, 0x50, 0x70, 0x48, 0x00,
    0x48, 0x70, 0x48, 0x00, 0x48, 0x70, 0x48, 0x00, 0x50, 0x70, 0x40, 0x00,
    0x48, 0x70, 0x48, 0x00, 0x50, 0x70, 0x48, 0x00, 0x50, 0x70, 0x48, 0x00,
    0x48, 0x70, 0x48, 0x00, 0x50, 0x70, 0x48, 0x00, 0x48, 0x70, 0x48, 0x00,
    0x48, 0x70, 0x40, 0x00, 0x50, 0x70, 0x48, 0x00, 0x48, 0x70, 0x48, 0x00,
    0x50, 0x70, 0x40, 0x00, 0x48, 0x70, 0x48, 0x00, 0x48, 0x70, 0x48, 0x00,
    0x50, 0x70, 0x48, 0x00, 0x48, 0x70, 0x40, 0x00, 0x50, 0x70, 0x48, 0x00,
    0x50, 0x70, 0x48, 0x00, 0x48, 0x70, 0x48, 0x00, 0x50, 0x70, 0x48, 0x00,
    0x48, 0x70, 0x48, 0x00, 0x48, 0x70, 0x40, 0x00, 0x50, 0x70, 0x48, 0x00,
    0x50, 0x70, 0x48, 0x00, 0x48, 0x70, 0x48, 0x00, 0x50, 0x70, 0x48, 0x00,
    0x48, 0x70, 0x48, 0x00, 0x50, 0x70, 0x40, 0x00, 0x50, 0x70, 0x48, 0x00,
    0x48, 0x70, 0x48, 0x00, 0x48, 0x70, 0x40, 0x00, 0x50, 0x70, 0x48, 0x00,
    0x48, 0x70, 0x48, 0x00, 0x50, 0x70, 0x40, 0x00, 0x48, 0x70, 0x48, 0x00,
    0x48, 0x70, 0x48, 0x00, 0x50, 0x70, 0x48, 0x00, 0x08, 0x7c, 0xf0, 0x0c,
    0x10, 0x7c, 0xf0, 0x49, 0x08, 0x80, 0xf0, 0xff, 0x08, 0x7c, 0xe8, 0xa6,
    0x08, 0x7c, 0xf0, 0x0c, 0x50, 0x70, 0x48, 0x00, 0x48, 0x70, 0x48, 0x00,
    0x08, 0x80, 0xf0, 0x69, 0x08, 0x7c, 0xf0, 0xeb, 0x10, 0x7c, 0xe8, 0xff,
    0x08, 0x7c, 0xf0, 0xff, 0x08, 0x7c, 0xf0, 0xff, 0x10, 0x80, 0xe8, 0xff,
    0x08, 0x7c, 0xf0, 0xff, 0x10, 0x7c, 0xf0, 0xff, 0x08, 0x7c, 0xf0, 0xff,
    0x10, 0x7c, 0xf0, 0xff, 0x08, 0x7c, 0xf0, 0xff, 0x08, 0x80, 0xf0, 0xff,
    0x08, 0x7c, 0xe8, 0xff, 0x08, 0x80, 0xf0, 0xff, 0x10, 0x7c, 0xf0, 0xff,
    0x08, 0x80, 0xf0, 0xff, 0x10, 0x7c, 0xe8, 0xa6, 0x08, 0x7c, 0xf0, 0x0c,
    0x48, 0x70, 0x48, 0x00, 0x48, 0x70, 0x48, 0x00, 0x50, 0x70, 0x48, 0x00,
    0x48, 0x70, 0x48, 0x00, 0x50, 0x70, 0x40, 0x00, 0x50, 0x70, 0x48, 0x00,
    0x48, 0x70, 0x48, 0x00, 0x08, 0x7c, 0xe8, 0x65, 0x10, 0x7c, 0xf0, 0xeb,
    0x08, 0x80, 0xf0, 0xff, 0x08, 0x7c, 0xf0, 0xff, 0x10, 0x7c, 0xf0, 0xff,
    0x08, 0x80, 0xf0, 0xff, 0x10, 0x7c, 0xf0, 0xff, 0x08, 0x7c, 0xf0, 0xff,
    0x10, 0x7c, 0xe8, 0xff, 0x08, 0x7c, 0xf0, 0xff, 0x10, 0x80, 0xf0, 0xff,
    0x08, 0x7c, 0xf0, 0xff, 0x08, 0x7c, 0xf0, 0xff, 0x10, 0x80, 0xf0, 0xff,
    0x08, 0x7c, 0xf0, 0xff, 0x08, 0x7c, 0xf0, 0xff, 0x10, 0x80, 0xf0, 0xeb,
    0x08, 0x7c, 0xe8, 0x65, 0x48, 0x70, 0x48, 0x00, 0x50, 0x70, 0x48, 0x00,
    0x48, 0x70, 0x48, 0x00, 0x50, 0x70, 0x48, 0x00, 0x48, 0x70, 0x48, 0x00,
    0x50, 0x70, 0x48, 0x00, 0x48, 0x70, 0x48, 0x00, 0x48, 0x70, 0x48, 0x00,
    0x50, 0x70, 0x48, 0x00, 0x50, 0x70, 0x48, 0x00, 0x08, 0x7c, 0xf0, 0x0c,
    0x08, 0x7c, 0xe8, 0x82, 0x10, 0x80, 0xf0, 0xe7, 0x08, 0x7c, 0xf0, 0xff,
    0x08, 0x7c, 0xe8, 0xe7, 0x50, 0x70, 0x48, 0x00, 0x48, 0x70, 0x48, 0x00,
    0x50, 0x70, 0x48, 0x00, 0x08, 0x7c, 0xf0, 0x0c, 0x08, 0x7c, 0xf0, 0xff,
    0x10, 0x7c, 0xe8, 0xff, 0x08, 0x7c, 0xf0, 0xff, 0x08, 0x7c, 0xf0, 0xff,
    0x10, 0x7c, 0xf0, 0xff, 0x08, 0x7c, 0xf0, 0xff, 0x10, 0x7c, 0xe8, 0xff,
    0x08, 0x7c, 0xf0, 0xff, 0x08, 0x7c, 0xf0, 0xff, 0x10, 0x7c, 0xe8, 0xff,
    0x08, 0x7c, 0xf0, 0xff, 0x08, 0x7c, 0xf0, 0xff, 0x10, 0x80, 0xe8, 0xff,
    0x08, 0x7c, 0xf0, 0xff, 0x08, 0x7c, 0xf0, 0xff, 0x10, 0x80, 0xe8, 0x82,
    0x08, 0x7c, 0xf0, 0x0c, 0x50, 0x70, 0x48, 0x00, 0x48, 0x70, 0x40, 0x00,
    0x48, 0x70, 0x48, 0x00, 0x50, 0x70, 0x48, 0x00, 0x48, 0x70, 0x40, 0x00,
    0x50, 0x70, 0x48, 0x00, 0x48, 0x70, 0x48, 0x00, 0x50, 0x70, 0x40, 0x00,
    0x08, 0x7c, 0xe8, 0x0c, 0x08, 0x80, 0xf0, 0x28, 0x10, 0x7c, 0xf0, 0x28,
    0x08, 0x7c, 0xe8, 0xa6, 0x08, 0x80, 0xf0, 0xff, 0x10, 0x7c, 0xf0, 0xff,
    0x08, 0x80, 0xe8, 0xff, 0x08, 0x7c, 0xf0, 0x65, 0x50, 0x70, 0x48, 0x00,
    0x48, 0x70, 0x48, 0x00, 0x50, 0x70, 0x40, 0x00, 0x50, 0x70, 0x48, 0x00,
    0x48, 0x70, 0x48, 0x00, 0x48, 0x70, 0x48, 0x00, 0x50, 0x70, 0x48, 0x00,
    0x48, 0x70, 0x48, 0x00, 0x48, 0x70, 0x40, 0x00, 0x50, 0x70, 0x48, 0x00,
    0x50, 0x70, 0x48, 0x00, 0x48, 0x70, 0x48, 0x00, 0x50, 0x70, 0x48, 0x00,
    0x48, 0x70, 0x48, 0x00, 0x50, 0x70, 0x48, 0x00, 0x48, 0x70, 0x48, 0x00,
    0x50, 0x70, 0x48, 0x00, 0x48, 0x70, 0x48, 0x00, 0x50, 0x70, 0x48, 0x00,
    0x48, 0x70, 0x48, 0x00, 0x48, 0x70, 0x48, 0x00, 0x50, 0x70, 0x48, 0x00,
    0x50, 0x70, 0x40, 0x00, 0x48, 0x70, 0x48, 0x00, 0x50, 0x70, 0x48, 0x00,
    0x48, 0x70, 0x48, 0x00, 0x50, 0x70, 0x48, 0x00, 0x48, 0x70, 0x48, 0x00,
    0x50, 0x70, 0x40, 0x00, 0x48, 0x70, 0x48, 0x00, 0x50, 0x70, 0x48, 0x00,
    0x48, 0x70, 0x48, 0x00, 0x50, 0x70, 0x48, 0x00, 0x50, 0x70, 0x48, 0x00,
    0x48, 0x70, 0x48, 0x00, 0x50, 0x70, 0x48, 0x00, 0x48, 0x70, 0x48, 0x00,
    0x50, 0x70, 0x48, 0x00, 0x50, 0x70, 0x48, 0x00, 0x48, 0x70, 0x48, 0x00,
    0x50, 0x70, 0x48, 0x00, 0x08, 0x7c, 0xe8, 0x0c, 0x08, 0x7c, 0xf0, 0x82,
    0x10, 0x7c, 0xf0, 0xff, 0x08, 0x7c, 0xf0, 0xc7, 0x08, 0x7c, 0xe8, 0x0c,
    0x50, 0x70, 0x48, 0x00, 0x50, 0x70, 0x48, 0x00, 0x08, 0x7c, 0xe8, 0x49,
    0x08, 0x80, 0xf0, 0xe7, 0x10, 0x7c, 0xf0, 0xff, 0x08, 0x7c, 0xf0, 0xff,
    0x10, 0x80, 0xf0, 0xff, 0x08, 0x7c, 0xf0, 0xff, 0x08, 0x80, 0xf0, 0xff,
    0x08, 0x7c, 0xe8, 0xff, 0x10, 0x7c, 0xf0, 0xff, 0x08, 0x80, 0xf0, 0xff,
    0x10, 0x7c, 0xe8, 0xff, 0x08, 0x7c, 0xf0, 0xff, 0x08, 0x7c, 0xf0, 0xff,
    0x10, 0x7c, 0xf0, 0xff, 0x08, 0x80, 0xf0, 0xff, 0x08, 0x7c, 0xe8, 0xff,
    0x10, 0x7c, 0xf0, 0xc7, 0x08, 0x80, 0xf0, 0x28, 0x50, 0x70, 0x40, 0x00,
    0x50, 0x70, 0x48, 0x00, 0x48, 0x70, 0x48, 0x00, 0x48, 0x70, 0x48, 0x00,
    0x48, 0x70, 0x48, 0x00, 0x50, 0x70, 0x48, 0x00, 0x08, 0x7c, 0xe8, 0x0c,
    0x08, 0x7c, 0xf0, 0x82, 0x10, 0x80, 0xf0, 0xff, 0x08, 0x7c, 0xe8, 0xff,
    0x10, 0x7c, 0xf0, 0xff, 0x08, 0x7c, 0xe8, 0xff, 0x08, 0x7c, 0xf0, 0xff,
    0x10, 0x7c, 0xf0, 0xff, 0x08, 0x80, 0xf0, 0xff, 0x08, 0x7c, 0xf0, 0xff,
    0x10, 0x7c, 0xe8, 0xff, 0x08, 0x7c, 0xf0, 0xff, 0x08, 0x7c, 0xe8, 0xff,
    0x10, 0x7c, 0xf0, 0xff, 0x08, 0x80, 0xe8, 0xff, 0x10, 0x7c, 0xf0, 0xff,
    0x08, 0x7c, 0xf0, 0xff, 0x08, 0x7c, 0xf0, 0xeb, 0x10, 0x7c, 0xf0, 0x65,
    0x50, 0x70, 0x48, 0x00, 0x48, 0x70, 0x48, 0x00, 0x50, 0x70, 0x48, 0x00,
    0x48, 0x70, 0x48, 0x00, 0x50, 0x70, 0x40, 0x00, 0x50, 0x70, 0x48, 0x00,
    0x50, 0x70, 0x48, 0x00, 0x48, 0x70, 0x40, 0x00, 0x48, 0x70, 0x48, 0x00,
    0x50, 0x70, 0x48, 0x00, 0x48, 0x70, 0x48, 0x00, 0x10, 0x80, 0xf0, 0x28,
    0x08, 0x7c, 0xe8, 0xa6, 0x10, 0x7c, 0xf0, 0xff, 0x10, 0x80, 0xf0, 0xe7,
    0x48, 0x70, 0x48, 0x00, 0x50, 0x70, 0x48, 0x00, 0x50, 0x70, 0x40, 0x00,
    0x08, 0x80, 0xf0, 0x0c, 0x08, 0x80, 0xf0, 0xff, 0x10, 0x7c, 0xf0, 0xff,
    0x08, 0x80, 0xf0, 0xff, 0x10, 0x7c, 0xe8, 0xff, 0x08, 0x7c, 0xf0, 0xff,
    0x08, 0x80, 0xf0, 0xff, 0x10, 0x7c, 0xe8, 0xff, 0x08, 0x7c, 0xf0, 0xff,
    0x08, 0x80, 0xf0, 0xff, 0x10, 0x80, 0xe8, 0xff, 0x08, 0x7c, 0xf0, 0xff,
    0x10, 0x7c, 0xf0, 0xff, 0x08, 0x7c, 0xf0, 0xff, 0x10, 0x7c, 0xf0, 0xff,
    0x08, 0x7c, 0xf0, 0xff, 0x08, 0x7c, 0xf0, 0x82, 0x10, 0x7c, 0xe8, 0x0c,
    0x50, 0x70, 0x48, 0x00, 0x48, 0x70, 0x48, 0x00, 0x50, 0x70, 0x48, 0x00,
    0x48, 0x70, 0x48, 0x00, 0x50, 0x70, 0x48, 0x00, 0x48, 0x70, 0x48, 0x00,
    0x50, 0x70, 0x48, 0x00, 0x08, 0x7c, 0xf0, 0x0c, 0x08, 0x7c, 0xf0, 0xa6,
    0x10, 0x7c, 0xf0, 0x82, 0x50, 0x70, 0x48, 0x00, 0x08, 0x7c, 0xe8, 0x0c,
    0x08, 0x7c, 0xf0, 0xa2, 0x10, 0x80, 0xf0, 0xff, 0x08, 0x7c, 0xf0, 0xff,
    0x08, 0x7c, 0xf0, 0x69, 0x50, 0x70, 0x48, 0x00, 0x48, 0x70, 0x48, 0x00,
    0x48, 0x70, 0x48, 0x00, 0x50, 0x70, 0x48, 0x00, 0x50, 0x70, 0x48, 0x00,
    0x48, 0x70, 0x48, 0x00, 0x50, 0x70, 0x48, 0x00, 0x50, 0x70, 0x48, 0x00,
    0x48, 0x70, 0x48, 0x00, 0x48, 0x70, 0x48, 0x00, 0x50, 0x70, 0x40, 0x00,
    0x50, 0x70, 0x48, 0x00, 0x48, 0x70, 0x48, 0x00, 0x50, 0x70, 0x48, 0x00,
    0x48, 0x70, 0x48, 0x00, 0x50, 0x70, 0x48, 0x00, 0x48, 0x70, 0x48, 0x00,
    0x50, 0x70, 0x48, 0x00, 0x48, 0x70, 0x48, 0x00, 0x50, 0x70, 0x48, 0x00,
    0x48, 0x70, 0x48, 0x00, 0x48, 0x70, 0x48, 0x00, 0x50, 0x70, 0x48, 0x00,
    0x48, 0x70, 0x48, 0x00, 0x50, 0x70, 0x48, 0x00, 0x50, 0x70, 0x48, 0x00,
    0x48, 0x70, 0x48, 0x00, 0x48, 0x70, 0x48, 0x00, 0x50, 0x70, 0x48, 0x00,
    0x50, 0x70, 0x48, 0x00, 0x48, 0x70, 0x48, 0x00, 0x48, 0x70, 0x48, 0x00,
    0x50, 0x70, 0x48, 0x00, 0x48, 0x70, 0x48, 0x00, 0x50, 0x70, 0x48, 0x00,
    0x48, 0x70, 0x48, 0x00, 0x50, 0x70, 0x48, 0x00, 0x48, 0x70, 0x48, 0x00,
    0x48, 0x70, 0x48, 0x00, 0x50, 0x70, 0x48, 0x00, 0x50, 0x70, 0x48, 0x00,
    0x08, 0x7c, 0xe8, 0x0c, 0x08, 0x80, 0xf0, 0xc3, 0x10, 0x7c, 0xf0, 0xff,
    0x10, 0x80, 0xf0, 0xe7, 0x08, 0x7c, 0xf0, 0x28, 0x50, 0x70, 0x48, 0x00,
    0x50, 0x70, 0x48, 0x00, 0x08, 0x7c, 0xe8, 0x28, 0x10, 0x7c, 0xf0, 0xc3,
    0x08, 0x80, 0xf0, 0xff, 0x08, 0x7c, 0xe8, 0xff, 0x10, 0x7c, 0xf0, 0xff,
    0x08, 0x7c, 0xf0, 0xff, 0x10, 0x7c, 0xe8, 0xff, 0x08, 0x80, 0xf0, 0xff,
    0x08, 0x7c, 0xf0, 0xff, 0x10, 0x7c, 0xe8, 0xff, 0x08, 0x80, 0xf0, 0xff,
    0x10, 0x7c, 0xf0, 0xff, 0x10, 0x7c, 0xe8, 0xff, 0x08, 0x7c, 0xf0, 0xff,
    0x08, 0x7c, 0xf0, 0xff, 0x10, 0x7c, 0xe8, 0xff, 0x08, 0x7c, 0xf0, 0xe7,
    0x08, 0x7c, 0xf0, 0x49, 0x50, 0x70, 0x48, 0x00, 0x50, 0x70, 0x48, 0x00,
    0x48, 0x70, 0x48, 0x00, 0x50, 0x70, 0x40, 0x00, 0x50, 0x70, 0x48, 0x00,
    0x48, 0x70, 0x48, 0x00, 0x08, 0x7c, 0xf0, 0x28, 0x10, 0x7c, 0xf0, 0xc7,
    0x08, 0x7c, 0xf0, 0xff, 0x08, 0x7c, 0xe8, 0xff, 0x10, 0x80, 0xf0, 0xff,
    0x08, 0x7c, 0xf0, 0xff, 0x08, 0x7c, 0xe8, 0xff, 0x10, 0x80, 0xe8, 0xff,
    0x08, 0x7c, 0xf0, 0xff, 0x08, 0x7c, 0xf0, 0xff, 0x10, 0x80, 0xf0, 0xff,
    0x08, 0x7c, 0xe8, 0xff, 0x10, 0x7c, 0xf0, 0xff, 0x08, 0x80, 0xf0, 0xff,
    0x08, 0x7c, 0xe8, 0xff, 0x10, 0x7c, 0xf0, 0xff, 0x08, 0x80, 0xe8, 0xff,
    0x08, 0x7c, 0xe8, 0xe7, 0x10, 0x7c, 0xf0, 0x69, 0x48, 0x70, 0x48, 0x00,
    0x48, 0x70, 0x48, 0x00, 0x50, 0x70, 0x48, 0x00, 0x48, 0x70, 0x48, 0x00,
    0x48, 0x70, 0x48, 0x00, 0x50, 0x70, 0x48, 0x00, 0x48, 0x70, 0x48, 0x00,
    0x50, 0x70, 0x48, 0x00, 0x48, 0x70, 0x48, 0x00, 0x50, 0x70, 0x48, 0x00,
    0x50, 0x70, 0x48, 0x00, 0x48, 0x70, 0x48, 0x00, 0x08, 0x7c, 0xf0, 0x0c,
    0x08, 0x7c, 0xe8, 0xa6, 0x08, 0x7c, 0xf0, 0xeb, 0x50, 0x70, 0x48, 0x00,
    0x48, 0x70, 0x48, 0x00, 0x48, 0x70, 0x48, 0x00, 0x10, 0x7c, 0xe8, 0x0c,
    0x08, 0x7c, 0xf0, 0xff, 0x08, 0x7c, 0xf0, 0xff, 0x10, 0x7c, 0xe8, 0xff,
    0x08, 0x80, 0xf0, 0xff, 0x08, 0x7c, 0xf0, 0xff, 0x10, 0x7c, 0xf0, 0xff,
    0x08, 0x80, 0xf0, 0xff, 0x10, 0x7c, 0xf0, 0xff, 0x08, 0x7c, 0xf0, 0xff,
    0x08, 0x7c, 0xf0, 0xff, 0x10, 0x80, 0xf0, 0xff, 0x08, 0x7c, 0xe8, 0xff,
    0x08, 0x7c, 0xf0, 0xff, 0x10, 0x80, 0xe8, 0xff, 0x10, 0x7c, 0xf0, 0xff,
    0x08, 0x7c, 0xf0, 0x82, 0x08, 0x80, 0xf0, 0x0c, 0x50, 0x70, 0x48, 0x00,
    0x50, 0x70, 0x48, 0x00, 0x48, 0x70, 0x48, 0x00, 0x50, 0x70, 0x48, 0x00,
    0x48, 0x70, 0x48, 0x00, 0x50, 0x70, 0x48, 0x00, 0x08, 0x7c, 0xe8, 0x28,
    0x08, 0x80, 0xf0, 0xc7, 0x10, 0x7c, 0xf0, 0xff, 0x08, 0x7c, 0xe8, 0x82,
    0x50, 0x70, 0x48, 0x00, 0x50, 0x70, 0x48, 0x00, 0x08, 0x7c, 0xf0, 0x0c,
    0x10, 0x7c, 0xe8, 0xc7, 0x08, 0x7c, 0xf0, 0xff, 0x10, 0x80, 0xe8, 0x65,
    0x50, 0x70, 0x48, 0x00, 0x48, 0x70, 0x48, 0x00, 0x48, 0x70, 0x48, 0x00,
    0x50, 0x70, 0x48, 0x00, 0x48, 0x70, 0x40, 0x00, 0x50, 0x70, 0x48, 0x00,
    0x48, 0x70, 0x48, 0x00, 0x50, 0x70, 0x40, 0x00, 0x50, 0x70, 0x48, 0x00,
    0x48, 0x70, 0x48, 0x00, 0x48, 0x70, 0x48, 0x00, 0x50, 0x70, 0x48, 0x00,
    0x48, 0x70, 0x48, 0x00, 0x48, 0x70, 0x40, 0x00, 0x50, 0x70, 0x48, 0x00,
    0x48, 0x70, 0x48, 0x00, 0x50, 0x70, 0x48, 0x00, 0x48, 0x70, 0x48, 0x00,
    0x50, 0x70, 0x48, 0x00, 0x50, 0x70, 0x40, 0x00, 0x50, 0x70, 0x48, 0x00,
    0x48, 0x70, 0x48, 0x00, 0x50, 0x70, 0x48, 0x00, 0x48, 0x70, 0x40, 0x00,
    0x48, 0x70, 0x48, 0x00, 0x50, 0x70, 0x48, 0x00, 0x48, 0x70, 0x40, 0x00,
    0x50, 0x70, 0x48, 0x00, 0x48, 0x70, 0x48, 0x00, 0x50, 0x70, 0x48, 0x00,
    0x48, 0x70, 0x40, 0x00, 0x50, 0x70, 0x48, 0x00, 0x48, 0x70, 0x48, 0x00,
    0x48, 0x70, 0x40, 0x00, 0x50, 0x70, 0x48, 0x00, 0x50, 0x70, 0x48, 0x00,
    0x48, 0x70, 0x40, 0x00, 0x50, 0x70, 0x48, 0x00, 0x48, 0x70, 0x48, 0x00,
    0x48, 0x70, 0x48, 0x00, 0x50, 0x70, 0x48, 0x00, 0x08, 0x7c, 0xf0, 0x28,
    0x08, 0x7c, 0xf0, 0xff, 0x10, 0x7c, 0xe8, 0xff, 0x08, 0x7c, 0xf0, 0xff,
    0x08, 0x80, 0xf0, 0x49, 0x48, 0x70, 0x48, 0x00, 0x48, 0x70, 0x48, 0x00,
    0x50, 0x70, 0x48, 0x00, 0x08, 0x7c, 0xf0, 0xc7, 0x08, 0x7c, 0xe8, 0xff,
    0x10, 0x80, 0xf0, 0xff, 0x08, 0x7c, 0xf0, 0xff, 0x08, 0x7c, 0xe8, 0xff,
    0x10, 0x7c, 0xf0, 0xff, 0x08, 0x7c, 0xf0, 0xff, 0x08, 0x7c, 0xf0, 0xff,
    0x10, 0x7c, 0xf0, 0xff, 0x08, 0x7c, 0xf0, 0xff, 0x08, 0x80, 0xf0, 0xff,
    0x08, 0x7c, 0xe8, 0xff, 0x10, 0x80, 0xf0, 0xff, 0x08, 0x7c, 0xf0, 0xff,
    0x08, 0x80, 0xf0, 0xff, 0x10, 0x7c, 0xf0, 0xeb, 0x08, 0x7c, 0xe8, 0x65,
    0x48, 0x70, 0x48, 0x00, 0x50, 0x70, 0x48, 0x00, 0x48, 0x70, 0x48, 0x00,
    0x50, 0x70, 0x48, 0x00, 0x50, 0x70, 0x48, 0x00, 0x48, 0x70, 0x48, 0x00,
    0x10, 0x80, 0xe8, 0x28, 0x10, 0x7c, 0xf0, 0xc3, 0x08, 0x7c, 0xf0, 0xff,
    0x08, 0x80, 0xf0, 0xff, 0x10, 0x7c, 0xf0, 0xff, 0x08, 0x7c, 0xf0, 0xff,
    0x10, 0x80, 0xf0, 0xff, 0x08, 0x7c, 0xf0, 0xff, 0x08, 0x7c, 0xe8, 0xff,
    0x10, 0x7c, 0xf0, 0xff, 0x08, 0x80, 0xf0, 0xff, 0x08, 0x7c, 0xf0, 0xff,
    0x10, 0x7c, 0xf0, 0xff, 0x08, 0x7c, 0xf0, 0xff, 0x08, 0x7c, 0xf0, 0xff,
    0x10, 0x7c, 0xf0, 0xff, 0x08, 0x80, 0xf0, 0xff, 0x08, 0x7c, 0xf0, 0xeb,
    0x10, 0x80, 0xe8, 0x65, 0x50, 0x70, 0x48, 0x00, 0x48, 0x70, 0x48, 0x00,
    0x50, 0x70, 0x40, 0x00, 0x50, 0x70, 0x48, 0x00, 0x48, 0x70, 0x48, 0x00,
    0x48, 0x70, 0x48, 0x00, 0x50, 0x70, 0x48, 0x00, 0x48, 0x70, 0x48, 0x00,
    0x50, 0x70, 0x48, 0x00, 0x48, 0x70, 0x40, 0x00, 0x48, 0x70, 0x48, 0x00,
    0x50, 0x70, 0x48, 0x00, 0x50, 0x70, 0x48, 0x00, 0x08, 0x7c, 0xf0, 0x28,
    0x08, 0x80, 0xe8, 0xa2, 0x50, 0x70, 0x48, 0x00, 0x50, 0x70, 0x48, 0x00,
    0x48, 0x70, 0x48, 0x00, 0x08, 0x7c, 0xf0, 0x0c, 0x10, 0x7c, 0xe8, 0xff,
    0x08, 0x7c, 0xf0, 0xff, 0x08, 0x7c, 0xf0, 0xff, 0x10, 0x80, 0xe8, 0xff,
    0x08, 0x7c, 0xf0, 0xff, 0x08, 0x7c, 0xe8, 0xff, 0x10, 0x7c, 0xf0, 0xff,
    0x08, 0x80, 0xe8, 0xff, 0x10, 0x7c, 0xf0, 0xff, 0x08, 0x7c, 0xf0, 0xff,
    0x10, 0x7c, 0xe8, 0xff, 0x08, 0x80, 0xf0, 0xff, 0x08, 0x7c, 0xf0, 0xff,
    0x08, 0x7c, 0xf0, 0xff, 0x10, 0x80, 0xe8, 0xff, 0x08, 0x7c, 0xf0, 0x86,
    0x08, 0x7c, 0xf0, 0x0c, 0x50, 0x70, 0x48, 0x00, 0x48, 0x70, 0x48, 0x00,
    0x48, 0x70, 0x40, 0x00, 0x50, 0x70, 0x48, 0x00, 0x50, 0x70, 0x48, 0x00,
    0x08, 0x7c, 0xe8, 0x49, 0x08, 0x7c, 0xf0, 0xc7, 0x10, 0x80, 0xf0, 0xff,
    0x08, 0x7c, 0xe8, 0xff, 0x08, 0x80, 0xf0, 0x82, 0x48, 0x70, 0x48, 0x00,
    0x50, 0x70, 0x48, 0x00, 0x48, 0x70, 0x48, 0x00, 0x08, 0x7c, 0xf0, 0x28,
    0x10, 0x7c, 0xf0, 0xa6, 0x08, 0x7c, 0xf0, 0x49, 0x50, 0x70, 0x48, 0x00,
    0x50, 0x70, 0x40, 0x00, 0x48, 0x70, 0x48, 0x00, 0x50, 0x70, 0x48, 0x00,
    0x48, 0x70, 0x48, 0x00, 0x48, 0x70, 0x48, 0x00, 0x50, 0x70, 0x48, 0x00,
    0x48, 0x70, 0x48, 0x00, 0x48, 0x70, 0x48, 0x00, 0x50, 0x70, 0x48, 0x00,
    0x50, 0x70, 0x48, 0x00, 0x48, 0x70, 0x48, 0x00, 0x50, 0x70, 0x48, 0x00,
    0x50, 0x70, 0x48, 0x00, 0x48, 0x70, 0x48, 0x00, 0x50, 0x70, 0x48, 0x00,
    0x48, 0x70, 0x48, 0x00, 0x48, 0x70, 0x48, 0x00, 0x48, 0x70, 0x48, 0x00,
    0x50, 0x70, 0x48, 0x00, 0x48, 0x70, 0x48, 0x00, 0x50, 0x70, 0x48, 0x00,
    0x50, 0x70, 0x48, 0x00, 0x48, 0x70, 0x48, 0x00, 0x50, 0x70, 0x48, 0x00,
    0x48, 0x70, 0x48, 0x00, 0x50, 0x70, 0x48, 0x00, 0x48, 0x70, 0x48, 0x00,
    0x50, 0x70, 0x48, 0x00, 0x48, 0x70, 0x48, 0x00, 0x50, 0x70, 0x48, 0x00,
    0x50, 0x70, 0x48, 0x00, 0x48, 0x70, 0x48, 0x00, 0x50, 0x70, 0x48, 0x00,
    0x48, 0x70, 0x48, 0x00, 0x48, 0x70, 0x48, 0x00, 0x50, 0x70, 0x48, 0x00,
    0x50, 0x70, 0x48, 0x00, 0x48, 0x70, 0x40, 0x00, 0x50, 0x70, 0x48, 0x00,
    0x50, 0x70, 0x48, 0x00, 0x08, 0x7c, 0xe8, 0x69, 0x08, 0x7c, 0xf0, 0xff,
    0x10, 0x80, 0xf0, 0xff, 0x08, 0x7c, 0xe8, 0xff, 0x08, 0x7c, 0xe8, 0x69,
    0x50, 0x70, 0x48, 0x00, 0x50, 0x70, 0x48, 0x00, 0x48, 0x70, 0x48, 0x00,
    0x08, 0x7c, 0xf0, 0x82, 0x10, 0x7c, 0xf0, 0xff, 0x08, 0x7c, 0xf0, 0xff,
    0x08, 0x80, 0xf0, 0xff, 0x10, 0x7c, 0xf0, 0xff, 0x08, 0x80, 0xf0, 0xff,
    0x10, 0x7c, 0xe8, 0xff, 0x08, 0x80, 0xf0, 0xff, 0x08, 0x7c, 0xf0, 0xff,
    0x10, 0x7c, 0xe8, 0xff, 0x08, 0x7c, 0xf0, 0xff, 0x08, 0x7c, 0xf0, 0xff,
    0x10, 0x7c, 0xf0, 0xff, 0x08, 0x80, 0xe8, 0xff, 0x08, 0x7c, 0xf0, 0xff,
    0x10, 0x7c, 0xf0, 0xff, 0x08, 0x80, 0xf0, 0x82, 0x50, 0x70, 0x48, 0x00,
    0x48, 0x70, 0x48, 0x00, 0x48, 0x70, 0x48, 0x00, 0x50, 0x70, 0x48, 0x00,
    0x48, 0x70, 0x48, 0x00, 0x48, 0x70, 0x48, 0x00, 0x08, 0x7c, 0xe8, 0x49,
    0x08, 0x7c, 0xf0, 0xeb, 0x10, 0x80, 0xf0, 0xff, 0x08, 0x7c, 0xe8, 0xff,
    0x08, 0x7c, 0xf0, 0xff, 0x10, 0x7c, 0xf0, 0xff, 0x08, 0x7c, 0xf0, 0xff,
    0x08, 0x7c, 0xf0, 0xff, 0x10, 0x7c, 0xf0, 0xff, 0x08, 0x80, 0xe8, 0xff,
    0x08, 0x7c, 0xf0, 0xff, 0x10, 0x7c, 0xf0, 0xff, 0x08, 0x80, 0xe8, 0xff,
    0x10, 0x7c, 0xf0, 0xff, 0x08, 0x7c, 0xf0, 0xff, 0x10, 0x80, 0xe8, 0xff,
    0x08, 0x7c, 0xf0, 0xff, 0x08, 0x7c, 0xf0, 0xeb, 0x10, 0x7c, 0xf0, 0x65,
    0x48, 0x70, 0x48, 0x00, 0x48, 0x70, 0x48, 0x00, 0x50, 0x70, 0x48, 0x00,
    0x50, 0x70, 0x48, 0x00, 0x48, 0x70, 0x48, 0x00, 0x50, 0x70, 0x40, 0x00,
    0x50, 0x70, 0x48, 0x00, 0x48, 0x70, 0x48, 0x00, 0x50, 0x70, 0x48, 0x00,
    0x48, 0x70, 0x48, 0x00, 0x50, 0x70, 0x48, 0x00, 0x50, 0x70, 0x48, 0x00,
    0x48, 0x70, 0x48, 0x00, 0x50, 0x70, 0x48, 0x00, 0x08, 0x7c, 0xf0, 0x28,
    0x50, 0x70, 0x48, 0x00, 0x50, 0x70, 0x48, 0x00, 0x48, 0x70, 0x48, 0x00,
    0x08, 0x80, 0xf0, 0x0c, 0x10, 0x80, 0xf0, 0xff, 0x08, 0x7c, 0xf0, 0xff,
    0x10, 0x7c, 0xf0, 0xff, 0x08, 0x7c, 0xf0, 0xff, 0x10, 0x80, 0xf0, 0xff,
    0x08, 0x7c, 0xf0, 0xff, 0x08, 0x7c, 0xe8, 0xff, 0x10, 0x7c, 0xf0, 0xff,
    0x08, 0x80, 0xf0, 0xff, 0x08, 0x7c, 0xe8, 0xff, 0x10, 0x7c, 0xf0, 0xff,
    0x10, 0x7c, 0xf0, 0xff, 0x08, 0x7c, 0xf0, 0xff, 0x08, 0x7c, 0xf0, 0xff,
    0x10, 0x7c, 0xe8, 0xff, 0x08, 0x80, 0xf0, 0x82, 0x08, 0x7c, 0xe8, 0x0c,
    0x50, 0x70, 0x48, 0x00, 0x48, 0x70, 0x48, 0x00, 0x50, 0x70, 0x48, 0x00,
    0x48, 0x70, 0x48, 0x00, 0x08, 0x7c, 0xf0, 0x49, 0x08, 0x7c, 0xe8, 0xc3,
    0x10, 0x80, 0xf0, 0xff, 0x08, 0x7c, 0xf0, 0xff, 0x08, 0x7c, 0xf0, 0xff,
    0x10, 0x7c, 0xf0, 0x82, 0x50, 0x70, 0x48, 0x00, 0x48, 0x70, 0x48, 0x00,
    0x50, 0x70, 0x48, 0x00, 0x08, 0x80, 0xe8, 0x0c, 0x08, 0x7c, 0xf0, 0x28,
    0x08, 0x7c, 0xf0, 0x28, 0x48, 0x70, 0x48, 0x00, 0x50, 0x70, 0x48, 0x00,
    0x50, 0x70, 0x48, 0x00, 0x48, 0x70, 0x48, 0x00, 0x50, 0x70, 0x48, 0x00,
    0x50, 0x70, 0x48, 0x00, 0x48, 0x70, 0x48, 0x00, 0x50, 0x70, 0x48, 0x00,
    0x48, 0x70, 0x48, 0x00, 0x50, 0x70, 0x40, 0x00, 0x48, 0x70, 0x48, 0x00,
    0x48, 0x70, 0x48, 0x00, 0x50, 0x70, 0x40, 0x00, 0x48, 0x70, 0x48, 0x00,
    0x50, 0x70, 0x48, 0x00, 0x48, 0x70, 0x40, 0x00, 0x50, 0x70, 0x48, 0x00,
    0x50, 0x70, 0x48, 0x00, 0x48, 0x70, 0x48, 0x00, 0x48, 0x70, 0x48, 0x00,
    0x50, 0x70, 0x48, 0x00, 0x48, 0x70, 0x40, 0x00, 0x48, 0x70, 0x48, 0x00,
    0x50, 0x70, 0x48, 0x00, 0x50, 0x70, 0x48, 0x00, 0x48, 0x70, 0x48, 0x00,
    0x50, 0x70, 0x48, 0x00, 0x48, 0x70, 0x40, 0x00, 0x50, 0x70, 0x48, 0x00,
    0x48, 0x70, 0x48, 0x00, 0x48, 0x70, 0x48, 0x00, 0x50, 0x70, 0x48, 0x00,
    0x50, 0x70, 0x48, 0x00, 0x48, 0x70, 0x48, 0x00, 0x50, 0x70, 0x40, 0x00,
    0x48, 0x70, 0x48, 0x00, 0x50, 0x70, 0x48, 0x00, 0x48, 0x70, 0x48, 0x00,
    0x48, 0x70, 0x48, 0x00, 0x50, 0x70, 0x48, 0x00, 0x50, 0x70, 0x48, 0x00,
    0x08, 0x7c, 0xe8, 0xc3, 0x08, 0x80, 0xf0, 0xff, 0x10, 0x7c, 0xf0, 0xff,
    0x08, 0x7c, 0xf0, 0xff, 0x10, 0x7c, 0xf0, 0xa2, 0x50, 0x70, 0x48, 0x00,
    0x48, 0x70, 0x48, 0x00, 0x50, 0x70, 0x40, 0x00, 0x08, 0x80, 0xf0, 0x69,
    0x10, 0x7c, 0xe8, 0xff, 0x08, 0x7c, 0xf0, 0xff, 0x10, 0x7c, 0xe8, 0xff,
    0x08, 0x7c, 0xf0, 0xff, 0x08, 0x7c, 0xf0, 0xff, 0x10, 0x80, 0xe8, 0xff,
    0x08, 0x7c, 0xf0, 0xff, 0x08, 0x7c, 0xf0, 0xff, 0x10, 0x80, 0xe8, 0xff,
    0x08, 0x7c, 0xf0, 0xff, 0x10, 0x7c, 0xf0, 0xff, 0x08, 0x7c, 0xf0, 0xff,
    0x10, 0x7c, 0xe8, 0xff, 0x08, 0x7c, 0xf0, 0xff, 0x08, 0x7c, 0xf0, 0xff,
    0x10, 0x7c, 0xe8, 0xa6, 0x08, 0x7c, 0xe8, 0x0c, 0x50, 0x70, 0x48, 0x00,
    0x50, 0x70, 0x48, 0x00, 0x48, 0x70, 0x40, 0x00, 0x50, 0x70, 0x48, 0x00,
    0x50, 0x70, 0x48, 0x00, 0x08, 0x7c, 0xf0, 0x49, 0x08, 0x7c, 0xf0, 0xff,
    0x10, 0x7c, 0xe8, 0xff, 0x08, 0x7c, 0xf0, 0xff, 0x08, 0x80, 0xe8, 0xff,
    0x10, 0x7c, 0xe8, 0xff, 0x08, 0x7c, 0xf0, 0xff, 0x10, 0x80, 0xf0, 0xff,
    0x10, 0x7c, 0xf0, 0xff, 0x08, 0x7c, 0xf0, 0xff, 0x10, 0x7c, 0xe8, 0xff,
    0x08, 0x7c, 0xf0, 0xff, 0x08, 0x80, 0xf0, 0xff, 0x08, 0x7c, 0xe8, 0xff,
    0x10, 0x7c, 0xf0, 0xff, 0x08, 0x7c, 0xf0, 0xff, 0x10, 0x7c, 0xe8, 0xff,
    0x08, 0x7c, 0xf0, 0xe7, 0x08, 0x80, 0xf0, 0x69, 0x50, 0x70, 0x48, 0x00,
    0x48, 0x70, 0x48, 0x00, 0x48, 0x70, 0x48, 0x00, 0x50, 0x70, 0x48, 0x00,
    0x48, 0x70, 0x48, 0x00, 0x48, 0x70, 0x48, 0x00, 0x50, 0x70, 0x48, 0x00,
    0x48, 0x70, 0x40, 0x00, 0x48, 0x70, 0x48, 0x00, 0x50, 0x70, 0x48, 0x00,
    0x48, 0x70, 0x48, 0x00, 0x48, 0x70, 0x40, 0x00, 0x50, 0x70, 0x48, 0x00,
    0x50, 0x70, 0x48, 0x00, 0x48, 0x70, 0x48, 0x00, 0x48, 0x70, 0x48, 0x00,
    0x50, 0x70, 0x40, 0x00, 0x50, 0x70, 0x48, 0x00, 0x08, 0x7c, 0xe8, 0x0c,
    0x08, 0x7c, 0xf0, 0xff, 0x10, 0x80, 0xe8, 0xff, 0x08, 0x7c, 0xf0, 0xff,
    0x08, 0x7c, 0xf0, 0xff, 0x10, 0x7c, 0xe8, 0xff, 0x08, 0x80, 0xf0, 0xff,
    0x08, 0x7c, 0xf0, 0xff, 0x10, 0x7c, 0xf0, 0xff, 0x08, 0x7c, 0xf0, 0xff,
    0x08, 0x7c, 0xf0, 0xff, 0x08, 0x80, 0xf0, 0xff, 0x10, 0x7c, 0xe8, 0xff,
    0x08, 0x80, 0xf0, 0xff, 0x08, 0x7c, 0xf0, 0xff, 0x10, 0x7c, 0xf0, 0xff,
    0x08, 0x7c, 0xf0, 0x82, 0x08, 0x7c, 0xf0, 0x0c, 0x50, 0x70, 0x48, 0x00,
    0x50, 0x70, 0x48, 0x00, 0x48, 0x70, 0x48, 0x00, 0x08, 0x7c, 0xe8, 0x49,
    0x10, 0x80, 0xf0, 0xeb, 0x08, 0x7c, 0xf0, 0xff, 0x10, 0x7c, 0xf0, 0xff,
    0x08, 0x7c, 0xe8, 0xff, 0x08, 0x7c, 0xf0, 0xff, 0x10, 0x80, 0xf0, 0x82,
    0x48, 0x70, 0x48, 0x00, 0x50, 0x70, 0x48, 0x00, 0x50, 0x70, 0x48, 0x00,
    0x50, 0x70, 0x48, 0x00, 0x50, 0x70, 0x48, 0x00, 0x50, 0x70, 0x48, 0x00,
    0x48, 0x70, 0x40, 0x00, 0x48, 0x70, 0x48, 0x00, 0x50, 0x70, 0x48, 0x00,
    0x48, 0x70, 0x40, 0x00, 0x50, 0x70, 0x48, 0x00, 0x48, 0x70, 0x48, 0x00,
    0x50, 0x70, 0x40, 0x00, 0x48, 0x70, 0x48, 0x00, 0x50, 0x70, 0x48, 0x00,
    0x48, 0x70, 0x48, 0x00, 0x50, 0x70, 0x48, 0x00, 0x50, 0x70, 0x48, 0x00,
    0x48, 0x70, 0x48, 0x00, 0x48, 0x70, 0x48, 0x00, 0x50, 0x70, 0x48, 0x00,
    0x48, 0x70, 0x48, 0x00, 0x48, 0x70, 0x48, 0x00, 0x50, 0x70, 0x48, 0x00,
    0x50, 0x70, 0x48, 0x00, 0x48, 0x70, 0x48, 0x00, 0x50, 0x70, 0x48, 0x00,
    0x48, 0x70, 0x48, 0x00, 0x48, 0x70, 0x48, 0x00, 0x50, 0x70, 0x40, 0x00,
    0x48, 0x70, 0x48, 0x00, 0x48, 0x70, 0x48, 0x00, 0x50, 0x70, 0x48, 0x00,
    0x50, 0x70, 0x48, 0x00, 0x48, 0x70, 0x48, 0x00, 0x50, 0x70, 0x48, 0x00,
    0x48, 0x70, 0x40, 0x00, 0x48, 0x70, 0x48, 0x00, 0x50, 0x70, 0x48, 0x00,
    0x48, 0x70, 0x48, 0x00, 0x50, 0x70, 0x48, 0x00, 0x50, 0x70, 0x48, 0x00,
    0x48, 0x70, 0x48, 0x00, 0x50, 0x70, 0x48, 0x00, 0x48, 0x70, 0x48, 0x00,
    0x48, 0x70, 0x48, 0x00, 0x08, 0x7c, 0xf0, 0x28, 0x08, 0x7c, 0xf0, 0xeb,
    0x10, 0x7c, 0xf0, 0xff, 0x08, 0x7c, 0xe8, 0xff, 0x08, 0x80, 0xf0, 0xff,
    0x08, 0x7c, 0xf0, 0xc7, 0x50, 0x70, 0x48, 0x00, 0x48, 0x70, 0x48, 0x00,
    0x50, 0x70, 0x48, 0x00, 0x08, 0x7c, 0xf0, 0x28, 0x08, 0x80, 0xf0, 0xff,
    0x10, 0x7c, 0xe8, 0xff, 0x08, 0x80, 0xf0, 0xff, 0x08, 0x7c, 0xf0, 0xff,
    0x10, 0x7c, 0xf0, 0xff, 0x08, 0x7c, 0xf0, 0xff, 0x10, 0x7c, 0xf0, 0xff,
    0x08, 0x7c, 0xf0, 0xff, 0x08, 0x80, 0xf0, 0xff, 0x10, 0x7c, 0xe8, 0xff,
    0x08, 0x80, 0xf0, 0xff, 0x08, 0x80, 0xf0, 0xff, 0x10, 0x7c, 0xf0, 0xff,
    0x08, 0x80, 0xf0, 0xff, 0x08, 0x7c, 0xf0, 0xff, 0x10, 0x7c, 0xf0, 0xc3,
    0x08, 0x80, 0xf0, 0x28, 0x48, 0x70, 0x48, 0x00, 0x50, 0x70, 0x48, 0x00,
    0x48, 0x70, 0x48, 0x00, 0x50, 0x70, 0x48, 0x00, 0x50, 0x70, 0x48, 0x00,
    0x08, 0x80, 0xe8, 0x49, 0x10, 0x7c, 0xf0, 0xff, 0x08, 0x7c, 0xf0, 0xff,
    0x10, 0x80, 0xf0, 0xff, 0x08, 0x7c, 0xf0, 0xff, 0x08, 0x7c, 0xf0, 0xff,
    0x10, 0x80, 0xe8, 0xff, 0x08, 0x7c, 0xf0, 0xff, 0x08, 0x7c, 0xe8, 0xff,
    0x08, 0x80, 0xf0, 0xff, 0x10, 0x7c, 0xf0, 0xff, 0x08, 0x7c, 0xf0, 0xff,
    0x10, 0x7c, 0xf0, 0xff, 0x08, 0x80, 0xf0, 0xff, 0x08, 0x7c, 0xf0, 0xff,
    0x10, 0x7c, 0xf0, 0xff, 0x08, 0x80, 0xf0, 0xff, 0x10, 0x7c, 0xe8, 0xeb,
    0x08, 0x7c, 0xf0, 0x65, 0x50, 0x70, 0x48, 0x00, 0x50, 0x70, 0x40, 0x00,
    0x48, 0x70, 0x48, 0x00, 0x50, 0x70, 0x48, 0x00, 0x50, 0x70, 0x40, 0x00,
    0x48, 0x70, 0x48, 0x00, 0x50, 0x70, 0x48, 0x00, 0x50, 0x70, 0x48, 0x00,
    0x48, 0x70, 0x48, 0x00, 0x50, 0x70, 0x48, 0x00, 0x50, 0x70, 0x48, 0x00,
    0x48, 0x70, 0x48, 0x00, 0x48, 0x70, 0x48, 0x00, 0x50, 0x70, 0x48, 0x00,
    0x48, 0x70, 0x40, 0x00, 0x48, 0x70, 0x48, 0x00, 0x50, 0x70, 0x48, 0x00,
    0x50, 0x70, 0x48, 0x00, 0x08, 0x7c, 0xf0, 0x0c, 0x08, 0x7c, 0xe8, 0xff,
    0x10, 0x7c, 0xf0, 0xff, 0x08, 0x80, 0xf0, 0xff, 0x08, 0x7c, 0xe8, 0xff,
    0x10, 0x7c, 0xf0, 0xff, 0x08, 0x7c, 0xf0, 0xff, 0x10, 0x80, 0xf0, 0xff,
    0x08, 0x7c, 0xe8, 0xff, 0x10, 0x7c, 0xf0, 0xff, 0x08, 0x80, 0xf0, 0xff,
    0x08, 0x7c, 0xe8, 0xff, 0x10, 0x7c, 0xf0, 0xff, 0x08, 0x7c, 0xf0, 0xff,
    0x08, 0x80, 0xe8, 0xff, 0x10, 0x7c, 0xf0, 0xff, 0x08, 0x7c, 0xf0, 0x82,
    0x08, 0x80, 0xe8, 0x0c, 0x50, 0x70, 0x48, 0x00, 0x08, 0x7c, 0xe8, 0x0c,
    0x08, 0x7c, 0xf0, 0x69, 0x10, 0x7c, 0xf0, 0xe7, 0x08, 0x7c, 0xe8, 0xff,
    0x08, 0x80, 0xf0, 0xff, 0x10, 0x7c, 0xf0, 0xff, 0x08, 0x7c, 0xf0, 0xff,
    0x08, 0x80, 0xe8, 0xff, 0x08, 0x7c, 0xe8, 0x82, 0x50, 0x70, 0x48, 0x00,
    0x48, 0x70, 0x48, 0x00, 0x48, 0x70, 0x48, 0x00, 0x48, 0x70, 0x48, 0x00,
    0x50, 0x70, 0x48, 0x00, 0x48, 0x70, 0x48, 0x00, 0x50, 0x70, 0x48, 0x00,
    0x50, 0x70, 0x48, 0x00, 0x48, 0x70, 0x48, 0x00, 0x48, 0x70, 0x48, 0x00,
    0x50, 0x70, 0x48, 0x00, 0x48, 0x70, 0x48, 0x00, 0x48, 0x70, 0x48, 0x00,
    0x50, 0x70, 0x48, 0x00, 0x48, 0x70, 0x48, 0x00, 0x50, 0x70, 0x48, 0x00,
    0x48, 0x70, 0x48, 0x00, 0x50, 0x70, 0x48, 0x00, 0x48, 0x70, 0x48, 0x00,
    0x50, 0x70, 0x48, 0x00, 0x50, 0x70, 0x48, 0x00, 0x48, 0x70, 0x48, 0x00,
    0x50, 0x70, 0x48, 0x00, 0x48, 0x70, 0x48, 0x00, 0x48, 0x70, 0x48, 0x00,
    0x50, 0x70, 0x40, 0x00, 0x50, 0x70, 0x48, 0x00, 0x50, 0x70, 0x48, 0x00,
    0x48, 0x70, 0x48, 0x00, 0x50, 0x70, 0x48, 0x00, 0x50, 0x70, 0x48, 0x00,
    0x48, 0x70, 0x48, 0x00, 0x48, 0x70, 0x40, 0x00, 0x50, 0x70, 0x48, 0x00,
    0x48, 0x70, 0x48, 0x00, 0x50, 0x70, 0x48, 0x00, 0x50, 0x70, 0x48, 0x00,
    0x48, 0x70, 0x48, 0x00, 0x48, 0x70, 0x40, 0x00, 0x50, 0x70, 0x48, 0x00,
    0x48, 0x70, 0x48, 0x00, 0x48, 0x70, 0x48, 0x00, 0x50, 0x70, 0x40, 0x00,
    0x50, 0x70, 0x48, 0x00, 0x50, 0x70, 0x48, 0x00, 0x50, 0x70, 0x40, 0x00,
    0x08, 0x7c, 0xe8, 0x65, 0x10, 0x7c, 0xf0, 0xeb, 0x08, 0x80, 0xf0, 0xff,
    0x10, 0x7c, 0xf0, 0xff, 0x08, 0x7c, 0xe8, 0xff, 0x08, 0x80, 0xf0, 0xff,
    0x08, 0x7c, 0xe8, 0x0c, 0x50, 0x70, 0x48, 0x00, 0x50, 0x70, 0x48, 0x00,
    0x48, 0x70, 0x48, 0x00, 0x08, 0x7c, 0xf0, 0xe7, 0x10, 0x7c, 0xf0, 0xff,
    0x08, 0x7c, 0xf0, 0xff, 0x10, 0x80, 0xe8, 0xff, 0x08, 0x7c, 0xf0, 0xff,
    0x08, 0x7c, 0xe8, 0xff, 0x10, 0x80, 0xe8, 0xff, 0x08, 0x7c, 0xf0, 0xff,
    0x08, 0x7c, 0xf0, 0xff, 0x10, 0x7c, 0xf0, 0xff, 0x08, 0x7c, 0xe8, 0xff,
    0x08, 0x7c, 0xf0, 0xff, 0x10, 0x7c, 0xe8, 0xff, 0x08, 0x7c, 0xf0, 0xff,
    0x10, 0x80, 0xe8, 0xff, 0x08, 0x7c, 0xf0, 0xeb, 0x08, 0x7c, 0xf0, 0x28,
    0x50, 0x70, 0x48, 0x00, 0x48, 0x70, 0x48, 0x00, 0x48, 0x70, 0x48, 0x00,
    0x48, 0x70, 0x48, 0x00, 0x50, 0x70, 0x48, 0x00, 0x08, 0x7c, 0xf0, 0x65,
    0x08, 0x7c, 0xe8, 0xff, 0x10, 0x80, 0xf0, 0xff, 0x08, 0x7c, 0xf0, 0xff,
    0x10, 0x7c, 0xf0, 0xff, 0x08, 0x7c, 0xf0, 0xff, 0x08, 0x7c, 0xf0, 0xff,
    0x10, 0x7c, 0xf0, 0xff, 0x08, 0x7c, 0xf0, 0xff, 0x08, 0x80, 0xe8, 0xff,
    0x08, 0x7c, 0xf0, 0xff, 0x10, 0x7c, 0xe8, 0xff, 0x08, 0x7c, 0xf0, 0xff,
    0x10, 0x80, 0xe8, 0xff, 0x08, 0x7c, 0xf0, 0xff, 0x08, 0x7c, 0xf0, 0xff,
    0x08, 0x80, 0xe8, 0xff, 0x10, 0x7c, 0xf0, 0xe7, 0x08, 0x7c, 0xf0, 0x69,
    0x48, 0x70, 0x48, 0x00, 0x50, 0x70, 0x48, 0x00, 0x48, 0x70, 0x48, 0x00,
    0x48, 0x70, 0x48, 0x00, 0x50, 0x70, 0x48, 0x00, 0x48, 0x70, 0x48, 0x00,
    0x48, 0x70, 0x48, 0x00, 0x50, 0x70, 0x48, 0x00, 0x48, 0x70, 0x48, 0x00,
    0x50, 0x70, 0x40, 0x00, 0x50, 0x70, 0x48, 0x00, 0x48, 0x70, 0x48, 0x00,
    0x50, 0x70, 0x48, 0x00, 0x50, 0x70, 0x48, 0x00, 0x48, 0x70, 0x48, 0x00,
    0x50, 0x70, 0x48, 0x00, 0x48, 0x70, 0x48, 0x00, 0x48, 0x70, 0x48, 0x00,
    0x10, 0x7c, 0xf0, 0x0c, 0x08, 0x7c, 0xf0, 0xff, 0x08, 0x7c, 0xf0, 0xff,
    0x10, 0x7c, 0xf0, 0xff, 0x08, 0x80, 0xf0, 0xff, 0x08, 0x7c, 0xe8, 0xff,
    0x10, 0x7c, 0xf0, 0xff, 0x08, 0x7c, 0xf0, 0xff, 0x08, 0x7c, 0xe8, 0xff,
    0x10, 0x80, 0xf0, 0xff, 0x08, 0x7c, 0xf0, 0xff, 0x10, 0x7c, 0xe8, 0xff,
    0x08, 0x7c, 0xf0, 0xff, 0x10, 0x7c, 0xf0, 0xff, 0x08, 0x80, 0xe8, 0xff,
    0x10, 0x7c, 0xf0, 0xff, 0x10, 0x7c, 0xf0, 0x82, 0x08, 0x80, 0xe8, 0x0c,
    0x08, 0x7c, 0xf0, 0x0c, 0x10, 0x7c, 0xf0, 0x69, 0x08, 0x80, 0xf0, 0xe7,
    0x10, 0x7c, 0xf0, 0xff, 0x08, 0x7c, 0xf0, 0xff, 0x08, 0x7c, 0xe8, 0xff,
    0x10, 0x80, 0xf0, 0xff, 0x10, 0x7c, 0xf0, 0xff, 0x08, 0x7c, 0xf0, 0xff,
    0x10, 0x7c, 0xf0, 0x82, 0x50, 0x70, 0x48, 0x00, 0x48, 0x70, 0x40, 0x00,
    0x48, 0x70, 0x48, 0x00, 0x50, 0x70, 0x48, 0x00, 0x48, 0x70, 0x40, 0x00,
    0x48, 0x70, 0x48, 0x00, 0x50, 0x70, 0x48, 0x00, 0x48, 0x70, 0x48, 0x00,
    0x50, 0x70, 0x48, 0x00, 0x50, 0x70, 0x48, 0x00, 0x48, 0x70, 0x48, 0x00,
    0x50, 0x70, 0x48, 0x00, 0x50, 0x70, 0x48, 0x00, 0x48, 0x70, 0x40, 0x00,
    0x50, 0x70, 0x48, 0x00, 0x48, 0x70, 0x48, 0x00, 0x50, 0x70, 0x40, 0x00,
    0x48, 0x70, 0x48, 0x00, 0x50, 0x70, 0x48, 0x00, 0x48, 0x70, 0x40, 0x00,
    0x50, 0x70, 0x48, 0x00, 0x48, 0x70, 0x48, 0x00, 0x50, 0x70, 0x48, 0x00,
    0x48, 0x70, 0x48, 0x00, 0x50, 0x70, 0x48, 0x00, 0x48, 0x70, 0x48, 0x00,
    0x48, 0x70, 0x48, 0x00, 0x50, 0x70, 0x48, 0x00, 0x48, 0x70, 0x48, 0x00,
    0x48, 0x70, 0x48, 0x00, 0x50, 0x70, 0x48, 0x00, 0x50, 0x70, 0x48, 0x00,
    0x48, 0x70, 0x48, 0x00, 0x48, 0x70, 0x48, 0x00, 0x50, 0x70, 0x48, 0x00,
    0x48, 0x70, 0x40, 0x00, 0x50, 0x70, 0x48, 0x00, 0x50, 0x70, 0x48, 0x00,
    0x48, 0x70, 0x48, 0x00, 0x50, 0x70, 0x48, 0x00, 0x50, 0x70, 0x48, 0x00,
    0x48, 0x70, 0x48, 0x00, 0x48, 0x70, 0x48, 0x00, 0x48, 0x70, 0x48, 0x00,
    0x50, 0x70, 0x48, 0x00, 0x48, 0x70, 0x48, 0x00, 0x08, 0x7c, 0xf0, 0xa2,
    0x10, 0x7c, 0xf0, 0xff, 0x08, 0x80, 0xe8, 0xff, 0x08, 0x7c, 0xf0, 0xff,
    0x10, 0x7c, 0xf0, 0xff, 0x10, 0x7c, 0xf0, 0xff, 0x08, 0x7c, 0xf0, 0x49,
    0x50, 0x70, 0x48, 0x00, 0x48, 0x70, 0x48, 0x00, 0x50, 0x70, 0x40, 0x00,
    0x08, 0x7c, 0xf0, 0xc7, 0x08, 0x7c, 0xf0, 0xff, 0x10, 0x7c, 0xe8, 0xff,
    0x08, 0x80, 0xf0, 0xff, 0x08, 0x7c, 0xf0, 0xff, 0x10, 0x7c, 0xf0, 0xff,
    0x08, 0x80, 0xf0, 0xff, 0x10, 0x7c, 0xe8, 0xff, 0x08, 0x7c, 0xf0, 0xff,
    0x10, 0x80, 0xf0, 0xff, 0x08, 0x7c, 0xf0, 0xff, 0x10, 0x7c, 0xf0, 0xff,
    0x08, 0x7c, 0xf0, 0xff, 0x08, 0x7c, 0xe8, 0xff, 0x10, 0x7c, 0xf0, 0xff,
    0x08, 0x80, 0xf0, 0xff, 0x10, 0x7c, 0xe8, 0x49, 0x50, 0x70, 0x48, 0x00,
    0x50, 0x70, 0x48, 0x00, 0x48, 0x70, 0x40, 0x00, 0x50, 0x70, 0x48, 0x00,
    0x50, 0x70, 0x48, 0x00, 0x08, 0x7c, 0xf0, 0x82, 0x08, 0x7c, 0xf0, 0xff,
    0x08, 0x7c, 0xe8, 0xff, 0x10, 0x7c, 0xf0, 0xff, 0x08, 0x80, 0xe8, 0xff,
    0x08, 0x7c, 0xf0, 0xff, 0x10, 0x80, 0xf0, 0xff, 0x08, 0x7c, 0xe8, 0xff,
    0x10, 0x7c, 0xf0, 0xff, 0x10, 0x7c, 0xf0, 0xff, 0x08, 0x80, 0xf0, 0xff,
    0x08, 0x7c, 0xf0, 0xff, 0x10, 0x7c, 0xe8, 0xff, 0x08, 0x7c, 0xf0, 0xff,
    0x10, 0x7c, 0xf0, 0xff, 0x08, 0x7c, 0xe8, 0xff, 0x10, 0x7c, 0xf0, 0xff,
    0x08, 0x80, 0xf0, 0xeb, 0x08, 0x7c, 0xe8, 0x65, 0x50, 0x70, 0x48, 0x00,
    0x50, 0x70, 0x48, 0x00, 0x48, 0x70, 0x48, 0x00, 0x50, 0x70, 0x48, 0x00,
    0x50, 0x70, 0x48, 0x00, 0x48, 0x70, 0x48, 0x00, 0x50, 0x70, 0x40, 0x00,
    0x48, 0x70, 0x48, 0x00, 0x48, 0x70, 0x48, 0x00, 0x50, 0x70, 0x48, 0x00,
    0x48, 0x70, 0x48, 0x00, 0x48, 0x70, 0x48, 0x00, 0x50, 0x70, 0x40, 0x00,
    0x48, 0x70, 0x48, 0x00, 0x50, 0x70, 0x48, 0x00, 0x50, 0x70, 0x48, 0x00,
    0x48, 0x70, 0x48, 0x00, 0x50, 0x70, 0x48, 0x00, 0x08, 0x80, 0xe8, 0x0c,
    0x08, 0x80, 0xf0, 0xff, 0x10, 0x7c, 0xe8, 0xff, 0x10, 0x7c, 0xf0, 0xff,
    0x08, 0x7c, 0xf0, 0xff, 0x08, 0x80, 0xf0, 0xff, 0x10, 0x7c, 0xf0, 0xff,
    0x08, 0x7c, 0xf0, 0xff, 0x08, 0x80, 0xf0, 0xff, 0x10, 0x7c, 0xf0, 0xff,
    0x08, 0x7c, 0xf0, 0xff, 0x08, 0x80, 0xf0, 0xff, 0x10, 0x7c, 0xf0, 0xff,
    0x08, 0x7c, 0xf0, 0xff, 0x08, 0x7c, 0xf0, 0xff, 0x08, 0x7c, 0xf0, 0xff,
    0x10, 0x7c, 0xf0, 0x82, 0x08, 0x7c, 0xf0, 0x0c, 0x08, 0x7c, 0xf0, 0x82,
    0x10, 0x80, 0xf0, 0xeb, 0x08, 0x7c, 0xe8, 0xff, 0x08, 0x7c, 0xf0, 0xff,
    0x10, 0x80, 0xf0, 0xff, 0x08, 0x7c, 0xf0, 0xff, 0x08, 0x7c, 0xe8, 0xff,
    0x08, 0x7c, 0xf0, 0xff, 0x08, 0x7c, 0xf0, 0xff, 0x08, 0x80, 0xf0, 0x82,
    0x50, 0x70, 0x48, 0x00, 0x50, 0x70, 0x48, 0x00, 0x50, 0x70, 0x48, 0x00,
    0x50, 0x70, 0x48, 0x00, 0x48, 0x70, 0x48, 0x00, 0x50, 0x70, 0x48, 0x00,
    0x48, 0x70, 0x48, 0x00, 0x48, 0x70, 0x40, 0x00, 0x50, 0x70, 0x48, 0x00,
    0x48, 0x70, 0x48, 0x00, 0x48, 0x70, 0x40, 0x00, 0x50, 0x70, 0x48, 0x00,
    0x48, 0x70, 0x48, 0x00, 0x50, 0x70, 0x48, 0x00, 0x48, 0x70, 0x48, 0x00,
    0x50, 0x70, 0x48, 0x00, 0x48, 0x70, 0x48, 0x00, 0x50, 0x70, 0x48, 0x00,
    0x48, 0x70, 0x48, 0x00, 0x50, 0x70, 0x48, 0x00, 0x48, 0x70, 0x48, 0x00,
    0x48, 0x70, 0x48, 0x00, 0x50, 0x70, 0x48, 0x00, 0x50, 0x70, 0x48, 0x00,
    0x50, 0x70, 0x48, 0x00, 0x48, 0x70, 0x48, 0x00, 0x48, 0x70, 0x48, 0x00,
    0x50, 0x70, 0x40, 0x00, 0x50, 0x70, 0x48, 0x00, 0x48, 0x70, 0x48, 0x00,
    0x48, 0x70, 0x40, 0x00, 0x50, 0x70, 0x48, 0x00, 0x50, 0x70, 0x48, 0x00,
    0x48, 0x70, 0x48, 0x00, 0x50, 0x70, 0x48, 0x00, 0x48, 0x70, 0x48, 0x00,
    0x48, 0x70, 0x48, 0x00, 0x50, 0x70, 0x48, 0x00, 0x48, 0x70, 0x48, 0x00,
    0x48, 0x70, 0x48, 0x00, 0x50, 0x70, 0x40, 0x00, 0x50, 0x70, 0x48, 0x00,
    0x48, 0x70, 0x48, 0x00, 0x50, 0x70, 0x48, 0x00, 0x48, 0x70, 0x48, 0x00,
    0x08, 0x7c, 0xe8, 0x0c, 0x10, 0x7c, 0xf0, 0xc7, 0x08, 0x7c, 0xf0, 0xff,
    0x08, 0x7c, 0xf0, 0xff, 0x10, 0x7c, 0xe8, 0xff, 0x08, 0x80, 0xf0, 0xff,
    0x08, 0x7c, 0xf0, 0xff, 0x08, 0x7c, 0xe8, 0x65, 0x50, 0x70, 0x48, 0x00,
    0x48, 0x70, 0x48, 0x00, 0x50, 0x70, 0x48, 0x00, 0x08, 0x80, 0xe8, 0x82,
    0x08, 0x7c, 0xf0, 0xff, 0x10, 0x7c, 0xf0, 0xff, 0x08, 0x7c, 0xf0, 0xff,
    0x10, 0x7c, 0xf0, 0xff, 0x08, 0x7c, 0xf0, 0xff, 0x08, 0x7c, 0xf0, 0xff,
    0x10, 0x7c, 0xf0, 0xff, 0x08, 0x7c, 0xe8, 0xff, 0x08, 0x80, 0xf0, 0xff,
    0x10, 0x7c, 0xf0, 0xff, 0x08, 0x80, 0xe8, 0xff, 0x08, 0x80, 0xf0, 0xff,
    0x10, 0x7c, 0xf0, 0xff, 0x08, 0x7c, 0xf0, 0xff, 0x08, 0x7c, 0xf0, 0xff,
    0x08, 0x7c, 0xe8, 0x82, 0x50, 0x70, 0x48, 0x00, 0x48, 0x70, 0x48, 0x00,
    0x50, 0x70, 0x48, 0x00, 0x48, 0x70, 0x48, 0x00, 0x08, 0x7c, 0xe8, 0x0c,
    0x10, 0x80, 0xf0, 0x82, 0x08, 0x7c, 0xf0, 0xff, 0x08, 0x7c, 0xf0, 0xff,
    0x10, 0x80, 0xf0, 0xff, 0x08, 0x7c, 0xe8, 0xff, 0x08, 0x7c, 0xf0, 0xff,
    0x10, 0x7c, 0xf0, 0xff, 0x08, 0x80, 0xe8, 0xff, 0x08, 0x7c, 0xf0, 0xff,
    0x10, 0x7c, 0xf0, 0xff, 0x08, 0x7c, 0xf0, 0xff, 0x08, 0x80, 0xf0, 0xff,
    0x10, 0x7c, 0xf0, 0xff, 0x08, 0x80, 0xf0, 0xff, 0x08, 0x7c, 0xf0, 0xff,
    0x10, 0x7c, 0xf0, 0xff, 0x08, 0x80, 0xf0, 0xff, 0x08, 0x7c, 0xf0, 0xeb,
    0x10, 0x7c, 0xe8, 0x65, 0x50, 0x70, 0x48, 0x00, 0x48, 0x70, 0x48, 0x00,
    0x48, 0x70, 0x40, 0x00, 0x50, 0x70, 0x48, 0x00, 0x48, 0x70, 0x48, 0x00,
    0x50, 0x70, 0x48, 0x00, 0x50, 0x70, 0x48, 0x00, 0x48, 0x70, 0x48, 0x00,
    0x50, 0x70, 0x48, 0x00, 0x50, 0x70, 0x48, 0x00, 0x48, 0x70, 0x48, 0x00,
    0x50, 0x70, 0x48, 0x00, 0x48, 0x70, 0x48, 0x00, 0x48, 0x70, 0x48, 0x00,
    0x50, 0x70, 0x48, 0x00, 0x48, 0x70, 0x40, 0x00, 0x50, 0x70, 0x48, 0x00,
    0x50, 0x70, 0x48, 0x00, 0x08, 0x7c, 0xf0, 0x0c, 0x08, 0x7c, 0xe8, 0xff,
    0x10, 0x7c, 0xf0, 0xff, 0x08, 0x80, 0xf0, 0xff, 0x08, 0x7c, 0xe8, 0xff,
    0x10, 0x7c, 0xf0, 0xff, 0x08, 0x7c, 0xe8, 0xff, 0x10, 0x80, 0xe8, 0xff,
    0x08, 0x7c, 0xf0, 0xff, 0x08, 0x7c, 0xe8, 0xff, 0x10, 0x7c, 0xf0, 0xff,
    0x08, 0x7c, 0xe8, 0xff, 0x08, 0x80, 0xf0, 0xff, 0x10, 0x7c, 0xe8, 0xff,
    0x08, 0x80, 0xf0, 0xff, 0x08, 0x7c, 0xe8, 0xff, 0x10, 0x80, 0xf0, 0x86,
    0x08, 0x7c, 0xe8, 0x0c, 0x08, 0x7c, 0xf0, 0xa6, 0x10, 0x7c, 0xf0, 0xff,
    0x08, 0x7c, 0xe8, 0xff, 0x08, 0x7c, 0xf0, 0xff, 0x10, 0x80, 0xf0, 0xff,
    0x10, 0x7c, 0xf0, 0xff, 0x08, 0x7c, 0xf0, 0xff, 0x10, 0x80, 0xe8, 0xff,
    0x10, 0x7c, 0xf0, 0xff, 0x08, 0x7c, 0xe8, 0x82, 0x48, 0x70, 0x48, 0x00,
    0x48, 0x70, 0x48, 0x00, 0x48, 0x70, 0x48, 0x00, 0x50, 0x70, 0x48, 0x00,
    0x48, 0x70, 0x48, 0x00, 0x50, 0x70, 0x48, 0x00, 0x50, 0x70, 0x48, 0x00,
    0x48, 0x70, 0x48, 0x00, 0x50, 0x70, 0x48, 0x00, 0x50, 0x70, 0x48, 0x00,
    0x48, 0x70, 0x48, 0x00, 0x50, 0x70, 0x48, 0x00, 0x48, 0x70, 0x48, 0x00,
    0x48, 0x70, 0x48, 0x00, 0x50, 0x70, 0x48, 0x00, 0x48, 0x70, 0x48, 0x00,
    0x50, 0x70, 0x48, 0x00, 0x48, 0x70, 0x48, 0x00, 0x50, 0x70, 0x48, 0x00,
    0x50, 0x70, 0x48, 0x00, 0x48, 0x70, 0x40, 0x00, 0x50, 0x70, 0x48, 0x00,
    0x48, 0x70, 0x48, 0x00, 0x48, 0x70, 0x48, 0x00, 0x50, 0x70, 0x48, 0x00,
    0x50, 0x70, 0x48, 0x00, 0x48, 0x70, 0x48, 0x00, 0x50, 0x70, 0x48, 0x00,
    0x50, 0x70, 0x48, 0x00, 0x48, 0x70, 0x48, 0x00, 0x50, 0x70, 0x48, 0x00,
    0x48, 0x70, 0x48, 0x00, 0x48, 0x70, 0x48, 0x00, 0x50, 0x70, 0x40, 0x00,
    0x50, 0x70, 0x48, 0x00, 0x48, 0x70, 0x48, 0x00, 0x50, 0x70, 0x48, 0x00,
    0x50, 0x70, 0x48, 0x00, 0x48, 0x70, 0x48, 0x00, 0x48, 0x70, 0x48, 0x00,
    0x50, 0x70, 0x48, 0x00, 0x48, 0x70, 0x48, 0x00, 0x50, 0x70, 0x48, 0x00,
    0x50, 0x70, 0x40, 0x00, 0x48, 0x70, 0x48, 0x00, 0x08, 0x7c, 0xf0, 0x49,
    0x10, 0x80, 0xe8, 0xe7, 0x08, 0x7c, 0xf0, 0xff, 0x08, 0x7c, 0xf0, 0xff,
    0x10, 0x80, 0xf0, 0xff, 0x08, 0x7c, 0xe8, 0xff, 0x08, 0x7c, 0xf0, 0xff,
    0x10, 0x80, 0xf0, 0xa2, 0x50, 0x70, 0x48, 0x00, 0x48, 0x70, 0x48, 0x00,
    0x50, 0x70, 0x48, 0x00, 0x08, 0x7c, 0xf0, 0x49, 0x10, 0x80, 0xe8, 0xff,
    0x08, 0x7c, 0xf0, 0xff, 0x08, 0x80, 0xe8, 0xff, 0x10, 0x7c, 0xe8, 0xff,
    0x08, 0x80, 0xf0, 0xff, 0x08, 0x7c, 0xf0, 0xff, 0x10, 0x7c, 0xf0, 0xff,
    0x08, 0x80, 0xf0, 0xff, 0x08, 0x7c, 0xe8, 0xff, 0x10, 0x7c, 0xf0, 0xff,
    0x08, 0x7c, 0xf0, 0xff, 0x10, 0x7c, 0xe8, 0xff, 0x08, 0x7c, 0xf0, 0xff,
    0x10, 0x80, 0xf0, 0xff, 0x08, 0x7c, 0xe8, 0xff, 0x08, 0x7c, 0xf0, 0xa6,
    0x50, 0x70, 0x48, 0x00, 0x48, 0x70, 0x48, 0x00, 0x50, 0x70, 0x48, 0x00,
    0x48, 0x70, 0x48, 0x00, 0x50, 0x70, 0x48, 0x00, 0x08, 0x7c, 0xe8, 0x82,
    0x10, 0x80, 0xf0, 0xff, 0x08, 0x7c, 0xf0, 0xff, 0x10, 0x7c, 0xf0, 0xff,
    0x08, 0x7c, 0xf0, 0xff, 0x10, 0x7c, 0xf0, 0xff, 0x08, 0x7c, 0xf0, 0xff,
    0x08, 0x80, 0xf0, 0xff, 0x08, 0x7c, 0xe8, 0xff, 0x10, 0x7c, 0xf0, 0xff,
    0x08, 0x80, 0xe8, 0xff, 0x08, 0x7c, 0xe8, 0xff, 0x10, 0x7c, 0xf0, 0xff,
    0x08, 0x7c, 0xf0, 0xff, 0x08, 0x80, 0xe8, 0xff, 0x10, 0x7c, 0xf0, 0xff,
    0x08, 0x7c, 0xf0, 0xff, 0x08, 0x7c, 0xe8, 0xe7, 0x10, 0x7c, 0xf0, 0x69,
    0x48, 0x70, 0x48, 0x00, 0x48, 0x70, 0x48, 0x00, 0x50, 0x70, 0x48, 0x00,
    0x48, 0x70, 0x48, 0x00, 0x48, 0x70, 0x48, 0x00, 0x50, 0x70, 0x40, 0x00,
    0x48, 0x70, 0x48, 0x00, 0x48, 0x70, 0x48, 0x00, 0x50, 0x70, 0x48, 0x00,
    0x48, 0x70, 0x40, 0x00, 0x50, 0x70, 0x48, 0x00, 0x50, 0x70, 0x48, 0x00,
    0x48, 0x70, 0x48, 0x00, 0x50, 0x70, 0x48, 0x00, 0x48, 0x70, 0x48, 0x00,
    0x48, 0x70, 0x48, 0x00, 0x50, 0x70, 0x48, 0x00, 0x48, 0x70, 0x48, 0x00,
    0x08, 0x7c, 0xf0, 0x0c, 0x10, 0x7c, 0xf0, 0xff, 0x08, 0x7c, 0xf0, 0xff,
    0x08, 0x80, 0xf0, 0xff, 0x10, 0x7c, 0xf0, 0xff, 0x08, 0x7c, 0xf0, 0xff,
    0x08, 0x7c, 0xf0, 0xff, 0x10, 0x7c, 0xf0, 0xff, 0x08, 0x7c, 0xf0, 0xff,
    0x08, 0x80, 0xf0, 0xff, 0x10, 0x7c, 0xe8, 0xff, 0x08, 0x7c, 0xf0, 0xff,
    0x08, 0x7c, 0xf0, 0xff, 0x10, 0x7c, 0xf0, 0xff, 0x10, 0x7c, 0xe8, 0xff,
    0x08, 0x80, 0xf0, 0xff, 0x08, 0x7c, 0xf0, 0x82, 0x10, 0x7c, 0xf0, 0x0c,
    0x08, 0x80, 0xe8, 0x28, 0x10, 0x7c, 0xf0, 0xa6, 0x08, 0x7c, 0xf0, 0xff,
    0x08, 0x80, 0xe8, 0xff, 0x10, 0x7c, 0xf0, 0xff, 0x08, 0x7c, 0xe8, 0xff,
    0x08, 0x7c, 0xf0, 0xff, 0x10, 0x80, 0xf0, 0xff, 0x08, 0x7c, 0xf0, 0xff,
    0x08, 0x7c, 0xf0, 0x82, 0x50, 0x70, 0x48, 0x00, 0x50, 0x70, 0x48, 0x00,
    0x48, 0x70, 0x40, 0x00, 0x48, 0x70, 0x48, 0x00, 0x50, 0x70, 0x48, 0x00,
    0x48, 0x70, 0x40, 0x00, 0x50, 0x70, 0x48, 0x00, 0x48, 0x70, 0x48, 0x00,
    0x48, 0x70, 0x48, 0x00, 0x50, 0x70, 0x48, 0x00, 0x50, 0x70, 0x48, 0x00,
    0x48, 0x70, 0x40, 0x00, 0x50, 0x70, 0x48, 0x00, 0x50, 0x70, 0x48, 0x00,
    0x48, 0x70, 0x40, 0x00, 0x50, 0x70, 0x48, 0x00, 0x48, 0x70, 0x48, 0x00,
    0x48, 0x70, 0x40, 0x00, 0x50, 0x70, 0x48, 0x00, 0x48, 0x70, 0x48, 0x00,
    0x50, 0x70, 0x48, 0x00, 0x48, 0x70, 0x48, 0x00, 0x50, 0x70, 0x48, 0x00,
    0x48, 0x70, 0x48, 0x00, 0x48, 0x70, 0x48, 0x00, 0x50, 0x70, 0x40, 0x00,
    0x48, 0x70, 0x48, 0x00, 0x48, 0x70, 0x48, 0x00, 0x50, 0x70, 0x48, 0x00,
    0x48, 0x70, 0x48, 0x00, 0x50, 0x70, 0x48, 0x00, 0x50, 0x70, 0x48, 0x00,
    0x48, 0x70, 0x48, 0x00, 0x50, 0x70, 0x48, 0x00, 0x48, 0x70, 0x48, 0x00,
    0x48, 0x70, 0x48, 0x00, 0x50, 0x70, 0x40, 0x00, 0x50, 0x70, 0x48, 0x00,
    0x48, 0x70, 0x48, 0x00, 0x50, 0x70, 0x40, 0x00, 0x50, 0x70, 0x48, 0x00,
    0x48, 0x70, 0x48, 0x00, 0x48, 0x70, 0x48, 0x00, 0x50, 0x70, 0x48, 0x00,
    0x50, 0x70, 0x48, 0x00, 0x08, 0x7c, 0xf0, 0x65, 0x08, 0x7c, 0xf0, 0xff,
    0x10, 0x80, 0xe8, 0xff, 0x08, 0x7c, 0xf0, 0xff, 0x10, 0x7c, 0xf0, 0xff,
    0x08, 0x7c, 0xf0, 0xff, 0x08, 0x7c, 0xe8, 0xff, 0x10, 0x80, 0xf0, 0xc7,
    0x08, 0x7c, 0xf0, 0x0c, 0x48, 0x70, 0x48, 0x00, 0x50, 0x70, 0x48, 0x00,
    0x08, 0x7c, 0xf0, 0x28, 0x08, 0x7c, 0xf0, 0xeb, 0x10, 0x80, 0xf0, 0xff,
    0x08, 0x7c, 0xf0, 0xff, 0x08, 0x7c, 0xf0, 0xff, 0x10, 0x80, 0xe8, 0xff,
    0x08, 0x7c, 0xf0, 0xff, 0x10, 0x7c, 0xe8, 0xff, 0x08, 0x7c, 0xf0, 0xff,
    0x08, 0x7c, 0xf0, 0xff, 0x10, 0x7c, 0xf0, 0xff, 0x08, 0x7c, 0xf0, 0xff,
    0x08, 0x7c, 0xf0, 0xff, 0x10, 0x80, 0xf0, 0xff, 0x08, 0x7c, 0xf0, 0xff,
    0x10, 0x7c, 0xf0, 0xff, 0x08, 0x80, 0xf0, 0xe7, 0x08, 0x7c, 0xe8, 0x0c,
    0x50, 0x70, 0x48, 0x00, 0x48, 0x70, 0x48, 0x00, 0x50, 0x70, 0x48, 0x00,
    0x08, 0x7c, 0xf0, 0x0c, 0x08, 0x7c, 0xf0, 0x82, 0x08, 0x7c, 0xe8, 0xff,
    0x10, 0x80, 0xe8, 0xff, 0x08, 0x7c, 0xf0, 0xff, 0x08, 0x80, 0xe8, 0xff,
    0x10, 0x7c, 0xf0, 0xff, 0x08, 0x7c, 0xf0, 0xff, 0x10, 0x7c, 0xe8, 0xff,
    0x10, 0x7c, 0xf0, 0xff, 0x08, 0x7c, 0xf0, 0xff, 0x08, 0x7c, 0xf0, 0xff,
    0x10, 0x7c, 0xf0, 0xff, 0x08, 0x7c, 0xf0, 0xff, 0x08, 0x7c, 0xe8, 0xff,
    0x10, 0x7c, 0xf0, 0xff, 0x08, 0x80, 0xf0, 0xff, 0x10, 0x7c, 0xe8, 0xff,
    0x08, 0x80, 0xf0, 0xe7, 0x08, 0x7c, 0xf0, 0x69, 0x50, 0x70, 0x48, 0x00,
    0x50, 0x70, 0x48, 0x00, 0x50, 0x70, 0x48, 0x00, 0x48, 0x70, 0x48, 0x00,
    0x50, 0x70, 0x48, 0x00, 0x50, 0x70, 0x48, 0x00, 0x48, 0x70, 0x48, 0x00,
    0x50, 0x70, 0x48, 0x00, 0x48, 0x70, 0x48, 0x00, 0x48, 0x70, 0x48, 0x00,
    0x50, 0x70, 0x48, 0x00, 0x48, 0x70, 0x48, 0x00, 0x50, 0x70, 0x40, 0x00,
    0x50, 0x70, 0x48, 0x00, 0x48, 0x70, 0x48, 0x00, 0x50, 0x70, 0x48, 0x00,
    0x50, 0x70, 0x48, 0x00, 0x48, 0x70, 0x40, 0x00, 0x08, 0x80, 0xf0, 0x0c,
    0x10, 0x7c, 0xe8, 0xff, 0x08, 0x7c, 0xf0, 0xff, 0x08, 0x7c, 0xe8, 0xff,
    0x10, 0x80, 0xf0, 0xff, 0x08, 0x7c, 0xf0, 0xff, 0x08, 0x80, 0xe8, 0xff,
    0x10, 0x7c, 0xf0, 0xff, 0x08, 0x7c, 0xf0, 0xff, 0x10, 0x80, 0xf0, 0xff,
    0x08, 0x7c, 0xf0, 0xff, 0x10, 0x7c, 0xf0, 0xff, 0x08, 0x80, 0xf0, 0xff,
    0x08, 0x7c, 0xf0, 0xff, 0x10, 0x7c, 0xf0, 0xff, 0x08, 0x7c, 0xf0, 0xff,
    0x08, 0x7c, 0xf0, 0x82, 0x10, 0x7c, 0xf0, 0x0c, 0x50, 0x70, 0x48, 0x00,
    0x08, 0x80, 0xf0, 0x28, 0x10, 0x7c, 0xf0, 0x82, 0x08, 0x7c, 0xf0, 0xeb,
    0x08, 0x7c, 0xf0, 0xff, 0x08, 0x7c, 0xf0, 0xff, 0x10, 0x80, 0xe8, 0xff,
    0x08, 0x7c, 0xf0, 0xff, 0x08, 0x7c, 0xf0, 0xff, 0x10, 0x80, 0xe8, 0x82,
    0x50, 0x70, 0x48, 0x00, 0x50, 0x70, 0x48, 0x00, 0x48, 0x70, 0x48, 0x00,
    0x50, 0x70, 0x48, 0x00, 0x50, 0x70, 0x48, 0x00, 0x48, 0x70, 0x48, 0x00,
    0x48, 0x70, 0x48, 0x00, 0x50, 0x70, 0x40, 0x00, 0x48, 0x70, 0x48, 0x00,
    0x48, 0x70, 0x48, 0x00, 0x50, 0x70, 0x48, 0x00, 0x48, 0x70, 0x48, 0x00,
    0x48, 0x70, 0x48, 0x00, 0x50, 0x70, 0x48, 0x00, 0x48, 0x70, 0x48, 0x00,
    0x50, 0x70, 0x48, 0x00, 0x50, 0x70, 0x48, 0x00, 0x48, 0x70, 0x48, 0x00,
    0x48, 0x70, 0x48, 0x00, 0x50, 0x70, 0x48, 0x00, 0x48, 0x70, 0x48, 0x00,
    0x50, 0x70, 0x48, 0x00, 0x48, 0x70, 0x48, 0x00, 0x50, 0x70, 0x48, 0x00,
    0x48, 0x70, 0x48, 0x00, 0x50, 0x70, 0x48, 0x00, 0x50, 0x70, 0x48, 0x00,
    0x48, 0x70, 0x48, 0x00, 0x48, 0x70, 0x40, 0x00, 0x50, 0x70, 0x48, 0x00,
    0x48, 0x70, 0x48, 0x00, 0x48, 0x70, 0x40, 0x00, 0x50, 0x70, 0x48, 0x00,
    0x48, 0x70, 0x48, 0x00, 0x50, 0x70, 0x48, 0x00, 0x48, 0x70, 0x48, 0x00,
    0x48, 0x70, 0x48, 0x00, 0x50, 0x70, 0x48, 0x00, 0x48, 0x70, 0x48, 0x00,
    0x48, 0x70, 0x48, 0x00, 0x50, 0x70, 0x48, 0x00, 0x48, 0x70, 0x48, 0x00,
    0x48, 0x70, 0x48, 0x00, 0x50, 0x70, 0x48, 0x00, 0x08, 0x7c, 0xe8, 0x0c,
    0x08, 0x7c, 0xf0, 0xa6, 0x10, 0x7c, 0xf0, 0xff, 0x08, 0x7c, 0xf0, 0xff,
    0x08, 0x80, 0xe8, 0xff, 0x10, 0x7c, 0xf0, 0xff, 0x08, 0x7c, 0xf0, 0xff,
    0x10, 0x80, 0xf0, 0xff, 0x08, 0x7c, 0xe8, 0xeb, 0x08, 0x7c, 0xe8, 0x65,
    0x10, 0x7c, 0xf0, 0x0c, 0x50, 0x70, 0x48, 0x00, 0x08, 0x80, 0xe8, 0x28,
    0x08, 0x7c, 0xf0, 0xe7, 0x10, 0x7c, 0xf0, 0xff, 0x08, 0x7c, 0xf0, 0xff,
    0x10, 0x7c, 0xf0, 0xff, 0x08, 0x7c, 0xf0, 0xff, 0x08, 0x80, 0xf0, 0xff,
    0x10, 0x7c, 0xf0, 0xff, 0x08, 0x7c, 0xe8, 0xff, 0x10, 0x80, 0xf0, 0xff,
    0x08, 0x80, 0xe8, 0xff, 0x08, 0x7c, 0xf0, 0xff, 0x10, 0x7c, 0xe8, 0xff,
    0x08, 0x80, 0xf0, 0xff, 0x08, 0x7c, 0xe8, 0xff, 0x10, 0x7c, 0xf0, 0xff,
    0x08, 0x80, 0xf0, 0xff, 0x08, 0x7c, 0xf0, 0x0c, 0x50, 0x70, 0x48, 0x00,
    0x50, 0x70, 0x48, 0x00, 0x48, 0x70, 0x40, 0x00, 0x50, 0x70, 0x48, 0x00,
    0x08, 0x7c, 0xf0, 0x82, 0x10, 0x7c, 0xf0, 0xff, 0x08, 0x7c, 0xf0, 0xff,
    0x08, 0x7c, 0xf0, 0xff, 0x10, 0x80, 0xf0, 0xff, 0x08, 0x7c, 0xe8, 0xff,
    0x08, 0x7c, 0xf0, 0xff, 0x08, 0x80, 0xf0, 0xff, 0x10, 0x80, 0xf0, 0xff,
    0x08, 0x7c, 0xf0, 0xff, 0x08, 0x80, 0xf0, 0xff, 0x10, 0x7c, 0xf0, 0xff,
    0x08, 0x80, 0xe8, 0xff, 0x10, 0x7c, 0xf0, 0xff, 0x08, 0x7c, 0xf0, 0xff,
    0x08, 0x7c, 0xf0, 0xff, 0x10, 0x7c, 0xf0, 0xff, 0x08, 0x7c, 0xf0, 0xeb,
    0x08, 0x80, 0xe8, 0x65, 0x50, 0x70, 0x48, 0x00, 0x48, 0x70, 0x48, 0x00,
    0x48, 0x70, 0x40, 0x00, 0x50, 0x70, 0x48, 0x00, 0x48, 0x70, 0x48, 0x00,
    0x48, 0x70, 0x48, 0x00, 0x50, 0x70, 0x48, 0x00, 0x50, 0x70, 0x40, 0x00,
    0x48, 0x70, 0x48, 0x00, 0x50, 0x70, 0x48, 0x00, 0x48, 0x70, 0x48, 0x00,
    0x48, 0x70, 0x48, 0x00, 0x50, 0x70, 0x48, 0x00, 0x48, 0x70, 0x48, 0x00,
    0x48, 0x70, 0x40, 0x00, 0x50, 0x70, 0x48, 0x00, 0x50, 0x70, 0x48, 0x00,
    0x48, 0x70, 0x48, 0x00, 0x08, 0x7c, 0xf0, 0x0c, 0x10, 0x80, 0xf0, 0xff,
    0x08, 0x7c, 0xe8, 0xff, 0x10, 0x7c, 0xf0, 0xff, 0x08, 0x7c, 0xf0, 0xff,
    0x10, 0x7c, 0xe8, 0xff, 0x08, 0x7c, 0xf0, 0xff, 0x08, 0x80, 0xf0, 0xff,
    0x10, 0x7c, 0xe8, 0xff, 0x08, 0x7c, 0xe8, 0xff, 0x08, 0x7c, 0xf0, 0xff,
    0x10, 0x80, 0xe8, 0xff, 0x08, 0x7c, 0xf0, 0xff, 0x08, 0x7c, 0xe8, 0xff,
    0x10, 0x80, 0xf0, 0xff, 0x08, 0x7c, 0xe8, 0xff, 0x08, 0x80, 0xe8, 0x82,
    0x08, 0x7c, 0xf0, 0x0c, 0x50, 0x70, 0x48, 0x00, 0x48, 0x70, 0x48, 0x00,
    0x08, 0x7c, 0xe8, 0x0c, 0x10, 0x80, 0xf0, 0x82, 0x08, 0x7c, 0xf0, 0xff,
    0x10, 0x7c, 0xf0, 0xff, 0x08, 0x7c, 0xe8, 0xff, 0x08, 0x7c, 0xf0, 0xff,
    0x10, 0x7c, 0xf0, 0xff, 0x08, 0x7c, 0xe8, 0x86, 0x48, 0x70, 0x48, 0x00,
    0x48, 0x70, 0x48, 0x00, 0x50, 0x70, 0x48, 0x00, 0x48, 0x70, 0x48, 0x00,
    0x50, 0x70, 0x48, 0x00, 0x48, 0x70, 0x48, 0x00, 0x50, 0x70, 0x48, 0x00,
    0x50, 0x70, 0x48, 0x00, 0x50, 0x70, 0x48, 0x00, 0x48, 0x70, 0x48, 0x00,
    0x50, 0x70, 0x40, 0x00, 0x50, 0x70, 0x48, 0x00, 0x48, 0x70, 0x48, 0x00,
    0x50, 0x70, 0x48, 0x00, 0x48, 0x70, 0x48, 0x00, 0x48, 0x70, 0x40, 0x00,
    0x50, 0x70, 0x48, 0x00, 0x50, 0x70, 0x48, 0x00, 0x48, 0x70, 0x48, 0x00,
    0x50, 0x70, 0x40, 0x00, 0x50, 0x70, 0x48, 0x00, 0x48, 0x70, 0x48, 0x00,
    0x48, 0x70, 0x48, 0x00, 0x48, 0x70, 0x48, 0x00, 0x50, 0x70, 0x48, 0x00,
    0x48, 0x70, 0x48, 0x00, 0x50, 0x70, 0x48, 0x00, 0x50, 0x70, 0x48, 0x00,
    0x48, 0x70, 0x48, 0x00, 0x50, 0x70, 0x48, 0x00, 0x50, 0x70, 0x48, 0x00,
    0x48, 0x70, 0x48, 0x00, 0x50, 0x70, 0x48, 0x00, 0x50, 0x70, 0x48, 0x00,
    0x48, 0x70, 0x40, 0x00, 0x50, 0x70, 0x48, 0x00, 0x50, 0x70, 0x48, 0x00,
    0x48, 0x70, 0x48, 0x00, 0x50, 0x70, 0x48, 0x00, 0x50, 0x70, 0x48, 0x00,
    0x48, 0x70, 0x40, 0x00, 0x50, 0x70, 0x48, 0x00, 0x50, 0x70, 0x48, 0x00,
    0x48, 0x70, 0x48, 0x00, 0x08, 0x7c, 0xe8, 0x28, 0x10, 0x80, 0xf0, 0xc3,
    0x08, 0x7c, 0xf0, 0xff, 0x08, 0x7c, 0xf0, 0xff, 0x10, 0x7c, 0xf0, 0xff,
    0x08, 0x80, 0xe8, 0xff, 0x08, 0x7c, 0xf0, 0xff, 0x10, 0x7c, 0xf0, 0xff,
    0x08, 0x7c, 0xf0, 0xff, 0x08, 0x80, 0xf0, 0xe7, 0x10, 0x7c, 0xf0, 0xa6,
    0x08, 0x7c, 0xe8, 0xa6, 0x08, 0x7c, 0xf0, 0xc3, 0x10, 0x7c, 0xe8, 0xff,
    0x08, 0x7c, 0xe8, 0xff, 0x08, 0x80, 0xf0, 0xff, 0x10, 0x7c, 0xe8, 0xff,
    0x08, 0x7c, 0xf0, 0xff, 0x08, 0x7c, 0xf0, 0xff, 0x10, 0x80, 0xf0, 0xff,
    0x08, 0x7c, 0xf0, 0xff, 0x08, 0x7c, 0xf0, 0xff, 0x10, 0x7c, 0xf0, 0xff,
    0x08, 0x7c, 0xe8, 0xff, 0x10, 0x7c, 0xf0, 0xff, 0x08, 0x7c, 0xf0, 0xff,
    0x08, 0x7c, 0xf0, 0xff, 0x10, 0x7c, 0xe8, 0xff, 0x08, 0x7c, 0xf0, 0xff,
    0x08, 0x7c, 0xe8, 0x49, 0x50, 0x70, 0x48, 0x00, 0x48, 0x70, 0x48, 0x00,
    0x50, 0x70, 0x48, 0x00, 0x08, 0x80, 0xe8, 0x0c, 0x10, 0x80, 0xf0, 0x82,
    0x08, 0x7c, 0xf0, 0xff, 0x08, 0x7c, 0xf0, 0xff, 0x10, 0x7c, 0xf0, 0xff,
    0x08, 0x7c, 0xf0, 0xff, 0x10, 0x80, 0xe8, 0xff, 0x08, 0x7c, 0xf0, 0xff,
    0x08, 0x7c, 0xf0, 0xff, 0x10, 0x7c, 0xe8, 0xff, 0x08, 0x7c, 0xe8, 0xff,
    0x10, 0x7c, 0xf0, 0xff, 0x08, 0x80, 0xf0, 0xff, 0x08, 0x7c, 0xe8, 0xff,
    0x10, 0x7c, 0xf0, 0xff, 0x08, 0x80, 0xf0, 0xff, 0x08, 0x7c, 0xe8, 0xff,
    0x10, 0x7c, 0xf0, 0xff, 0x08, 0x7c, 0xf0, 0xeb, 0x10, 0x7c, 0xf0, 0x65,
    0x50, 0x70, 0x48, 0x00, 0x48, 0x70, 0x48, 0x00, 0x50, 0x70, 0x48, 0x00,
    0x50, 0x70, 0x48, 0x00, 0x48, 0x70, 0x48, 0x00, 0x50, 0x70, 0x40, 0x00,
    0x48, 0x70, 0x48, 0x00, 0x48, 0x70, 0x48, 0x00, 0x50, 0x70, 0x48, 0x00,
    0x50, 0x70, 0x48, 0x00, 0x48, 0x70, 0x40, 0x00, 0x50, 0x70, 0x48, 0x00,
    0x50, 0x70, 0x48, 0x00, 0x48, 0x70, 0x48, 0x00, 0x48, 0x70, 0x48, 0x00,
    0x50, 0x70, 0x48, 0x00, 0x48, 0x70, 0x48, 0x00, 0x50, 0x70, 0x48, 0x00,
    0x08, 0x7c, 0xe8, 0x0c, 0x08, 0x7c, 0xf0, 0xff, 0x10, 0x80, 0xf0, 0xff,
    0x08, 0x7c, 0xf0, 0xff, 0x08, 0x7c, 0xf0, 0xff, 0x10, 0x80, 0xf0, 0xff,
    0x08, 0x7c, 0xf0, 0xff, 0x08, 0x7c, 0xf0, 0xff, 0x10, 0x7c, 0xf0, 0xff,
    0x08, 0x7c, 0xf0, 0xff, 0x08, 0x80, 0xf0, 0xff, 0x10, 0x7c, 0xf0, 0xff,
    0x08, 0x7c, 0xf0, 0xff, 0x08, 0x7c, 0xf0, 0xff, 0x10, 0x7c, 0xf0, 0xff,
    0x10, 0x80, 0xf0, 0xff, 0x08, 0x7c, 0xf0, 0x82, 0x08, 0x7c, 0xe8, 0x0c,
    0x50, 0x70, 0x48, 0x00, 0x50, 0x70, 0x48, 0x00, 0x48, 0x70, 0x48, 0x00,
    0x10, 0x7c, 0xe8, 0x0c, 0x08, 0x80, 0xf0, 0x82, 0x10, 0x7c, 0xf0, 0xeb,
    0x08, 0x7c, 0xf0, 0xff, 0x08, 0x80, 0xf0, 0xff, 0x10, 0x7c, 0xf0, 0xff,
    0x08, 0x7c, 0xf0, 0x82, 0x50, 0x70, 0x48, 0x00, 0x50, 0x70, 0x48, 0x00,
    0x48, 0x70, 0x40, 0x00, 0x48, 0x70, 0x48, 0x00, 0x50, 0x70, 0x48, 0x00,
    0x48, 0x70, 0x40, 0x00, 0x48, 0x70, 0x48, 0x00, 0x50, 0x70, 0x48, 0x00,
    0x48, 0x70, 0x48, 0x00, 0x48, 0x70, 0x48, 0x00, 0x50, 0x70, 0x48, 0x00,
    0x48, 0x70, 0x48, 0x00, 0x50, 0x70, 0x48, 0x00, 0x50, 0x70, 0x40, 0x00,
    0x48, 0x70, 0x48, 0x00, 0x50, 0x70, 0x48, 0x00, 0x48, 0x70, 0x48, 0x00,
    0x50, 0x70, 0x48, 0x00, 0x48, 0x70, 0x48, 0x00, 0x48, 0x70, 0x48, 0x00,
    0x50, 0x70, 0x48, 0x00, 0x50, 0x70, 0x48, 0x00, 0x48, 0x70, 0x48, 0x00,
    0x48, 0x70, 0x48, 0x00, 0x50, 0x70, 0x48, 0x00, 0x48, 0x70, 0x40, 0x00,
    0x48, 0x70, 0x48, 0x00, 0x50, 0x70, 0x48, 0x00, 0x48, 0x70, 0x48, 0x00,
    0x48, 0x70, 0x40, 0x00, 0x50, 0x70, 0x48, 0x00, 0x48, 0x70, 0x48, 0x00,
    0x48, 0x70, 0x48, 0x00, 0x50, 0x70, 0x48, 0x00, 0x48, 0x70, 0x48, 0x00,
    0x50, 0x70, 0x48, 0x00, 0x48, 0x70, 0x48, 0x00, 0x48, 0x70, 0x40, 0x00,
    0x50, 0x70, 0x48, 0x00, 0x48, 0x70, 0x48, 0x00, 0x48, 0x70, 0x48, 0x00,
    0x50, 0x70, 0x48, 0x00, 0x50, 0x70, 0x48, 0x00, 0x48, 0x70, 0x48, 0x00,
    0x10, 0x7c, 0xf0, 0x49, 0x08, 0x7c, 0xe8, 0xe7, 0x10, 0x80, 0xf0, 0xff,
    0x08, 0x7c, 0xf0, 0xff, 0x10, 0x7c, 0xe8, 0xff, 0x08, 0x7c, 0xf0, 0xff,
    0x08, 0x80, 0xf0, 0xff, 0x10, 0x7c, 0xe8, 0xff, 0x08, 0x7c, 0xf0, 0xff,
    0x08, 0x7c, 0xf0, 0xff, 0x10, 0x80, 0xf0, 0xff, 0x08, 0x7c, 0xf0, 0xff,
    0x08, 0x7c, 0xf0, 0xff, 0x10, 0x80, 0xf0, 0xff, 0x08, 0x7c, 0xf0, 0xff,
    0x08, 0x7c, 0xf0, 0xff, 0x10, 0x80, 0xf0, 0xff, 0x08, 0x7c, 0xe8, 0xff,
    0x10, 0x7c, 0xe8, 0xff, 0x08, 0x7c, 0xf0, 0xff, 0x08, 0x7c, 0xf0, 0xff,
    0x10, 0x7c, 0xe8, 0xff, 0x08, 0x80, 0xf0, 0xff, 0x08, 0x7c, 0xf0, 0xff,
    0x10, 0x80, 0xf0, 0xff, 0x08, 0x7c, 0xf0, 0xff, 0x08, 0x80, 0xf0, 0xff,
    0x10, 0x7c, 0xf0, 0xff, 0x08, 0x7c, 0xf0, 0xff, 0x10, 0x80, 0xf0, 0x65,
    0x50, 0x70, 0x48, 0x00, 0x48, 0x70, 0x48, 0x00, 0x48, 0x70, 0x48, 0x00,
    0x50, 0x70, 0x48, 0x00, 0x08, 0x7c, 0xe8, 0x69, 0x08, 0x7c, 0xf0, 0xff,
    0x10, 0x80, 0xe8, 0xff, 0x08, 0x7c, 0xe8, 0xff, 0x08, 0x7c, 0xf0, 0xff,
    0x10, 0x7c, 0xf0, 0xff, 0x10, 0x7c, 0xf0, 0xff, 0x08, 0x7c, 0xf0, 0xff,
    0x08, 0x80, 0xf0, 0xff, 0x10, 0x7c, 0xf0, 0xff, 0x08, 0x7c, 0xf0, 0xff,
    0x08, 0x7c, 0xf0, 0xff, 0x10, 0x7c, 0xf0, 0xff, 0x08, 0x7c, 0xf0, 0xff,
    0x10, 0x80, 0xe8, 0xff, 0x08, 0x7c, 0xf0, 0xff, 0x08, 0x80, 0xf0, 0xff,
    0x10, 0x80, 0xe8, 0xe7, 0x08, 0x7c, 0xf0, 0x69, 0x48, 0x70, 0x48, 0x00,
    0x50, 0x70, 0x48, 0x00, 0x48, 0x70, 0x48, 0x00, 0x48, 0x70, 0x48, 0x00,
    0x50, 0x70, 0x48, 0x00, 0x50, 0x70, 0x48, 0x00, 0x48, 0x70, 0x48, 0x00,
    0x50, 0x70, 0x48, 0x00, 0x48, 0x70, 0x48, 0x00, 0x48, 0x70, 0x48, 0x00,
    0x50, 0x70, 0x48, 0x00, 0x48, 0x70, 0x48, 0x00, 0x50, 0x70, 0x48, 0x00,
    0x50, 0x70, 0x48, 0x00, 0x48, 0x70, 0x48, 0x00, 0x50, 0x70, 0x48, 0x00,
    0x48, 0x70, 0x48, 0x00, 0x50, 0x70, 0x48, 0x00, 0x08, 0x7c, 0xe8, 0x0c,
    0x08, 0x7c, 0xf0, 0xff, 0x10, 0x7c, 0xf0, 0xff, 0x08, 0x80, 0xe8, 0xff,
    0x08, 0x7c, 0xf0, 0xff, 0x10, 0x7c, 0xe8, 0xff, 0x08, 0x80, 0xf0, 0xff,
    0x10, 0x7c, 0xe8, 0xff, 0x08, 0x7c, 0xf0, 0xff, 0x10, 0x80, 0xf0, 0xff,
    0x08, 0x7c, 0xe8, 0xff, 0x10, 0x7c, 0xf0, 0xff, 0x08, 0x80, 0xf0, 0xff,
    0x08, 0x7c, 0xe8, 0xff, 0x10, 0x7c, 0xf0, 0xff, 0x08, 0x7c, 0xf0, 0xff,
    0x08, 0x7c, 0xf0, 0x82, 0x10, 0x7c, 0xf0, 0x0c, 0x50, 0x70, 0x48, 0x00,
    0x48, 0x70, 0x48, 0x00, 0x50, 0x70, 0x48, 0x00, 0x48, 0x70, 0x48, 0x00,
    0x08, 0x7c, 0xe8, 0x0c, 0x10, 0x7c, 0xf0, 0x65, 0x08, 0x80, 0xe8, 0xeb,
    0x10, 0x7c, 0xf0, 0xff, 0x08, 0x7c, 0xe8, 0xff, 0x08, 0x80, 0xf0, 0x82,
    0x50, 0x70, 0x48, 0x00, 0x50, 0x70, 0x48, 0x00, 0x48, 0x70, 0x48, 0x00,
    0x50, 0x70, 0x48, 0x00, 0x50, 0x70, 0x48, 0x00, 0x48, 0x70, 0x48, 0x00,
    0x50, 0x70, 0x48, 0x00, 0x50, 0x70, 0x48, 0x00, 0x48, 0x70, 0x40, 0x00,
    0x50, 0x70, 0x48, 0x00, 0x48, 0x70, 0x48, 0x00, 0x48, 0x70, 0x48, 0x00,
    0x50, 0x70, 0x48, 0x00, 0x48, 0x70, 0x48, 0x00, 0x50, 0x70, 0x48, 0x00,
    0x48, 0x70, 0x48, 0x00, 0x50, 0x70, 0x48, 0x00, 0x48, 0x70, 0x40, 0x00,
    0x50, 0x70, 0x48, 0x00, 0x48, 0x70, 0x48, 0x00, 0x48, 0x70, 0x40, 0x00,
    0x50, 0x70, 0x48, 0x00, 0x50, 0x70, 0x48, 0x00, 0x50, 0x70, 0x48, 0x00,
    0x48, 0x70, 0x48, 0x00, 0x50, 0x70, 0x48, 0x00, 0x48, 0x70, 0x48, 0x00,
    0x50, 0x70, 0x48, 0x00, 0x50, 0x70, 0x48, 0x00, 0x48, 0x70, 0x48, 0x00,
    0x50, 0x70, 0x48, 0x00, 0x50, 0x70, 0x48, 0x00, 0x48, 0x70, 0x40, 0x00,
    0x48, 0x70, 0x48, 0x00, 0x50, 0x70, 0x48, 0x00, 0x48, 0x70, 0x48, 0x00,
    0x50, 0x70, 0x48, 0x00, 0x50, 0x70, 0x48, 0x00, 0x48, 0x70, 0x48, 0x00,
    0x50, 0x70, 0x48, 0x00, 0x48, 0x70, 0x48, 0x00, 0x48, 0x70, 0x48, 0x00,
    0x50, 0x70, 0x40, 0x00, 0x08, 0x7c, 0xf0, 0x0c, 0x08, 0x7c, 0xf0, 0x82,
    0x10, 0x7c, 0xf0, 0xff, 0x08, 0x7c, 0xe8, 0xff, 0x08, 0x80, 0xf0, 0xff,
    0x10, 0x7c, 0xf0, 0xff, 0x08, 0x7c, 0xf0, 0xff, 0x10, 0x7c, 0xf0, 0xff,
    0x08, 0x80, 0xf0, 0xff, 0x10, 0x7c, 0xe8, 0xff, 0x08, 0x7c, 0xf0, 0xff,
    0x08, 0x7c, 0xe8, 0xff, 0x10, 0x80, 0xf0, 0xff, 0x08, 0x7c, 0xf0, 0xff,
    0x10, 0x7c, 0xf0, 0xff, 0x08, 0x80, 0xe8, 0xff, 0x10, 0x7c, 0xf0, 0xff,
    0x08, 0x7c, 0xf0, 0xff, 0x08, 0x80, 0xf0, 0xff, 0x10, 0x7c, 0xf0, 0xff,
    0x08, 0x7c, 0xf0, 0xff, 0x10, 0x80, 0xe8, 0xff, 0x08, 0x7c, 0xf0, 0xff,
    0x08, 0x7c, 0xf0, 0xff, 0x10, 0x80, 0xf0, 0xff, 0x08, 0x7c, 0xe8, 0xff,
    0x08, 0x7c, 0xe8, 0xff, 0x10, 0x7c, 0xf0, 0xff, 0x08, 0x80, 0xe8, 0xff,
    0x08, 0x7c, 0xf0, 0xff, 0x08, 0x7c, 0xf0, 0xa6, 0x50, 0x70, 0x48, 0x00,
    0x50, 0x70, 0x48, 0x00, 0x48, 0x70, 0x48, 0x00, 0x50, 0x70, 0x48, 0x00,
    0x08, 0x7c, 0xf0, 0x49, 0x10, 0x7c, 0xf0, 0xff, 0x08, 0x80, 0xf0, 0xff,
    0x08, 0x7c, 0xf0, 0xff, 0x10, 0x7c, 0xf0, 0xff, 0x08, 0x80, 0xe8, 0xff,
    0x08, 0x7c, 0xf0, 0xff, 0x10, 0x7c, 0xe8, 0xff, 0x08, 0x80, 0xf0, 0xff,
    0x08, 0x7c, 0xf0, 0xff, 0x10, 0x7c, 0xe8, 0xff, 0x08, 0x80, 0xe8, 0xff,
    0x08, 0x7c, 0xf0, 0xff, 0x10, 0x7c, 0xf0, 0xff, 0x08, 0x7c, 0xf0, 0xff,
    0x10, 0x7c, 0xf0, 0xff, 0x08, 0x7c, 0xf0, 0xff, 0x08, 0x7c, 0xe8, 0xeb,
    0x08, 0x7c, 0xf0, 0x65, 0x50, 0x70, 0x48, 0x00, 0x50, 0x70, 0x40, 0x00,
    0x48, 0x70, 0x48, 0x00, 0x48, 0x70, 0x48, 0x00, 0x50, 0x70, 0x48, 0x00,
    0x48, 0x70, 0x48, 0x00, 0x50, 0x70, 0x48, 0x00, 0x50, 0x70, 0x40, 0x00,
    0x48, 0x70, 0x48, 0x00, 0x50, 0x70, 0x48, 0x00, 0x50, 0x70, 0x48, 0x00,
    0x48, 0x70, 0x48, 0x00, 0x48, 0x70, 0x40, 0x00, 0x50, 0x70, 0x48, 0x00,
    0x08, 0x7c, 0xe8, 0x28, 0x48, 0x70, 0x48, 0x00, 0x50, 0x70, 0x48, 0x00,
    0x50, 0x70, 0x48, 0x00, 0x08, 0x80, 0xf0, 0x0c, 0x10, 0x7c, 0xf0, 0xff,
    0x08, 0x7c, 0xf0, 0xff, 0x10, 0x7c, 0xf0, 0xff, 0x08, 0x7c, 0xe8, 0xff,
    0x08, 0x7c, 0xf0, 0xff, 0x10, 0x7c, 0xf0, 0xff, 0x08, 0x80, 0xf0, 0xff,
    0x08, 0x7c, 0xe8, 0xff, 0x10, 0x7c, 0xf0, 0xff, 0x08, 0x7c, 0xf0, 0xff,
    0x08, 0x7c, 0xe8, 0xff, 0x10, 0x7c, 0xf0, 0xff, 0x08, 0x80, 0xf0, 0xff,
    0x08, 0x7c, 0xe8, 0xff, 0x10, 0x7c, 0xf0, 0xff, 0x08, 0x80, 0xe8, 0x82,
    0x08, 0x80, 0xf0, 0x0c, 0x50, 0x70, 0x48, 0x00, 0x48, 0x70, 0x48, 0x00,
    0x50, 0x70, 0x48, 0x00, 0x50, 0x70, 0x48, 0x00, 0x48, 0x70, 0x48, 0x00,
    0x50, 0x70, 0x48, 0x00, 0x08, 0x7c, 0xf0, 0x65, 0x08, 0x7c, 0xf0, 0xeb,
    0x10, 0x7c, 0xe8, 0xff, 0x08, 0x80, 0xf0, 0x82, 0x48, 0x70, 0x48, 0x00,
    0x48, 0x70, 0x48, 0x00, 0x50, 0x70, 0x48, 0x00, 0x48, 0x70, 0x48, 0x00,
    0x08, 0x7c, 0xe8, 0x49, 0x08, 0x7c, 0xf0, 0x28, 0x50, 0x70, 0x48, 0x00,
    0x48, 0x70, 0x48, 0x00, 0x50, 0x70, 0x48, 0x00, 0x50, 0x70, 0x48, 0x00,
    0x48, 0x70, 0x48, 0x00, 0x50, 0x70, 0x40, 0x00, 0x48, 0x70, 0x48, 0x00,
    0x48, 0x70, 0x48, 0x00, 0x50, 0x70, 0x48, 0x00, 0x48, 0x70, 0x48, 0x00,
    0x50, 0x70, 0x48, 0x00, 0x50, 0x70, 0x48, 0x00, 0x48, 0x70, 0x48, 0x00,
    0x50, 0x70, 0x48, 0x00, 0x48, 0x70, 0x48, 0x00, 0x48, 0x70, 0x48, 0x00,
    0x50, 0x70, 0x48, 0x00, 0x48, 0x70, 0x48, 0x00, 0x50, 0x70, 0x48, 0x00,
    0x50, 0x70, 0x48, 0x00, 0x48, 0x70, 0x48, 0x00, 0x48, 0x70, 0x40, 0x00,
    0x50, 0x70, 0x48, 0x00, 0x48, 0x70, 0x48, 0x00, 0x48, 0x70, 0x48, 0x00,
    0x50, 0x70, 0x48, 0x00, 0x50, 0x70, 0x48, 0x00, 0x48, 0x70, 0x48, 0x00,
    0x50, 0x70, 0x48, 0x00, 0x48, 0x70, 0x40, 0x00, 0x50, 0x70, 0x48, 0x00,
    0x48, 0x70, 0x48, 0x00, 0x50, 0x70, 0x48, 0x00, 0x50, 0x70, 0x40, 0x00,
    0x48, 0x70, 0x48, 0x00, 0x50, 0x70, 0x48, 0x00, 0x50, 0x70, 0x48, 0x00,
    0x08, 0x7c, 0xe8, 0x0c, 0x08, 0x80, 0xf0, 0xc7, 0x10, 0x7c, 0xf0, 0xff,
    0x08, 0x7c, 0xf0, 0xff, 0x08, 0x7c, 0xe8, 0xff, 0x10, 0x80, 0xf0, 0xff,
    0x08, 0x7c, 0xf0, 0xff, 0x08, 0x7c, 0xe8, 0xff, 0x10, 0x7c, 0xf0, 0xff,
    0x08, 0x80, 0xf0, 0xff, 0x10, 0x7c, 0xf0, 0xff, 0x08, 0x7c, 0xe8, 0xe7,
    0x08, 0x7c, 0xf0, 0xc7, 0x10, 0x7c, 0xf0, 0xc7, 0x08, 0x7c, 0xe8, 0xe7,
    0x08, 0x7c, 0xf0, 0xff, 0x10, 0x7c, 0xf0, 0xff, 0x08, 0x7c, 0xe8, 0xff,
    0x08, 0x7c, 0xf0, 0xff, 0x10, 0x80, 0xf0, 0xff, 0x08, 0x7c, 0xf0, 0xff,
    0x08, 0x7c, 0xf0, 0xff, 0x10, 0x80, 0xe8, 0xff, 0x08, 0x7c, 0xf0, 0xff,
    0x10, 0x7c, 0xf0, 0xff, 0x08, 0x7c, 0xf0, 0xff, 0x10, 0x7c, 0xf0, 0xff,
    0x10, 0x7c, 0xf0, 0xff, 0x08, 0x7c, 0xe8, 0xff, 0x08, 0x80, 0xf0, 0xff,
    0x10, 0x7c, 0xe8, 0xc7, 0x48, 0x70, 0x48, 0x00, 0x48, 0x70, 0x48, 0x00,
    0x50, 0x70, 0x40, 0x00, 0x48, 0x70, 0x48, 0x00, 0x08, 0x7c, 0xf0, 0x49,
    0x10, 0x7c, 0xe8, 0xeb, 0x08, 0x7c, 0xf0, 0xff, 0x10, 0x80, 0xf0, 0xff,
    0x08, 0x7c, 0xf0, 0xff, 0x08, 0x7c, 0xf0, 0xff, 0x08, 0x80, 0xe8, 0xff,
    0x10, 0x7c, 0xf0, 0xff, 0x08, 0x7c, 0xf0, 0xff, 0x08, 0x7c, 0xf0, 0xff,
    0x10, 0x80, 0xf0, 0xff, 0x08, 0x7c, 0xf0, 0xff, 0x08, 0x7c, 0xe8, 0xff,
    0x10, 0x80, 0xf0, 0xff, 0x08, 0x7c, 0xf0, 0xff, 0x08, 0x7c, 0xe8, 0xff,
    0x10, 0x80, 0xf0, 0xff, 0x08, 0x7c, 0xf0, 0xe7, 0x10, 0x7c, 0xf0, 0x69,
    0x50, 0x70, 0x48, 0x00, 0x48, 0x70, 0x48, 0x00, 0x50, 0x70, 0x48, 0x00,
    0x50, 0x70, 0x40, 0x00, 0x48, 0x70, 0x48, 0x00, 0x48, 0x70, 0x48, 0x00,
    0x50, 0x70, 0x48, 0x00, 0x48, 0x70, 0x48, 0x00, 0x48, 0x70, 0x48, 0x00,
    0x50, 0x70, 0x48, 0x00, 0x48, 0x70, 0x40, 0x00, 0x50, 0x70, 0x48, 0x00,
    0x48, 0x70, 0x48, 0x00, 0x08, 0x7c, 0xf0, 0x0c, 0x10, 0x80, 0xe8, 0xa6,
    0x48, 0x70, 0x48, 0x00, 0x50, 0x70, 0x48, 0x00, 0x48, 0x70, 0x48, 0x00,
    0x08, 0x7c, 0xe8, 0x0c, 0x10, 0x80, 0xf0, 0xff, 0x08, 0x7c, 0xf0, 0xff,
    0x08, 0x7c, 0xe8, 0xff, 0x10, 0x80, 0xf0, 0xff, 0x08, 0x7c, 0xf0, 0xff,
    0x10, 0x7c, 0xf0, 0xff, 0x08, 0x7c, 0xf0, 0xff, 0x08, 0x7c, 0xf0, 0xff,
    0x10, 0x80, 0xf0, 0xff, 0x08, 0x7c, 0xf0, 0xff, 0x08, 0x7c, 0xf0, 0xff,
    0x10, 0x7c, 0xf0, 0xff, 0x08, 0x80, 0xf0, 0xff, 0x08, 0x7c, 0xf0, 0xff,
    0x10, 0x7c, 0xf0, 0xff, 0x08, 0x7c, 0xe8, 0x86, 0x08, 0x7c, 0xf0, 0x0c,
    0x50, 0x70, 0x48, 0x00, 0x48, 0x70, 0x40, 0x00, 0x48, 0x70, 0x48, 0x00,
    0x50, 0x70, 0x48, 0x00, 0x48, 0x70, 0x48, 0x00, 0x50, 0x70, 0x48, 0x00,
    0x50, 0x70, 0x48, 0x00, 0x08, 0x80, 0xf0, 0x49, 0x08, 0x7c, 0xf0, 0xc7,
    0x10, 0x7c, 0xe8, 0x82, 0x50, 0x70, 0x48, 0x00, 0x48, 0x70, 0x48, 0x00,
    0x50, 0x70, 0x48, 0x00, 0x08, 0x7c, 0xe8, 0x49, 0x08, 0x80, 0xf0, 0xc7,
    0x10, 0x7c, 0xe8, 0x69, 0x48, 0x70, 0x48, 0x00, 0x48, 0x70, 0x48, 0x00,
    0x50, 0x70, 0x48, 0x00, 0x48, 0x70, 0x48, 0x00, 0x50, 0x70, 0x48, 0x00,
    0x50, 0x70, 0x48, 0x00, 0x48, 0x70, 0x48, 0x00, 0x50, 0x70, 0x48, 0x00,
    0x50, 0x70, 0x40, 0x00, 0x48, 0x70, 0x48, 0x00, 0x48, 0x70, 0x48, 0x00,
    0x50, 0x70, 0x48, 0x00, 0x48, 0x70, 0x48, 0x00, 0x50, 0x70, 0x48, 0x00,
    0x50, 0x70, 0x48, 0x00, 0x48, 0x70, 0x48, 0x00, 0x48, 0x70, 0x48, 0x00,
    0x48, 0x70, 0x48, 0x00, 0x50, 0x70, 0x48, 0x00, 0x48, 0x70, 0x48, 0x00,
    0x50, 0x70, 0x48, 0x00, 0x48, 0x70, 0x48, 0x00, 0x50, 0x70, 0x48, 0x00,
    0x50, 0x70, 0x48, 0x00, 0x48, 0x70, 0x40, 0x00, 0x48, 0x70, 0x48, 0x00,
    0x50, 0x70, 0x48, 0x00, 0x50, 0x70, 0x48, 0x00, 0x48, 0x70, 0x48, 0x00,
    0x50, 0x70, 0x48, 0x00, 0x48, 0x70, 0x48, 0x00, 0x48, 0x70, 0x48, 0x00,
    0x50, 0x70, 0x48, 0x00, 0x48, 0x70, 0x48, 0x00, 0x48, 0x70, 0x48, 0x00,
    0x50, 0x70, 0x48, 0x00, 0x48, 0x70, 0x48, 0x00, 0x08, 0x7c, 0xf0, 0x28,
    0x10, 0x7c, 0xe8, 0xe7, 0x08, 0x80, 0xf0, 0xff, 0x08, 0x7c, 0xf0, 0xff,
    0x10, 0x7c, 0xf0, 0xff, 0x08, 0x7c, 0xe8, 0xff, 0x08, 0x80, 0xf0, 0xff,
    0x10, 0x7c, 0xf0, 0xff, 0x08, 0x7c, 0xe8, 0xff, 0x08, 0x7c, 0xf0, 0xff,
    0x10, 0x80, 0xf0, 0xff, 0x08, 0x7c, 0xf0, 0x82, 0x08, 0x80, 0xf0, 0x28,
    0x10, 0x7c, 0xe8, 0x28, 0x08, 0x80, 0xf0, 0x69, 0x08, 0x7c, 0xf0, 0xeb,
    0x10, 0x80, 0xf0, 0xff, 0x08, 0x7c, 0xe8, 0xff, 0x10, 0x7c, 0xf0, 0xff,
    0x08, 0x7c, 0xe8, 0xff, 0x08, 0x7c, 0xf0, 0xff, 0x10, 0x7c, 0xf0, 0xff,
    0x08, 0x7c, 0xf0, 0xff, 0x08, 0x7c, 0xe8, 0xff, 0x08, 0x7c, 0xf0, 0xff,
    0x10, 0x80, 0xf0, 0xff, 0x08, 0x80, 0xf0, 0xff, 0x08, 0x7c, 0xf0, 0xff,
    0x10, 0x7c, 0xf0, 0xff, 0x08, 0x7c, 0xf0, 0xff, 0x10, 0x7c, 0xf0, 0xe7,
    0x08, 0x80, 0xe8, 0x28, 0x50, 0x70, 0x48, 0x00, 0x50, 0x70, 0x48, 0x00,
    0x48, 0x70, 0x48, 0x00, 0x08, 0x80, 0xf0, 0x28, 0x10, 0x7c, 0xe8, 0xc3,
    0x08, 0x7c, 0xf0, 0xff, 0x08, 0x7c, 0xe8, 0xff, 0x10, 0x7c, 0xf0, 0xff,
    0x10, 0x7c, 0xf0, 0xff, 0x08, 0x7c, 0xf0, 0xff, 0x08, 0x80, 0xf0, 0xff,
    0x10, 0x7c, 0xe8, 0xff, 0x08, 0x7c, 0xf0, 0xff, 0x10, 0x7c, 0xf0, 0xff,
    0x08, 0x7c, 0xf0, 0xff, 0x10, 0x7c, 0xf0, 0xff, 0x08, 0x80, 0xe8, 0xff,
    0x08, 0x7c, 0xf0, 0xff, 0x10, 0x7c, 0xf0, 0xff, 0x08, 0x80, 0xe8, 0xff,
    0x08, 0x7c, 0xf0, 0xeb, 0x08, 0x7c, 0xe8, 0x65, 0x50, 0x70, 0x48, 0x00,
    0x48, 0x70, 0x48, 0x00, 0x48, 0x70, 0x48, 0x00, 0x50, 0x70, 0x48, 0x00,
    0x50, 0x70, 0x48, 0x00, 0x48, 0x70, 0x48, 0x00, 0x50, 0x70, 0x40, 0x00,
    0x50, 0x70, 0x48, 0x00, 0x48, 0x70, 0x48, 0x00, 0x48, 0x70, 0x48, 0x00,
    0x50, 0x70, 0x48, 0x00, 0x50, 0x70, 0x48, 0x00, 0x08, 0x7c, 0xf0, 0x28,
    0x08, 0x7c, 0xf0, 0xa6, 0x10, 0x7c, 0xf0, 0xe7, 0x50, 0x70, 0x48, 0x00,
    0x48, 0x70, 0x48, 0x00, 0x50, 0x70, 0x48, 0x00, 0x08, 0x7c, 0xe8, 0x0c,
    0x08, 0x7c, 0xf0, 0xff, 0x10, 0x80, 0xf0, 0xff, 0x08, 0x7c, 0xf0, 0xff,
    0x08, 0x7c, 0xf0, 0xff, 0x10, 0x80, 0xe8, 0xff, 0x08, 0x7c, 0xe8, 0xff,
    0x08, 0x7c, 0xf0, 0xff, 0x10, 0x80, 0xe8, 0xff, 0x08, 0x7c, 0xf0, 0xff,
    0x10, 0x7c, 0xe8, 0xff, 0x08, 0x80, 0xf0, 0xff, 0x10, 0x7c, 0xe8, 0xff,
    0x08, 0x7c, 0xe8, 0xff, 0x10, 0x80, 0xf0, 0xff, 0x08, 0x7c, 0xf0, 0xff,
    0x10, 0x7c, 0xf0, 0x82, 0x08, 0x7c, 0xf0, 0x0c, 0x50, 0x70, 0x48, 0x00,
    0x50, 0x70, 0x48, 0x00, 0x48, 0x70, 0x48, 0x00, 0x48, 0x70, 0x48, 0x00,
    0x50, 0x70, 0x40, 0x00, 0x48, 0x70, 0x48, 0x00, 0x50, 0x70, 0x48, 0x00,
    0x50, 0x70, 0x48, 0x00, 0x08, 0x7c, 0xf0, 0x49, 0x08, 0x7c, 0xf0, 0x49,
    0x50, 0x70, 0x48, 0x00, 0x50, 0x70, 0x48, 0x00, 0x08, 0x7c, 0xe8, 0x28,
    0x10, 0x7c, 0xf0, 0xc7, 0x08, 0x80, 0xf0, 0xff, 0x10, 0x7c, 0xf0, 0x65,
    0x50, 0x70, 0x48, 0x00, 0x48, 0x70, 0x48, 0x00, 0x48, 0x70, 0x40, 0x00,
    0x50, 0x70, 0x48, 0x00, 0x48, 0x70, 0x48, 0x00, 0x48, 0x70, 0x48, 0x00,
    0x50, 0x70, 0x48, 0x00, 0x48, 0x70, 0x48, 0x00, 0x50, 0x70, 0x48, 0x00,
    0x48, 0x70, 0x48, 0x00, 0x50, 0x70, 0x48, 0x00, 0x48, 0x70, 0x40, 0x00,
    0x48, 0x70, 0x48, 0x00, 0x50, 0x70, 0x48, 0x00, 0x50, 0x70, 0x40, 0x00,
    0x48, 0x70, 0x48, 0x00, 0x50, 0x70, 0x48, 0x00, 0x50, 0x70, 0x48, 0x00,
    0x48, 0x70, 0x48, 0x00, 0x48, 0x70, 0x40, 0x00, 0x50, 0x70, 0x48, 0x00,
    0x50, 0x70, 0x48, 0x00, 0x48, 0x70, 0x48, 0x00, 0x50, 0x70, 0x48, 0x00,
    0x50, 0x70, 0x48, 0x00, 0x48, 0x70, 0x48, 0x00, 0x48, 0x70, 0x48, 0x00,
    0x50, 0x70, 0x40, 0x00, 0x48, 0x70, 0x48, 0x00, 0x50, 0x70, 0x48, 0x00,
    0x50, 0x70, 0x48, 0x00, 0x48, 0x70, 0x40, 0x00, 0x50, 0x70, 0x48, 0x00,
    0x48, 0x70, 0x48, 0x00, 0x50, 0x70, 0x48, 0x00, 0x50, 0x70, 0x40, 0x00,
    0x48, 0x70, 0x48, 0x00, 0x08, 0x7c, 0xf0, 0x69, 0x10, 0x7c, 0xf0, 0xff,
    0x08, 0x7c, 0xe8, 0xff, 0x10, 0x80, 0xf0, 0xff, 0x08, 0x7c, 0xf0, 0xff,
    0x08, 0x7c, 0xf0, 0xff, 0x10, 0x7c, 0xf0, 0xff, 0x08, 0x80, 0xf0, 0xff,
    0x08, 0x7c, 0xf0, 0xff, 0x10, 0x7c, 0xe8, 0xff, 0x08, 0x7c, 0xf0, 0xeb,
    0x10, 0x7c, 0xf0, 0x69, 0x50, 0x70, 0x48, 0x00, 0x50, 0x70, 0x48, 0x00,
    0x08, 0x7c, 0xf0, 0x0c, 0x08, 0x7c, 0xf0, 0xa2, 0x10, 0x80, 0xe8, 0xff,
    0x08, 0x7c, 0xf0, 0xff, 0x08, 0x7c, 0xf0, 0xff, 0x10, 0x80, 0xf0, 0xff,
    0x08, 0x80, 0xe8, 0xff, 0x10, 0x7c, 0xf0, 0xff, 0x10, 0x7c, 0xf0, 0xff,
    0x08, 0x80, 0xf0, 0xff, 0x08, 0x7c, 0xe8, 0xff, 0x10, 0x7c, 0xe8, 0xff,
    0x08, 0x7c, 0xf0, 0xff, 0x08, 0x80, 0xe8, 0xff, 0x10, 0x7c, 0xf0, 0xff,
    0x08, 0x7c, 0xf0, 0xff, 0x08, 0x7c, 0xf0, 0xeb, 0x08, 0x7c, 0xf0, 0x49,
    0x50, 0x70, 0x48, 0x00, 0x50, 0x70, 0x48, 0x00, 0x48, 0x70, 0x48, 0x00,
    0x10, 0x7c, 0xf0, 0x0c, 0x08, 0x80, 0xf0, 0xa6, 0x08, 0x7c, 0xf0, 0xff,
    0x10, 0x80, 0xf0, 0xff, 0x08, 0x7c, 0xe8, 0xff, 0x08, 0x7c, 0xf0, 0xff,
    0x10, 0x80, 0xf0, 0xff, 0x08, 0x7c, 0xe8, 0xff, 0x08, 0x7c, 0xf0, 0xff,
    0x10, 0x80, 0xe8, 0xff, 0x08, 0x7c, 0xf0, 0xff, 0x08, 0x7c, 0xf0, 0xff,
    0x10, 0x80, 0xe8, 0xff, 0x08, 0x7c, 0xf0, 0xff, 0x10, 0x7c, 0xf0, 0xff,
    0x08, 0x7c, 0xf0, 0xff, 0x10, 0x7c, 0xf0, 0xff, 0x08, 0x80, 0xf0, 0xe7,
    0x08, 0x7c, 0xf0, 0x69, 0x50, 0x70, 0x48, 0x00, 0x50, 0x70, 0x48, 0x00,
    0x48, 0x70, 0x48, 0x00, 0x48, 0x70, 0x48, 0x00, 0x50, 0x70, 0x48, 0x00,
    0x48, 0x70, 0x48, 0x00, 0x48, 0x70, 0x48, 0x00, 0x50, 0x70, 0x48, 0x00,
    0x50, 0x70, 0x48, 0x00, 0x48, 0x70, 0x48, 0x00, 0x50, 0x70, 0x48, 0x00,
    0x08, 0x80, 0xe8, 0x0c, 0x08, 0x7c, 0xf0, 0x82, 0x10, 0x80, 0xe8, 0xeb,
    0x08, 0x7c, 0xf0, 0xe7, 0x48, 0x70, 0x48, 0x00, 0x50, 0x70, 0x48, 0x00,
    0x50, 0x70, 0x48, 0x00, 0x08, 0x7c, 0xf0, 0x0c, 0x08, 0x7c, 0xe8, 0xff,
    0x10, 0x7c, 0xf0, 0xff, 0x08, 0x7c, 0xf0, 0xff, 0x08, 0x7c, 0xf0, 0xff,
    0x10, 0x80, 0xf0, 0xff, 0x08, 0x7c, 0xf0, 0xff, 0x10, 0x7c, 0xf0, 0xff,
    0x08, 0x80, 0xf0, 0xff, 0x08, 0x7c, 0xe8, 0xff, 0x10, 0x7c, 0xf0, 0xff,
    0x08, 0x80, 0xf0, 0xff, 0x08, 0x7c, 0xf0, 0xff, 0x10, 0x7c, 0xf0, 0xff,
    0x08, 0x7c, 0xe8, 0xff, 0x08, 0x80, 0xf0, 0xff, 0x08, 0x7c, 0xf0, 0x82,
    0x10, 0x80, 0xe8, 0x0c, 0x48, 0x70, 0x48, 0x00, 0x50, 0x70, 0x48, 0x00,
    0x50, 0x70, 0x48, 0x00, 0x48, 0x70, 0x48, 0x00, 0x50, 0x70, 0x48, 0x00,
    0x48, 0x70, 0x48, 0x00, 0x48, 0x70, 0x48, 0x00, 0x50, 0x70, 0x40, 0x00,
    0x48, 0x70, 0x48, 0x00, 0x08, 0x7c, 0xe8, 0x0c, 0x50, 0x70, 0x48, 0x00,
    0x08, 0x80, 0xf0, 0x0c, 0x08, 0x7c, 0xf0, 0xc7, 0x08, 0x7c, 0xf0, 0xff,
    0x08, 0x7c, 0xe8, 0xff, 0x08, 0x7c, 0xf0, 0x65, 0x50, 0x70, 0x48, 0x00,
    0x50, 0x70, 0x48, 0x00, 0x48, 0x70, 0x48, 0x00, 0x50, 0x70, 0x48, 0x00,
    0x50, 0x70, 0x40, 0x00, 0x48, 0x70, 0x48, 0x00, 0x50, 0x70, 0x48, 0x00,
    0x48, 0x70, 0x40, 0x00, 0x48, 0x70, 0x48, 0x00, 0x50, 0x70, 0x48, 0x00,
    0x50, 0x70, 0x48, 0x00, 0x48, 0x70, 0x48, 0x00, 0x50, 0x70, 0x48, 0x00,
    0x48, 0x70, 0x48, 0x00, 0x48, 0x70, 0x48, 0x00, 0x50, 0x70, 0x48, 0x00,
    0x48, 0x70, 0x48, 0x00, 0x48, 0x70, 0x48, 0x00, 0x50, 0x70, 0x48, 0x00,
    0x50, 0x70, 0x48, 0x00, 0x48, 0x70, 0x48, 0x00, 0x48, 0x70, 0x48, 0x00,
    0x48, 0x70, 0x40, 0x00, 0x48, 0x70, 0x48, 0x00, 0x50, 0x70, 0x48, 0x00,
    0x50, 0x70, 0x48, 0x00, 0x48, 0x70, 0x48, 0x00, 0x48, 0x70, 0x48, 0x00,
    0x50, 0x70, 0x48, 0x00, 0x48, 0x70, 0x48, 0x00, 0x48, 0x70, 0x48, 0x00,
    0x50, 0x70, 0x48, 0x00, 0x48, 0x70, 0x48, 0x00, 0x50, 0x70, 0x48, 0x00,
    0x48, 0x70, 0x48, 0x00, 0x50, 0x70, 0x48, 0x00, 0x50, 0x70, 0x48, 0x00,
    0x08, 0x7c, 0xf0, 0xa2, 0x08, 0x7c, 0xf0, 0xff, 0x10, 0x7c, 0xf0, 0xff,
    0x08, 0x7c, 0xe8, 0xff, 0x10, 0x80, 0xf0, 0xff, 0x08, 0x7c, 0xf0, 0xff,
    0x10, 0x7c, 0xe8, 0xff, 0x08, 0x7c, 0xf0, 0xff, 0x10, 0x80, 0xf0, 0xff,
    0x08, 0x7c, 0xf0, 0xff, 0x08, 0x7c, 0xe8, 0xff, 0x08, 0x80, 0xf0, 0x82,
    0x50, 0x70, 0x48, 0x00, 0x48, 0x70, 0x48, 0x00, 0x50, 0x70, 0x48, 0x00,
    0x08, 0x7c, 0xe8, 0x82, 0x08, 0x7c, 0xf0, 0xff, 0x10, 0x7c, 0xf0, 0xff,
    0x08, 0x7c, 0xf0, 0xff, 0x08, 0x7c, 0xf0, 0xff, 0x10, 0x7c, 0xf0, 0xff,
    0x08, 0x80, 0xe8, 0xff, 0x08, 0x7c, 0xf0, 0xff, 0x10, 0x7c, 0xf0, 0xff,
    0x08, 0x80, 0xf0, 0xff, 0x08, 0x7c, 0xf0, 0xff, 0x10, 0x7c, 0xf0, 0xff,
    0x08, 0x7c, 0xf0, 0xff, 0x08, 0x80, 0xe8, 0xff, 0x10, 0x7c, 0xe8, 0xff,
    0x08, 0x80, 0xf0, 0xff, 0x08, 0x7c, 0xf0, 0x82, 0x50, 0x70, 0x48, 0x00,
    0x48, 0x70, 0x40, 0x00, 0x50, 0x70, 0x48, 0x00, 0x50, 0x70, 0x48, 0x00,
    0x08, 0x7c, 0xe8, 0x65, 0x08, 0x7c, 0xf0, 0xeb, 0x10, 0x80, 0xf0, 0xff,
    0x08, 0x7c, 0xf0, 0xff, 0x08, 0x7c, 0xe8, 0xff, 0x10, 0x80, 0xf0, 0xff,
    0x08, 0x7c, 0xf0, 0xff, 0x10, 0x7c, 0xf0, 0xff, 0x08, 0x80, 0xf0, 0xff,
    0x08, 0x7c, 0xe8, 0xff, 0x10, 0x7c, 0xf0, 0xff, 0x08, 0x7c, 0xf0, 0xff,
    0x08, 0x80, 0xf0, 0xff, 0x10, 0x7c, 0xe8, 0xff, 0x08, 0x7c, 0xf0, 0xff,
    0x08, 0x80, 0xf0, 0xff, 0x10, 0x7c, 0xe8, 0xeb, 0x08, 0x7c, 0xf0, 0x65,
    0x50, 0x70, 0x48, 0x00, 0x50, 0x70, 0x40, 0x00, 0x48, 0x70, 0x48, 0x00,
    0x50, 0x70, 0x48, 0x00, 0x50, 0x70, 0x40, 0x00, 0x48, 0x70, 0x48, 0x00,
    0x48, 0x70, 0x48, 0x00, 0x50, 0x70, 0x48, 0x00, 0x48, 0x70, 0x40, 0x00,
    0x50, 0x70, 0x48, 0x00, 0x08, 0x7c, 0xf0, 0x0c, 0x08, 0x7c, 0xe8, 0x82,
    0x10, 0x7c, 0xf0, 0xff, 0x08, 0x7c, 0xf0, 0xff, 0x08, 0x80, 0xe8, 0xeb,
    0x50, 0x70, 0x48, 0x00, 0x48, 0x70, 0x48, 0x00, 0x48, 0x70, 0x48, 0x00,
    0x10, 0x80, 0xe8, 0x0c, 0x08, 0x7c, 0xf0, 0xff, 0x10, 0x80, 0xf0, 0xff,
    0x08, 0x7c, 0xe8, 0xff, 0x10, 0x7c, 0xe8, 0xff, 0x08, 0x7c, 0xf0, 0xff,
    0x08, 0x7c, 0xf0, 0xff, 0x10, 0x7c, 0xf0, 0xff, 0x08, 0x7c, 0xf0, 0xff,
    0x08, 0x7c, 0xf0, 0xff, 0x10, 0x7c, 0xf0, 0xff, 0x08, 0x7c, 0xf0, 0xff,
    0x08, 0x7c, 0xf0, 0xff, 0x10, 0x7c, 0xf0, 0xff, 0x08, 0x7c, 0xf0, 0xff,
    0x10, 0x7c, 0xe8, 0xff, 0x08, 0x7c, 0xf0, 0x82, 0x08, 0x7c, 0xf0, 0x0c,
    0x50, 0x70, 0x48, 0x00, 0x48, 0x70, 0x48, 0x00, 0x48, 0x70, 0x40, 0x00,
    0x50, 0x70, 0x48, 0x00, 0x50, 0x70, 0x48, 0x00, 0x48, 0x70, 0x48, 0x00,
    0x50, 0x70, 0x48, 0x00, 0x50, 0x70, 0x48, 0x00, 0x48, 0x70, 0x48, 0x00,
    0x50, 0x70, 0x48, 0x00, 0x08, 0x7c, 0xe8, 0x28, 0x08, 0x7c, 0xf0, 0xc3,
    0x10, 0x80, 0xf0, 0xff, 0x10, 0x7c, 0xe8, 0xff, 0x08, 0x7c, 0xf0, 0xff,
    0x08, 0x80, 0xf0, 0x69, 0x50, 0x70, 0x48, 0x00, 0x48, 0x70, 0x48, 0x00,
    0x50, 0x70, 0x48, 0x00, 0x48, 0x70, 0x48, 0x00, 0x48, 0x70, 0x48, 0x00,
    0x50, 0x70, 0x48, 0x00, 0x50, 0x70, 0x48, 0x00, 0x48, 0x70, 0x48, 0x00,
    0x50, 0x70, 0x48, 0x00, 0x48, 0x70, 0x48, 0x00, 0x48, 0x70, 0x48, 0x00,
    0x50, 0x70, 0x48, 0x00, 0x50, 0x70, 0x48, 0x00, 0x48, 0x70, 0x48, 0x00,
    0x50, 0x70, 0x48, 0x00, 0x50, 0x70, 0x48, 0x00, 0x48, 0x70, 0x48, 0x00,
    0x48, 0x70, 0x48, 0x00, 0x50, 0x70, 0x48, 0x00, 0x48, 0x70, 0x48, 0x00,
    0x50, 0x70, 0x48, 0x00, 0x50, 0x70, 0x48, 0x00, 0x50, 0x70, 0x48, 0x00,
    0x48, 0x70, 0x48, 0x00, 0x48, 0x70, 0x48, 0x00, 0x50, 0x70, 0x40, 0x00,
    0x50, 0x70, 0x48, 0x00, 0x48, 0x70, 0x48, 0x00, 0x50, 0x70, 0x48, 0x00,
    0x48, 0x70, 0x40, 0x00, 0x50, 0x70, 0x48, 0x00, 0x50, 0x70, 0x48, 0x00,
    0x48, 0x70, 0x48, 0x00, 0x48, 0x70, 0x40, 0x00, 0x50, 0x70, 0x48, 0x00,
    0x48, 0x70, 0x48, 0x00, 0x08, 0x7c, 0xe8, 0x0c, 0x10, 0x80, 0xe8, 0xe7,
    0x08, 0x7c, 0xf0, 0xff, 0x08, 0x7c, 0xf0, 0xff, 0x10, 0x80, 0xf0, 0xff,
    0x08, 0x7c, 0xe8, 0xff, 0x08, 0x7c, 0xf0, 0xff, 0x08, 0x80, 0xf0, 0xff,
    0x10, 0x7c, 0xe8, 0xff, 0x08, 0x7c, 0xf0, 0xff, 0x10, 0x7c, 0xf0, 0xff,
    0x08, 0x80, 0xf0, 0xff, 0x08, 0x7c, 0xe8, 0xa2, 0x08, 0x7c, 0xe8, 0x0c,
    0x50, 0x70, 0x48, 0x00, 0x50, 0x70, 0x48, 0x00, 0x08, 0x80, 0xf0, 0x69,
    0x08, 0x7c, 0xf0, 0xeb, 0x10, 0x80, 0xe8, 0xff, 0x08, 0x7c, 0xf0, 0xff,
    0x08, 0x7c, 0xf0, 0xff, 0x10, 0x7c, 0xe8, 0xff, 0x08, 0x7c, 0xf0, 0xff,
    0x08, 0x7c, 0xf0, 0xff, 0x10, 0x7c, 0xe8, 0xff, 0x08, 0x7c, 0xf0, 0xff,
    0x08, 0x80, 0xf0, 0xff, 0x10, 0x7c, 0xf0, 0xff, 0x08, 0x7c, 0xf0, 0xff,
    0x08, 0x7c, 0xf0, 0xff, 0x10, 0x7c, 0xf0, 0xff, 0x10, 0x7c, 0xe8, 0xff,
    0x08, 0x80, 0xf0, 0xa2, 0x50, 0x70, 0x48, 0x00, 0x48, 0x70, 0x48, 0x00,
    0x48, 0x70, 0x48, 0x00, 0x50, 0x70, 0x48, 0x00, 0x08, 0x7c, 0xe8, 0x28,
    0x10, 0x7c, 0xf0, 0xc3, 0x08, 0x7c, 0xf0, 0xff, 0x10, 0x7c, 0xf0, 0xff,
    0x08, 0x7c, 0xf0, 0xff, 0x08, 0x7c, 0xe8, 0xff, 0x10, 0x7c, 0xf0, 0xff,
    0x08, 0x7c, 0xf0, 0xff, 0x08, 0x7c, 0xf0, 0xff, 0x10, 0x80, 0xf0, 0xff,
    0x10, 0x7c, 0xe8, 0xff, 0x08, 0x7c, 0xf0, 0xff, 0x08, 0x7c, 0xf0, 0xff,
    0x10, 0x80, 0xe8, 0xff, 0x08, 0x7c, 0xf0, 0xff, 0x08, 0x7c, 0xf0, 0xff,
    0x10, 0x7c, 0xe8, 0xe7, 0x08, 0x80, 0xf0, 0x69, 0x48, 0x70, 0x48, 0x00,
    0x48, 0x70, 0x48, 0x00, 0x50, 0x70, 0x48, 0x00, 0x48, 0x70, 0x48, 0x00,
    0x50, 0x70, 0x48, 0x00, 0x50, 0x70, 0x48, 0x00, 0x48, 0x70, 0x48, 0x00,
    0x50, 0x70, 0x48, 0x00, 0x48, 0x70, 0x48, 0x00, 0x50, 0x70, 0x48, 0x00,
    0x08, 0x80, 0xf0, 0x69, 0x08, 0x7c, 0xf0, 0xeb, 0x10, 0x7c, 0xf0, 0xff,
    0x08, 0x7c, 0xf0, 0xff, 0x08, 0x7c, 0xf0, 0xe7, 0x50, 0x70, 0x48, 0x00,
    0x50, 0x70, 0x48, 0x00, 0x48, 0x70, 0x48, 0x00, 0x08, 0x7c, 0xf0, 0x0c,
    0x10, 0x7c, 0xf0, 0xff, 0x08, 0x80, 0xf0, 0xff, 0x08, 0x7c, 0xf0, 0xff,
    0x10, 0x7c, 0xf0, 0xff, 0x08, 0x80, 0xe8, 0xff, 0x08, 0x80, 0xf0, 0xff,
    0x10, 0x7c, 0xe8, 0xff, 0x08, 0x7c, 0xe8, 0xff, 0x10, 0x80, 0xf0, 0xff,
    0x08, 0x7c, 0xe8, 0xff, 0x08, 0x7c, 0xe8, 0xff, 0x10, 0x80, 0xf0, 0xff,
    0x08, 0x80, 0xf0, 0xff, 0x08, 0x7c, 0xf0, 0xff, 0x10, 0x7c, 0xf0, 0xff,
    0x08, 0x80, 0xe8, 0x82, 0x08, 0x7c, 0xf0, 0x0c, 0x50, 0x70, 0x48, 0x00,
    0x50, 0x70, 0x48, 0x00, 0x48, 0x70, 0x48, 0x00, 0x48, 0x70, 0x48, 0x00,
    0x50, 0x70, 0x48, 0x00, 0x48, 0x70, 0x40, 0x00, 0x48, 0x70, 0x48, 0x00,
    0x50, 0x70, 0x48, 0x00, 0x48, 0x70, 0x48, 0x00, 0x08, 0x80, 0xf0, 0x28,
    0x10, 0x7c, 0xf0, 0xa6, 0x08, 0x7c, 0xe8, 0xff, 0x08, 0x7c, 0xf0, 0xff,
    0x10, 0x80, 0xf0, 0xff, 0x08, 0x7c, 0xf0, 0xff, 0x10, 0x7c, 0xe8, 0x65,
    0x48, 0x70, 0x48, 0x00, 0x50, 0x70, 0x48, 0x00, 0x48, 0x70, 0x40, 0x00,
    0x50, 0x70, 0x48, 0x00, 0x48, 0x70, 0x48, 0x00, 0x50, 0x70, 0x48, 0x00,
    0x48, 0x70, 0x48, 0x00, 0x50, 0x70, 0x48, 0x00, 0x50, 0x70, 0x48, 0x00,
    0x48, 0x70, 0x40, 0x00, 0x50, 0x70, 0x48, 0x00, 0x48, 0x70, 0x48, 0x00,
    0x48, 0x70, 0x40, 0x00, 0x50, 0x70, 0x48, 0x00, 0x48, 0x70, 0x48, 0x00,
    0x50, 0x70, 0x40, 0x00, 0x48, 0x70, 0x48, 0x00, 0x50, 0x70, 0x48, 0x00,
    0x48, 0x70, 0x48, 0x00, 0x48, 0x70, 0x40, 0x00, 0x50, 0x70, 0x48, 0x00,
    0x48, 0x70, 0x48, 0x00, 0x50, 0x70, 0x48, 0x00, 0x50, 0x70, 0x48, 0x00,
    0x48, 0x70, 0x48, 0x00, 0x48, 0x70, 0x48, 0x00, 0x50, 0x70, 0x48, 0x00,
    0x50, 0x70, 0x48, 0x00, 0x48, 0x70, 0x48, 0x00, 0x50, 0x70, 0x48, 0x00,
    0x48, 0x70, 0x48, 0x00, 0x50, 0x70, 0x48, 0x00, 0x48, 0x70, 0x48, 0x00,
    0x50, 0x70, 0x48, 0x00, 0x50, 0x70, 0x48, 0x00, 0x48, 0x70, 0x48, 0x00,
    0x08, 0x7c, 0xf0, 0x49, 0x10, 0x7c, 0xf0, 0xff, 0x08, 0x80, 0xe8, 0xff,
    0x08, 0x7c, 0xf0, 0xff, 0x10, 0x7c, 0xf0, 0xff, 0x08, 0x7c, 0xf0, 0xff,
    0x10, 0x7c, 0xf0, 0xff, 0x08, 0x7c, 0xf0, 0xff, 0x08, 0x80, 0xe8, 0xff,
    0x10, 0x7c, 0xf0, 0xff, 0x08, 0x7c, 0xf0, 0xff, 0x10, 0x7c, 0xf0, 0xff,
    0x08, 0x7c, 0xf0, 0xc7, 0x08, 0x7c, 0xf0, 0x28, 0x50, 0x70, 0x48, 0x00,
    0x48, 0x70, 0x48, 0x00, 0x08, 0x7c, 0xf0, 0x49, 0x10, 0x7c, 0xe8, 0xe7,
    0x10, 0x7c, 0xf0, 0xff, 0x08, 0x80, 0xf0, 0xff, 0x08, 0x80, 0xe8, 0xff,
    0x10, 0x7c, 0xf0, 0xff, 0x08, 0x80, 0xf0, 0xff, 0x08, 0x7c, 0xf0, 0xff,
    0x10, 0x7c, 0xf0, 0xff, 0x08, 0x7c, 0xe8, 0xff, 0x10, 0x7c, 0xf0, 0xff,
    0x08, 0x80, 0xe8, 0xff, 0x10, 0x7c, 0xe8, 0xff, 0x08, 0x7c, 0xf0, 0xff,
    0x08, 0x80, 0xf0, 0xff, 0x08, 0x7c, 0xf0, 0xff, 0x08, 0x7c, 0xe8, 0xa6,
    0x10, 0x7c, 0xf0, 0x0c, 0x50, 0x70, 0x48, 0x00, 0x48, 0x70, 0x48, 0x00,
    0x48, 0x70, 0x48, 0x00, 0x10, 0x80, 0xf0, 0x0c, 0x08, 0x7c, 0xe8, 0xa6,
    0x08, 0x7c, 0xf0, 0xff, 0x10, 0x80, 0xf0, 0xff, 0x08, 0x7c, 0xe8, 0xff,
    0x08, 0x80, 0xf0, 0xff, 0x10, 0x7c, 0xf0, 0xff, 0x08, 0x7c, 0xe8, 0xff,
    0x08, 0x7c, 0xf0, 0xff, 0x10, 0x7c, 0xf0, 0xff, 0x08, 0x80, 0xf0, 0xff,
    0x08, 0x7c, 0xf0, 0xff, 0x10, 0x7c, 0xf0, 0xff, 0x08, 0x7c, 0xf0, 0xff,
    0x10, 0x7c, 0xf0, 0xff, 0x08, 0x7c, 0xf0, 0xff, 0x08, 0x80, 0xf0, 0xeb,
    0x10, 0x7c, 0xe8, 0x65, 0x50, 0x70, 0x48, 0x00, 0x48, 0x70, 0x48, 0x00,
    0x50, 0x70, 0x48, 0x00, 0x48, 0x70, 0x48, 0x00, 0x48, 0x70, 0x48, 0x00,
    0x50, 0x70, 0x40, 0x00, 0x50, 0x70, 0x48, 0x00, 0x48, 0x70, 0x48, 0x00,
    0x50, 0x70, 0x48, 0x00, 0x08, 0x7c, 0xe8, 0x49, 0x08, 0x7c, 0xf0, 0xe7,
    0x10, 0x80, 0xe8, 0xff, 0x08, 0x7c, 0xf0, 0xff, 0x10, 0x80, 0xe8, 0xff,
    0x08, 0x7c, 0xf0, 0xeb, 0x50, 0x70, 0x48, 0x00, 0x50, 0x70, 0x40, 0x00,
    0x48, 0x70, 0x48, 0x00, 0x08, 0x7c, 0xf0, 0x0c, 0x10, 0x7c, 0xe8, 0xff,
    0x08, 0x7c, 0xf0, 0xff, 0x08, 0x7c, 0xf0, 0xff, 0x10, 0x7c, 0xf0, 0xff,
    0x08, 0x7c, 0xf0, 0xff, 0x10, 0x7c, 0xf0, 0xff, 0x08, 0x80, 0xf0, 0xff,
    0x08, 0x7c, 0xf0, 0xff, 0x10, 0x7c, 0xf0, 0xff, 0x08, 0x80, 0xf0, 0xff,
    0x10, 0x7c, 0xf0, 0xff, 0x08, 0x7c, 0xe8, 0xff, 0x08, 0x7c, 0xf0, 0xff,
    0x10, 0x80, 0xe8, 0xff, 0x08, 0x7c, 0xf0, 0xff, 0x10, 0x7c, 0xf0, 0x82,
    0x08, 0x80, 0xe8, 0x0c, 0x50, 0x70, 0x48, 0x00, 0x50, 0x70, 0x48, 0x00,
    0x48, 0x70, 0x48, 0x00, 0x50, 0x70, 0x48, 0x00, 0x50, 0x70, 0x48, 0x00,
    0x48, 0x70, 0x48, 0x00, 0x50, 0x70, 0x48, 0x00, 0x50, 0x70, 0x48, 0x00,
    0x08, 0x7c, 0xe8, 0x0c, 0x08, 0x7c, 0xf0, 0xa2, 0x10, 0x80, 0xf0, 0xff,
    0x08, 0x7c, 0xf0, 0xff, 0x08, 0x7c, 0xe8, 0xff, 0x08, 0x7c, 0xf0, 0xff,
    0x10, 0x7c, 0xf0, 0xff, 0x08, 0x7c, 0xe8, 0x69, 0x50, 0x70, 0x48, 0x00,
    0x48, 0x70, 0x48, 0x00, 0x50, 0x70, 0x48, 0x00, 0x48, 0x70, 0x48, 0x00,
    0x50, 0x70, 0x48, 0x00, 0x48, 0x70, 0x40, 0x00, 0x48, 0x70, 0x48, 0x00,
    0x50, 0x70, 0x48, 0x00, 0x48, 0x70, 0x48, 0x00, 0x50, 0x70, 0x48, 0x00,
    0x50, 0x70, 0x48, 0x00, 0x48, 0x70, 0x48, 0x00, 0x50, 0x70, 0x48, 0x00,
    0x48, 0x70, 0x48, 0x00, 0x50, 0x70, 0x48, 0x00, 0x48, 0x70, 0x48, 0x00,
    0x50, 0x70, 0x48, 0x00, 0x48, 0x70, 0x48, 0x00, 0x50, 0x70, 0x48, 0x00,
    0x50, 0x70, 0x48, 0x00, 0x48, 0x70, 0x48, 0x00, 0x48, 0x70, 0x48, 0x00,
    0x48, 0x70, 0x40, 0x00, 0x50, 0x70, 0x48, 0x00, 0x50, 0x70, 0x48, 0x00,
    0x48, 0x70, 0x48, 0x00, 0x48, 0x70, 0x40, 0x00, 0x50, 0x70, 0x48, 0x00,
    0x48, 0x70, 0x48, 0x00, 0x48, 0x70, 0x48, 0x00, 0x50, 0x70, 0x40, 0x00,
    0x48, 0x70, 0x48, 0x00, 0x50, 0x70, 0x48, 0x00, 0x48, 0x70, 0x48, 0x00,
    0x50, 0x70, 0x48, 0x00, 0x50, 0x70, 0x48, 0x00, 0x08, 0x7c, 0xf0, 0x82,
    0x08, 0x7c, 0xf0, 0xff, 0x10, 0x7c, 0xf0, 0xff, 0x08, 0x80, 0xe8, 0xff,
    0x08, 0x7c, 0xf0, 0xff, 0x10, 0x80, 0xe8, 0xff, 0x08, 0x7c, 0xf0, 0xff,
    0x10, 0x7c, 0xf0, 0xff, 0x08, 0x7c, 0xf0, 0xff, 0x08, 0x80, 0xe8, 0xff,
    0x08, 0x7c, 0xf0, 0xff, 0x10, 0x7c, 0xe8, 0xff, 0x10, 0x80, 0xf0, 0xeb,
    0x08, 0x7c, 0xf0, 0x28, 0x50, 0x70, 0x48, 0x00, 0x50, 0x70, 0x48, 0x00,
    0x08, 0x7c, 0xe8, 0x0c, 0x08, 0x7c, 0xf0, 0xc3, 0x08, 0x7c, 0xf0, 0xff,
    0x10, 0x7c, 0xf0, 0xff, 0x08, 0x7c, 0xf0, 0xff, 0x10, 0x7c, 0xf0, 0xff,
    0x08, 0x7c, 0xe8, 0xff, 0x10, 0x80, 0xf0, 0xff, 0x08, 0x80, 0xf0, 0xff,
    0x08, 0x7c, 0xf0, 0xff, 0x10, 0x7c, 0xf0, 0xff, 0x08, 0x7c, 0xf0, 0xff,
    0x08, 0x80, 0xf0, 0xff, 0x10, 0x7c, 0xf0, 0xff, 0x10, 0x7c, 0xf0, 0xff,
    0x08, 0x80, 0xf0, 0xff, 0x08, 0x7c, 0xe8, 0xc3, 0x08, 0x7c, 0xf0, 0x28,
    0x50, 0x70, 0x48, 0x00, 0x50, 0x70, 0x48, 0x00, 0x48, 0x70, 0x48, 0x00,
    0x50, 0x70, 0x48, 0x00, 0x08, 0x7c, 0xf0, 0x49, 0x08, 0x80, 0xe8, 0xe7,
    0x10, 0x7c, 0xf0, 0xff, 0x08, 0x7c, 0xf0, 0xff, 0x10, 0x7c, 0xf0, 0xff,
    0x08, 0x80, 0xf0, 0xff, 0x10, 0x7c, 0xe8, 0xff, 0x08, 0x80, 0xf0, 0xff,
    0x08, 0x7c, 0xf0, 0xff, 0x08, 0x7c, 0xe8, 0xff, 0x10, 0x80, 0xf0, 0xff,
    0x08, 0x7c, 0xe8, 0xff, 0x08, 0x7c, 0xf0, 0xff, 0x10, 0x80, 0xe8, 0xff,
    0x08, 0x7c, 0xf0, 0xff, 0x08, 0x7c, 0xf0, 0xe7, 0x10, 0x7c, 0xf0, 0x69,
    0x50, 0x70, 0x48, 0x00, 0x48, 0x70, 0x48, 0x00, 0x50, 0x70, 0x40, 0x00,
    0x50, 0x70, 0x48, 0x00, 0x48, 0x70, 0x48, 0x00, 0x48, 0x70, 0x48, 0x00,
    0x50, 0x70, 0x48, 0x00, 0x48, 0x70, 0x48, 0x00, 0x08, 0x80, 0xe8, 0x49,
    0x10, 0x7c, 0xf0, 0xc3, 0x08, 0x7c, 0xf0, 0xff, 0x08, 0x7c, 0xf0, 0xff,
    0x10, 0x7c, 0xe8, 0xff, 0x08, 0x7c, 0xf0, 0xff, 0x08, 0x80, 0xf0, 0xe7,
    0x50, 0x70, 0x48, 0x00, 0x48, 0x70, 0x48, 0x00, 0x50, 0x70, 0x48, 0x00,
    0x08, 0x80, 0xe8, 0x0c, 0x10, 0x7c, 0xf0, 0xff, 0x08, 0x80, 0xe8, 0xff,
    0x08, 0x7c, 0xf0, 0xff, 0x10, 0x80, 0xe8, 0xff, 0x08, 0x7c, 0xf0, 0xff,
    0x08, 0x7c, 0xf0, 0xff, 0x10, 0x7c, 0xe8, 0xff, 0x08, 0x7c, 0xf0, 0xff,
    0x08, 0x7c, 0xf0, 0xff, 0x10, 0x80, 0xf0, 0xff, 0x08, 0x7c, 0xf0, 0xff,
    0x10, 0x7c, 0xf0, 0xff, 0x08, 0x7c, 0xf0, 0xff, 0x08, 0x7c, 0xf0, 0xff,
    0x10, 0x7c, 0xf0, 0xff, 0x08, 0x7c, 0xf0, 0x86, 0x08, 0x7c, 0xf0, 0x0c,
    0x50, 0x70, 0x48, 0x00, 0x48, 0x70, 0x48, 0x00, 0x48, 0x70, 0x40, 0x00,
    0x50, 0x70, 0x48, 0x00, 0x48, 0x70, 0x48, 0x00, 0x48, 0x70, 0x48, 0x00,
    0x50, 0x70, 0x48, 0x00, 0x08, 0x7c, 0xe8, 0x0c, 0x08, 0x7c, 0xf0, 0xa6,
    0x10, 0x7c, 0xf0, 0xff, 0x08, 0x7c, 0xe8, 0xff, 0x10, 0x80, 0xf0, 0xff,
    0x10, 0x7c, 0xf0, 0xff, 0x08, 0x7c, 0xf0, 0xff, 0x08, 0x80, 0xf0, 0xff,
    0x08, 0x80, 0xf0, 0x65, 0x50, 0x70, 0x48, 0x00, 0x50, 0x70, 0x48, 0x00,
    0x48, 0x70, 0x48, 0x00, 0x50, 0x70, 0x48, 0x00, 0x50, 0x70, 0x48, 0x00,
    0x48, 0x70, 0x48, 0x00, 0x50, 0x70, 0x48, 0x00, 0x48, 0x70, 0x48, 0x00,
    0x48, 0x70, 0x40, 0x00, 0x50, 0x70, 0x48, 0x00, 0x48, 0x70, 0x48, 0x00,
    0x50, 0x70, 0x48, 0x00, 0x50, 0x70, 0x48, 0x00, 0x48, 0x70, 0x40, 0x00,
    0x48, 0x70, 0x48, 0x00, 0x50, 0x70, 0x48, 0x00, 0x48, 0x70, 0x48, 0x00,
    0x48, 0x70, 0x48, 0x00, 0x50, 0x70, 0x48, 0x00, 0x50, 0x70, 0x48, 0x00,
    0x48, 0x70, 0x48, 0x00, 0x50, 0x70, 0x48, 0x00, 0x48, 0x70, 0x48, 0x00,
    0x48, 0x70, 0x48, 0x00, 0x50, 0x70, 0x48, 0x00, 0x50, 0x70, 0x48, 0x00,
    0x48, 0x70, 0x48, 0x00, 0x50, 0x70, 0x48, 0x00, 0x50, 0x70, 0x48, 0x00,
    0x48, 0x70, 0x48, 0x00, 0x50, 0x70, 0x48, 0x00, 0x48, 0x70, 0x48, 0x00,
    0x48, 0x70, 0x48, 0x00, 0x50, 0x70, 0x40, 0x00, 0x48, 0x70, 0x48, 0x00,
    0x08, 0x7c, 0xe8, 0x0c, 0x10, 0x7c, 0xe8, 0xc3, 0x08, 0x7c, 0xf0, 0xff,
    0x10, 0x7c, 0xf0, 0xff, 0x08, 0x7c, 0xf0, 0xff, 0x08, 0x7c, 0xf0, 0xff,
    0x10, 0x7c, 0xe8, 0xff, 0x08, 0x80, 0xf0, 0xff, 0x08, 0x7c, 0xf0, 0xff,
    0x10, 0x7c, 0xe8, 0xff, 0x08, 0x7c, 0xf0, 0xff, 0x08, 0x80, 0xf0, 0xff,
    0x08, 0x7c, 0xf0, 0xff, 0x08, 0x7c, 0xe8, 0xff, 0x08, 0x80, 0xf0, 0x49,
    0x50, 0x70, 0x48, 0x00, 0x50, 0x70, 0x48, 0x00, 0x48, 0x70, 0x48, 0x00,
    0x08, 0x80, 0xf0, 0xa6, 0x10, 0x7c, 0xe8, 0xff, 0x08, 0x7c, 0xf0, 0xff,
    0x08, 0x80, 0xf0, 0xff, 0x08, 0x7c, 0xe8, 0xff, 0x10, 0x7c, 0xf0, 0xff,
    0x08, 0x7c, 0xf0, 0xff, 0x08, 0x7c, 0xe8, 0xff, 0x10, 0x80, 0xf0, 0xff,
    0x08, 0x7c, 0xf0, 0xff, 0x08, 0x7c, 0xe8, 0xff, 0x10, 0x7c, 0xf0, 0xff,
    0x08, 0x7c, 0xe8, 0xff, 0x08, 0x7c, 0xf0, 0xff, 0x10, 0x7c, 0xf0, 0xff,
    0x10, 0x80, 0xf0, 0xeb, 0x08, 0x7c, 0xe8, 0x49, 0x48, 0x70, 0x48, 0x00,
    0x50, 0x70, 0x48, 0x00, 0x48, 0x70, 0x40, 0x00, 0x50, 0x70, 0x48, 0x00,
    0x50, 0x70, 0x48, 0x00, 0x08, 0x7c, 0xf0, 0x82, 0x08, 0x7c, 0xf0, 0xff,
    0x10, 0x7c, 0xe8, 0xff, 0x08, 0x80, 0xf0, 0xff, 0x08, 0x7c, 0xf0, 0xff,
    0x10, 0x7c, 0xf0, 0xff, 0x10, 0x7c, 0xf0, 0xff, 0x08, 0x7c, 0xe8, 0xff,
    0x10, 0x7c, 0xf0, 0xff, 0x08, 0x7c, 0xf0, 0xff, 0x08, 0x80, 0xf0, 0xff,
    0x10, 0x7c, 0xe8, 0xff, 0x08, 0x7c, 0xf0, 0xff, 0x10, 0x80, 0xf0, 0xff,
    0x08, 0x7c, 0xe8, 0xeb, 0x08, 0x7c, 0xf0, 0x65, 0x48, 0x70, 0x48, 0x00,
    0x50, 0x70, 0x48, 0x00, 0x48, 0x70, 0x48, 0x00, 0x50, 0x70, 0x48, 0x00,
    0x48, 0x70, 0x48, 0x00, 0x50, 0x70, 0x48, 0x00, 0x48, 0x70, 0x48, 0x00,
    0x08, 0x7c, 0xe8, 0x28, 0x10, 0x7c, 0xf0, 0xc7, 0x08, 0x80, 0xf0, 0xff,
    0x10, 0x7c, 0xf0, 0xff, 0x08, 0x7c, 0xf0, 0xff, 0x08, 0x80, 0xf0, 0xff,
    0x10, 0x7c, 0xf0, 0xff, 0x08, 0x7c, 0xe8, 0xeb, 0x48, 0x70, 0x48, 0x00,
    0x50, 0x70, 0x48, 0x00, 0x48, 0x70, 0x48, 0x00, 0x08, 0x7c, 0xf0, 0x0c,
    0x10, 0x7c, 0xf0, 0xff, 0x08, 0x7c, 0xf0, 0xff, 0x10, 0x80, 0xf0, 0xff,
    0x08, 0x7c, 0xe8, 0xff, 0x08, 0x7c, 0xf0, 0xff, 0x10, 0x80, 0xf0, 0xff,
    0x08, 0x7c, 0xe8, 0xff, 0x10, 0x7c, 0xf0, 0xff, 0x08, 0x80, 0xf0, 0xff,
    0x08, 0x7c, 0xe8, 0xff, 0x10, 0x7c, 0xe8, 0xff, 0x08, 0x80, 0xf0, 0xff,
    0x10, 0x7c, 0xf0, 0xff, 0x08, 0x7c, 0xe8, 0xff, 0x08, 0x80, 0xe8, 0xff,
    0x10, 0x7c, 0xf0, 0x82, 0x08, 0x7c, 0xf0, 0x0c, 0x50, 0x70, 0x48, 0x00,
    0x48, 0x70, 0x48, 0x00, 0x50, 0x70, 0x48, 0x00, 0x50, 0x70, 0x48, 0x00,
    0x48, 0x70, 0x48, 0x00, 0x50, 0x70, 0x40, 0x00, 0x08, 0x80, 0xf0, 0x0c,
    0x08, 0x7c, 0xf0, 0x82, 0x10, 0x80, 0xf0, 0xff, 0x08, 0x7c, 0xf0, 0xff,
    0x08, 0x7c, 0xe8, 0xff, 0x08, 0x80, 0xf0, 0xff, 0x10, 0x7c, 0xf0, 0xff,
    0x08, 0x7c, 0xe8, 0xff, 0x08, 0x7c, 0xf0, 0xff, 0x10, 0x7c, 0xf0, 0x69,
    0x48, 0x70, 0x48, 0x00, 0x48, 0x70, 0x40, 0x00, 0x50, 0x70, 0x48, 0x00,
    0x48, 0x70, 0x48, 0x00, 0x48, 0x70, 0x48, 0x00, 0x50, 0x70, 0x48, 0x00,
    0x50, 0x70, 0x48, 0x00, 0x48, 0x70, 0x48, 0x00, 0x50, 0x70, 0x48, 0x00,
    0x48, 0x70, 0x48, 0x00, 0x48, 0x70, 0x40, 0x00, 0x50, 0x70, 0x48, 0x00,
    0x48, 0x70, 0x48, 0x00, 0x50, 0x70, 0x48, 0x00, 0x50, 0x70, 0x48, 0x00,
    0x48, 0x70, 0x48, 0x00, 0x50, 0x70, 0x48, 0x00, 0x48, 0x70, 0x48, 0x00,
    0x48, 0x70, 0x48, 0x00, 0x50, 0x70, 0x40, 0x00, 0x48, 0x70, 0x48, 0x00,
    0x50, 0x70, 0x48, 0x00, 0x50, 0x70, 0x48, 0x00, 0x48, 0x70, 0x40, 0x00,
    0x48, 0x70, 0x48, 0x00, 0x50, 0x70, 0x48, 0x00, 0x48, 0x70, 0x48, 0x00,
    0x48, 0x70, 0x40, 0x00, 0x50, 0x70, 0x48, 0x00, 0x50, 0x70, 0x48, 0x00,
    0x48, 0x70, 0x48, 0x00, 0x50, 0x70, 0x48, 0x00, 0x50, 0x70, 0x48, 0x00,
    0x48, 0x70, 0x48, 0x00, 0x50, 0x70, 0x48, 0x00, 0x08, 0x7c, 0xf0, 0x49,
    0x08, 0x80, 0xf0, 0xeb, 0x10, 0x80, 0xe8, 0xff, 0x08, 0x7c, 0xf0, 0xff,
    0x10, 0x7c, 0xf0, 0xff, 0x08, 0x80, 0xf0, 0xff, 0x08, 0x7c, 0xf0, 0xff,
    0x10, 0x7c, 0xf0, 0xff, 0x08, 0x80, 0xe8, 0xff, 0x10, 0x7c, 0xf0, 0xff,
    0x10, 0x7c, 0xf0, 0xff, 0x08, 0x7c, 0xf0, 0xff, 0x10, 0x7c, 0xf0, 0xff,
    0x08, 0x7c, 0xe8, 0xff, 0x08, 0x7c, 0xf0, 0x65, 0x50, 0x70, 0x48, 0x00,
    0x48, 0x70, 0x48, 0x00, 0x50, 0x70, 0x48, 0x00, 0x08, 0x80, 0xe8, 0x82,
    0x10, 0x7c, 0xf0, 0xff, 0x10, 0x7c, 0xf0, 0xff, 0x08, 0x80, 0xe8, 0xff,
    0x08, 0x7c, 0xf0, 0xff, 0x10, 0x7c, 0xf0, 0xff, 0x08, 0x7c, 0xf0, 0xff,
    0x10, 0x7c, 0xe8, 0xff, 0x08, 0x7c, 0xf0, 0xff, 0x08, 0x80, 0xf0, 0xff,
    0x10, 0x7c, 0xf0, 0xff, 0x08, 0x7c, 0xe8, 0xff, 0x08, 0x80, 0xf0, 0xff,
    0x08, 0x7c, 0xf0, 0xff, 0x10, 0x7c, 0xe8, 0xff, 0x08, 0x7c, 0xf0, 0xff,
    0x08, 0x7c, 0xf0, 0x69, 0x50, 0x70, 0x48, 0x00, 0x48, 0x70, 0x48, 0x00,
    0x50, 0x70, 0x48, 0x00, 0x48, 0x70, 0x48, 0x00, 0x50, 0x70, 0x48, 0x00,
    0x08, 0x7c, 0xf0, 0x0c, 0x08, 0x80, 0xe8, 0xc7, 0x10, 0x7c, 0xf0, 0xff,
    0x08, 0x7c, 0xf0, 0xff, 0x08, 0x7c, 0xe8, 0xff, 0x08, 0x80, 0xf0, 0xff,
    0x08, 0x7c, 0xf0, 0xff, 0x10, 0x80, 0xf0, 0xff, 0x08, 0x7c, 0xe8, 0xff,
    0x08, 0x7c, 0xf0, 0xff, 0x10, 0x7c, 0xf0, 0xff, 0x08, 0x7c, 0xf0, 0xff,
    0x08, 0x7c, 0xf0, 0xff, 0x10, 0x80, 0xf0, 0xff, 0x08, 0x7c, 0xe8, 0xeb,
    0x08, 0x7c, 0xf0, 0x65, 0x50, 0x70, 0x48, 0x00, 0x48, 0x70, 0x48, 0x00,
    0x48, 0x70, 0x48, 0x00, 0x50, 0x70, 0x48, 0x00, 0x50, 0x70, 0x40, 0x00,
    0x48, 0x70, 0x48, 0x00, 0x08, 0x80, 0xf0, 0x28, 0x10, 0x7c, 0xf0, 0xa6,
    0x08, 0x7c, 0xe8, 0xff, 0x08, 0x7c, 0xf0, 0xff, 0x10, 0x7c, 0xe8, 0xff,
    0x08, 0x80, 0xe8, 0xff, 0x08, 0x7c, 0xf0, 0xff, 0x10, 0x7c, 0xf0, 0xff,
    0x08, 0x7c, 0xe8, 0xe7, 0x50, 0x70, 0x48, 0x00, 0x50, 0x70, 0x48, 0x00,
    0x48, 0x70, 0x48, 0x00, 0x08, 0x7c, 0xe8, 0x0c, 0x10, 0x7c, 0xf0, 0xff,
    0x08, 0x7c, 0xf0, 0xff, 0x08, 0x7c, 0xf0, 0xff, 0x10, 0x7c, 0xf0, 0xff,
    0x08, 0x7c, 0xf0, 0xff, 0x08, 0x80, 0xf0, 0xff, 0x10, 0x7c, 0xf0, 0xff,
    0x08, 0x7c, 0xf0, 0xff, 0x08, 0x7c, 0xf0, 0xff, 0x10, 0x7c, 0xf0, 0xff,
    0x08, 0x7c, 0xf0, 0xff, 0x08, 0x80, 0xf0, 0xff, 0x10, 0x7c, 0xe8, 0xff,
    0x08, 0x7c, 0xf0, 0xff, 0x08, 0x80, 0xf0, 0xff, 0x10, 0x7c, 0xe8, 0x82,
    0x08, 0x7c, 0xf0, 0x0c, 0x48, 0x70, 0x48, 0x00, 0x50, 0x70, 0x40, 0x00,
    0x48, 0x70, 0x48, 0x00, 0x48, 0x70, 0x48, 0x00, 0x50, 0x70, 0x48, 0x00,
    0x08, 0x7c, 0xe8, 0x0c, 0x08, 0x7c, 0xf0, 0x82, 0x10, 0x7c, 0xf0, 0xeb,
    0x08, 0x80, 0xe8, 0xff, 0x10, 0x7c, 0xf0, 0xff, 0x08, 0x7c, 0xf0, 0xff,
    0x08, 0x7c, 0xf0, 0xff, 0x10, 0x80, 0xf0, 0xff, 0x08, 0x7c, 0xe8, 0xff,
    0x10, 0x7c, 0xf0, 0xff, 0x10, 0x7c, 0xe8, 0x65, 0x48, 0x70, 0x48, 0x00,
    0x50, 0x70, 0x48, 0x00, 0x50, 0x70, 0x48, 0x00, 0x48, 0x70, 0x48, 0x00,
    0x48, 0x70, 0x40, 0x00, 0x50, 0x70, 0x48, 0x00, 0x48, 0x70, 0x48, 0x00,
    0x50, 0x70, 0x40, 0x00, 0x50, 0x70, 0x48, 0x00, 0x48, 0x70, 0x48, 0x00,
    0x50, 0x70, 0x48, 0x00, 0x48, 0x70, 0x48, 0x00, 0x48, 0x70, 0x48, 0x00,
    0x50, 0x70, 0x48, 0x00, 0x48, 0x70, 0x48, 0x00, 0x48, 0x70, 0x48, 0x00,
    0x50, 0x70, 0x48, 0x00, 0x50, 0x70, 0x48, 0x00, 0x48, 0x70, 0x48, 0x00,
    0x50, 0x70, 0x48, 0x00, 0x48, 0x70, 0x48, 0x00, 0x48, 0x70, 0x48, 0x00,
    0x50, 0x70, 0x48, 0x00, 0x50, 0x70, 0x48, 0x00, 0x48, 0x70, 0x48, 0x00,
    0x50, 0x70, 0x48, 0x00, 0x50, 0x70, 0x48, 0x00, 0x48, 0x70, 0x48, 0x00,
    0x48, 0x70, 0x48, 0x00, 0x50, 0x70, 0x40, 0x00, 0x48, 0x70, 0x48, 0x00,
    0x48, 0x70, 0x48, 0x00, 0x50, 0x70, 0x40, 0x00, 0x48, 0x70, 0x48, 0x00,
    0x50, 0x70, 0x48, 0x00, 0x08, 0x7c, 0xf0, 0x65, 0x08, 0x7c, 0xf0, 0xeb,
    0x08, 0x7c, 0xf0, 0xff, 0x10, 0x7c, 0xe8, 0xff, 0x08, 0x80, 0xf0, 0xff,
    0x08, 0x7c, 0xe8, 0xff, 0x10, 0x7c, 0xf0, 0xff, 0x08, 0x7c, 0xf0, 0xff,
    0x08, 0x7c, 0xf0, 0xff, 0x08, 0x80, 0xf0, 0xff, 0x10, 0x7c, 0xe8, 0xff,
    0x08, 0x80, 0xf0, 0xff, 0x10, 0x7c, 0xf0, 0xff, 0x10, 0x80, 0xf0, 0xff,
    0x08, 0x7c, 0xe8, 0xa2, 0x50, 0x70, 0x48, 0x00, 0x48, 0x70, 0x48, 0x00,
    0x50, 0x70, 0x48, 0x00, 0x08, 0x7c, 0xf0, 0x49, 0x08, 0x7c, 0xf0, 0xff,
    0x10, 0x7c, 0xf0, 0xff, 0x08, 0x7c, 0xf0, 0xff, 0x10, 0x80, 0xf0, 0xff,
    0x08, 0x7c, 0xf0, 0xff, 0x08, 0x80, 0xe8, 0xff, 0x10, 0x7c, 0xf0, 0xff,
    0x08, 0x7c, 0xf0, 0xff, 0x10, 0x7c, 0xf0, 0xff, 0x10, 0x80, 0xf0, 0xff,
    0x08, 0x7c, 0xf0, 0xff, 0x10, 0x7c, 0xf0, 0xff, 0x10, 0x80, 0xf0, 0xff,
    0x08, 0x7c, 0xe8, 0xff, 0x08, 0x7c, 0xf0, 0xff, 0x10, 0x80, 0xf0, 0x82,
    0x08, 0x7c, 0xe8, 0x0c, 0x50, 0x70, 0x48, 0x00, 0x48, 0x70, 0x48, 0x00,
    0x48, 0x70, 0x48, 0x00, 0x50, 0x70, 0x48, 0x00, 0x08, 0x7c, 0xe8, 0x0c,
    0x10, 0x7c, 0xf0, 0x49, 0x08, 0x80, 0xf0, 0xe7, 0x10, 0x7c, 0xf0, 0xff,
    0x10, 0x7c, 0xe8, 0xff, 0x08, 0x7c, 0xf0, 0xff, 0x08, 0x7c, 0xf0, 0xff,
    0x10, 0x80, 0xe8, 0xff, 0x08, 0x7c, 0xf0, 0xff, 0x10, 0x7c, 0xf0, 0xff,
    0x08, 0x80, 0xe8, 0xff, 0x08, 0x7c, 0xf0, 0xff, 0x10, 0x7c, 0xf0, 0xff,
    0x08, 0x7c, 0xe8, 0xff, 0x10, 0x80, 0xf0, 0xe7, 0x10, 0x7c, 0xf0, 0x69,
    0x50, 0x70, 0x48, 0x00, 0x48, 0x70, 0x40, 0x00, 0x50, 0x70, 0x48, 0x00,
    0x48, 0x70, 0x48, 0x00, 0x50, 0x70, 0x48, 0x00, 0x08, 0x7c, 0xe8, 0x0c,
    0x08, 0x7c, 0xf0, 0xa6, 0x10, 0x80, 0xf0, 0xff, 0x08, 0x7c, 0xf0, 0xff,
    0x08, 0x7c, 0xf0, 0xff, 0x10, 0x80, 0xf0, 0xff, 0x08, 0x7c, 0xf0, 0xff,
    0x10, 0x7c, 0xf0, 0xff, 0x08, 0x80, 0xf0, 0xff, 0x08, 0x7c, 0xf0, 0xeb,
    0x50, 0x70, 0x48, 0x00, 0x50, 0x70, 0x48, 0x00, 0x48, 0x70, 0x48, 0x00,
    0x10, 0x80, 0xe8, 0x0c, 0x08, 0x7c, 0xf0, 0xff, 0x08, 0x80, 0xe8, 0xff,
    0x10, 0x7c, 0xe8, 0xff, 0x10, 0x7c, 0xf0, 0xff, 0x08, 0x80, 0xe8, 0xff,
    0x08, 0x7c, 0xf0, 0xff, 0x10, 0x7c, 0xe8, 0xff, 0x08, 0x80, 0xe8, 0xff,
    0x08, 0x7c, 0xf0, 0xff, 0x10, 0x7c, 0xf0, 0xff, 0x08, 0x80, 0xf0, 0xff,
    0x08, 0x7c, 0xe8, 0xff, 0x10, 0x7c, 0xf0, 0xff, 0x08, 0x7c, 0xf0, 0xff,
    0x10, 0x7c, 0xf0, 0xff, 0x08, 0x80, 0xf0, 0x82, 0x08, 0x7c, 0xe8, 0x0c,
    0x50, 0x70, 0x48, 0x00, 0x50, 0x70, 0x48, 0x00, 0x48, 0x70, 0x48, 0x00,
    0x50, 0x70, 0x48, 0x00, 0x08, 0x7c, 0xe8, 0x0c, 0x08, 0x80, 0xf0, 0x82,
    0x10, 0x7c, 0xf0, 0xeb, 0x08, 0x7c, 0xf0, 0xff, 0x08, 0x7c, 0xe8, 0xff,
    0x10, 0x7c, 0xf0, 0xff, 0x08, 0x7c, 0xf0, 0xff, 0x10, 0x7c, 0xe8, 0xff,
    0x08, 0x7c, 0xf0, 0xff, 0x08, 0x80, 0xf0, 0xff, 0x08, 0x7c, 0xf0, 0xff,
    0x08, 0x80, 0xf0, 0x69, 0x50, 0x70, 0x48, 0x00, 0x48, 0x70, 0x48, 0x00,
    0x50, 0x70, 0x48, 0x00, 0x50, 0x70, 0x48, 0x00, 0x48, 0x70, 0x48, 0x00,
    0x50, 0x70, 0x48, 0x00, 0x48, 0x70, 0x48, 0x00, 0x48, 0x70, 0x48, 0x00,
    0x50, 0x70, 0x48, 0x00, 0x48, 0x70, 0x48, 0x00, 0x50, 0x70, 0x48, 0x00,
    0x50, 0x70, 0x48, 0x00, 0x48, 0x70, 0x40, 0x00, 0x50, 0x70, 0x48, 0x00,
    0x50, 0x70, 0x48, 0x00, 0x48, 0x70, 0x40, 0x00, 0x48, 0x70, 0x48, 0x00,
    0x48, 0x70, 0x48, 0x00, 0x50, 0x70, 0x48, 0x00, 0x50, 0x70, 0x48, 0x00,
    0x48, 0x70, 0x48, 0x00, 0x50, 0x70, 0x40, 0x00, 0x48, 0x70, 0x48, 0x00,
    0x50, 0x70, 0x48, 0x00, 0x48, 0x70, 0x40, 0x00, 0x48, 0x70, 0x48, 0x00,
    0x50, 0x70, 0x48, 0x00, 0x50, 0x70, 0x48, 0x00, 0x48, 0x70, 0x48, 0x00,
    0x50, 0x70, 0x48, 0x00, 0x50, 0x70, 0x48, 0x00, 0x48, 0x70, 0x48, 0x00,
    0x50, 0x70, 0x48, 0x00, 0x50, 0x70, 0x48, 0x00, 0x08, 0x7c, 0xe8, 0x0c,
    0x10, 0x7c, 0xf0, 0xa2, 0x08, 0x7c, 0xf0, 0xff, 0x10, 0x7c, 0xe8, 0xff,
    0x08, 0x80, 0xf0, 0xff, 0x08, 0x7c, 0xf0, 0xff, 0x10, 0x7c, 0xf0, 0xff,
    0x10, 0x80, 0xe8, 0xff, 0x08, 0x7c, 0xf0, 0xff, 0x08, 0x7c, 0xf0, 0xff,
    0x10, 0x7c, 0xe8, 0xff, 0x08, 0x7c, 0xf0, 0xff, 0x08, 0x7c, 0xf0, 0xff,
    0x08, 0x80, 0xe8, 0xff, 0x08, 0x7c, 0xf0, 0xff, 0x08, 0x7c, 0xf0, 0xc7,
    0x50, 0x70, 0x48, 0x00, 0x50, 0x70, 0x48, 0x00, 0x48, 0x70, 0x48, 0x00,
    0x08, 0x7c, 0xe8, 0x28, 0x08, 0x80, 0xf0, 0xeb, 0x08, 0x7c, 0xe8, 0xff,
    0x10, 0x7c, 0xf0, 0xff, 0x08, 0x7c, 0xf0, 0xff, 0x08, 0x7c, 0xe8, 0xff,
    0x10, 0x80, 0xf0, 0xff, 0x08, 0x7c, 0xf0, 0xff, 0x08, 0x7c, 0xe8, 0xff,
    0x08, 0x80, 0xe8, 0xff, 0x08, 0x7c, 0xf0, 0xff, 0x08, 0x7c, 0xe8, 0xff,
    0x08, 0x7c, 0xf0, 0xff, 0x10, 0x80, 0xf0, 0xff, 0x08, 0x7c, 0xf0, 0xff,
    0x08, 0x7c, 0xf0, 0xff, 0x10, 0x80, 0xf0, 0xa2, 0x08, 0x7c, 0xe8, 0x28,
    0x50, 0x70, 0x48, 0x00, 0x50, 0x70, 0x48, 0x00, 0x48, 0x70, 0x48, 0x00,
    0x50, 0x70, 0x48, 0x00, 0x50, 0x70, 0x48, 0x00, 0x08, 0x7c, 0xf0, 0x0c,
    0x08, 0x7c, 0xf0, 0x69, 0x08, 0x80, 0xe8, 0xe7, 0x10, 0x7c, 0xf0, 0xff,
    0x08, 0x7c, 0xf0, 0xff, 0x10, 0x7c, 0xf0, 0xff, 0x08, 0x7c, 0xf0, 0xff,
    0x08, 0x7c, 0xf0, 0xff, 0x10, 0x80, 0xf0, 0xff, 0x08, 0x7c, 0xe8, 0xff,
    0x10, 0x7c, 0xf0, 0xff, 0x08, 0x80, 0xf0, 0xff, 0x08, 0x7c, 0xf0, 0xff,
    0x08, 0x7c, 0xf0, 0xe7, 0x08, 0x80, 0xe8, 0x69, 0x50, 0x70, 0x48, 0x00,
    0x50, 0x70, 0x48, 0x00, 0x48, 0x70, 0x48, 0x00, 0x48, 0x70, 0x48, 0x00,
    0x50, 0x70, 0x48, 0x00, 0x08, 0x7c, 0xf0, 0x82, 0x10, 0x7c, 0xe8, 0xff,
    0x08, 0x7c, 0xf0, 0xff, 0x10, 0x80, 0xf0, 0xff, 0x08, 0x7c, 0xe8, 0xff,
    0x08, 0x7c, 0xf0, 0xff, 0x10, 0x7c, 0xf0, 0xff, 0x08, 0x7c, 0xe8, 0xff,
    0x08, 0x7c, 0xf0, 0xff, 0x08, 0x80, 0xf0, 0xe7, 0x50, 0x70, 0x48, 0x00,
    0x48, 0x70, 0x48, 0x00, 0x50, 0x70, 0x48, 0x00, 0x08, 0x7c, 0xf0, 0x0c,
    0x08, 0x7c, 0xf0, 0xff, 0x10, 0x80, 0xf0, 0xff, 0x08, 0x7c, 0xf0, 0xff,
    0x08, 0x7c, 0xf0, 0xff, 0x10, 0x7c, 0xf0, 0xff, 0x08, 0x7c, 0xf0, 0xff,
    0x10, 0x7c, 0xf0, 0xff, 0x08, 0x80, 0xf0, 0xff, 0x10, 0x7c, 0xe8, 0xff,
    0x08, 0x7c, 0xf0, 0xff, 0x10, 0x7c, 0xf0, 0xff, 0x08, 0x7c, 0xf0, 0xff,
    0x08, 0x80, 0xf0, 0xff, 0x10, 0x7c, 0xf0, 0xff, 0x08, 0x7c, 0xe8, 0xff,
    0x08, 0x80, 0xf0, 0x82, 0x10, 0x7c, 0xf0, 0x0c, 0x50, 0x70, 0x48, 0x00,
    0x48, 0x70, 0x48, 0x00, 0x50, 0x70, 0x48, 0x00, 0x50, 0x70, 0x48, 0x00,
    0x08, 0x7c, 0xf0, 0x69, 0x08, 0x7c, 0xf0, 0xeb, 0x10, 0x80, 0xf0, 0xff,
    0x08, 0x7c, 0xe8, 0xff, 0x08, 0x7c, 0xf0, 0xff, 0x10, 0x80, 0xf0, 0xff,
    0x08, 0x80, 0xf0, 0xff, 0x08, 0x7c, 0xe8, 0xff, 0x10, 0x7c, 0xf0, 0xff,
    0x10, 0x7c, 0xf0, 0xff, 0x08, 0x7c, 0xe8, 0xff, 0x08, 0x7c, 0xf0, 0x65,
    0x50, 0x70, 0x48, 0x00, 0x48, 0x70, 0x48, 0x00, 0x48, 0x70, 0x40, 0x00,
    0x50, 0x70, 0x48, 0x00, 0x48, 0x70, 0x48, 0x00, 0x50, 0x70, 0x48, 0x00,
    0x50, 0x70, 0x48, 0x00, 0x48, 0x70, 0x48, 0x00, 0x48, 0x70, 0x48, 0x00,
    0x50, 0x70, 0x40, 0x00, 0x48, 0x70, 0x48, 0x00, 0x50, 0x70, 0x48, 0x00,
    0x48, 0x70, 0x48, 0x00, 0x48, 0x70, 0x48, 0x00, 0x50, 0x70, 0x48, 0x00,
    0x50, 0x70, 0x48, 0x00, 0x48, 0x70, 0x48, 0x00, 0x48, 0x70, 0x48, 0x00,
    0x50, 0x70, 0x48, 0x00, 0x48, 0x70, 0x48, 0x00, 0x50, 0x70, 0x48, 0x00,
    0x48, 0x70, 0x48, 0x00, 0x50, 0x70, 0x48, 0x00, 0x48, 0x70, 0x48, 0x00,
    0x50, 0x70, 0x48, 0x00, 0x48, 0x70, 0x48, 0x00, 0x48, 0x70, 0x48, 0x00,
    0x50, 0x70, 0x40, 0x00, 0x48, 0x70, 0x48, 0x00, 0x48, 0x70, 0x48, 0x00,
    0x50, 0x70, 0x48, 0x00, 0x48, 0x70, 0x48, 0x00, 0x48, 0x70, 0x48, 0x00,
    0x50, 0x70, 0x48, 0x00, 0x08, 0x7c, 0xe8, 0x28, 0x08, 0x80, 0xf0, 0xc7,
    0x10, 0x7c, 0xf0, 0xff, 0x08, 0x7c, 0xf0, 0xff, 0x08, 0x7c, 0xf0, 0xff,
    0x10, 0x7c, 0xf0, 0xff, 0x08, 0x7c, 0xf0, 0xff, 0x08, 0x80, 0xe8, 0xff,
    0x10, 0x7c, 0xf0, 0xff, 0x08, 0x7c, 0xf0, 0xff, 0x10, 0x80, 0xe8, 0xff,
    0x08, 0x7c, 0xf0, 0xff, 0x10, 0x7c, 0xf0, 0xff, 0x08, 0x7c, 0xf0, 0xff,
    0x10, 0x7c, 0xe8, 0xff, 0x08, 0x80, 0xf0, 0xff, 0x08, 0x7c, 0xe8, 0x0c,
    0x50, 0x70, 0x48, 0x00, 0x50, 0x70, 0x48, 0x00, 0x50, 0x70, 0x48, 0x00,
    0x08, 0x7c, 0xe8, 0xe7, 0x10, 0x80, 0xf0, 0xff, 0x08, 0x7c, 0xf0, 0xff,
    0x08, 0x7c, 0xe8, 0xff, 0x10, 0x7c, 0xf0, 0xff, 0x08, 0x7c, 0xf0, 0xff,
    0x10, 0x7c, 0xf0, 0xff, 0x08, 0x80, 0xf0, 0xff, 0x10, 0x7c, 0xf0, 0xff,
    0x10, 0x7c, 0xf0, 0xff, 0x08, 0x7c, 0xf0, 0xff, 0x08, 0x80, 0xe8, 0xff,
    0x10, 0x7c, 0xf0, 0xff, 0x08, 0x7c, 0xe8, 0xff, 0x08, 0x7c, 0xf0, 0xff,
    0x08, 0x7c, 0xf0, 0xc7, 0x08, 0x7c, 0xf0, 0x28, 0x50, 0x70, 0x48, 0x00,
    0x48, 0x70, 0x48, 0x00, 0x48, 0x70, 0x48, 0x00, 0x50, 0x70, 0x48, 0x00,
    0x48, 0x70, 0x48, 0x00, 0x50, 0x70, 0x48, 0x00, 0x08, 0x7c, 0xe8, 0x0c,
    0x08, 0x7c, 0xf0, 0x69, 0x08, 0x80, 0xf0, 0xeb, 0x10, 0x7c, 0xe8, 0xff,
    0x08, 0x80, 0xf0, 0xff, 0x08, 0x7c, 0xe8, 0xff, 0x10, 0x7c, 0xf0, 0xff,
    0x08, 0x7c, 0xf0, 0xff, 0x08, 0x7c, 0xf0, 0xff, 0x10, 0x80, 0xe8, 0xff,
    0x08, 0x7c, 0xf0, 0xff, 0x10, 0x7c, 0xf0, 0xff, 0x08, 0x7c, 0xe8, 0xeb,
    0x08, 0x7c, 0xf0, 0x65, 0x48, 0x70, 0x48, 0x00, 0x50, 0x70, 0x48, 0x00,
    0x48, 0x70, 0x48, 0x00, 0x50, 0x70, 0x48, 0x00, 0x08, 0x80, 0xe8, 0x82,
    0x08, 0x7c, 0xf0, 0xeb, 0x10, 0x7c, 0xf0, 0xff, 0x08, 0x80, 0xe8, 0xff,
    0x08, 0x7c, 0xf0, 0xff, 0x10, 0x7c, 0xf0, 0xff, 0x08, 0x7c, 0xe8, 0xff,
    0x10, 0x80, 0xf0, 0xff, 0x08, 0x7c, 0xf0, 0xff, 0x10, 0x7c, 0xe8, 0xff,
    0x10, 0x7c, 0xe8, 0xeb, 0x48, 0x70, 0x48, 0x00, 0x48, 0x70, 0x48, 0x00,
    0x50, 0x70, 0x48, 0x00, 0x08, 0x7c, 0xe8, 0x0c, 0x10, 0x7c, 0xf0, 0xff,
    0x08, 0x7c, 0xf0, 0xff, 0x08, 0x80, 0xf0, 0xff, 0x08, 0x7c, 0xe8, 0xff,
    0x10, 0x7c, 0xf0, 0xff, 0x08, 0x80, 0xf0, 0xff, 0x08, 0x7c, 0xf0, 0xff,
    0x10, 0x7c, 0xf0, 0xff, 0x08, 0x80, 0xf0, 0xff, 0x08, 0x7c, 0xe8, 0xff,
    0x10, 0x7c, 0xf0, 0xff, 0x08, 0x80, 0xe8, 0xff, 0x08, 0x7c, 0xf0, 0xff,
    0x10, 0x7c, 0xf0, 0xff, 0x08, 0x7c, 0xe8, 0xff, 0x08, 0x7c, 0xf0, 0x86,
    0x10, 0x7c, 0xf0, 0x0c, 0x48, 0x70, 0x48, 0x00, 0x48, 0x70, 0x48, 0x00,
    0x50, 0x70, 0x48, 0x00, 0x08, 0x80, 0xe8, 0x49, 0x08, 0x7c, 0xf0, 0xe7,
    0x10, 0x7c, 0xf0, 0xff, 0x08, 0x7c, 0xe8, 0xff, 0x10, 0x80, 0xf0, 0xff,
    0x08, 0x7c, 0xf0, 0xff, 0x08, 0x7c, 0xf0, 0xff, 0x10, 0x7c, 0xf0, 0xff,
    0x08, 0x80, 0xf0, 0xff, 0x08, 0x7c, 0xf0, 0xff, 0x10, 0x7c, 0xe8, 0xff,
    0x08, 0x80, 0xf0, 0xff, 0x10, 0x7c, 0xf0, 0x69, 0x50, 0x70, 0x48, 0x00,
    0x48, 0x70, 0x48, 0x00, 0x50, 0x70, 0x48, 0x00, 0x48, 0x70, 0x48, 0x00,
    0x48, 0x70, 0x40, 0x00, 0x50, 0x70, 0x48, 0x00, 0x50, 0x70, 0x48, 0x00,
    0x48, 0x70, 0x40, 0x00, 0x50, 0x70, 0x48, 0x00, 0x50, 0x70, 0x48, 0x00,
    0x48, 0x70, 0x48, 0x00, 0x48, 0x70, 0x48, 0x00, 0x50, 0x70, 0x48, 0x00,
    0x48, 0x70, 0x48, 0x00, 0x50, 0x70, 0x48, 0x00, 0x48, 0x70, 0x48, 0x00,
    0x50, 0x70, 0x48, 0x00, 0x50, 0x70, 0x48, 0x00, 0x48, 0x70, 0x48, 0x00,
    0x48, 0x70, 0x40, 0x00, 0x50, 0x70, 0x48, 0x00, 0x50, 0x70, 0x48, 0x00,
    0x48, 0x70, 0x48, 0x00, 0x50, 0x70, 0x48, 0x00, 0x50, 0x70, 0x48, 0x00,
    0x48, 0x70, 0x48, 0x00, 0x50, 0x70, 0x48, 0x00, 0x50, 0x70, 0x48, 0x00,
    0x48, 0x70, 0x48, 0x00, 0x50, 0x70, 0x48, 0x00, 0x50, 0x70, 0x40, 0x00,
    0x48, 0x70, 0x48, 0x00, 0x48, 0x70, 0x48, 0x00, 0x08, 0x7c, 0xe8, 0x0c,
    0x10, 0x7c, 0xf0, 0x49, 0x08, 0x7c, 0xf0, 0xe7, 0x08, 0x80, 0xe8, 0xff,
    0x10, 0x7c, 0xf0, 0xff, 0x08, 0x80, 0xe8, 0xff, 0x10, 0x7c, 0xf0, 0xff,
    0x08, 0x7c, 0xf0, 0xff, 0x08, 0x7c, 0xf0, 0xff, 0x10, 0x7c, 0xf0, 0xff,
    0x08, 0x80, 0xf0, 0xff, 0x08, 0x7c, 0xf0, 0xff, 0x10, 0x7c, 0xf0, 0xff,
    0x08, 0x80, 0xf0, 0xff, 0x10, 0x7c, 0xf0, 0xff, 0x08, 0x7c, 0xf0, 0xff,
    0x08, 0x7c, 0xf0, 0xff, 0x08, 0x80, 0xf0, 0x49, 0x50, 0x70, 0x48, 0x00,
    0x48, 0x70, 0x48, 0x00, 0x48, 0x70, 0x48, 0x00, 0x10, 0x7c, 0xf0, 0xa6,
    0x08, 0x7c, 0xf0, 0xff, 0x08, 0x80, 0xf0, 0xff, 0x10, 0x80, 0xf0, 0xff,
    0x08, 0x7c, 0xf0, 0xff, 0x08, 0x7c, 0xe8, 0xff, 0x10, 0x80, 0xf0, 0xff,
    0x08, 0x7c, 0xf0, 0xff, 0x08, 0x7c, 0xe8, 0xff, 0x10, 0x7c, 0xf0, 0xff,
    0x08, 0x80, 0xf0, 0xff, 0x10, 0x7c, 0xf0, 0xff, 0x08, 0x7c, 0xf0, 0xff,
    0x10, 0x80, 0xf0, 0xff, 0x10, 0x7c, 0xe8, 0xff, 0x08, 0x7c, 0xf0, 0xeb,
    0x10, 0x80, 0xf0, 0x49, 0x50, 0x70, 0x48, 0x00, 0x48, 0x70, 0x40, 0x00,
    0x50, 0x70, 0x48, 0x00, 0x48, 0x70, 0x48, 0x00, 0x50, 0x70, 0x40, 0x00,
    0x50, 0x70, 0x48, 0x00, 0x50, 0x70, 0x48, 0x00, 0x50, 0x70, 0x48, 0x00,
    0x08, 0x7c, 0xf0, 0x28, 0x08, 0x7c, 0xf0, 0xc3, 0x10, 0x80, 0xf0, 0xeb,
    0x08, 0x7c, 0xe8, 0xff, 0x10, 0x7c, 0xf0, 0xff, 0x08, 0x80, 0xf0, 0xff,
    0x08, 0x7c, 0xf0, 0xff, 0x10, 0x7c, 0xf0, 0xff, 0x08, 0x7c, 0xe8, 0xff,
    0x10, 0x80, 0xf0, 0xff, 0x10, 0x7c, 0xf0, 0xeb, 0x08, 0x7c, 0xf0, 0x65,
    0x50, 0x70, 0x48, 0x00, 0x48, 0x70, 0x48, 0x00, 0x08, 0x7c, 0xe8, 0x0c,
    0x10, 0x7c, 0xf0, 0x69, 0x08, 0x80, 0xf0, 0xe7, 0x08, 0x7c, 0xf0, 0xff,
    0x10, 0x7c, 0xf0, 0xff, 0x08, 0x7c, 0xf0, 0xff, 0x08, 0x7c, 0xf0, 0xff,
    0x10, 0x80, 0xf0, 0xff, 0x08, 0x7c, 0xf0, 0xff, 0x08, 0x7c, 0xf0, 0xff,
    0x10, 0x80, 0xf0, 0xff, 0x08, 0x7c, 0xf0, 0xff, 0x08, 0x7c, 0xf0, 0xe7,
    0x50, 0x70, 0x48, 0x00, 0x50, 0x70, 0x48, 0x00, 0x48, 0x70, 0x48, 0x00,
    0x08, 0x80, 0xe8, 0x0c, 0x10, 0x7c, 0xf0, 0xff, 0x08, 0x7c, 0xf0, 0xff,
    0x10, 0x7c, 0xe8, 0xff, 0x10, 0x80, 0xf0, 0xff, 0x08, 0x7c, 0xf0, 0xff,
    0x08, 0x7c, 0xe8, 0xff, 0x10, 0x7c, 0xe8, 0xff, 0x08, 0x7c, 0xf0, 0xff,
    0x08, 0x7c, 0xf0, 0xff, 0x10, 0x80, 0xf0, 0xff, 0x08, 0x7c, 0xe8, 0xff,
    0x10, 0x7c, 0xf0, 0xff, 0x08, 0x7c, 0xf0, 0xff, 0x10, 0x80, 0xf0, 0xff,
    0x08, 0x7c, 0xf0, 0xff, 0x08, 0x80, 0xf0, 0x82, 0x10, 0x7c, 0xe8, 0x0c,
    0x48, 0x70, 0x48, 0x00, 0x08, 0x80, 0xe8, 0x0c, 0x08, 0x7c, 0xf0, 0x69,
    0x08, 0x7c, 0xf0, 0xeb, 0x10, 0x80, 0xe8, 0xff, 0x08, 0x7c, 0xf0, 0xff,
    0x08, 0x7c, 0xf0, 0xff, 0x10, 0x7c, 0xf0, 0xff, 0x08, 0x7c, 0xe8, 0xff,
    0x10, 0x7c, 0xe8, 0xff, 0x08, 0x7c, 0xf0, 0xff, 0x08, 0x7c, 0xf0, 0xff,
    0x10, 0x80, 0xe8, 0xff, 0x08, 0x7c, 0xf0, 0xff, 0x08, 0x7c, 0xf0, 0xff,
    0x08, 0x80, 0xe8, 0x65, 0x50, 0x70, 0x48, 0x00, 0x48, 0x70, 0x48, 0x00,
    0x50, 0x70, 0x48, 0x00, 0x50, 0x70, 0x48, 0x00, 0x48, 0x70, 0x48, 0x00,
    0x48, 0x70, 0x48, 0x00, 0x50, 0x70, 0x48, 0x00, 0x48, 0x70, 0x48, 0x00,
    0x48, 0x70, 0x48, 0x00, 0x50, 0x70, 0x48, 0x00, 0x50, 0x70, 0x48, 0x00,
    0x48, 0x70, 0x48, 0x00, 0x50, 0x70, 0x40, 0x00, 0x50, 0x70, 0x48, 0x00,
    0x48, 0x70, 0x48, 0x00, 0x48, 0x70, 0x40, 0x00, 0x50, 0x70, 0x48, 0x00,
    0x48, 0x70, 0x48, 0x00, 0x50, 0x70, 0x48, 0x00, 0x50, 0x70, 0x48, 0x00,
    0x48, 0x70, 0x48, 0x00, 0x48, 0x70, 0x48, 0x00, 0x48, 0x70, 0x40, 0x00,
    0x50, 0x70, 0x48, 0x00, 0x48, 0x70, 0x48, 0x00, 0x48, 0x70, 0x40, 0x00,
    0x50, 0x70, 0x48, 0x00, 0x48, 0x70, 0x48, 0x00, 0x48, 0x70, 0x48, 0x00,
    0x50, 0x70, 0x48, 0x00, 0x48, 0x70, 0x48, 0x00, 0x50, 0x70, 0x48, 0x00,
    0x50, 0x70, 0x48, 0x00, 0x08, 0x7c, 0xf0, 0x0c, 0x08, 0x7c, 0xf0, 0x82,
    0x10, 0x7c, 0xf0, 0xff, 0x08, 0x7c, 0xf0, 0xff, 0x08, 0x7c, 0xe8, 0xff,
    0x10, 0x80, 0xf0, 0xff, 0x08, 0x7c, 0xf0, 0xff, 0x08, 0x7c, 0xe8, 0xff,
    0x10, 0x80, 0xf0, 0xff, 0x08, 0x7c, 0xe8, 0xff, 0x08, 0x7c, 0xf0, 0xff,
    0x10, 0x7c, 0xe8, 0xff, 0x08, 0x7c, 0xf0, 0xff, 0x08, 0x80, 0xe8, 0xff,
    0x08, 0x7c, 0xe8, 0xff, 0x10, 0x7c, 0xf0, 0xff, 0x10, 0x7c, 0xf0, 0xff,
    0x08, 0x7c, 0xe8, 0x82, 0x50, 0x70, 0x48, 0x00, 0x48, 0x70, 0x48, 0x00,
    0x50, 0x70, 0x48, 0x00, 0x08, 0x7c, 0xe8, 0x82, 0x08, 0x7c, 0xf0, 0xff,
    0x10, 0x7c, 0xe8, 0xff, 0x10, 0x7c, 0xf0, 0xff, 0x08, 0x7c, 0xf0, 0xff,
    0x08, 0x80, 0xe8, 0xff, 0x10, 0x7c, 0xf0, 0xff, 0x08, 0x7c, 0xf0, 0xff,
    0x08, 0x7c, 0xe8, 0xff, 0x08, 0x80, 0xf0, 0xff, 0x10, 0x7c, 0xf0, 0xff,
    0x08, 0x7c, 0xe8, 0xff, 0x08, 0x7c, 0xf0, 0xff, 0x08, 0x7c, 0xf0, 0xff,
    0x10, 0x80, 0xe8, 0xff, 0x08, 0x7c, 0xf0, 0xff, 0x08, 0x7c, 0xf0, 0x49,
    0x50, 0x70, 0x48, 0x00, 0x48, 0x70, 0x48, 0x00, 0x50, 0x70, 0x48, 0x00,
    0x48, 0x70, 0x48, 0x00, 0x48, 0x70, 0x48, 0x00, 0x48, 0x70, 0x48, 0x00,
    0x50, 0x70, 0x48, 0x00, 0x48, 0x70, 0x48, 0x00, 0x50, 0x70, 0x48, 0x00,
    0x08, 0x7c, 0xf0, 0x0c, 0x08, 0x7c, 0xf0, 0x65, 0x10, 0x7c, 0xf0, 0xc7,
    0x08, 0x80, 0xe8, 0xe7, 0x08, 0x7c, 0xf0, 0xff, 0x10, 0x7c, 0xf0, 0xff,
    0x08, 0x7c, 0xe8, 0xff, 0x08, 0x80, 0xf0, 0xff, 0x08, 0x7c, 0xf0, 0xff,
    0x08, 0x7c, 0xe8, 0xe7, 0x10, 0x80, 0xf0, 0x69, 0x50, 0x70, 0x48, 0x00,
    0x48, 0x70, 0x48, 0x00, 0x08, 0x7c, 0xe8, 0x49, 0x10, 0x7c, 0xf0, 0xc3,
    0x08, 0x7c, 0xf0, 0xff, 0x10, 0x80, 0xe8, 0xff, 0x08, 0x7c, 0xf0, 0xff,
    0x10, 0x7c, 0xe8, 0xff, 0x08, 0x80, 0xf0, 0xff, 0x08, 0x7c, 0xe8, 0xff,
    0x10, 0x7c, 0xf0, 0xff, 0x08, 0x7c, 0xe8, 0xff, 0x08, 0x7c, 0xf0, 0xff,
    0x08, 0x80, 0xf0, 0xff, 0x08, 0x7c, 0xe8, 0xe7, 0x50, 0x70, 0x48, 0x00,
    0x50, 0x70, 0x48, 0x00, 0x48, 0x70, 0x48, 0x00, 0x08, 0x7c, 0xf0, 0x0c,
    0x10, 0x80, 0xf0, 0xff, 0x08, 0x7c, 0xe8, 0xff, 0x08, 0x7c, 0xf0, 0xff,
    0x10, 0x7c, 0xf0, 0xff, 0x08, 0x80, 0xf0, 0xff, 0x08, 0x7c, 0xf0, 0xff,
    0x10, 0x80, 0xf0, 0xff, 0x08, 0x7c, 0xe8, 0xff, 0x08, 0x7c, 0xf0, 0xff,
    0x10, 0x7c, 0xf0, 0xff, 0x08, 0x80, 0xf0, 0xff, 0x08, 0x7c, 0xf0, 0xff,
    0x10, 0x7c, 0xe8, 0xff, 0x08, 0x7c, 0xf0, 0xff, 0x10, 0x80, 0xf0, 0xff,
    0x08, 0x7c, 0xe8, 0x82, 0x08, 0x7c, 0xf0, 0x0c, 0x50, 0x70, 0x48, 0x00,
    0x10, 0x7c, 0xf0, 0x49, 0x08, 0x7c, 0xf0, 0xc3, 0x10, 0x7c, 0xf0, 0xff,
    0x08, 0x7c, 0xe8, 0xff, 0x08, 0x80, 0xf0, 0xff, 0x10, 0x7c, 0xf0, 0xff,
    0x08, 0x7c, 0xf0, 0xff, 0x08, 0x80, 0xf0, 0xff, 0x10, 0x80, 0xf0, 0xff,
    0x08, 0x7c, 0xf0, 0xff, 0x10, 0x7c, 0xe8, 0xff, 0x08, 0x7c, 0xf0, 0xff,
    0x08, 0x7c, 0xf0, 0xff, 0x10, 0x7c, 0xf0, 0xff, 0x08, 0x7c, 0xe8, 0x69,
    0x48, 0x70, 0x48, 0x00, 0x50, 0x70, 0x48, 0x00, 0x48, 0x70, 0x40, 0x00,
    0x50, 0x70, 0x48, 0x00, 0x50, 0x70, 0x48, 0x00, 0x48, 0x70, 0x48, 0x00,
    0x50, 0x70, 0x48, 0x00, 0x50, 0x70, 0x48, 0x00, 0x48, 0x70, 0x48, 0x00,
    0x48, 0x70, 0x40, 0x00, 0x50, 0x70, 0x48, 0x00, 0x48, 0x70, 0x48, 0x00,
    0x48, 0x70, 0x48, 0x00, 0x50, 0x70, 0x48, 0x00, 0x48, 0x70, 0x48, 0x00,
    0x50, 0x70, 0x48, 0x00, 0x48, 0x70, 0x48, 0x00, 0x48, 0x70, 0x48, 0x00,
    0x50, 0x70, 0x48, 0x00, 0x48, 0x70, 0x48, 0x00, 0x50, 0x70, 0x48, 0x00,
    0x50, 0x70, 0x48, 0x00, 0x48, 0x70, 0x48, 0x00, 0x50, 0x70, 0x48, 0x00,
    0x50, 0x70, 0x48, 0x00, 0x48, 0x70, 0x48, 0x00, 0x50, 0x70, 0x48, 0x00,
    0x50, 0x70, 0x48, 0x00, 0x48, 0x70, 0x40, 0x00, 0x50, 0x70, 0x48, 0x00,
    0x48, 0x70, 0x48, 0x00, 0x50, 0x70, 0x48, 0x00, 0x50, 0x70, 0x48, 0x00,
    0x08, 0x7c, 0xe8, 0x0c, 0x08, 0x80, 0xf0, 0xa2, 0x10, 0x7c, 0xf0, 0xff,
    0x08, 0x7c, 0xf0, 0xff, 0x08, 0x80, 0xf0, 0xff, 0x10, 0x7c, 0xf0, 0xff,
    0x08, 0x7c, 0xf0, 0xff, 0x08, 0x7c, 0xe8, 0xff, 0x10, 0x80, 0xf0, 0xff,
    0x08, 0x7c, 0xf0, 0xff, 0x08, 0x7c, 0xe8, 0xff, 0x10, 0x80, 0xf0, 0xff,
    0x08, 0x7c, 0xf0, 0xff, 0x08, 0x7c, 0xf0, 0xff, 0x10, 0x80, 0xf0, 0xff,
    0x08, 0x7c, 0xf0, 0xff, 0x08, 0x80, 0xe8, 0xff, 0x10, 0x7c, 0xf0, 0xa2,
    0x48, 0x70, 0x48, 0x00, 0x50, 0x70, 0x48, 0x00, 0x50, 0x70, 0x48, 0x00,
    0x08, 0x80, 0xf0, 0x49, 0x08, 0x7c, 0xe8, 0xff, 0x10, 0x7c, 0xf0, 0xff,
    0x08, 0x7c, 0xf0, 0xff, 0x08, 0x80, 0xf0, 0xff, 0x10, 0x7c, 0xf0, 0xff,
    0x08, 0x7c, 0xf0, 0xff, 0x10, 0x7c, 0xf0, 0xff, 0x08, 0x80, 0xf0, 0xff,
    0x10, 0x7c, 0xf0, 0xff, 0x08, 0x7c, 0xe8, 0xff, 0x08, 0x7c, 0xf0, 0xff,
    0x10, 0x80, 0xf0, 0xff, 0x08, 0x7c, 0xf0, 0xff, 0x08, 0x7c, 0xf0, 0xff,
    0x08, 0x7c, 0xe8, 0xff, 0x08, 0x7c, 0xf0, 0x82, 0x08, 0x80, 0xe8, 0x0c,
    0x50, 0x70, 0x48, 0x00, 0x50, 0x70, 0x48, 0x00, 0x48, 0x70, 0x48, 0x00,
    0x50, 0x70, 0x48, 0x00, 0x48, 0x70, 0x48, 0x00, 0x48, 0x70, 0x48, 0x00,
    0x50, 0x70, 0x40, 0x00, 0x50, 0x70, 0x48, 0x00, 0x50, 0x70, 0x48, 0x00,
    0x48, 0x70, 0x48, 0x00, 0x08, 0x7c, 0xe8, 0x28, 0x10, 0x7c, 0xf0, 0x49,
    0x08, 0x80, 0xf0, 0xa6, 0x10, 0x7c, 0xe8, 0xe7, 0x08, 0x7c, 0xf0, 0xff,
    0x10, 0x7c, 0xf0, 0xff, 0x08, 0x7c, 0xf0, 0xff, 0x08, 0x7c, 0xf0, 0xeb,
    0x08, 0x7c, 0xe8, 0x65, 0x50, 0x70, 0x48, 0x00, 0x08, 0x80, 0xf0, 0x28,
    0x10, 0x7c, 0xf0, 0xc7, 0x08, 0x7c, 0xf0, 0xff, 0x08, 0x80, 0xe8, 0xff,
    0x10, 0x7c, 0xf0, 0xff, 0x08, 0x7c, 0xf0, 0xff, 0x08, 0x80, 0xf0, 0xff,
    0x10, 0x7c, 0xe8, 0xff, 0x08, 0x7c, 0xf0, 0xff, 0x10, 0x80, 0xf0, 0xff,
    0x10, 0x7c, 0xf0, 0xff, 0x08, 0x7c, 0xe8, 0xff, 0x10, 0x7c, 0xf0, 0xff,
    0x08, 0x80, 0xf0, 0xeb, 0x50, 0x70, 0x48, 0x00, 0x48, 0x70, 0x48, 0x00,
    0x50, 0x70, 0x48, 0x00, 0x08, 0x7c, 0xe8, 0x0c, 0x08, 0x7c, 0xf0, 0xff,
    0x10, 0x80, 0xf0, 0xff, 0x08, 0x7c, 0xf0, 0xff, 0x08, 0x7c, 0xe8, 0xff,
    0x10, 0x7c, 0xf0, 0xff, 0x08, 0x7c, 0xf0, 0xff, 0x08, 0x7c, 0xf0, 0xff,
    0x10, 0x80, 0xf0, 0xff, 0x08, 0x7c, 0xe8, 0xff, 0x08, 0x7c, 0xf0, 0xff,
    0x10, 0x7c, 0xf0, 0xff, 0x08, 0x80, 0xe8, 0xff, 0x08, 0x7c, 0xf0, 0xff,
    0x08, 0x7c, 0xf0, 0xff, 0x10, 0x7c, 0xe8, 0xff, 0x08, 0x7c, 0xf0, 0x82,
    0x08, 0x80, 0xf0, 0x0c, 0x10, 0x7c, 0xf0, 0x49, 0x08, 0x7c, 0xe8, 0xc7,
    0x08, 0x80, 0xf0, 0xff, 0x10, 0x7c, 0xf0, 0xff, 0x08, 0x7c, 0xf0, 0xff,
    0x10, 0x7c, 0xe8, 0xff, 0x08, 0x80, 0xf0, 0xff, 0x08, 0x7c, 0xe8, 0xff,
    0x10, 0x7c, 0xf0, 0xff, 0x08, 0x7c, 0xf0, 0xff, 0x08, 0x80, 0xf0, 0xff,
    0x10, 0x7c, 0xf0, 0xff, 0x08, 0x80, 0xf0, 0xff, 0x10, 0x7c, 0xf0, 0xff,
    0x10, 0x80, 0xf0, 0xff, 0x08, 0x7c, 0xf0, 0x65, 0x50, 0x70, 0x48, 0x00,
    0x50, 0x70, 0x48, 0x00, 0x48, 0x70, 0x48, 0x00, 0x48, 0x70, 0x48, 0x00,
    0x50, 0x70, 0x48, 0x00, 0x48, 0x70, 0x40, 0x00, 0x48, 0x70, 0x48, 0x00,
    0x50, 0x70, 0x48, 0x00, 0x50, 0x70, 0x48, 0x00, 0x48, 0x70, 0x48, 0x00,
    0x50, 0x70, 0x48, 0x00, 0x50, 0x70, 0x48, 0x00, 0x48, 0x70, 0x48, 0x00,
    0x50, 0x70, 0x48, 0x00, 0x50, 0x70, 0x48, 0x00, 0x48, 0x70, 0x48, 0x00,
    0x50, 0x70, 0x48, 0x00, 0x50, 0x70, 0x48, 0x00, 0x48, 0x70, 0x48, 0x00,
    0x48, 0x70, 0x40, 0x00, 0x50, 0x70, 0x48, 0x00, 0x50, 0x70, 0x48, 0x00,
    0x48, 0x70, 0x48, 0x00, 0x48, 0x70, 0x48, 0x00, 0x50, 0x70, 0x48, 0x00,
    0x48, 0x70, 0x48, 0x00, 0x48, 0x70, 0x48, 0x00, 0x50, 0x70, 0x48, 0x00,
    0x50, 0x70, 0x48, 0x00, 0x48, 0x70, 0x48, 0x00, 0x48, 0x70, 0x48, 0x00,
    0x48, 0x70, 0x48, 0x00, 0x50, 0x70, 0x48, 0x00, 0x08, 0x7c, 0xe8, 0x28,
    0x10, 0x7c, 0xf0, 0xa6, 0x08, 0x80, 0xe8, 0xc7, 0x10, 0x7c, 0xe8, 0xc3,
    0x08, 0x7c, 0xf0, 0xc7, 0x10, 0x7c, 0xf0, 0xc7, 0x08, 0x7c, 0xe8, 0xc3,
    0x10, 0x80, 0xf0, 0xc7, 0x08, 0x7c, 0xf0, 0xc7, 0x10, 0x7c, 0xf0, 0xc3,
    0x08, 0x7c, 0xf0, 0xc7, 0x10, 0x80, 0xf0, 0xc7, 0x08, 0x7c, 0xf0, 0xc3,
    0x10, 0x7c, 0xe8, 0xc7, 0x08, 0x7c, 0xf0, 0xc3, 0x08, 0x7c, 0xf0, 0xc7,
    0x08, 0x7c, 0xf0, 0xc7, 0x08, 0x80, 0xf0, 0xa2, 0x50, 0x70, 0x48, 0x00,
    0x48, 0x70, 0x40, 0x00, 0x50, 0x70, 0x48, 0x00, 0x08, 0x7c, 0xf0, 0x0c,
    0x08, 0x80, 0xf0, 0xa2, 0x10, 0x7c, 0xf0, 0xc7, 0x08, 0x7c, 0xe8, 0xc3,
    0x08, 0x7c, 0xf0, 0xc7, 0x10, 0x7c, 0xe8, 0xc3, 0x08, 0x80, 0xf0, 0xc7,
    0x08, 0x7c, 0xe8, 0xc3, 0x10, 0x7c, 0xf0, 0xc7, 0x08, 0x7c, 0xf0, 0xc3,
    0x08, 0x7c, 0xf0, 0xc7, 0x10, 0x80, 0xe8, 0xc3, 0x10, 0x7c, 0xf0, 0xc7,
    0x08, 0x7c, 0xf0, 0xc3, 0x10, 0x80, 0xe8, 0xc3, 0x10, 0x7c, 0xf0, 0xc7,
    0x08, 0x7c, 0xf0, 0x82, 0x08, 0x7c, 0xf0, 0x0c, 0x50, 0x70, 0x48, 0x00,
    0x48, 0x70, 0x48, 0x00, 0x50, 0x70, 0x40, 0x00, 0x50, 0x70, 0x48, 0x00,
    0x50, 0x70, 0x48, 0x00, 0x48, 0x70, 0x48, 0x00, 0x48, 0x70, 0x48, 0x00,
    0x50, 0x70, 0x48, 0x00, 0x48, 0x70, 0x48, 0x00, 0x50, 0x70, 0x48, 0x00,
    0x50, 0x70, 0x48, 0x00, 0x48, 0x70, 0x48, 0x00, 0x08, 0x7c, 0xf0, 0x0c,
    0x08, 0x80, 0xf0, 0x28, 0x10, 0x7c, 0xf0, 0x28, 0x08, 0x80, 0xe8, 0x69,
    0x10, 0x7c, 0xf0, 0x82, 0x10, 0x80, 0xf0, 0xc3, 0x08, 0x7c, 0xf0, 0x69,
    0x50, 0x70, 0x48, 0x00, 0x08, 0x7c, 0xe8, 0x82, 0x08, 0x80, 0xf0, 0xc3,
    0x10, 0x7c, 0xf0, 0xc7, 0x08, 0x7c, 0xf0, 0xc3, 0x08, 0x7c, 0xf0, 0xc7,
    0x10, 0x7c, 0xf0, 0xc3, 0x08, 0x7c, 0xf0, 0xc3, 0x08, 0x7c, 0xf0, 0xc7,
    0x10, 0x7c, 0xf0, 0xc3, 0x08, 0x80, 0xf0, 0xc3, 0x08, 0x7c, 0xf0, 0xc7,
    0x10, 0x7c, 0xf0, 0xc3, 0x08, 0x7c, 0xe8, 0xc7, 0x08, 0x7c, 0xf0, 0xa2,
    0x50, 0x70, 0x48, 0x00, 0x48, 0x70, 0x48, 0x00, 0x50, 0x70, 0x48, 0x00,
    0x50, 0x70, 0x48, 0x00, 0x08, 0x7c, 0xe8, 0xc7, 0x08, 0x7c, 0xf0, 0xc3,
    0x10, 0x80, 0xf0, 0xc7, 0x08, 0x7c, 0xe8, 0xc7, 0x08, 0x7c, 0xf0, 0xc3,
    0x10, 0x80, 0xe8, 0xc7, 0x08, 0x7c, 0xf0, 0xc7, 0x10, 0x7c, 0xf0, 0xc3,
    0x08, 0x80, 0xf0, 0xc7, 0x10, 0x7c, 0xe8, 0xc7, 0x08, 0x7c, 0xf0, 0xc3,
    0x10, 0x7c, 0xf0, 0xc7, 0x08, 0x80, 0xf0, 0xc7, 0x10, 0x7c, 0xf0, 0xc3,
    0x08, 0x7c, 0xf0, 0xc7, 0x10, 0x80, 0xf0, 0x49, 0x50, 0x70, 0x48, 0x00,
    0x08, 0x7c, 0xe8, 0x28, 0x08, 0x7c, 0xf0, 0x65, 0x10, 0x80, 0xf0, 0x69,
    0x08, 0x7c, 0xe8, 0x49, 0x08, 0x7c, 0xf0, 0x65, 0x10, 0x7c, 0xf0, 0x65,
    0x08, 0x7c, 0xf0, 0x49, 0x10, 0x80, 0xf0, 0x65, 0x08, 0x7c, 0xe8, 0x65,
    0x08, 0x7c, 0xf0, 0x49, 0x10, 0x7c, 0xe8, 0x65, 0x08, 0x7c, 0xf0, 0x69,
    0x08, 0x7c, 0xe8, 0x49, 0x08, 0x80, 0xe8, 0x65, 0x08, 0x7c, 0xf0, 0x69,
    0x08, 0x7c, 0xf0, 0x28, 0x50, 0x70, 0x48, 0x00, 0x48, 0x70, 0x48, 0x00,
    0x48, 0x70, 0x48, 0x00, 0x50, 0x70, 0x48, 0x00, 0x50, 0x70, 0x48, 0x00,
    0x48, 0x70, 0x48, 0x00, 0x48, 0x70, 0x48, 0x00, 0x50, 0x70, 0x48, 0x00,
    0x48, 0x70, 0x40, 0x00, 0x48, 0x70, 0x48, 0x00, 0x50, 0x70, 0x48, 0x00,
    0x48, 0x70, 0x40, 0x00, 0x48, 0x70, 0x48, 0x00, 0x50, 0x70, 0x48, 0x00,
    0x48, 0x70, 0x40, 0x00, 0x48, 0x70, 0x48, 0x00, 0x50, 0x70, 0x48, 0x00,
    0x48, 0x70, 0x48, 0x00, 0x50, 0x70, 0x48, 0x00, 0x48, 0x70, 0x48, 0x00,
    0x48, 0x70, 0x48, 0x00, 0x50, 0x70, 0x48, 0x00, 0x48, 0x70, 0x40, 0x00,
    0x50, 0x70, 0x48, 0x00, 0x50, 0x70, 0x48, 0x00, 0x48, 0x70, 0x40, 0x00,
    0x48, 0x70, 0x48, 0x00, 0x50, 0x70, 0x48, 0x00, 0x48, 0x70, 0x48, 0x00,
    0x50, 0x70, 0x40, 0x00, 0x50, 0x70, 0x48, 0x00, 0x48, 0x70, 0x48, 0x00,
    0x50, 0x70, 0x48, 0x00, 0x50, 0x70, 0x48, 0x00, 0x48, 0x70, 0x48, 0x00,
    0x50, 0x70, 0x48, 0x00, 0x50, 0x70, 0x48, 0x00, 0x48, 0x70, 0x48, 0x00,
    0x50, 0x70, 0x48, 0x00, 0x50, 0x70, 0x48, 0x00, 0x48, 0x70, 0x48, 0x00,
    0x50, 0x70, 0x48, 0x00, 0x50, 0x70, 0x48, 0x00, 0x48, 0x70, 0x48, 0x00,
    0x50, 0x70, 0x48, 0x00, 0x50, 0x70, 0x48, 0x00, 0x48, 0x70, 0x48, 0x00,
    0x50, 0x70, 0x48, 0x00, 0x50, 0x70, 0x48, 0x00, 0x50, 0x70, 0x48, 0x00,
    0x50, 0x70, 0x48, 0x00, 0x48, 0x70, 0x48, 0x00, 0x48, 0x70, 0x48, 0x00,
    0x50, 0x70, 0x48, 0x00, 0x50, 0x70, 0x48, 0x00, 0x48, 0x70, 0x48, 0x00,
    0x50, 0x70, 0x48, 0x00, 0x50, 0x70, 0x48, 0x00, 0x48, 0x70, 0x48, 0x00,
    0x50, 0x70, 0x48, 0x00, 0x50, 0x70, 0x48, 0x00, 0x48, 0x70, 0x48, 0x00,
    0x50, 0x70, 0x48, 0x00, 0x50, 0x70, 0x48, 0x00, 0x48, 0x70, 0x48, 0x00,
    0x50, 0x70, 0x48, 0x00, 0x48, 0x70, 0x48, 0x00, 0x48, 0x70, 0x48, 0x00,
    0x50, 0x70, 0x48, 0x00, 0x50, 0x70, 0x48, 0x00, 0x50, 0x70, 0x48, 0x00,
    0x50, 0x70, 0x48, 0x00, 0x48, 0x70, 0x48, 0x00, 0x48, 0x70, 0x48, 0x00,
    0x48, 0x70, 0x48, 0x00, 0x50, 0x70, 0x48, 0x00, 0x48, 0x70, 0x48, 0x00,
    0x50, 0x70, 0x40, 0x00, 0x50, 0x70, 0x48, 0x00, 0x48, 0x70, 0x48, 0x00,
    0x48, 0x70, 0x40, 0x00, 0x50, 0x70, 0x48, 0x00, 0x50, 0x70, 0x48, 0x00,
    0x48, 0x70, 0x48, 0x00, 0x50, 0x70, 0x48, 0x00, 0x50, 0x70, 0x48, 0x00,
    0x48, 0x70, 0x48, 0x00, 0x50, 0x70, 0x48, 0x00, 0x48, 0x70, 0x48, 0x00,
    0x50, 0x70, 0x48, 0x00, 0x48, 0x70, 0x48, 0x00, 0x50, 0x70, 0x48, 0x00,
    0x50, 0x70, 0x48, 0x00, 0x48, 0x70, 0x48, 0x00, 0x50, 0x70, 0x48, 0x00,
    0x50, 0x70, 0x48, 0x00, 0x48, 0x70, 0x40, 0x00, 0x50, 0x70, 0x48, 0x00,
    0x50, 0x70, 0x48, 0x00, 0x48, 0x70, 0x48, 0x00, 0x50, 0x70, 0x48, 0x00,
    0x48, 0x70, 0x40, 0x00, 0x50, 0x70, 0x48, 0x00, 0x50, 0x70, 0x48, 0x00,
    0x48, 0x70, 0x48, 0x00, 0x50, 0x70, 0x48, 0x00, 0x50, 0x70, 0x48, 0x00,
    0x48, 0x70, 0x40, 0x00, 0x48, 0x70, 0x48, 0x00, 0x50, 0x70, 0x48, 0x00,
    0x50, 0x70, 0x48, 0x00, 0x48, 0x70, 0x48, 0x00, 0x50, 0x70, 0x48, 0x00,
    0x50, 0x70, 0x48, 0x00, 0x50, 0x70, 0x48, 0x00, 0x48, 0x70, 0x48, 0x00,
    0x50, 0x70, 0x48, 0x00, 0x50, 0x70, 0x48, 0x00, 0x48, 0x70, 0x48, 0x00,
    0x50, 0x70, 0x48, 0x00, 0x50, 0x70, 0x48, 0x00, 0x48, 0x70, 0x48, 0x00,
    0x50, 0x70, 0x48, 0x00, 0x50, 0x70, 0x48, 0x00, 0x48, 0x70, 0x48, 0x00,
    0x48, 0x70, 0x48, 0x00, 0x50, 0x70, 0x48, 0x00, 0x50, 0x70, 0x48, 0x00,
    0x50, 0x70, 0x48, 0x00, 0x50, 0x70, 0x48, 0x00, 0x48, 0x70, 0x48, 0x00,
    0x50, 0x70, 0x48, 0x00, 0x50, 0x70, 0x48, 0x00, 0x48, 0x70, 0x48, 0x00,
    0x50, 0x70, 0x48, 0x00, 0x50, 0x70, 0x48, 0x00, 0x50, 0x70, 0x48, 0x00,
    0x50, 0x70, 0x48, 0x00, 0x50, 0x70, 0x48, 0x00, 0x50, 0x70, 0x48, 0x00,
    0x50, 0x70, 0x48, 0x00, 0x48, 0x70, 0x48, 0x00, 0x50, 0x70, 0x48, 0x00,
    0x50, 0x70, 0x40, 0x00, 0x48, 0x70, 0x48, 0x00, 0x50, 0x70, 0x48, 0x00,
    0x50, 0x70, 0x40, 0x00, 0x48, 0x70, 0x48, 0x00, 0x50, 0x70, 0x48, 0x00,
    0x50, 0x70, 0x48, 0x00, 0x48, 0x70, 0x48, 0x00, 0x50, 0x70, 0x48, 0x00,
    0x50, 0x70, 0x48, 0x00, 0x48, 0x70, 0x48, 0x00, 0x50, 0x70, 0x48, 0x00,
    0x50, 0x70, 0x48, 0x00, 0x48, 0x70, 0x48, 0x00, 0x50, 0x70, 0x48, 0x00,
    0x48, 0x70, 0x48, 0x00, 0x48, 0x70, 0x48, 0x00, 0x50, 0x70, 0x48, 0x00,
    0x50, 0x70, 0x48, 0x00, 0x48, 0x70, 0x48, 0x00, 0x50, 0x70, 0x48, 0x00,
    0x48, 0x70, 0x48, 0x00, 0x50, 0x70, 0x48, 0x00, 0x48, 0x70, 0x48, 0x00,
    0x50, 0x70, 0x48, 0x00, 0x50, 0x70, 0x48, 0x00, 0x48, 0x70, 0x48, 0x00,
    0x50, 0x70, 0x48, 0x00, 0x48, 0x70, 0x48, 0x00, 0x48, 0x70, 0x48, 0x00,
    0x50, 0x70, 0x48, 0x00, 0x48, 0x70, 0x48, 0x00, 0x48, 0x70, 0x48, 0x00,
    0x50, 0x70, 0x48, 0x00, 0x48, 0x70, 0x48, 0x00, 0x48, 0x70, 0x48, 0x00,
    0x50, 0x70, 0x48, 0x00, 0x48, 0x70, 0x48, 0x00, 0x48, 0x70, 0x48, 0x00,
    0x50, 0x70, 0x48, 0x00, 0x48, 0x70, 0x48, 0x00, 0x48, 0x70, 0x48, 0x00,
    0x50, 0x70, 0x40, 0x00, 0x48, 0x70, 0x48, 0x00, 0x48, 0x70, 0x48, 0x00,
    0x50, 0x70, 0x48, 0x00, 0x48, 0x70, 0x48, 0x00, 0x50, 0x70, 0x48, 0x00,
    0x48, 0x70, 0x40, 0x00, 0x50, 0x70, 0x48, 0x00, 0x50, 0x70, 0x48, 0x00,
    0x48, 0x70, 0x40, 0x00, 0x50, 0x70, 0x48, 0x00, 0x48, 0x70, 0x48, 0x00,
    0x50, 0x70, 0x48, 0x00, 0x48, 0x70, 0x40, 0x00, 0x48, 0x70, 0x48, 0x00,
    0x50, 0x70, 0x48, 0x00, 0x48, 0x70, 0x48, 0x00, 0x48, 0x70, 0x48, 0x00,
    0x50, 0x70, 0x48, 0x00, 0x48, 0x70, 0x48, 0x00, 0x50, 0x70, 0x48, 0x00,
    0x48, 0x70, 0x48, 0x00, 0x50, 0x70, 0x48, 0x00, 0x48, 0x70, 0x48, 0x00,
    0x50, 0x70, 0x48, 0x00, 0x48, 0x70, 0x48, 0x00, 0x48, 0x70, 0x48, 0x00,
    0x48, 0x70, 0x48, 0x00, 0x50, 0x70, 0x40, 0x00, 0x48, 0x70, 0x48, 0x00,
    0x50, 0x70, 0x48, 0x00, 0x50, 0x70, 0x40, 0x00, 0x48, 0x70, 0x48, 0x00,
    0x48, 0x70, 0x48, 0x00, 0x50, 0x70, 0x48, 0x00, 0x48, 0x70, 0x48, 0x00,
    0x50, 0x70, 0x48, 0x00, 0x48, 0x70, 0x48, 0x00, 0x50, 0x70, 0x48, 0x00,
    0x48, 0x70, 0x48, 0x00, 0x48, 0x70, 0x48, 0x00, 0x50, 0x70, 0x40, 0x00,
    0x50, 0x70, 0x48, 0x00, 0x48, 0x70, 0x48, 0x00, 0x50, 0x70, 0x48, 0x00,
    0x48, 0x70, 0x48, 0x00, 0x50, 0x70, 0x48, 0x00, 0x48, 0x70, 0x40, 0x00,
    0x48, 0x70, 0x48, 0x00, 0x50, 0x70, 0x48, 0x00, 0x48, 0x70, 0x48, 0x00,
    0x48, 0x70, 0x40, 0x00, 0x50, 0x70, 0x48, 0x00, 0x50, 0x70, 0x48, 0x00,
    0x48, 0x70, 0x48, 0x00, 0x50, 0x70, 0x48, 0x00, 0x48, 0x70, 0x40, 0x00,
    0x50, 0x70, 0x48, 0x00, 0x48, 0x70, 0x48, 0x00, 0x50, 0x70, 0x48, 0x00,
    0x48, 0x70, 0x48, 0x00, 0x48, 0x70, 0x48, 0x00, 0x50, 0x70, 0x48, 0x00,
    0x48, 0x70, 0x48, 0x00, 0x50, 0x70, 0x48, 0x00, 0x48, 0x70, 0x48, 0x00,
    0x48, 0x70, 0x48, 0x00, 0x50, 0x70, 0x48, 0x00, 0x48, 0x70, 0x48, 0x00,
    0x50, 0x70, 0x48, 0x00, 0x48, 0x70, 0x48, 0x00, 0x48, 0x70, 0x48, 0x00,
    0x50, 0x70, 0x48, 0x00, 0x48, 0x70, 0x48, 0x00, 0x48, 0x70, 0x48, 0x00,
    0x50, 0x70, 0x48, 0x00, 0x48, 0x70, 0x48, 0x00, 0x48, 0x70, 0x48, 0x00,
    0x50, 0x70, 0x48, 0x00, 0x48, 0x70, 0x40, 0x00, 0x48, 0x70, 0x48, 0x00,
    0x50, 0x70, 0x48, 0x00, 0x48, 0x70, 0x40, 0x00, 0x48, 0x70, 0x48, 0x00,
    0x50, 0x70, 0x48, 0x00, 0x48, 0x70, 0x48, 0x00, 0x48, 0x70, 0x48, 0x00,
    0x48, 0x70, 0x48, 0x00, 0x50, 0x70, 0x48, 0x00, 0x48, 0x70, 0x48, 0x00,
    0x48, 0x70, 0x48, 0x00, 0x50, 0x70, 0x40, 0x00, 0x48, 0x70, 0x48, 0x00,
    0x48, 0x70, 0x48, 0x00, 0x48, 0x70, 0x48, 0x00, 0x48, 0x70, 0x48, 0x00,
    0x48, 0x70, 0x48, 0x00, 0x50, 0x70, 0x48, 0x00, 0x48, 0x70, 0x48, 0x00,
    0x50, 0x70, 0x48, 0x00, 0x48, 0x70, 0x48, 0x00, 0x48, 0x70, 0x48, 0x00,
    0x50, 0x70, 0x48, 0x00, 0x48, 0x70, 0x48, 0x00, 0x48, 0x70, 0x48, 0x00,
    0x48, 0x70, 0x48, 0x00, 0x50, 0x70, 0x48, 0x00, 0x48, 0x70, 0x40, 0x00,
    0x48, 0x70, 0x48, 0x00, 0x50, 0x70, 0x48, 0x00, 0x48, 0x70, 0x48, 0x00,
    0x48, 0x70, 0x48, 0x00, 0x50, 0x70, 0x48, 0x00, 0x48, 0x70, 0x48, 0x00,
    0x50, 0x70, 0x48, 0x00, 0x50, 0x70, 0x48, 0x00, 0x50, 0x70, 0x48, 0x00,
    0x48, 0x70, 0x48, 0x00, 0x48, 0x70, 0x48, 0x00, 0x48, 0x70, 0x48, 0x00,
    0x50, 0x70, 0x40, 0x00, 0x50, 0x70, 0x48, 0x00, 0x48, 0x70, 0x48, 0x00,
    0x48, 0x70, 0x48, 0x00, 0x50, 0x70, 0x40, 0x00, 0x48, 0x70, 0x48, 0x00,
    0x48, 0x70, 0x48, 0x00, 0x50, 0x70, 0x40, 0x00, 0x50, 0x70, 0x48, 0x00,
    0x48, 0x70, 0x48, 0x00, 0x50, 0x70, 0x48, 0x00, 0x50, 0x70, 0x40, 0x00,
    0x48, 0x70, 0x48, 0x00, 0x50, 0x70, 0x48, 0x00, 0x50, 0x70, 0x40, 0x00,
    0x48, 0x70, 0x48, 0x00, 0x50, 0x70, 0x48, 0x00, 0x48, 0x70, 0x48, 0x00,
    0x50, 0x70, 0x48, 0x00, 0x48, 0x70, 0x40, 0x00, 0x50, 0x70, 0x48, 0x00,
    0x50, 0x70, 0x48, 0x00, 0x48, 0x70, 0x48, 0x00, 0x50, 0x70, 0x48, 0x00,
    0x48, 0x70, 0x48, 0x00, 0x50, 0x70, 0x48, 0x00, 0x48, 0x70, 0x40, 0x00,
    0x50, 0x70, 0x48, 0x00, 0x48, 0x70, 0x48, 0x00, 0x48, 0x70, 0x48, 0x00,
    0x48, 0x70, 0x48, 0x00, 0x48, 0x70, 0x48, 0x00, 0x50, 0x70, 0x48, 0x00,
    0x48, 0x70, 0x48, 0x00, 0x50, 0x70, 0x48, 0x00, 0x48, 0x70, 0x48, 0x00,
    0x50, 0x70, 0x48, 0x00, 0x50, 0x70, 0x48, 0x00, 0x48, 0x70, 0x48, 0x00,
    0x50, 0x70, 0x48, 0x00, 0x50, 0x70, 0x40, 0x00, 0x48, 0x70, 0x48, 0x00,
    0x50, 0x70, 0x48, 0x00, 0x48, 0x70, 0x40, 0x00, 0x50, 0x70, 0x48, 0x00,
    0x48, 0x70, 0x48, 0x00, 0x50, 0x70, 0x40, 0x00, 0x50, 0x70, 0x48, 0x00,
    0x50, 0x70, 0x48, 0x00, 0x48, 0x70, 0x48, 0x00, 0x50, 0x70, 0x48, 0x00,
    0x48, 0x70, 0x48, 0x00, 0x48, 0x70, 0x48, 0x00, 0x50, 0x70, 0x48, 0x00,
    0x50, 0x70, 0x48, 0x00, 0x48, 0x70, 0x48, 0x00, 0x50, 0x70, 0x48, 0x00,
    0x50, 0x70, 0x48, 0x00, 0x48, 0x70, 0x48, 0x00, 0x48, 0x70, 0x48, 0x00,
    0x50, 0x70, 0x48, 0x00, 0x50, 0x70, 0x48, 0x00, 0x48, 0x70, 0x48, 0x00,
    0x48, 0x70, 0x48, 0x00, 0x50, 0x70, 0x48, 0x00, 0x48, 0x70, 0x48, 0x00,
    0x48, 0x70, 0x40, 0x00, 0x50, 0x70, 0x48, 0x00, 0x48, 0x70, 0x48, 0x00,
    0x50, 0x70, 0x48, 0x00, 0x50, 0x70, 0x48, 0x00, 0x48, 0x70, 0x48, 0x00,
    0x50, 0x70, 0x48, 0x00, 0x50, 0x70, 0x48, 0x00, 0x48, 0x70, 0x48, 0x00,
    0x48, 0x70, 0x48, 0x00, 0x50, 0x70, 0x48, 0x00, 0x48, 0x70, 0x48, 0x00,
    0x48, 0x70, 0x48, 0x00, 0x50, 0x70, 0x48, 0x00, 0x48, 0x70, 0x48, 0x00,
    0x50, 0x70, 0x48, 0x00, 0x50, 0x70, 0x48, 0x00, 0x48, 0x70, 0x48, 0x00,
    0x50, 0x70, 0x40, 0x00, 0x48, 0x70, 0x48, 0x00, 0x48, 0x70, 0x48, 0x00,
    0x50, 0x70, 0x48, 0x00, 0x50, 0x70, 0x48, 0x00, 0x50, 0x70, 0x48, 0x00,
    0x48, 0x70, 0x48, 0x00, 0x50, 0x70, 0x40, 0x00, 0x48, 0x70, 0x48, 0x00,
    0x50, 0x70, 0x48, 0x00, 0x48, 0x70, 0x48, 0x00, 0x50, 0x70, 0x48, 0x00,
    0x50, 0x70, 0x40, 0x00, 0x48, 0x70, 0x48, 0x00, 0x50, 0x70, 0x48, 0x00,
    0x50, 0x70, 0x40, 0x00, 0x48, 0x70, 0x48, 0x00, 0x50, 0x70, 0x48, 0x00,
    0x50, 0x70, 0x48, 0x00, 0x48, 0x70, 0x48, 0x00, 0x50, 0x70, 0x48, 0x00,
    0x50, 0x70, 0x48, 0x00, 0x48, 0x70, 0x48, 0x00, 0x50, 0x70, 0x40, 0x00,
    0x48, 0x70, 0x48, 0x00, 0x50, 0x70, 0x48, 0x00, 0x50, 0x70, 0x40, 0x00,
    0x48, 0x70, 0x48, 0x00, 0x50, 0x70, 0x48, 0x00, 0x50, 0x70, 0x48, 0x00,
    0x48, 0x70, 0x48, 0x00, 0x50, 0x70, 0x48, 0x00, 0x50, 0x70, 0x48, 0x00,
    0x48, 0x70, 0x48, 0x00, 0x50, 0x70, 0x48, 0x00, 0x48, 0x70, 0x48, 0x00,
    0x48, 0x70, 0x48, 0x00, 0x50, 0x70, 0x40, 0x00, 0x48, 0x70, 0x48, 0x00,
    0x50, 0x70, 0x48, 0x00, 0x50, 0x70, 0x48, 0x00, 0x48, 0x70, 0x48, 0x00,
    0x50, 0x70, 0x48, 0x00, 0x50, 0x70, 0x48, 0x00, 0x48, 0x70, 0x48, 0x00,
    0x50, 0x70, 0x48, 0x00, 0x50, 0x70, 0x48, 0x00, 0x48, 0x70, 0x48, 0x00,
    0x50, 0x70, 0x48, 0x00, 0x50, 0x70, 0x40, 0x00, 0x48, 0x70, 0x48, 0x00,
    0x48, 0x70, 0x48, 0x00, 0x50, 0x70, 0x40, 0x00, 0x48, 0x70, 0x48, 0x00,
    0x48, 0x70, 0x48, 0x00, 0x50, 0x70, 0x40, 0x00, 0x50, 0x70, 0x48, 0x00,
    0x48, 0x70, 0x48, 0x00, 0x50, 0x70, 0x48, 0x00, 0x48, 0x70, 0x48, 0x00,
    0x50, 0x70, 0x48, 0x00, 0x50, 0x70, 0x48, 0x00, 0x48, 0x70, 0x48, 0x00,
    0x50, 0x70, 0x48, 0x00, 0x48, 0x70, 0x48, 0x00, 0x48, 0x70, 0x48, 0x00,
    0x50, 0x70, 0x48, 0x00, 0x48, 0x70, 0x48, 0x00, 0x48, 0x70, 0x48, 0x00,
    0x50, 0x70, 0x48, 0x00, 0x48, 0x70, 0x48, 0x00, 0x48, 0x70, 0x48, 0x00,
    0x50, 0x70, 0x48, 0x00, 0x48, 0x70, 0x48, 0x00, 0x50, 0x70, 0x48, 0x00,
    0x48, 0x70, 0x48, 0x00, 0x50, 0x70, 0x48, 0x00, 0x48, 0x70, 0x48, 0x00,
    0x50, 0x70, 0x48, 0x00, 0x48, 0x70, 0x48, 0x00, 0x48, 0x70, 0x48, 0x00,
    0x50, 0x70, 0x48, 0x00, 0x48, 0x70, 0x48, 0x00, 0x50, 0x70, 0x48, 0x00,
    0x50, 0x70, 0x48, 0x00, 0x48, 0x70, 0x48, 0x00, 0x50, 0x70, 0x48, 0x00,
    0x50, 0x70, 0x48, 0x00, 0x50, 0x70, 0x48, 0x00, 0x48, 0x70, 0x48, 0x00,
    0x50, 0x70, 0x48, 0x00, 0x50, 0x70, 0x48, 0x00, 0x48, 0x70, 0x48, 0x00,
    0x48, 0x70, 0x40, 0x00, 0x50, 0x70, 0x48, 0x00, 0x48, 0x70, 0x48, 0x00,
    0x50, 0x70, 0x48, 0x00, 0x48, 0x70, 0x48, 0x00, 0x50, 0x70, 0x48, 0x00,
    0x48, 0x70, 0x48, 0x00, 0x48, 0x70, 0x48, 0x00, 0x50, 0x70, 0x48, 0x00,
    0x48, 0x70, 0x48, 0x00, 0x48, 0x70, 0x48, 0x00, 0x50, 0x70, 0x48, 0x00,
    0x48, 0x70, 0x48, 0x00, 0x48, 0x70, 0x48, 0x00, 0x50, 0x70, 0x40, 0x00,
    0x50, 0x70, 0x48, 0x00, 0x48, 0x70, 0x48, 0x00, 0x50, 0x70, 0x48, 0x00,
    0x48, 0x70, 0x48, 0x00, 0x48, 0x70, 0x48, 0x00, 0x50, 0x70, 0x48, 0x00,
    0x48, 0x70, 0x48, 0x00, 0x50, 0x70, 0x40, 0x00, 0x48, 0x70, 0x48, 0x00,
    0x50, 0x70, 0x48, 0x00, 0x48, 0x70, 0x40, 0x00, 0x50, 0x70, 0x48, 0x00,
    0x48, 0x70, 0x48, 0x00, 0x50, 0x70, 0x40, 0x00, 0x50, 0x70, 0x48, 0x00,
    0x48, 0x70, 0x48, 0x00, 0x50, 0x70, 0x48, 0x00, 0x50, 0x70, 0x48, 0x00,
    0x48, 0x70, 0x48, 0x00, 0x48, 0x70, 0x48, 0x00, 0x50, 0x70, 0x40, 0x00,
    0x48, 0x70, 0x48, 0x00, 0x48, 0x70, 0x48, 0x00, 0x50, 0x70, 0x40, 0x00,
    0x50, 0x70, 0x48, 0x00, 0x48, 0x70, 0x48, 0x00, 0x50, 0x70, 0x48, 0x00,
    0x48, 0x70, 0x40, 0x00, 0x50, 0x70, 0x48, 0x00, 0x50, 0x70, 0x48, 0x00,
    0x48, 0x70, 0x48, 0x00, 0x48, 0x70, 0x48, 0x00, 0x50, 0x70, 0x40, 0x00,
    0x48, 0x70, 0x48, 0x00, 0x50, 0x70, 0x48, 0x00, 0x50, 0x70, 0x48, 0x00,
    0x48, 0x70, 0x48, 0x00, 0x50, 0x70, 0x48, 0x00, 0x48, 0x70, 0x40, 0x00,
    0x48, 0x70, 0x48, 0x00, 0x50, 0x70, 0x48, 0x00, 0x48, 0x70, 0x48, 0x00,
    0x48, 0x70, 0x48, 0x00, 0x50, 0x70, 0x48, 0x00, 0x50, 0x70, 0x48, 0x00,
    0x48, 0x70, 0x48, 0x00, 0x48, 0x70, 0x48, 0x00, 0x50, 0x70, 0x48, 0x00,
    0x48, 0x70, 0x48, 0x00, 0x48, 0x70, 0x48, 0x00, 0x50, 0x70, 0x48, 0x00,
    0x48, 0x70, 0x48, 0x00, 0x48, 0x70, 0x48, 0x00, 0x50, 0x70, 0x48, 0x00,
    0x48, 0x70, 0x48, 0x00, 0x48, 0x70, 0x40, 0x00, 0x50, 0x70, 0x48, 0x00,
    0x50, 0x70, 0x48, 0x00, 0x48, 0x70, 0x48, 0x00, 0x50, 0x70, 0x48, 0x00,
    0x48, 0x70, 0x48, 0x00, 0x50, 0x70, 0x48, 0x00, 0x48, 0x70, 0x48, 0x00,
    0x48, 0x70, 0x48, 0x00, 0x50, 0x70, 0x40, 0x00, 0x48, 0x70, 0x48, 0x00,
    0x50, 0x70, 0x48, 0x00, 0x50, 0x70, 0x48, 0x00, 0x48, 0x70, 0x40, 0x00,
    0x50, 0x70, 0x48, 0x00, 0x50, 0x70, 0x48, 0x00, 0x48, 0x70, 0x48, 0x00,
    0x50, 0x70, 0x48, 0x00, 0x48, 0x70, 0x48, 0x00, 0x50, 0x70, 0x48, 0x00,
    0x48, 0x70, 0x40, 0x00, 0x48, 0x70, 0x48, 0x00, 0x50, 0x70, 0x48, 0x00,
    0x50, 0x70, 0x40, 0x00, 0x48, 0x70, 0x48, 0x00, 0x48, 0x70, 0x48, 0x00,
    0x50, 0x70, 0x48, 0x00, 0x48, 0x70, 0x48, 0x00, 0x48, 0x70, 0x48, 0x00,
    0x50, 0x70, 0x48, 0x00, 0x50, 0x70, 0x48, 0x00, 0x48, 0x70, 0x48, 0x00,
    0x50, 0x70, 0x48, 0x00, 0x48, 0x70, 0x48, 0x00, 0x48, 0x70, 0x48, 0x00,
    0x48, 0x70, 0x48, 0x00, 0x50, 0x70, 0x48, 0x00, 0x50, 0x70, 0x48, 0x00,
    0x48, 0x70, 0x48, 0x00, 0x48, 0x70, 0x48, 0x00, 0x50, 0x70, 0x48, 0x00,
    0x48, 0x70, 0x40, 0x00, 0x50, 0x70, 0x48, 0x00, 0x50, 0x70, 0x48, 0x00,
    0x50, 0x70, 0x48, 0x00, 0x48, 0x70, 0x48, 0x00, 0x50, 0x70, 0x48, 0x00,
    0x50, 0x70, 0x40, 0x00, 0x48, 0x70, 0x48, 0x00, 0x50, 0x70, 0x48, 0x00,
    0x50, 0x70, 0x48, 0x00, 0x48, 0x70, 0x48, 0x00, 0x48, 0x70, 0x48, 0x00,
    0x50, 0x70, 0x48, 0x00, 0x48, 0x70, 0x48, 0x00, 0x50, 0x70, 0x40, 0x00,
    0x48, 0x70, 0x48, 0x00, 0x50, 0x70, 0x48, 0x00, 0x50, 0x70, 0x48, 0x00,
    0x48, 0x70, 0x40, 0x00, 0x50, 0x70, 0x48, 0x00, 0x48, 0x70, 0x48, 0x00,
    0x48, 0x70, 0x40, 0x00, 0x50, 0x70, 0x48, 0x00, 0x48, 0x70, 0x48, 0x00,
    0x48, 0x70, 0x48, 0x00, 0x48, 0x70, 0x40, 0x00, 0x50, 0x70, 0x48, 0x00,
    0x48, 0x70, 0x48, 0x00, 0x50, 0x70, 0x40, 0x00, 0x48, 0x70, 0x48, 0x00,
    0x50, 0x70, 0x48, 0x00, 0x50, 0x70, 0x48, 0x00, 0x48, 0x70, 0x48, 0x00,
    0x50, 0x70, 0x48, 0x00, 0x48, 0x70, 0x48, 0x00, 0x48, 0x70, 0x40, 0x00,
    0x50, 0x70, 0x48, 0x00, 0x48, 0x70, 0x48, 0x00, 0x50, 0x70, 0x48, 0x00,
    0x50, 0x70, 0x48, 0x00, 0x48, 0x70, 0x48, 0x00, 0x50, 0x70, 0x48, 0x00,
    0x50, 0x70, 0x48, 0x00, 0x48, 0x70, 0x48, 0x00, 0x50, 0x70, 0x48, 0x00,
    0x48, 0x70, 0x48, 0x00, 0x48, 0x70, 0x48, 0x00, 0x50, 0x70, 0x48, 0x00,
    0x48, 0x70, 0x40, 0x00, 0x50, 0x70, 0x48, 0x00, 0x50, 0x70, 0x48, 0x00,
    0x48, 0x70, 0x40, 0x00, 0x50, 0x70, 0x48, 0x00, 0x48, 0x70, 0x48, 0x00,
    0x48, 0x70, 0x48, 0x00, 0x50, 0x70, 0x48, 0x00, 0x48, 0x70, 0x48, 0x00,
    0x50, 0x70, 0x48, 0x00, 0x48, 0x70, 0x48, 0x00, 0x48, 0x70, 0x48, 0x00,
    0x50, 0x70, 0x48, 0x00, 0x48, 0x70, 0x48, 0x00, 0x48, 0x70, 0x48, 0x00,
    0x50, 0x70, 0x48, 0x00, 0x50, 0x70, 0x48, 0x00, 0x48, 0x70, 0x48, 0x00,
    0x50, 0x70, 0x48, 0x00, 0x50, 0x70, 0x48, 0x00, 0x48, 0x70, 0x48, 0x00,
    0x48, 0x70, 0x48, 0x00, 0x50, 0x70, 0x48, 0x00, 0x48, 0x70, 0x48, 0x00,
    0x48, 0x70, 0x48, 0x00, 0x50, 0x70, 0x48, 0x00, 0x48, 0x70, 0x48, 0x00,
    0x50, 0x70, 0x48, 0x00, 0x50, 0x70, 0x48, 0x00, 0x48, 0x70, 0x40, 0x00,
    0x50, 0x70, 0x48, 0x00, 0x48, 0x70, 0x48, 0x00, 0x48, 0x70, 0x48, 0x00,
    0x50, 0x70, 0x48, 0x00, 0x48, 0x70, 0x48, 0x00, 0x50, 0x70, 0x48, 0x00,
    0x50, 0x70, 0x48, 0x00, 0x48, 0x70, 0x48, 0x00, 0x50, 0x70, 0x48, 0x00,
    0x48, 0x70, 0x40, 0x00, 0x50, 0x70, 0x48, 0x00, 0x48, 0x70, 0x48, 0x00,
    0x50, 0x70, 0x48, 0x00, 0x48, 0x70, 0x40, 0x00, 0x50, 0x70, 0x48, 0x00,
    0x48, 0x70, 0x48, 0x00, 0x50, 0x70, 0x48, 0x00, 0x50, 0x70, 0x48, 0x00,
    0x48, 0x70, 0x48, 0x00, 0x50, 0x70, 0x48, 0x00, 0x50, 0x70, 0x40, 0x00,
    0x48, 0x70, 0x48, 0x00, 0x50, 0x70, 0x48, 0x00, 0x50, 0x70, 0x48, 0x00,
    0x48, 0x70, 0x48, 0x00, 0x48, 0x70, 0x48, 0x00, 0x50, 0x70, 0x48, 0x00,
    0x48, 0x70, 0x48, 0x00, 0x48, 0x70, 0x48, 0x00, 0x50, 0x70, 0x48, 0x00,
    0x48, 0x70, 0x48, 0x00, 0x50, 0x70, 0x48, 0x00, 0x50, 0x70, 0x48, 0x00,
    0x48, 0x70, 0x48, 0x00, 0x48, 0x70, 0x48, 0x00, 0x48, 0x70, 0x48, 0x00,
    0x50, 0x70, 0x48, 0x00, 0x48, 0x70, 0x48, 0x00, 0x48, 0x70, 0x48, 0x00,
    0x50, 0x70, 0x40, 0x00, 0x50, 0x70, 0x48, 0x00, 0x48, 0x70, 0x48, 0x00,
    0x50, 0x70, 0x48, 0x00, 0x48, 0x70, 0x48, 0x00, 0x50, 0x70, 0x48, 0x00,
    0x48, 0x70, 0x48, 0x00, 0x48, 0x70, 0x48, 0x00, 0x50, 0x70, 0x48, 0x00,
    0x48, 0x70, 0x48, 0x00, 0x50, 0x70, 0x40, 0x00, 0x50, 0x70, 0x48, 0x00,
    0x48, 0x70, 0x48, 0x00, 0x48, 0x70, 0x40, 0x00, 0x50, 0x70, 0x48, 0x00,
    0x48, 0x70, 0x48, 0x00, 0x50, 0x70, 0x48, 0x00, 0x50, 0x70, 0x48, 0x00,
    0x50, 0x70, 0x48, 0x00, 0x50, 0x70, 0x48, 0x00, 0x48, 0x70, 0x48, 0x00,
    0x48, 0x70, 0x48, 0x00, 0x50, 0x70, 0x48, 0x00, 0x48, 0x70, 0x48, 0x00,
    0x50, 0x70, 0x48, 0x00, 0x48, 0x70, 0x48, 0x00, 0x48, 0x70, 0x48, 0x00,
    0x48, 0x70, 0x48, 0x00, 0x50, 0x70, 0x48, 0x00, 0x48, 0x70, 0x40, 0x00,
    0x48, 0x70, 0x48, 0x00, 0x50, 0x70, 0x48, 0x00, 0x48, 0x70, 0x48, 0x00,
    0x50, 0x70, 0x48, 0x00, 0x48, 0x70, 0x40, 0x00, 0x50, 0x70, 0x48, 0x00,
    0x50, 0x70, 0x48, 0x00, 0x48, 0x70, 0x40, 0x00, 0x50, 0x70, 0x48, 0x00,
    0x50, 0x70, 0x48, 0x00, 0x48, 0x70, 0x48, 0x00, 0x48, 0x70, 0x48, 0x00,
    0x50, 0x70, 0x48, 0x00, 0x48, 0x70, 0x48, 0x00, 0x50, 0x70, 0x48, 0x00,
    0x50, 0x70, 0x48, 0x00, 0x48, 0x70, 0x48, 0x00, 0x50, 0x70, 0x48, 0x00,
    0x50, 0x70, 0x48, 0x00, 0x48, 0x70, 0x48, 0x00, 0x50, 0x70, 0x48, 0x00,
    0x50, 0x70, 0x48, 0x00, 0x48, 0x70, 0x48, 0x00, 0x48, 0x70, 0x48, 0x00,
    0x50, 0x70, 0x48, 0x00, 0x48, 0x70, 0x48, 0x00, 0x48, 0x70, 0x40, 0x00,
    0x50, 0x70, 0x48, 0x00, 0x48, 0x70, 0x48, 0x00, 0x50, 0x70, 0x48, 0x00,
    0x50, 0x70, 0x48, 0x00, 0x48, 0x70, 0x48, 0x00, 0x50, 0x70, 0x48, 0x00,
    0x48, 0x70, 0x40, 0x00, 0x50, 0x70, 0x48, 0x00, 0x48, 0x70, 0x48, 0x00,
    0x48, 0x70, 0x40, 0x00, 0x50, 0x70, 0x48, 0x00, 0x48, 0x70, 0x48, 0x00,
    0x50, 0x70, 0x40, 0x00, 0x50, 0x70, 0x48, 0x00, 0x48, 0x70, 0x48, 0x00,
    0x50, 0x70, 0x48, 0x00, 0x48, 0x70, 0x48, 0x00, 0x50, 0x70, 0x48, 0x00,
    0x48, 0x70, 0x48, 0x00, 0x50, 0x70, 0x48, 0x00, 0x50, 0x70, 0x48, 0x00,
    0x48, 0x70, 0x48, 0x00, 0x50, 0x70, 0x48, 0x00, 0x50, 0x70, 0x48, 0x00,
    0x48, 0x70, 0x48, 0x00, 0x50, 0x70, 0x40, 0x00, 0x50, 0x70, 0x48, 0x00,
    0x48, 0x70, 0x48, 0x00, 0x50, 0x70, 0x48, 0x00, 0x50, 0x70, 0x48, 0x00,
    0x48, 0x70, 0x48, 0x00, 0x50, 0x70, 0x40, 0x00, 0x48, 0x70, 0x48, 0x00,
    0x48, 0x70, 0x48, 0x00, 0x50, 0x70, 0x40, 0x00, 0x48, 0x70, 0x48, 0x00,
    0x50, 0x70, 0x48, 0x00, 0x50, 0x70, 0x48, 0x00, 0x48, 0x70, 0x48, 0x00,
    0x50, 0x70, 0x48, 0x00, 0x50, 0x70, 0x48, 0x00, 0x48, 0x70, 0x40, 0x00,
    0x50, 0x70, 0x48, 0x00, 0x48, 0x70, 0x48, 0x00, 0x48, 0x70, 0x48, 0x00,
    0x50, 0x70, 0x48, 0x00, 0x48, 0x70, 0x48, 0x00, 0x50, 0x70, 0x48, 0x00,
    0x50, 0x70, 0x48, 0x00, 0x48, 0x70, 0x48, 0x00, 0x48, 0x70, 0x40, 0x00,
    0x50, 0x70, 0x48, 0x00, 0x48, 0x70, 0x48, 0x00, 0x48, 0x70, 0x40, 0x00,
    0x50, 0x70, 0x48, 0x00, 0x50, 0x70, 0x48, 0x00, 0x48, 0x70, 0x48, 0x00,
    0x50, 0x70, 0x48, 0x00, 0x50, 0x70, 0x48, 0x00, 0x48, 0x70, 0x48, 0x00,
    0x50, 0x70, 0x48, 0x00, 0x48, 0x70, 0x48, 0x00, 0x50, 0x70, 0x40, 0x00,
    0x48, 0x70, 0x48, 0x00, 0x48, 0x70, 0x48, 0x00, 0x50, 0x70, 0x40, 0x00,
    0x48, 0x70, 0x48, 0x00, 0x48, 0x70, 0x48, 0x00, 0x50, 0x70, 0x48, 0x00,
    0x48, 0x70, 0x48, 0x00, 0x50, 0x70, 0x48, 0x00, 0x50, 0x70, 0x48, 0x00,
    0x48, 0x70, 0x48, 0x00, 0x50, 0x70, 0x40, 0x00, 0x50, 0x70, 0x48, 0x00,
    0x48, 0x70, 0x48, 0x00, 0x50, 0x70, 0x40, 0x00, 0x48, 0x70, 0x48, 0x00,
    0x48, 0x70, 0x48, 0x00, 0x50, 0x70, 0x40, 0x00, 0x50, 0x70, 0x48, 0x00,
    0x48, 0x70, 0x48, 0x00, 0x50, 0x70, 0x48, 0x00, 0x50, 0x70, 0x40, 0x00,
    0x48, 0x70, 0x48, 0x00, 0x48, 0x70, 0x48, 0x00, 0x50, 0x70, 0x48, 0x00,
    0x48, 0x70, 0x48, 0x00, 0x48, 0x70, 0x48, 0x00, 0x50, 0x70, 0x40, 0x00,
    0x50, 0x70, 0x48, 0x00, 0x48, 0x70, 0x48, 0x00, 0x50, 0x70, 0x48, 0x00,
    0x50, 0x70, 0x48, 0x00, 0x48, 0x70, 0x48, 0x00, 0x50, 0x70, 0x48, 0x00,
    0x48, 0x70, 0x48, 0x00, 0x50, 0x70, 0x48, 0x00, 0x50, 0x70, 0x48, 0x00,
    0x48, 0x70, 0x48, 0x00, 0x50, 0x70, 0x48, 0x00, 0x48, 0x70, 0x48, 0x00,
    0x48, 0x70, 0x40, 0x00, 0x48, 0x70, 0x48, 0x00, 0x50, 0x70, 0x48, 0x00,
    0x48, 0x70, 0x40, 0x00, 0x50, 0x70, 0x48, 0x00, 0x50, 0x70, 0x48, 0x00,
    0x48, 0x70, 0x48, 0x00, 0x50, 0x70, 0x48, 0x00, 0x50, 0x70, 0x40, 0x00,
    0x50, 0x70, 0x48, 0x00, 0x48, 0x70, 0x48, 0x00, 0x50, 0x70, 0x48, 0x00,
    0x48, 0x70, 0x48, 0x00, 0x50, 0x70, 0x48, 0x00, 0x50, 0x70, 0x48, 0x00,
    0x48, 0x70, 0x48, 0x00, 0x48, 0x70, 0x48, 0x00, 0x50, 0x70, 0x48, 0x00,
    0x48, 0x70, 0x48, 0x00, 0x48, 0x70, 0x48, 0x00, 0x50, 0x70, 0x48, 0x00,
    0x48, 0x70, 0x48, 0x00, 0x48, 0x70, 0x48, 0x00, 0x50, 0x70, 0x48, 0x00,
    0x48, 0x70, 0x48, 0x00, 0x50, 0x70, 0x40, 0x00, 0x48, 0x70, 0x48, 0x00,
    0x48, 0x70, 0x48, 0x00, 0x50, 0x70, 0x48, 0x00, 0x48, 0x70, 0x48, 0x00,
    0x48, 0x70, 0x40, 0x00, 0x50, 0x70, 0x48, 0x00, 0x48, 0x70, 0x48, 0x00,
    0x50, 0x70, 0x40, 0x00, 0x48, 0x70, 0x48, 0x00, 0x50, 0x70, 0x48, 0x00,
    0x50, 0x70, 0x48, 0x00, 0x48, 0x70, 0x48, 0x00, 0x50, 0x70, 0x48, 0x00,
    0x50, 0x70, 0x48, 0x00, 0x48, 0x70, 0x48, 0x00, 0x48, 0x70, 0x48, 0x00,
    0x50, 0x70, 0x48, 0x00, 0x48, 0x70, 0x40, 0x00, 0x50, 0x70, 0x48, 0x00,
    0x50, 0x70, 0x48, 0x00, 0x48, 0x70, 0x48, 0x00, 0x50, 0x70, 0x48, 0x00,
    0x48, 0x70, 0x48, 0x00, 0x50, 0x70, 0x48, 0x00, 0x50, 0x70, 0x48, 0x00,
    0x48, 0x70, 0x48, 0x00, 0x48, 0x70, 0x48, 0x00, 0x50, 0x70, 0x48, 0x00,
    0x48, 0x70, 0x48, 0x00, 0x50, 0x70, 0x40, 0x00, 0x48, 0x70, 0x48, 0x00,
    0x50, 0x70, 0x48, 0x00, 0x48, 0x70, 0x48, 0x00, 0x48, 0x70, 0x48, 0x00,
    0x48, 0x70, 0x48, 0x00, 0x50, 0x70, 0x48, 0x00, 0x48, 0x70, 0x40, 0x00,
    0x48, 0x70, 0x48, 0x00, 0x50, 0x70, 0x48, 0x00, 0x48, 0x70, 0x48, 0x00,
    0x48, 0x70, 0x48, 0x00, 0x50, 0x70, 0x48, 0x00, 0x48, 0x70, 0x48, 0x00,
    0x50, 0x70, 0x40, 0x00, 0x48, 0x70, 0x48, 0x00, 0x50, 0x70, 0x48, 0x00,
    0x50, 0x70, 0x48, 0x00, 0x48, 0x70, 0x48, 0x00, 0x50, 0x70, 0x48, 0x00,
    0x48, 0x70, 0x48, 0x00, 0x48, 0x70, 0x48, 0x00, 0x50, 0x70, 0x48, 0x00,
    0x48, 0x70, 0x40, 0x00, 0x48, 0x70, 0x48, 0x00, 0x50, 0x70, 0x48, 0x00,
    0x48, 0x70, 0x48, 0x00, 0x50, 0x70, 0x48, 0x00, 0x50, 0x70, 0x48, 0x00,
    0x48, 0x70, 0x48, 0x00, 0x50, 0x70, 0x40, 0x00, 0x48, 0x70, 0x48, 0x00,
    0x48, 0x70, 0x48, 0x00, 0x50, 0x70, 0x48, 0x00, 0x50, 0x70, 0x48, 0x00,
    0x48, 0x70, 0x48, 0x00, 0x50, 0x70, 0x48, 0x00, 0x50, 0x70, 0x48, 0x00,
    0x48, 0x70, 0x48, 0x00, 0x48, 0x70, 0x48, 0x00, 0x50, 0x70, 0x48, 0x00,
    0x48, 0x70, 0x48, 0x00, 0x48, 0x70, 0x48, 0x00, 0x50, 0x70, 0x48, 0x00,
    0x48, 0x70, 0x40, 0x00, 0x48, 0x70, 0x48, 0x00, 0x50, 0x70, 0x48, 0x00,
    0x48, 0x70, 0x48, 0x00, 0x50, 0x70, 0x48, 0x00, 0x50, 0x70, 0x48, 0x00,
    0x48, 0x70, 0x48, 0x00, 0x50, 0x70, 0x48, 0x00, 0x48, 0x70, 0x48, 0x00,
    0x50, 0x70, 0x48, 0x00, 0x48, 0x70, 0x48, 0x00, 0x48, 0x70, 0x40, 0x00,
    0x48, 0x70, 0x48, 0x00, 0x50, 0x70, 0x48, 0x00, 0x48, 0x70, 0x48, 0x00,
    0x48, 0x70, 0x48, 0x00, 0x50, 0x70, 0x48, 0x00, 0x50, 0x70, 0x48, 0x00,
    0x48, 0x70, 0x48, 0x00, 0x50, 0x70, 0x48, 0x00, 0x48, 0x70, 0x48, 0x00,
    0x50, 0x70, 0x48, 0x00, 0x48, 0x70, 0x48, 0x00, 0x50, 0x70, 0x48, 0x00,
    0x48, 0x70, 0x48, 0x00, 0x50, 0x70, 0x48, 0x00, 0x50, 0x70, 0x48, 0x00,
    0x48, 0x70, 0x48, 0x00, 0x50, 0x70, 0x48, 0x00, 0x50, 0x70, 0x48, 0x00,
    0x48, 0x70, 0x48, 0x00, 0x48, 0x70, 0x48, 0x00, 0x50, 0x70, 0x48, 0x00,
    0x48, 0x70, 0x48, 0x00, 0x50, 0x70, 0x40, 0x00, 0x48, 0x70, 0x48, 0x00,
    0x48, 0x70, 0x48, 0x00, 0x50, 0x70, 0x40, 0x00, 0x48, 0x70, 0x48, 0x00,
    0x48, 0x70, 0x48, 0x00, 0x50, 0x70, 0x48, 0x00, 0x50, 0x70, 0x48, 0x00,
    0x48, 0x70, 0x48, 0x00, 0x50, 0x70, 0x48, 0x00, 0x50, 0x70, 0x48, 0x00,
    0x48, 0x70, 0x48, 0x00, 0x48, 0x70, 0x48, 0x00, 0x50, 0x70, 0x48, 0x00,
    0x48, 0x70, 0x48, 0x00, 0x48, 0x70, 0x48, 0x00, 0x48, 0x70, 0x48, 0x00,
    0x48, 0x70, 0x48, 0x00, 0x50, 0x70, 0x48, 0x00, 0x48, 0x70, 0x48, 0x00,
    0x50, 0x70, 0x48, 0x00, 0x50, 0x70, 0x40, 0x00, 0x48, 0x70, 0x48, 0x00,
    0x48, 0x70, 0x48, 0x00, 0x50, 0x70, 0x48, 0x00, 0x50, 0x70, 0x40, 0x00,
    0x48, 0x70, 0x48, 0x00, 0x50, 0x70, 0x48, 0x00, 0x50, 0x70, 0x48, 0x00,
    0x48, 0x70, 0x48, 0x00, 0x50, 0x70, 0x48, 0x00, 0x50, 0x70, 0x48, 0x00,
    0x48, 0x70, 0x40, 0x00, 0x50, 0x70, 0x48, 0x00, 0x50, 0x70, 0x48, 0x00,
    0x48, 0x70, 0x48, 0x00, 0x50, 0x70, 0x48, 0x00, 0x50, 0x70, 0x40, 0x00,
    0x48, 0x70, 0x48, 0x00, 0x50, 0x70, 0x48, 0x00, 0x50, 0x70, 0x48, 0x00,
    0x48, 0x70, 0x48, 0x00, 0x50, 0x70, 0x48, 0x00, 0x48, 0x70, 0x48, 0x00,
    0x48, 0x70, 0x48, 0x00, 0x50, 0x70, 0x40, 0x00, 0x48, 0x70, 0x48, 0x00,
    0x48, 0x70, 0x48, 0x00, 0x50, 0x70, 0x40, 0x00, 0x50, 0x70, 0x48, 0x00,
    0x48, 0x70, 0x48, 0x00, 0x50, 0x70, 0x48, 0x00, 0x50, 0x70, 0x48, 0x00,
    0x48, 0x70, 0x48, 0x00, 0x48, 0x70, 0x48, 0x00, 0x48, 0x70, 0x48, 0x00,
    0x50, 0x70, 0x48, 0x00, 0x48, 0x70, 0x48, 0x00, 0x48, 0x70, 0x48, 0x00,
    0x50, 0x70, 0x48, 0x00, 0x50, 0x70, 0x48, 0x00, 0x48, 0x70, 0x40, 0x00,
    0x50, 0x70, 0x48, 0x00, 0x48, 0x70, 0x48, 0x00, 0x48, 0x70, 0x48, 0x00,
    0x50, 0x70, 0x48, 0x00, 0x50, 0x70, 0x48, 0x00, 0x48, 0x70, 0x48, 0x00,
    0x50, 0x70, 0x40, 0x00, 0x50, 0x70, 0x48, 0x00, 0x48, 0x70, 0x48, 0x00,
    0x50, 0x70, 0x48, 0x00, 0x50, 0x70, 0x48, 0x00, 0x48, 0x70, 0x48, 0x00,
    0x50, 0x70, 0x48, 0x00, 0x50, 0x70, 0x40, 0x00, 0x48, 0x70, 0x48, 0x00,
    0x48, 0x70, 0x48, 0x00, 0x50, 0x70, 0x48, 0x00, 0x48, 0x70, 0x48, 0x00,
    0x48, 0x70, 0x48, 0x00, 0x50, 0x70, 0x48, 0x00, 0x48, 0x70, 0x48, 0x00,
    0x50, 0x70, 0x48, 0x00, 0x50, 0x70, 0x48, 0x00, 0x48, 0x70, 0x48, 0x00,
    0x50, 0x70, 0x48, 0x00, 0x50, 0x70, 0x48, 0x00, 0x48, 0x70, 0x48, 0x00,
    0x50, 0x70, 0x48, 0x00, 0x48, 0x70, 0x48, 0x00, 0x48, 0x70, 0x40, 0x00,
    0x50, 0x70, 0x48, 0x00, 0x48, 0x70, 0x48, 0x00, 0x50, 0x70, 0x48, 0x00,
    0x50, 0x70, 0x48, 0x00, 0x48, 0x70, 0x48, 0x00, 0x50, 0x70, 0x48, 0x00,
    0x48, 0x70, 0x40, 0x00, 0x48, 0x70, 0x48, 0x00, 0x50, 0x70, 0x48, 0x00,
    0x48, 0x70, 0x48, 0x00, 0x50, 0x70, 0x48, 0x00, 0x50, 0x70, 0x48, 0x00,
    0x48, 0x70, 0x48, 0x00, 0x50, 0x70, 0x48, 0x00, 0x50, 0x70, 0x40, 0x00,
    0x48, 0x70, 0x48, 0x00, 0x50, 0x70, 0x48, 0x00, 0x48, 0x70, 0x48, 0x00,
    0x50, 0x70, 0x48, 0x00, 0x50, 0x70, 0x48, 0x00, 0x48, 0x70, 0x48, 0x00,
    0x48, 0x70, 0x48, 0x00, 0x50, 0x70, 0x48, 0x00, 0x50, 0x70, 0x48, 0x00,
    0x48, 0x70, 0x48, 0x00, 0x50, 0x70, 0x48, 0x00, 0x50, 0x70, 0x48, 0x00,
    0x50, 0x70, 0x48, 0x00, 0x48, 0x70, 0x48, 0x00, 0x50, 0x70, 0x48, 0x00,
    0x50, 0x70, 0x40, 0x00, 0x48, 0x70, 0x48, 0x00, 0x48, 0x70, 0x48, 0x00,
    0x50, 0x70, 0x48, 0x00, 0x48, 0x70, 0x48, 0x00, 0x48, 0x70, 0x48, 0x00,
    0x50, 0x70, 0x48, 0x00, 0x50, 0x70, 0x48, 0x00, 0x48, 0x70, 0x48, 0x00,
    0x48, 0x70, 0x48, 0x00, 0x50, 0x70, 0x40, 0x00, 0x48, 0x70, 0x48, 0x00,
    0x48, 0x70, 0x48, 0x00, 0x50, 0x70, 0x48, 0x00, 0x48, 0x70, 0x48, 0x00,
    0x48, 0x70, 0x40, 0x00, 0x50, 0x70, 0x48, 0x00, 0x50, 0x70, 0x48, 0x00,
    0x48, 0x70, 0x48, 0x00, 0x48, 0x70, 0x48, 0x00, 0x50, 0x70, 0x48, 0x00,
    0x48, 0x70, 0x48, 0x00, 0x50, 0x70, 0x48, 0x00, 0x50, 0x70, 0x48, 0x00,
    0x48, 0x70, 0x48, 0x00, 0x50, 0x70, 0x48, 0x00, 0x48, 0x70, 0x48, 0x00,
    0x48, 0x70, 0x40, 0x00, 0x50, 0x70, 0x48, 0x00, 0x48, 0x70, 0x48, 0x00,
    0x50, 0x70, 0x40, 0x00, 0x50, 0x70, 0x48, 0x00, 0x48, 0x70, 0x48, 0x00,
    0x50, 0x70, 0x48, 0x00, 0x50, 0x70, 0x48, 0x00, 0x48, 0x70, 0x48, 0x00,
    0x50, 0x70, 0x48, 0x00, 0x50, 0x70, 0x48, 0x00, 0x48, 0x70, 0x48, 0x00,
    0x48, 0x70, 0x48, 0x00, 0x50, 0x70, 0x48, 0x00, 0x48, 0x70, 0x48, 0x00,
    0x48, 0x70, 0x48, 0x00, 0x50, 0x70, 0x48, 0x00, 0x48, 0x70, 0x48, 0x00,
    0x48, 0x70, 0x48, 0x00, 0x50, 0x70, 0x48, 0x00, 0x48, 0x70, 0x48, 0x00,
    0x48, 0x70, 0x48, 0x00, 0x50, 0x70, 0x40, 0x00, 0x48, 0x70, 0x48, 0x00,
    0x48, 0x70, 0x48, 0x00, 0x50, 0x70, 0x48, 0x00, 0x48, 0x70, 0x48, 0x00,
    0x48, 0x70, 0x48, 0x00, 0x50, 0x70, 0x48, 0x00, 0x48, 0x70, 0x48, 0x00,
    0x50, 0x70, 0x48, 0x00, 0x48, 0x70, 0x48, 0x00, 0x48, 0x70, 0x48, 0x00,
    0x50, 0x70, 0x48, 0x00, 0x48, 0x70, 0x48, 0x00, 0x48, 0x70, 0x48, 0x00,
    0x50, 0x70, 0x48, 0x00, 0x50, 0x70, 0x48, 0x00, 0x48, 0x70, 0x48, 0x00,
    0x50, 0x70, 0x48, 0x00, 0x48, 0x70, 0x48, 0x00, 0x50, 0x70, 0x48, 0x00,
    0x48, 0x70, 0x48, 0x00, 0x48, 0x70, 0x48, 0x00, 0x50, 0x70, 0x48, 0x00,
    0x48, 0x70, 0x40, 0x00, 0x50, 0x70, 0x48, 0x00, 0x50, 0x70, 0x48, 0x00,
    0x48, 0x70, 0x48, 0x00, 0x50, 0x70, 0x40, 0x00, 0x50, 0x70, 0x48, 0x00,
    0x48, 0x70, 0x48, 0x00, 0x50, 0x70, 0x40, 0x00, 0x48, 0x70, 0x48, 0x00,
    0x48, 0x70, 0x48, 0x00, 0x50, 0x70, 0x48, 0x00, 0x50, 0x70, 0x48, 0x00,
    0x48, 0x70, 0x48, 0x00, 0x50, 0x70, 0x48, 0x00, 0x48, 0x70, 0x48, 0x00,
    0x48, 0x70, 0x48, 0x00, 0x50, 0x70, 0x48, 0x00, 0x48, 0x70, 0x48, 0x00,
    0x50, 0x70, 0x48, 0x00, 0x48, 0x70, 0x40, 0x00, 0x48, 0x70, 0x48, 0x00,
    0x50, 0x70, 0x48, 0x00, 0x48, 0x70, 0x48, 0x00, 0x48, 0x70, 0x48, 0x00,
    0x50, 0x70, 0x48, 0x00, 0x50, 0x70, 0x48, 0x00, 0x48, 0x70, 0x48, 0x00,
    0x50, 0x70, 0x48, 0x00, 0x50, 0x70, 0x48, 0x00, 0x48, 0x70, 0x40, 0x00,
    0x48, 0x70, 0x48, 0x00, 0x50, 0x70, 0x48, 0x00, 0x48, 0x70, 0x40, 0x00,
    0x48, 0x70, 0x48, 0x00, 0x50, 0x70, 0x48, 0x00, 0x48, 0x70, 0x40, 0x00,
    0x48, 0x70, 0x48, 0x00, 0x50, 0x70, 0x48, 0x00, 0x50, 0x70, 0x48, 0x00,
    0x48, 0x70, 0x48, 0x00, 0x50, 0x70, 0x48, 0x00, 0x48, 0x70, 0x48, 0x00,
    0x48, 0x70, 0x48, 0x00, 0x50, 0x70, 0x48, 0x00, 0x48, 0x70, 0x48, 0x00,
    0x50, 0x70, 0x48, 0x00, 0x50, 0x70, 0x48, 0x00, 0x48, 0x70, 0x48, 0x00,
    0x50, 0x70, 0x48, 0x00, 0x48, 0x70, 0x48, 0x00, 0x48, 0x70, 0x40, 0x00,
    0x50, 0x70, 0x48, 0x00, 0x48, 0x70, 0x48, 0x00, 0x48, 0x70, 0x40, 0x00,
    0x50, 0x70, 0x48, 0x00, 0x48, 0x70, 0x48, 0x00, 0x50, 0x70, 0x48, 0x00,
    0x48, 0x70, 0x48, 0x00, 0x50, 0x70, 0x48, 0x00, 0x48, 0x70, 0x48, 0x00,
    0x50, 0x70, 0x40, 0x00, 0x48, 0x70, 0x48, 0x00, 0x48, 0x70, 0x48, 0x00,
    0x50, 0x70, 0x40, 0x00, 0x48, 0x70, 0x48, 0x00, 0x48, 0x70, 0x48, 0x00,
    0x48, 0x70, 0x40, 0x00, 0x50, 0x70, 0x48, 0x00, 0x48, 0x70, 0x48, 0x00,
    0x50, 0x70, 0x48, 0x00, 0x48, 0x70, 0x48, 0x00, 0x50, 0x70, 0x48, 0x00,
    0x50, 0x70, 0x48, 0x00, 0x48, 0x70, 0x48, 0x00, 0x50, 0x70, 0x40, 0x00,
    0x50, 0x70, 0x48, 0x00, 0x48, 0x70, 0x48, 0x00, 0x50, 0x70, 0x40, 0x00,
    0x48, 0x70, 0x48, 0x00, 0x50, 0x70, 0x48, 0x00, 0x50, 0x70, 0x48, 0x00,
    0x48, 0x70, 0x48, 0x00, 0x50, 0x70, 0x48, 0x00, 0x48, 0x70, 0x48, 0x00,
    0x50, 0x70, 0x48, 0x00, 0x50, 0x70, 0x48, 0x00, 0x48, 0x70, 0x48, 0x00,
    0x48, 0x70, 0x48, 0x00, 0x50, 0x70, 0x48, 0x00, 0x50, 0x70, 0x40, 0x00,
    0x48, 0x70, 0x48, 0x00, 0x50, 0x70, 0x48, 0x00, 0x48, 0x70, 0x48, 0x00,
    0x50, 0x70, 0x48, 0x00, 0x48, 0x70, 0x48, 0x00, 0x50, 0x70, 0x48, 0x00,
    0x50, 0x70, 0x48, 0x00, 0x48, 0x70, 0x48, 0x00, 0x50, 0x70, 0x48, 0x00,
    0x48, 0x70, 0x48, 0x00, 0x48, 0x70, 0x48, 0x00, 0x48, 0x70, 0x48, 0x00,
    0x50, 0x70, 0x48, 0x00, 0x48, 0x70, 0x48, 0x00, 0x48, 0x70, 0x40, 0x00,
    0x50, 0x70, 0x48, 0x00, 0x48, 0x70, 0x48, 0x00, 0x50, 0x70, 0x48, 0x00,
    0x50, 0x70, 0x48, 0x00, 0x50, 0x70, 0x48, 0x00, 0x48, 0x70, 0x40, 0x00,
    0x50, 0x70, 0x48, 0x00, 0x50, 0x70, 0x48, 0x00, 0x48, 0x70, 0x48, 0x00,
    0x50, 0x70, 0x48, 0x00, 0x50, 0x70, 0x40, 0x00, 0x48, 0x70, 0x48, 0x00,
    0x50, 0x70, 0x48, 0x00, 0x50, 0x70, 0x48, 0x00, 0x48, 0x70, 0x48, 0x00,
    0x50, 0x70, 0x48, 0x00, 0x50, 0x70, 0x48, 0x00, 0x48, 0x70, 0x40, 0x00,
    0x50, 0x70, 0x48, 0x00, 0x50, 0x70, 0x48, 0x00, 0x48, 0x70, 0x48, 0x00,
    0x48, 0x70, 0x40, 0x00, 0x50, 0x70, 0x48, 0x00, 0x48, 0x70, 0x48, 0x00,
    0x50, 0x70, 0x48, 0x00, 0x50, 0x70, 0x48, 0x00, 0x48, 0x70, 0x40, 0x00,
    0x50, 0x70, 0x48, 0x00, 0x48, 0x70, 0x48, 0x00, 0x50, 0x70, 0x40, 0x00,
    0x48, 0x70, 0x48, 0x00, 0x50, 0x70, 0x48, 0x00, 0x48, 0x70, 0x48, 0x00,
    0x50, 0x70, 0x48, 0x00, 0x50, 0x70, 0x48, 0x00, 0x48, 0x70, 0x48, 0x00,
    0x50, 0x70, 0x48, 0x00, 0x48, 0x70, 0x48, 0x00, 0x48, 0x70, 0x48, 0x00,
    0x48, 0x70, 0x48, 0x00, 0x50, 0x70, 0x48, 0x00, 0x48, 0x70, 0x48, 0x00,
    0x50, 0x70, 0x48, 0x00, 0x48, 0x70, 0x48, 0x00, 0x50, 0x70, 0x48, 0x00,
    0x50, 0x70, 0x48, 0x00, 0x48, 0x70, 0x48, 0x00, 0x48, 0x70, 0x48, 0x00,
    0x50, 0x70, 0x48, 0x00, 0x48, 0x70, 0x48, 0x00, 0x50, 0x70, 0x40, 0x00,
    0x50, 0x70, 0x48, 0x00, 0x48, 0x70, 0x48, 0x00, 0x50, 0x70, 0x40, 0x00,
    0x48, 0x70, 0x48, 0x00, 0x50, 0x70, 0x48, 0x00, 0x48, 0x70, 0x48, 0x00,
    0x50, 0x70, 0x48, 0x00, 0x50, 0x70, 0x48, 0x00, 0x48, 0x70, 0x48, 0x00,
    0x50, 0x70, 0x40, 0x00, 0x48, 0x70, 0x48, 0x00, 0x48, 0x70, 0x48, 0x00,
    0x50, 0x70, 0x48, 0x00, 0x48, 0x70, 0x40, 0x00, 0x50, 0x70, 0x48, 0x00,
    0x50, 0x70, 0x48, 0x00, 0x48, 0x70, 0x48, 0x00, 0x50, 0x70, 0x48, 0x00,
    0x50, 0x70, 0x48, 0x00, 0x48, 0x70, 0x48, 0x00, 0x50, 0x70, 0x48, 0x00,
    0x50, 0x70, 0x48, 0x00, 0x48, 0x70, 0x48, 0x00, 0x48, 0x70, 0x48, 0x00,
    0x50, 0x70, 0x40, 0x00, 0x48, 0x70, 0x48, 0x00, 0x50, 0x70, 0x48, 0x00,
    0x50, 0x70, 0x48, 0x00, 0x48, 0x70, 0x48, 0x00, 0x50, 0x70, 0x40, 0x00,
    0x48, 0x70, 0x48, 0x00, 0x48, 0x70, 0x48, 0x00, 0x50, 0x70, 0x40, 0x00,
    0x48, 0x70, 0x48, 0x00, 0x50, 0x70, 0x48, 0x00, 0x50, 0x70, 0x48, 0x00,
    0x48, 0x70, 0x48, 0x00, 0x50, 0x70, 0x48, 0x00, 0x50, 0x70, 0x48, 0x00,
    0x48, 0x70, 0x48, 0x00, 0x50, 0x70, 0x48, 0x00, 0x48, 0x70, 0x48, 0x00,
    0x50, 0x70, 0x48, 0x00, 0x48, 0x70, 0x48, 0x00, 0x50, 0x70, 0x40, 0x00,
    0x48, 0x70, 0x48, 0x00, 0x48, 0x70, 0x48, 0x00, 0x50, 0x70, 0x48, 0x00,
    0x50, 0x70, 0x48, 0x00, 0x48, 0x70, 0x48, 0x00, 0x50, 0x70, 0x48, 0x00,
    0x50, 0x70, 0x48, 0x00, 0x48, 0x70, 0x48, 0x00, 0x50, 0x70, 0x48, 0x00,
    0x48, 0x70, 0x48, 0x00, 0x48, 0x70, 0x40, 0x00, 0x50, 0x70, 0x48, 0x00,
    0x48, 0x70, 0x48, 0x00, 0x48, 0x70, 0x48, 0x00, 0x50, 0x70, 0x48, 0x00,
    0x48, 0x70, 0x48, 0x00, 0x48, 0x70, 0x48, 0x00, 0x50, 0x70, 0x48, 0x00,
    0x48, 0x70, 0x48, 0x00, 0x48, 0x70, 0x48, 0x00, 0x50, 0x70, 0x48, 0x00,
    0x48, 0x70, 0x40, 0x00, 0x48, 0x70, 0x48, 0x00, 0x50, 0x70, 0x48, 0x00,
    0x50, 0x70, 0x48, 0x00, 0x48, 0x70, 0x40, 0x00, 0x48, 0x70, 0x48, 0x00,
    0x50, 0x70, 0x48, 0x00, 0x50, 0x70, 0x48, 0x00, 0x48, 0x70, 0x48, 0x00,
    0x48, 0x70, 0x48, 0x00, 0x50, 0x70, 0x48, 0x00, 0x50, 0x70, 0x48, 0x00,
    0x48, 0x70, 0x40, 0x00, 0x50, 0x70, 0x48, 0x00, 0x48, 0x70, 0x48, 0x00,
    0x48, 0x70, 0x40, 0x00, 0x50, 0x70, 0x48, 0x00, 0x48, 0x70, 0x48, 0x00,
    0x50, 0x70, 0x40, 0x00, 0x50, 0x70, 0x48, 0x00, 0x50, 0x70, 0x48, 0x00,
    0x48, 0x70, 0x48, 0x00, 0x50, 0x70, 0x48, 0x00, 0x50, 0x70, 0x48, 0x00,
    0x48, 0x70, 0x48, 0x00, 0x50, 0x70, 0x48, 0x00, 0x48, 0x70, 0x48, 0x00,
    0x48, 0x70, 0x48, 0x00, 0x50, 0x70, 0x48, 0x00, 0x48, 0x70, 0x48, 0x00,
    0x48, 0x70, 0x48, 0x00, 0x50, 0x70, 0x48, 0x00, 0x48, 0x70, 0x48, 0x00,
    0x48, 0x70, 0x48, 0x00, 0x50, 0x70, 0x40, 0x00, 0x48, 0x70, 0x48, 0x00,
    0x50, 0x70, 0x48, 0x00, 0x48, 0x70, 0x48, 0x00, 0x48, 0x70, 0x48, 0x00,
    0x50, 0x70, 0x40, 0x00, 0x48, 0x70, 0x48, 0x00, 0x48, 0x70, 0x48, 0x00,
    0x50, 0x70, 0x48, 0x00, 0x48, 0x70, 0x48, 0x00, 0x48, 0x70, 0x48, 0x00,
    0x50, 0x70, 0x48, 0x00, 0x50, 0x70, 0x48, 0x00, 0x48, 0x70, 0x48, 0x00,
    0x50, 0x70, 0x48, 0x00, 0x48, 0x70, 0x48, 0x00, 0x48, 0x70, 0x48, 0x00,
    0x50, 0x70, 0x48, 0x00, 0x48, 0x70, 0x48, 0x00, 0x50, 0x70, 0x48, 0x00,
    0x50, 0x70, 0x48, 0x00, 0x48, 0x70, 0x48, 0x00, 0x48, 0x70, 0x48, 0x00,
    0x50, 0x70, 0x48, 0x00, 0x48, 0x70, 0x40, 0x00, 0x48, 0x70, 0x48, 0x00,
    0x50, 0x70, 0x48, 0x00, 0x48, 0x70, 0x40, 0x00, 0x50, 0x70, 0x48, 0x00,
    0x50, 0x70, 0x48, 0x00, 0x48, 0x70, 0x48, 0x00, 0x50, 0x70, 0x40, 0x00,
    0x48, 0x70, 0x48, 0x00, 0x50, 0x70, 0x48, 0x00, 0x48, 0x70, 0x48, 0x00,
    0x48, 0x70, 0x48, 0x00, 0x50, 0x70, 0x40, 0x00, 0x48, 0x70, 0x48, 0x00,
    0x50, 0x70, 0x48, 0x00, 0x50, 0x70, 0x40, 0x00, 0x48, 0x70, 0x48, 0x00,
    0x48, 0x70, 0x48, 0x00, 0x50, 0x70, 0x48, 0x00, 0x48, 0x70, 0x48, 0x00,
    0x50, 0x70, 0x48, 0x00, 0x48, 0x70, 0x48, 0x00, 0x50, 0x70, 0x48, 0x00,
    0x48, 0x70, 0x48, 0x00, 0x50, 0x70, 0x48, 0x00, 0x48, 0x70, 0x48, 0x00,
    0x50, 0x70, 0x48, 0x00, 0x48, 0x70, 0x48, 0x00, 0x50, 0x70, 0x48, 0x00,
    0x50, 0x70, 0x48, 0x00, 0x48, 0x70, 0x48, 0x00, 0x50, 0x70, 0x48, 0x00,
    0x48, 0x70, 0x48, 0x00, 0x48, 0x70, 0x48, 0x00, 0x50, 0x70, 0x48, 0x00,
    0x48, 0x70, 0x48, 0x00, 0x48, 0x70, 0x48, 0x00, 0x50, 0x70, 0x48, 0x00,
    0x48, 0x70, 0x48, 0x00, 0x48, 0x70, 0x40, 0x00, 0x50, 0x70, 0x48, 0x00,
    0x50, 0x70, 0x48, 0x00, 0x48, 0x70, 0x48, 0x00, 0x50, 0x70, 0x48, 0x00,
    0x48, 0x70, 0x48, 0x00, 0x48, 0x70, 0x40, 0x00, 0x50, 0x70, 0x48, 0x00,
    0x50, 0x70, 0x48, 0x00, 0x48, 0x70, 0x48, 0x00, 0x50, 0x70, 0x48, 0x00,
    0x50, 0x70, 0x48, 0x00, 0x48, 0x70, 0x48, 0x00, 0x48, 0x70, 0x48, 0x00,
    0x48, 0x70, 0x48, 0x00, 0x50, 0x70, 0x40, 0x00, 0x48, 0x70, 0x48, 0x00,
    0x48, 0x70, 0x48, 0x00, 0x50, 0x70, 0x48, 0x00, 0x48, 0x70, 0x48, 0x00,
    0x50, 0x70, 0x48, 0x00, 0x50, 0x70, 0x48, 0x00, 0x48, 0x70, 0x48, 0x00,
    0x50, 0x70, 0x48, 0x00, 0x48, 0x70, 0x48, 0x00, 0x50, 0x70, 0x48, 0x00,
    0x50, 0x70, 0x48, 0x00, 0x48, 0x70, 0x48, 0x00, 0x50, 0x70, 0x48, 0x00,
    0x48, 0x70, 0x40, 0x00, 0x48, 0x70, 0x48, 0x00, 0x50, 0x70, 0x48, 0x00,
    0x50, 0x70, 0x48, 0x00, 0x48, 0x70, 0x48, 0x00, 0x50, 0x70, 0x48, 0x00,
    0x50, 0x70, 0x48, 0x00, 0x48, 0x70, 0x48, 0x00, 0x50, 0x70, 0x48, 0x00,
    0x50, 0x70, 0x40, 0x00, 0x48, 0x70, 0x48, 0x00, 0x50, 0x70, 0x48, 0x00,
    0x50, 0x70, 0x48, 0x00, 0x48, 0x70, 0x48, 0x00, 0x50, 0x70, 0x40, 0x00,
    0x50, 0x70, 0x48, 0x00, 0x48, 0x70, 0x48, 0x00, 0x50, 0x70, 0x48, 0x00,
    0x48, 0x70, 0x48, 0x00, 0x50, 0x70, 0x48, 0x00, 0x48, 0x70, 0x48, 0x00,
    0x50, 0x70, 0x48, 0x00, 0x48, 0x70, 0x48, 0x00, 0x48, 0x70, 0x40, 0x00,
    0x50, 0x70, 0x48, 0x00, 0x50, 0x70, 0x48, 0x00, 0x48, 0x70, 0x40, 0x00,
    0x48, 0x70, 0x48, 0x00, 0x50, 0x70, 0x48, 0x00, 0x48, 0x70, 0x48, 0x00,
    0x50, 0x70, 0x48, 0x00, 0x50, 0x70, 0x48, 0x00, 0x48, 0x70, 0x48, 0x00,
    0x48, 0x70, 0x48, 0x00, 0x50, 0x70, 0x48, 0x00, 0x48, 0x70, 0x48, 0x00,
    0x48, 0x70, 0x48, 0x00, 0x50, 0x70, 0x48, 0x00, 0x48, 0x70, 0x40, 0x00,
    0x50, 0x70, 0x48, 0x00, 0x48, 0x70, 0x48, 0x00, 0x50, 0x70, 0x40, 0x00,
    0x50, 0x70, 0x48, 0x00, 0x48, 0x70, 0x48, 0x00, 0x50, 0x70, 0x40, 0x00,
    0x48, 0x70, 0x48, 0x00, 0x48, 0x70, 0x48, 0x00, 0x50, 0x70, 0x48, 0x00,
    0x50, 0x70, 0x48, 0x00, 0x48, 0x70, 0x48, 0x00, 0x50, 0x70, 0x48, 0x00,
    0x48, 0x70, 0x48, 0x00, 0x50, 0x70, 0x48, 0x00, 0x48, 0x70, 0x48, 0x00,
    0x50, 0x70, 0x48, 0x00, 0x50, 0x70, 0x48, 0x00, 0x48, 0x70, 0x48, 0x00,
    0x50, 0x70, 0x48, 0x00, 0x50, 0x70, 0x48, 0x00, 0x48, 0x70, 0x48, 0x00,
    0x50, 0x70, 0x48, 0x00, 0x48, 0x70, 0x48, 0x00, 0x48, 0x70, 0x40, 0x00,
    0x50, 0x70, 0x48, 0x00, 0x50, 0x70, 0x48, 0x00, 0x48, 0x70, 0x48, 0x00,
    0x50, 0x70, 0x40, 0x00, 0x50, 0x70, 0x48, 0x00, 0x48, 0x70, 0x48, 0x00,
    0x48, 0x70, 0x48, 0x00, 0x50, 0x70, 0x48, 0x00, 0x48, 0x70, 0x48, 0x00,
    0x50, 0x70, 0x48, 0x00, 0x50, 0x70, 0x48, 0x00, 0x48, 0x70, 0x48, 0x00,
    0x50, 0x70, 0x48, 0x00, 0x50, 0x70, 0x48, 0x00, 0x48, 0x70, 0x48, 0x00,
    0x48, 0x70, 0x48, 0x00, 0x50, 0x70, 0x48, 0x00, 0x50, 0x70, 0x48, 0x00,
    0x48, 0x70, 0x48, 0x00, 0x50, 0x70, 0x48, 0x00, 0x50, 0x70, 0x48, 0x00,
    0x48, 0x70, 0x40, 0x00, 0x50, 0x70, 0x48, 0x00, 0x50, 0x70, 0x48, 0x00,
    0x48, 0x70, 0x48, 0x00, 0x48, 0x70, 0x48, 0x00, 0x50, 0x70, 0x48, 0x00,
    0x50, 0x70, 0x48, 0x00, 0x48, 0x70, 0x48, 0x00, 0x50, 0x70, 0x48, 0x00,
    0x48, 0x70, 0x48, 0x00, 0x48, 0x70, 0x48, 0x00, 0x50, 0x70, 0x48, 0x00,
    0x50, 0x70, 0x48, 0x00, 0x48, 0x70, 0x40, 0x00, 0x50, 0x70, 0x48, 0x00,
    0x48, 0x70, 0x48, 0x00, 0x48, 0x70, 0x40, 0x00, 0x50, 0x70, 0x48, 0x00,
    0x48, 0x70, 0x48, 0x00, 0x48, 0x70, 0x48, 0x00, 0x50, 0x70, 0x40, 0x00,
    0x50, 0x70, 0x48, 0x00, 0x48, 0x70, 0x48, 0x00, 0x50, 0x70, 0x48, 0x00,
    0x48, 0x70, 0x48, 0x00, 0x50, 0x70, 0x40, 0x00, 0x50, 0x70, 0x48, 0x00,
    0x48, 0x70, 0x48, 0x00, 0x50, 0x70, 0x40, 0x00, 0x50, 0x70, 0x48, 0x00,
    0x48, 0x70, 0x48, 0x00, 0x48, 0x70, 0x48, 0x00, 0x50, 0x70, 0x48, 0x00,
    0x50, 0x70, 0x48, 0x00, 0x48, 0x70, 0x48, 0x00, 0x50, 0x70, 0x48, 0x00,
    0x48, 0x70, 0x48, 0x00, 0x48, 0x70, 0x48, 0x00, 0x50, 0x70, 0x48, 0x00,
    0x48, 0x70, 0x48, 0x00, 0x48, 0x70, 0x48, 0x00, 0x50, 0x70, 0x48, 0x00,
    0x50, 0x70, 0x48, 0x00, 0x48, 0x70, 0x48, 0x00, 0x50, 0x70, 0x48, 0x00,
    0x50, 0x70, 0x48, 0x00, 0x48, 0x70, 0x48, 0x00, 0x50, 0x70, 0x40, 0x00,
    0x48, 0x70, 0x48, 0x00, 0x48, 0x70, 0x48, 0x00, 0x50, 0x70, 0x40, 0x00,
    0x48, 0x70, 0x48, 0x00, 0x48, 0x70, 0x48, 0x00, 0x50, 0x70, 0x48, 0x00,
    0x48, 0x70, 0x48, 0x00, 0x50, 0x70, 0x48, 0x00, 0x48, 0x70, 0x40, 0x00,
    0x48, 0x70, 0x48, 0x00, 0x50, 0x70, 0x48, 0x00, 0x50, 0x70, 0x48, 0x00,
    0x48, 0x70, 0x48, 0x00, 0x48, 0x70, 0x48, 0x00, 0x50, 0x70, 0x40, 0x00,
    0x48, 0x70, 0x48, 0x00, 0x50, 0x70, 0x48, 0x00, 0x48, 0x70, 0x48, 0x00,
    0x48, 0x70, 0x48, 0x00, 0x50, 0x70, 0x48, 0x00, 0x48, 0x70, 0x48, 0x00,
    0x48, 0x70, 0x48, 0x00, 0x50, 0x70, 0x40, 0x00, 0x48, 0x70, 0x48, 0x00,
    0x48, 0x70, 0x48, 0x00, 0x50, 0x70, 0x48, 0x00, 0x48, 0x70, 0x48, 0x00,
    0x50, 0x70, 0x48, 0x00, 0x50, 0x70, 0x48, 0x00, 0x48, 0x70, 0x48, 0x00,
    0x48, 0x70, 0x40, 0x00, 0x50, 0x70, 0x48, 0x00, 0x50, 0x70, 0x48, 0x00,
    0x50, 0x70, 0x48, 0x00, 0x48, 0x70, 0x48, 0x00, 0x48, 0x70, 0x48, 0x00,
    0x50, 0x70, 0x48, 0x00, 0x50, 0x70, 0x48, 0x00, 0x48, 0x70, 0x48, 0x00,
    0x48, 0x70, 0x48, 0x00, 0x50, 0x70, 0x48, 0x00, 0x48, 0x70, 0x48, 0x00,
    0x50, 0x70, 0x48, 0x00, 0x50, 0x70, 0x48, 0x00, 0x48, 0x70, 0x40, 0x00,
    0x50, 0x70, 0x48, 0x00, 0x48, 0x70, 0x48, 0x00, 0x48, 0x70, 0x48, 0x00,
    0x50, 0x70, 0x48, 0x00, 0x48, 0x70, 0x48, 0x00, 0x48, 0x70, 0x48, 0x00,
    0x50, 0x70, 0x48, 0x00, 0x48, 0x70, 0x48, 0x00, 0x48, 0x70, 0x48, 0x00,
    0x50, 0x70, 0x48, 0x00, 0x50, 0x70, 0x48, 0x00, 0x48, 0x70, 0x48, 0x00,
    0x50, 0x70, 0x48, 0x00, 0x48, 0x70, 0x48, 0x00, 0x48, 0x70, 0x40, 0x00,
    0x50, 0x70, 0x48, 0x00, 0x50, 0x70, 0x48, 0x00, 0x48, 0x70, 0x48, 0x00,
    0x50, 0x70, 0x48, 0x00, 0x48, 0x70, 0x40, 0x00, 0x50, 0x70, 0x48, 0x00,
    0x48, 0x70, 0x48, 0x00, 0x48, 0x70, 0x48, 0x00, 0x50, 0x70, 0x48, 0x00,
    0x48, 0x70, 0x40, 0x00, 0x50, 0x70, 0x48, 0x00, 0x50, 0x70, 0x48, 0x00,
    0x48, 0x70, 0x48, 0x00, 0x50, 0x70, 0x48, 0x00, 0x48, 0x70, 0x48, 0x00,
    0x48, 0x70, 0x48, 0x00, 0x50, 0x70, 0x48, 0x00, 0x48, 0x70, 0x48, 0x00,
    0x50, 0x70, 0x48, 0x00, 0x50, 0x70, 0x40, 0x00, 0x48, 0x70, 0x48, 0x00,
    0x48, 0x70, 0x48, 0x00, 0x50, 0x70, 0x40, 0x00, 0x48, 0x70, 0x48, 0x00,
    0x48, 0x70, 0x48, 0x00, 0x50, 0x70, 0x40, 0x00, 0x48, 0x70, 0x48, 0x00,
    0x50, 0x70, 0x48, 0x00, 0x50, 0x70, 0x48, 0x00, 0x48, 0x70, 0x48, 0x00,
    0x48, 0x70, 0x40, 0x00, 0x50, 0x70, 0x48, 0x00, 0x48, 0x70, 0x48, 0x00,
    0x48, 0x70, 0x48, 0x00, 0x50, 0x70, 0x48, 0x00, 0x48, 0x70, 0x48, 0x00,
    0x48, 0x70, 0x48, 0x00, 0x50, 0x70, 0x48, 0x00, 0x48, 0x70, 0x48, 0x00,
    0x50, 0x70, 0x48, 0x00, 0x48, 0x70, 0x48, 0x00, 0x48, 0x70, 0x48, 0x00,
    0x50, 0x70, 0x48, 0x00, 0x50, 0x70, 0x40, 0x00, 0x48, 0x70, 0x48, 0x00,
    0x50, 0x70, 0x48, 0x00, 0x48, 0x70, 0x40, 0x00, 0x48, 0x70, 0x48, 0x00,
    0x50, 0x70, 0x48, 0x00, 0x50, 0x70, 0x48, 0x00, 0x48, 0x70, 0x48, 0x00,
    0x50, 0x70, 0x48, 0x00, 0x50, 0x70, 0x48, 0x00, 0x48, 0x70, 0x48, 0x00,
    0x50, 0x70, 0x48, 0x00, 0x48, 0x70, 0x48, 0x00, 0x48, 0x70, 0x48, 0x00,
    0x50, 0x70, 0x40, 0x00, 0x50, 0x70, 0x48, 0x00, 0x48, 0x70, 0x48, 0x00,
    0x48, 0x70, 0x48, 0x00, 0x50, 0x70, 0x48, 0x00, 0x48, 0x70, 0x48, 0x00,
    0x48, 0x70, 0x48, 0x00, 0x50, 0x70, 0x48, 0x00, 0x50, 0x70, 0x48, 0x00,
    0x48, 0x70, 0x48, 0x00, 0x48, 0x70, 0x40, 0x00, 0x50, 0x70, 0x48, 0x00,
    0x48, 0x70, 0x48, 0x00, 0x50, 0x70, 0x48, 0x00, 0x50, 0x70, 0x48, 0x00,
    0x48, 0x70, 0x48, 0x00, 0x50, 0x70, 0x40, 0x00, 0x50, 0x70, 0x48, 0x00,
    0x48, 0x70, 0x48, 0x00, 0x48, 0x70, 0x40, 0x00, 0x50, 0x70, 0x48, 0x00,
    0x48, 0x70, 0x48, 0x00, 0x50, 0x70, 0x40, 0x00, 0x48, 0x70, 0x48, 0x00,
    0x50, 0x70, 0x48, 0x00, 0x50, 0x70, 0x48, 0x00, 0x48, 0x70, 0x48, 0x00,
    0x50, 0x70, 0x48, 0x00, 0x50, 0x70, 0x48, 0x00, 0x48, 0x70, 0x48, 0x00,
    0x50, 0x70, 0x40, 0x00, 0x48, 0x70, 0x48, 0x00, 0x50, 0x70, 0x48, 0x00,
    0x48, 0x70, 0x48, 0x00, 0x50, 0x70, 0x48, 0x00, 0x48, 0x70, 0x48, 0x00,
    0x50, 0x70, 0x48, 0x00, 0x50, 0x70, 0x48, 0x00, 0x48, 0x70, 0x48, 0x00,
    0x50, 0x70, 0x48, 0x00, 0x48, 0x70, 0x48, 0x00, 0x50, 0x70, 0x48, 0x00,
    0x48, 0x70, 0x40, 0x00, 0x50, 0x70, 0x48, 0x00, 0x50, 0x70, 0x48, 0x00,
    0x48, 0x70, 0x40, 0x00, 0x50, 0x70, 0x48, 0x00, 0x50, 0x70, 0x48, 0x00,
    0x48, 0x70, 0x48, 0x00, 0x50, 0x70, 0x48, 0x00, 0x50, 0x70, 0x48, 0x00,
    0x48, 0x70, 0x48, 0x00, 0x48, 0x70, 0x48, 0x00, 0x50, 0x70, 0x40, 0x00,
    0x48, 0x70, 0x48, 0x00, 0x50, 0x70, 0x48, 0x00, 0x48, 0x70, 0x48, 0x00,
    0x48, 0x70, 0x48, 0x00, 0x50, 0x70, 0x48, 0x00, 0x48, 0x70, 0x48, 0x00,
    0x50, 0x70, 0x48, 0x00, 0x48, 0x70, 0x48, 0x00, 0x48, 0x70, 0x48, 0x00,
    0x50, 0x70, 0x48, 0x00, 0x50, 0x70, 0x48, 0x00, 0x48, 0x70, 0x40, 0x00,
    0x50, 0x70, 0x48, 0x00, 0x48, 0x70, 0x48, 0x00, 0x48, 0x70, 0x40, 0x00,
    0x50, 0x70, 0x48, 0x00, 0x48, 0x70, 0x48, 0x00, 0x50, 0x70, 0x48, 0x00,
    0x50, 0x70, 0x48, 0x00, 0x50, 0x70, 0x40, 0x00, 0x48, 0x70, 0x48, 0x00,
    0x50, 0x70, 0x48, 0x00, 0x50, 0x70, 0x48, 0x00, 0x48, 0x70, 0x48, 0x00,
    0x50, 0x70, 0x48, 0x00, 0x48, 0x70, 0x48, 0x00, 0x50, 0x70, 0x48, 0x00,
    0x48, 0x70, 0x48, 0x00, 0x50, 0x70, 0x48, 0x00, 0x48, 0x70, 0x48, 0x00,
    0x50, 0x70, 0x48, 0x00, 0x48, 0x70, 0x48, 0x00, 0x50, 0x70, 0x48, 0x00,
    0x48, 0x70, 0x48, 0x00, 0x48, 0x70, 0x48, 0x00, 0x50, 0x70, 0x48, 0x00,
    0x50, 0x70, 0x48, 0x00, 0x48, 0x70, 0x48, 0x00, 0x50, 0x70, 0x48, 0x00,
    0x50, 0x70, 0x40, 0x00, 0x48, 0x70, 0x48, 0x00, 0x48, 0x70, 0x48, 0x00,
    0x50, 0x70, 0x48, 0x00, 0x48, 0x70, 0x48, 0x00, 0x50, 0x70, 0x40, 0x00,
    0x50, 0x70, 0x48, 0x00, 0x48, 0x70, 0x48, 0x00, 0x50, 0x70, 0x40, 0x00,
    0x48, 0x70, 0x48, 0x00, 0x48, 0x70, 0x48, 0x00, 0x50, 0x70, 0x48, 0x00,
    0x48, 0x70, 0x48, 0x00, 0x50, 0x70, 0x48, 0x00, 0x50, 0x70, 0x48, 0x00,
    0x48, 0x70, 0x48, 0x00, 0x50, 0x70, 0x48, 0x00, 0x50, 0x70, 0x48, 0x00,
    0x48, 0x70, 0x48, 0x00, 0x48, 0x70, 0x48, 0x00, 0x50, 0x70, 0x48, 0x00,
    0x48, 0x70, 0x40, 0x00, 0x50, 0x70, 0x48, 0x00, 0x50, 0x70, 0x48, 0x00,
    0x48, 0x70, 0x48, 0x00, 0x50, 0x70, 0x48, 0x00, 0x48, 0x70, 0x40, 0x00,
    0x50, 0x70, 0x48, 0x00, 0x50, 0x70, 0x48, 0x00, 0x48, 0x70, 0x48, 0x00,
    0x50, 0x70, 0x40, 0x00, 0x50, 0x70, 0x48, 0x00, 0x48, 0x70, 0x48, 0x00,
    0x50, 0x70, 0x40, 0x00, 0x48, 0x70, 0x48, 0x00, 0x48, 0x70, 0x48, 0x00,
    0x50, 0x70, 0x48, 0x00, 0x50, 0x70, 0x48, 0x00, 0x48, 0x70, 0x48, 0x00,
    0x50, 0x70, 0x48, 0x00, 0x48, 0x70, 0x48, 0x00, 0x48, 0x70, 0x48, 0x00,
    0x50, 0x70, 0x48, 0x00, 0x48, 0x70, 0x48, 0x00, 0x50, 0x70, 0x48, 0x00,
    0x48, 0x70, 0x40, 0x00, 0x50, 0x70, 0x48, 0x00, 0x50, 0x70, 0x48, 0x00,
    0x48, 0x70, 0x48, 0x00, 0x48, 0x70, 0x48, 0x00, 0x50, 0x70, 0x48, 0x00,
    0x48, 0x70, 0x48, 0x00, 0x50, 0x70, 0x48, 0x00, 0x48, 0x70, 0x48, 0x00,
    0x50, 0x70, 0x48, 0x00, 0x50, 0x70, 0x48, 0x00, 0x48, 0x70, 0x48, 0x00,
    0x48, 0x70, 0x48, 0x00, 0x50, 0x70, 0x48, 0x00, 0x50, 0x70, 0x48, 0x00,
    0x48, 0x70, 0x48, 0x00, 0x48, 0x70, 0x48, 0x00, 0x50, 0x70, 0x40, 0x00,
    0x48, 0x70, 0x48, 0x00, 0x50, 0x70, 0x48, 0x00, 0x48, 0x70, 0x48, 0x00,
    0x48, 0x70, 0x48, 0x00, 0x50, 0x70, 0x48, 0x00, 0x50, 0x70, 0x48, 0x00,
    0x48, 0x70, 0x48, 0x00, 0x50, 0x70, 0x48, 0x00, 0x48, 0x70, 0x48, 0x00,
    0x48, 0x70, 0x48, 0x00, 0x50, 0x70, 0x48, 0x00, 0x48, 0x70, 0x48, 0x00,
    0x48, 0x70, 0x48, 0x00, 0x50, 0x70, 0x48, 0x00, 0x48, 0x70, 0x48, 0x00,
    0x48, 0x70, 0x48, 0x00, 0x50, 0x70, 0x48, 0x00, 0x50, 0x70, 0x48, 0x00,
    0x48, 0x70, 0x48, 0x00, 0x48, 0x70, 0x48, 0x00, 0x50, 0x70, 0x40, 0x00,
    0x50, 0x70, 0x48, 0x00, 0x48, 0x70, 0x48, 0x00, 0x48, 0x70, 0x40, 0x00,
    0x48, 0x70, 0x48, 0x00, 0x50, 0x70, 0x48, 0x00, 0x48, 0x70, 0x40, 0x00,
    0x50, 0x70, 0x48, 0x00, 0x48, 0x70, 0x48, 0x00, 0x48, 0x70, 0x48, 0x00,
    0x50, 0x70, 0x48, 0x00, 0x48, 0x70, 0x48, 0x00, 0x48, 0x70, 0x48, 0x00,
    0x50, 0x70, 0x48, 0x00, 0x48, 0x70, 0x48, 0x00, 0x48, 0x70, 0x48, 0x00,
    0x50, 0x70, 0x48, 0x00, 0x50, 0x70, 0x40, 0x00, 0x48, 0x70, 0x48, 0x00,
    0x50, 0x70, 0x48, 0x00, 0x48, 0x70, 0x48, 0x00, 0x50, 0x70, 0x48, 0x00,
    0x50, 0x70, 0x48, 0x00, 0x48, 0x70, 0x48, 0x00, 0x50, 0x70, 0x48, 0x00,
    0x48, 0x70, 0x40, 0x00, 0x48, 0x70, 0x48, 0x00, 0x50, 0x70, 0x48, 0x00,
    0x50, 0x70, 0x40, 0x00, 0x48, 0x70, 0x48, 0x00, 0x50, 0x70, 0x48, 0x00,
    0x48, 0x70, 0x48, 0x00, 0x50, 0x70, 0x48, 0x00, 0x50, 0x70, 0x48, 0x00,
    0x48, 0x70, 0x48, 0x00, 0x50, 0x70, 0x48, 0x00, 0x48, 0x70, 0x48, 0x00,
    0x48, 0x70, 0x48, 0x00, 0x50, 0x70, 0x48, 0x00, 0x48, 0x70, 0x48, 0x00,
    0x48, 0x70, 0x48, 0x00, 0x50, 0x70, 0x48, 0x00, 0x48, 0x70, 0x48, 0x00,
    0x50, 0x70, 0x40, 0x00, 0x48, 0x70, 0x48, 0x00, 0x50, 0x70, 0x48, 0x00,
    0x50, 0x70, 0x40, 0x00, 0x48, 0x70, 0x48, 0x00, 0x48, 0x70, 0x48, 0x00,
    0x50, 0x70, 0x48, 0x00, 0x50, 0x70, 0x48, 0x00, 0x48, 0x70, 0x48, 0x00,
    0x50, 0x70, 0x48, 0x00, 0x48, 0x70, 0x48, 0x00, 0x50, 0x70, 0x40, 0x00,
    0x48, 0x70, 0x48, 0x00, 0x48, 0x70, 0x48, 0x00, 0x50, 0x70, 0x48, 0x00,
    0x48, 0x70, 0x48, 0x00, 0x48, 0x70, 0x48, 0x00, 0x50, 0x70, 0x48, 0x00,
    0x50, 0x70, 0x48, 0x00, 0x48, 0x70, 0x48, 0x00, 0x48, 0x70, 0x48, 0x00,
    0x50, 0x70, 0x48, 0x00, 0x48, 0x70, 0x48, 0x00, 0x48, 0x70, 0x48, 0x00,
    0x50, 0x70, 0x48, 0x00, 0x50, 0x70, 0x48, 0x00, 0x48, 0x70, 0x48, 0x00,
    0x50, 0x70, 0x48, 0x00, 0x48, 0x70, 0x48, 0x00, 0x48, 0x70, 0x48, 0x00,
    0x50, 0x70, 0x48, 0x00, 0x48, 0x70, 0x40, 0x00, 0x48, 0x70, 0x48, 0x00,
    0x50, 0x70, 0x48, 0x00, 0x50, 0x70, 0x48, 0x00, 0x48, 0x70, 0x48, 0x00,
    0x50, 0x70, 0x48, 0x00, 0x48, 0x70, 0x48, 0x00, 0x48, 0x70, 0x48, 0x00,
    0x50, 0x70, 0x48, 0x00, 0x48, 0x70, 0x48, 0x00, 0x48, 0x70, 0x48, 0x00,
    0x50, 0x70, 0x48, 0x00, 0x50, 0x70, 0x48, 0x00, 0x48, 0x70, 0x48, 0x00,
    0x48, 0x70, 0x48, 0x00, 0x50, 0x70, 0x48, 0x00, 0x48, 0x70, 0x48, 0x00,
    0x48, 0x70, 0x48, 0x00, 0x50, 0x70, 0x48, 0x00, 0x50, 0x70, 0x48, 0x00,
    0x48, 0x70, 0x48, 0x00, 0x50, 0x70, 0x48, 0x00, 0x48, 0x70, 0x48, 0x00,
    0x48, 0x70, 0x48, 0x00, 0x50, 0x70, 0x48, 0x00, 0x50, 0x70, 0x48, 0x00,
    0x48, 0x70, 0x48, 0x00, 0x50, 0x70, 0x40, 0x00, 0x48, 0x70, 0x48, 0x00,
    0x50, 0x70, 0x48, 0x00, 0x48, 0x70, 0x48, 0x00, 0x48, 0x70, 0x48, 0x00,
    0x50, 0x70, 0x48, 0x00, 0x48, 0x70, 0x40, 0x00, 0x50, 0x70, 0x48, 0x00,
    0x50, 0x70, 0x48, 0x00, 0x48, 0x70, 0x48, 0x00, 0x50, 0x70, 0x48, 0x00,
    0x48, 0x70, 0x40, 0x00, 0x50, 0x70, 0x48, 0x00, 0x48, 0x70, 0x48, 0x00,
    0x50, 0x70, 0x40, 0x00, 0x50, 0x70, 0x48, 0x00, 0x48, 0x70, 0x48, 0x00,
    0x48, 0x70, 0x40, 0x00, 0x50, 0x70, 0x48, 0x00, 0x50, 0x70, 0x48, 0x00,
    0x48, 0x70, 0x48, 0x00, 0x50, 0x70, 0x48, 0x00, 0x48, 0x70, 0x48, 0x00,
    0x48, 0x70, 0x48, 0x00, 0x50, 0x70, 0x40, 0x00, 0x48, 0x70, 0x48, 0x00,
    0x48, 0x70, 0x48, 0x00, 0x50, 0x70, 0x48, 0x00, 0x50, 0x70, 0x48, 0x00,
    0x48, 0x70, 0x40, 0x00, 0x50, 0x70, 0x48, 0x00, 0x50, 0x70, 0x48, 0x00,
    0x48, 0x70, 0x48, 0x00, 0x50, 0x70, 0x48, 0x00, 0x48, 0x70, 0x40, 0x00,
    0x50, 0x70, 0x48, 0x00, 0x50, 0x70, 0x48, 0x00, 0x48, 0x70, 0x40, 0x00,
    0x48, 0x70, 0x48, 0x00, 0x50, 0x70, 0x48, 0x00, 0x50, 0x70, 0x48, 0x00,
    0x48, 0x70, 0x48, 0x00, 0x50, 0x70, 0x48, 0x00, 0x48, 0x70, 0x48, 0x00,
    0x50, 0x70, 0x48, 0x00, 0x50, 0x70, 0x48, 0x00, 0x48, 0x70, 0x48, 0x00,
    0x50, 0x70, 0x48, 0x00, 0x50, 0x70, 0x48, 0x00, 0x48, 0x70, 0x48, 0x00,
    0x50, 0x70, 0x48, 0x00, 0x50, 0x70, 0x48, 0x00, 0x48, 0x70, 0x48, 0x00,
    0x50, 0x70, 0x48, 0x00, 0x50, 0x70, 0x48, 0x00, 0x48, 0x70, 0x48, 0x00,
    0x50, 0x70, 0x40, 0x00, 0x48, 0x70, 0x48, 0x00, 0x48, 0x70, 0x48, 0x00,
    0x50, 0x70, 0x48, 0x00, 0x48, 0x70, 0x48, 0x00, 0x50, 0x70, 0x48, 0x00,
    0x48, 0x70, 0x48, 0x00, 0x48, 0x70, 0x48, 0x00, 0x50, 0x70, 0x40, 0x00,
    0x50, 0x70, 0x48, 0x00, 0x48, 0x70, 0x48, 0x00, 0x50, 0x70, 0x48, 0x00,
    0x50, 0x70, 0x48, 0x00, 0x48, 0x70, 0x48, 0x00, 0x50, 0x70, 0x48, 0x00,
    0x48, 0x70, 0x48, 0x00, 0x48, 0x70, 0x40, 0x00, 0x50, 0x70, 0x48, 0x00,
    0x48, 0x70, 0x48, 0x00, 0x48, 0x70, 0x48, 0x00, 0x50, 0x70, 0x48, 0x00,
    0x50, 0x70, 0x48, 0x00, 0x48, 0x70, 0x48, 0x00, 0x50, 0x70, 0x40, 0x00,
    0x50, 0x70, 0x48, 0x00, 0x48, 0x70, 0x48, 0x00, 0x50, 0x70, 0x48, 0x00,
    0x48, 0x70, 0x48, 0x00, 0x50, 0x70, 0x48, 0x00, 0x48, 0x70, 0x48, 0x00,
    0x48, 0x70, 0x48, 0x00, 0x50, 0x70, 0x48, 0x00, 0x48, 0x70, 0x48, 0x00,
    0x48, 0x70, 0x48, 0x00, 0x50, 0x70, 0x48, 0x00, 0x48, 0x70, 0x48, 0x00,
    0x48, 0x70, 0x48, 0x00, 0x50, 0x70, 0x48, 0x00, 0x48, 0x70, 0x48, 0x00,
    0x50, 0x70, 0x48, 0x00, 0x50, 0x70, 0x48, 0x00, 0x48, 0x70, 0x48, 0x00,
    0x50, 0x70, 0x40, 0x00, 0x50, 0x70, 0x48, 0x00, 0x48, 0x70, 0x48, 0x00,
    0x48, 0x70, 0x40, 0x00, 0x50, 0x70, 0x48, 0x00, 0x48, 0x70, 0x48, 0x00,
    0x50, 0x70, 0x48, 0x00, 0x50, 0x70, 0x40, 0x00, 0x48, 0x70, 0x48, 0x00,
    0x50, 0x70, 0x48, 0x00, 0x48, 0x70, 0x48, 0x00, 0x50, 0x70, 0x48, 0x00,
    0x48, 0x70, 0x48, 0x00, 0x50, 0x70, 0x48, 0x00, 0x50, 0x70, 0x40, 0x00,
    0x48, 0x70, 0x48, 0x00, 0x50, 0x70, 0x48, 0x00, 0x50, 0x70, 0x48, 0x00,
    0x48, 0x70, 0x48, 0x00, 0x50, 0x70, 0x48, 0x00, 0x48, 0x70, 0x48, 0x00,
    0x48, 0x70, 0x40, 0x00, 0x50, 0x70, 0x48, 0x00, 0x50, 0x70, 0x48, 0x00,
    0x48, 0x70, 0x40, 0x00, 0x50, 0x70, 0x48, 0x00, 0x50, 0x70, 0x48, 0x00,
    0x48, 0x70, 0x48, 0x00, 0x50, 0x70, 0x40, 0x00, 0x48, 0x70, 0x48, 0x00,
    0x48, 0x70, 0x48, 0x00, 0x50, 0x70, 0x48, 0x00, 0x48, 0x70, 0x40, 0x00,
    0x50, 0x70, 0x48, 0x00, 0x48, 0x70, 0x48, 0x00, 0x48, 0x70, 0x48, 0x00,
    0x50, 0x70, 0x48, 0x00, 0x48, 0x70, 0x48, 0x00, 0x50, 0x70, 0x40, 0x00,
    0x50, 0x70, 0x48, 0x00, 0x48, 0x70, 0x48, 0x00, 0x48, 0x70, 0x40, 0x00,
    0x50, 0x70, 0x48, 0x00, 0x48, 0x70, 0x48, 0x00, 0x50, 0x70, 0x48, 0x00,
    0x50, 0x70, 0x48, 0x00, 0x48, 0x70, 0x48, 0x00, 0x50, 0x70, 0x48, 0x00,
    0x50, 0x70, 0x40, 0x00, 0x48, 0x70, 0x48, 0x00, 0x48, 0x70, 0x48, 0x00,
    0x50, 0x70, 0x48, 0x00, 0x48, 0x70, 0x48, 0x00, 0x50, 0x70, 0x48, 0x00,
    0x48, 0x70, 0x48, 0x00, 0x48, 0x70, 0x48, 0x00, 0x50, 0x70, 0x48, 0x00,
    0x48, 0x70, 0x48, 0x00, 0x48, 0x70, 0x48, 0x00, 0x48, 0x70, 0x48, 0x00,
    0x50, 0x70, 0x48, 0x00, 0x50, 0x70, 0x48, 0x00, 0x48, 0x70, 0x48, 0x00,
    0x48, 0x70, 0x48, 0x00, 0x50, 0x70, 0x48, 0x00, 0x50, 0x70, 0x48, 0x00,
    0x48, 0x70, 0x48, 0x00, 0x50, 0x70, 0x48, 0x00, 0x50, 0x70, 0x48, 0x00,
    0x50, 0x70, 0x48, 0x00, 0x50, 0x70, 0x48, 0x00, 0x48, 0x70, 0x48, 0x00,
    0x48, 0x70, 0x40, 0x00, 0x50, 0x70, 0x48, 0x00, 0x48, 0x70, 0x48, 0x00,
    0x48, 0x70, 0x48, 0x00, 0x50, 0x70, 0x48, 0x00, 0x48, 0x70, 0x48, 0x00,
    0x50, 0x70, 0x48, 0x00, 0x50, 0x70, 0x48, 0x00, 0x48, 0x70, 0x48, 0x00,
    0x50, 0x70, 0x48, 0x00, 0x50, 0x70, 0x48, 0x00, 0x48, 0x70, 0x48, 0x00,
    0x48, 0x70, 0x48, 0x00, 0x50, 0x70, 0x40, 0x00, 0x48, 0x70, 0x48, 0x00,
    0x48, 0x70, 0x48, 0x00, 0x50, 0x70, 0x48, 0x00, 0x48, 0x70, 0x48, 0x00,
    0x50, 0x70, 0x48, 0x00, 0x48, 0x70, 0x48, 0x00, 0x48, 0x70, 0x48, 0x00,
    0x50, 0x70, 0x48, 0x00, 0x48, 0x70, 0x48, 0x00, 0x50, 0x70, 0x40, 0x00,
    0x48, 0x70, 0x48, 0x00, 0x48, 0x70, 0x48, 0x00, 0x50, 0x70, 0x40, 0x00,
    0x48, 0x70, 0x48, 0x00, 0x50, 0x70, 0x48, 0x00, 0x50, 0x70, 0x48, 0x00,
    0x48, 0x70, 0x48, 0x00, 0x50, 0x70, 0x48, 0x00, 0x48, 0x70, 0x48, 0x00,
    0x50, 0x70, 0x48, 0x00, 0x48, 0x70, 0x40, 0x00, 0x50, 0x70, 0x48, 0x00,
    0x48, 0x70, 0x48, 0x00, 0x48, 0x70, 0x48, 0x00, 0x50, 0x70, 0x48, 0x00,
    0x48, 0x70, 0x48, 0x00, 0x48, 0x70, 0x48, 0x00, 0x50, 0x70, 0x48, 0x00,
    0x48, 0x70, 0x40, 0x00, 0x50, 0x70, 0x48, 0x00, 0x50, 0x70, 0x48, 0x00,
    0x48, 0x70, 0x48, 0x00, 0x50, 0x70, 0x48, 0x00, 0x48, 0x70, 0x48, 0x00,
    0x48, 0x70, 0x40, 0x00, 0x50, 0x70, 0x48, 0x00, 0x48, 0x70, 0x48, 0x00,
    0x48, 0x70, 0x48, 0x00, 0x50, 0x70, 0x48, 0x00, 0x48, 0x70, 0x48, 0x00,
    0x50, 0x70, 0x48, 0x00, 0x48, 0x70, 0x40, 0x00, 0x50, 0x70, 0x48, 0x00,
    0x50, 0x70, 0x48, 0x00, 0x48, 0x70, 0x48, 0x00, 0x50, 0x70, 0x48, 0x00,
    0x50, 0x70, 0x40, 0x00, 0x48, 0x70, 0x48, 0x00, 0x50, 0x70, 0x48, 0x00,
    0x50, 0x70, 0x40, 0x00, 0x48, 0x70, 0x48, 0x00, 0x48, 0x70, 0x48, 0x00,
    0x50, 0x70, 0x48, 0x00, 0x48, 0x70, 0x40, 0x00, 0x48, 0x70, 0x48, 0x00,
    0x50, 0x70, 0x48, 0x00, 0x48, 0x70, 0x48, 0x00, 0x50, 0x70, 0x48, 0x00,
    0x48, 0x70, 0x48, 0x00, 0x50, 0x70, 0x48, 0x00, 0x50, 0x70, 0x48, 0x00,
    0x48, 0x70, 0x48, 0x00, 0x48, 0x70, 0x48, 0x00, 0x50, 0x70, 0x48, 0x00,
    0x48, 0x70, 0x48, 0x00, 0x50, 0x70, 0x48, 0x00, 0x48, 0x70, 0x48, 0x00,
    0x50, 0x70, 0x40, 0x00, 0x48, 0x70, 0x48, 0x00, 0x48, 0x70, 0x48, 0x00,
    0x50, 0x70, 0x48, 0x00, 0x48, 0x70, 0x48, 0x00, 0x48, 0x70, 0x48, 0x00,
    0x50, 0x70, 0x40, 0x00, 0x48, 0x70, 0x48, 0x00, 0x50, 0x70, 0x48, 0x00,
    0x50, 0x70, 0x48, 0x00, 0x48, 0x70, 0x48, 0x00, 0x48, 0x70, 0x48, 0x00,
    0x50, 0x70, 0x48, 0x00, 0x48, 0x70, 0x48, 0x00, 0x48, 0x70, 0x48, 0x00,
    0x50, 0x70, 0x48, 0x00, 0x48, 0x70, 0x48, 0x00, 0x50, 0x70, 0x48, 0x00,
    0x50, 0x70, 0x48, 0x00, 0x48, 0x70, 0x48, 0x00, 0x50, 0x70, 0x48, 0x00,
    0x50, 0x70, 0x48, 0x00, 0x48, 0x70, 0x48, 0x00, 0x50, 0x70, 0x48, 0x00,
    0x50, 0x70, 0x48, 0x00, 0x50, 0x70, 0x40, 0x00, 0x48, 0x70, 0x48, 0x00,
    0x48, 0x70, 0x48, 0x00, 0x50, 0x70, 0x48, 0x00, 0x48, 0x70, 0x48, 0x00,
    0x50, 0x70, 0x48, 0x00, 0x50, 0x70, 0x48, 0x00, 0x48, 0x70, 0x48, 0x00,
    0x48, 0x70, 0x40, 0x00, 0x50, 0x70, 0x48, 0x00, 0x48, 0x70, 0x48, 0x00,
    0x48, 0x70, 0x48, 0x00, 0x50, 0x70, 0x48, 0x00, 0x48, 0x70, 0x48, 0x00,
    0x50, 0x70, 0x48, 0x00, 0x50, 0x70, 0x48, 0x00, 0x48, 0x70, 0x48, 0x00,
    0x48, 0x70, 0x48, 0x00, 0x50, 0x70, 0x40, 0x00, 0x50, 0x70, 0x48, 0x00,
    0x48, 0x70, 0x48, 0x00, 0x50, 0x70, 0x48, 0x00, 0x50, 0x70, 0x40, 0x00,
    0x50, 0x70, 0x48, 0x00, 0x48, 0x70, 0x48, 0x00, 0x48, 0x70, 0x48, 0x00,
    0x50, 0x70, 0x48, 0x00, 0x50, 0x70, 0x48, 0x00, 0x48, 0x70, 0x40, 0x00,
    0x48, 0x70, 0x48, 0x00, 0x50, 0x70, 0x48, 0x00, 0x48, 0x70, 0x40, 0x00,
    0x48, 0x70, 0x48, 0x00, 0x50, 0x70, 0x48, 0x00, 0x48, 0x70, 0x48, 0x00,
    0x48, 0x70, 0x48, 0x00, 0x50, 0x70, 0x48, 0x00, 0x50, 0x70, 0x48, 0x00,
    0x48, 0x70, 0x48, 0x00, 0x50, 0x70, 0x48, 0x00, 0x48, 0x70, 0x48, 0x00,
    0x50, 0x70, 0x40, 0x00, 0x48, 0x70, 0x48, 0x00, 0x48, 0x70, 0x48, 0x00,
    0x50, 0x70, 0x48, 0x00, 0x48, 0x70, 0x48, 0x00, 0x48, 0x70, 0x48, 0x00,
    0x50, 0x70, 0x48, 0x00, 0x50, 0x70, 0x48, 0x00, 0x48, 0x70, 0x48, 0x00,
    0x50, 0x70, 0x48, 0x00, 0x50, 0x70, 0x48, 0x00, 0x48, 0x70, 0x48, 0x00,
    0x50, 0x70, 0x40, 0x00, 0x48, 0x70, 0x48, 0x00, 0x48, 0x70, 0x48, 0x00,
    0x50, 0x70, 0x40, 0x00, 0x50, 0x70, 0x48, 0x00, 0x48, 0x70, 0x48, 0x00,
    0x48, 0x70, 0x48, 0x00, 0x50, 0x70, 0x48, 0x00, 0x50, 0x70, 0x48, 0x00,
    0x48, 0x70, 0x48, 0x00, 0x50, 0x70, 0x48, 0x00, 0x48, 0x70, 0x48, 0x00,
    0x48, 0x70, 0x48, 0x00, 0x50, 0x70, 0x48, 0x00, 0x50, 0x70, 0x48, 0x00,
    0x48, 0x70, 0x40, 0x00, 0x50, 0x70, 0x48, 0x00, 0x48, 0x70, 0x48, 0x00,
    0x50, 0x70, 0x48, 0x00, 0x50, 0x70, 0x48, 0x00, 0x48, 0x70, 0x48, 0x00,
    0x50, 0x70, 0x48, 0x00, 0x50, 0x70, 0x48, 0x00, 0x48, 0x70, 0x40, 0x00,
    0x50, 0x70, 0x48, 0x00, 0x48, 0x70, 0x48, 0x00, 0x48, 0x70, 0x48, 0x00,
    0x50, 0x70, 0x48, 0x00, 0x48, 0x70, 0x48, 0x00, 0x50, 0x70, 0x48, 0x00,
    0x50, 0x70, 0x48, 0x00, 0x50, 0x70, 0x48, 0x00, 0x48, 0x70, 0x48, 0x00,
    0x50, 0x70, 0x48, 0x00, 0x50, 0x70, 0x48, 0x00, 0x48, 0x70, 0x40, 0x00,
    0x50, 0x70, 0x48, 0x00, 0x48, 0x70, 0x48, 0x00, 0x48, 0x70, 0x48, 0x00,
    0x50, 0x70, 0x48, 0x00, 0x48, 0x70, 0x48, 0x00, 0x48, 0x70, 0x40, 0x00,
    0x50, 0x70, 0x48, 0x00, 0x48, 0x70, 0x48, 0x00, 0x48, 0x70, 0x48, 0x00,
    0x50, 0x70, 0x48, 0x00, 0x48, 0x70, 0x48, 0x00, 0x50, 0x70, 0x48, 0x00,
    0x48, 0x70, 0x48, 0x00, 0x50, 0x70, 0x48, 0x00, 0x48, 0x70, 0x48, 0x00,
    0x50, 0x70, 0x48, 0x00, 0x50, 0x70, 0x48, 0x00, 0x48, 0x70, 0x48, 0x00,
    0x50, 0x70, 0x48, 0x00, 0x48, 0x70, 0x48, 0x00, 0x48, 0x70, 0x48, 0x00,
    0x50, 0x70, 0x48, 0x00, 0x50, 0x70, 0x48, 0x00, 0x48, 0x70, 0x48, 0x00,
    0x50, 0x70, 0x40, 0x00, 0x48, 0x70, 0x48, 0x00, 0x50, 0x70, 0x48, 0x00,
    0x48, 0x70, 0x48, 0x00, 0x50, 0x70, 0x48, 0x00, 0x50, 0x70, 0x48, 0x00,
    0x48, 0x70, 0x48, 0x00, 0x50, 0x70, 0x48, 0x00, 0x50, 0x70, 0x40, 0x00,
    0x48, 0x70, 0x48, 0x00, 0x50, 0x70, 0x48, 0x00, 0x48, 0x70, 0x48, 0x00,
    0x48, 0x70, 0x48, 0x00, 0x50, 0x70, 0x48, 0x00, 0x48, 0x70, 0x40, 0x00,
    0x50, 0x70, 0x48, 0x00, 0x50, 0x70, 0x48, 0x00, 0x48, 0x70, 0x48, 0x00,
    0x50, 0x70, 0x48, 0x00, 0x50, 0x70, 0x48, 0x00, 0x48, 0x70, 0x48, 0x00,
    0x48, 0x70, 0x40, 0x00, 0x50, 0x70, 0x48, 0x00, 0x48, 0x70, 0x48, 0x00,
    0x48, 0x70, 0x48, 0x00, 0x50, 0x70, 0x40, 0x00, 0x48, 0x70, 0x48, 0x00,
    0x48, 0x70, 0x48, 0x00, 0x50, 0x70, 0x48, 0x00, 0x48, 0x70, 0x48, 0x00,
    0x48, 0x70, 0x48, 0x00, 0x50, 0x70, 0x48, 0x00, 0x50, 0x70, 0x48, 0x00,
    0x48, 0x70, 0x48, 0x00, 0x48, 0x70, 0x48, 0x00, 0x50, 0x70, 0x48, 0x00,
    0x50, 0x70, 0x48, 0x00, 0x48, 0x70, 0x48, 0x00, 0x50, 0x70, 0x48, 0x00,
    0x50, 0x70, 0x48, 0x00, 0x48, 0x70, 0x48, 0x00, 0x50, 0x70, 0x40, 0x00,
    0x48, 0x70, 0x48, 0x00, 0x48, 0x70, 0x48, 0x00, 0x50, 0x70, 0x48, 0x00,
    0x50, 0x70, 0x48, 0x00, 0x48, 0x70, 0x48, 0x00, 0x50, 0x70, 0x48, 0x00,
    0x48, 0x70, 0x48, 0x00, 0x50, 0x70, 0x48, 0x00, 0x48, 0x70, 0x48, 0x00,
    0x48, 0x70, 0x48, 0x00, 0x50, 0x70, 0x48, 0x00, 0x50, 0x70, 0x48, 0x00,
    0x48, 0x70, 0x48, 0x00, 0x48, 0x70, 0x40, 0x00, 0x50, 0x70, 0x48, 0x00,
    0x48, 0x70, 0x48, 0x00, 0x50, 0x70, 0x48, 0x00, 0x48, 0x70, 0x48, 0x00,
    0x50, 0x70, 0x48, 0x00, 0x50, 0x70, 0x48, 0x00, 0x48, 0x70, 0x48, 0x00,
    0x48, 0x70, 0x40, 0x00, 0x50, 0x70, 0x48, 0x00, 0x48, 0x70, 0x48, 0x00,
    0x50, 0x70, 0x40, 0x00, 0x48, 0x70, 0x48, 0x00, 0x50, 0x70, 0x48, 0x00,
    0x48, 0x70, 0x48, 0x00, 0x50, 0x70, 0x48, 0x00, 0x50, 0x70, 0x48, 0x00,
    0x48, 0x70, 0x48, 0x00, 0x50, 0x70, 0x40, 0x00, 0x48, 0x70, 0x48, 0x00,
    0x50, 0x70, 0x48, 0x00, 0x48, 0x70, 0x40, 0x00, 0x48, 0x70, 0x48, 0x00,
    0x50, 0x70, 0x48, 0x00, 0x48, 0x70, 0x40, 0x00, 0x48, 0x70, 0x48, 0x00,
    0x50, 0x70, 0x48, 0x00, 0x50, 0x70, 0x48, 0x00, 0x48, 0x70, 0x48, 0x00,
    0x50, 0x70, 0x48, 0x00, 0x50, 0x70, 0x48, 0x00, 0x48, 0x70, 0x48, 0x00,
    0x50, 0x70, 0x48, 0x00, 0x48, 0x70, 0x48, 0x00, 0x50, 0x70, 0x40, 0x00,
    0x48, 0x70, 0x48, 0x00, 0x48, 0x70, 0x48, 0x00, 0x50, 0x70, 0x48, 0x00,
    0x50, 0x70, 0x48, 0x00, 0x48, 0x70, 0x48, 0x00, 0x48, 0x70, 0x40, 0x00,
    0x50, 0x70, 0x48, 0x00, 0x48, 0x70, 0x48, 0x00, 0x48, 0x70, 0x48, 0x00,
    0x50, 0x70, 0x48, 0x00, 0x48, 0x70, 0x48, 0x00, 0x48, 0x70, 0x48, 0x00,
    0x50, 0x70, 0x48, 0x00, 0x48, 0x70, 0x40, 0x00, 0x50, 0x70, 0x48, 0x00,
    0x48, 0x70, 0x48, 0x00, 0x50, 0x70, 0x48, 0x00, 0x50, 0x70, 0x48, 0x00,
    0x48, 0x70, 0x48, 0x00, 0x50, 0x70, 0x48, 0x00, 0x48, 0x70, 0x48, 0x00,
    0x48, 0x70, 0x40, 0x00, 0x48, 0x70, 0x48, 0x00, 0x50, 0x70, 0x48, 0x00,
    0x48, 0x70, 0x40, 0x00, 0x48, 0x70, 0x48, 0x00, 0x50, 0x70, 0x48, 0x00,
    0x48, 0x70, 0x48, 0x00, 0x50, 0x70, 0x48, 0x00, 0x50, 0x70, 0x48, 0x00,
    0x48, 0x70, 0x48, 0x00, 0x50, 0x70, 0x48, 0x00, 0x50, 0x70, 0x48, 0x00,
    0x48, 0x70, 0x48, 0x00, 0x50, 0x70, 0x48, 0x00, 0x50, 0x70, 0x48, 0x00,
    0x48, 0x70, 0x48, 0x00, 0x50, 0x70, 0x48, 0x00, 0x48, 0x70, 0x48, 0x00,
    0x50, 0x70, 0x48, 0x00, 0x48, 0x70, 0x48, 0x00, 0x50, 0x70, 0x48, 0x00,
    0x48, 0x70, 0x48, 0x00, 0x50, 0x70, 0x48, 0x00, 0x48, 0x70, 0x48, 0x00,
    0x50, 0x70, 0x48, 0x00, 0x48, 0x70, 0x40, 0x00, 0x50, 0x70, 0x48, 0x00,
    0x50, 0x70, 0x48, 0x00, 0x48, 0x70, 0x40, 0x00, 0x48, 0x70, 0x48, 0x00,
    0x50, 0x70, 0x48, 0x00, 0x48, 0x70, 0x48, 0x00, 0x50, 0x70, 0x48, 0x00,
    0x50, 0x70, 0x48, 0x00, 0x48, 0x70, 0x48, 0x00, 0x48, 0x70, 0x40, 0x00,
    0x50, 0x70, 0x48, 0x00, 0x48, 0x70, 0x48, 0x00, 0x48, 0x70, 0x48, 0x00,
    0x50, 0x70, 0x48, 0x00, 0x48, 0x70, 0x48, 0x00, 0x50, 0x70, 0x48, 0x00,
    0x50, 0x70, 0x48, 0x00, 0x48, 0x70, 0x48, 0x00, 0x50, 0x70, 0x48, 0x00,
    0x48, 0x70, 0x48, 0x00, 0x48, 0x70, 0x48, 0x00, 0x50, 0x70, 0x48, 0x00,
    0x48, 0x70, 0x40, 0x00, 0x48, 0x70, 0x48, 0x00, 0x50, 0x70, 0x48, 0x00,
    0x50, 0x70, 0x40, 0x00, 0x48, 0x70, 0x48, 0x00, 0x50, 0x70, 0x48, 0x00,
    0x48, 0x70, 0x48, 0x00, 0x50, 0x70, 0x48, 0x00, 0x50, 0x70, 0x48, 0x00,
    0x48, 0x70, 0x48, 0x00, 0x50, 0x70, 0x48, 0x00, 0x50, 0x70, 0x48, 0x00,
    0x48, 0x70, 0x40, 0x00, 0x50, 0x70, 0x48, 0x00, 0x48, 0x70, 0x48, 0x00,
    0x50, 0x70, 0x48, 0x00, 0x50, 0x70, 0x40, 0x00, 0x48, 0x70, 0x48, 0x00,
    0x48, 0x70, 0x48, 0x00, 0x50, 0x70, 0x40, 0x00, 0x48, 0x70, 0x48, 0x00,
    0x48, 0x70, 0x48, 0x00, 0x50, 0x70, 0x48, 0x00, 0x48, 0x70, 0x48, 0x00,
    0x50, 0x70, 0x48, 0x00, 0x50, 0x70, 0x48, 0x00, 0x48, 0x70, 0x48, 0x00,
    0x50, 0x70, 0x48, 0x00, 0x48, 0x70, 0x40, 0x00, 0x48, 0x70, 0x48, 0x00,
    0x50, 0x70, 0x48, 0x00, 0x48, 0x70, 0x40, 0x00, 0x50, 0x70, 0x48, 0x00,
    0x48, 0x70, 0x48, 0x00, 0x50, 0x70, 0x40, 0x00, 0x48, 0x70, 0x48, 0x00,
    0x48, 0x70, 0x48, 0x00, 0x50, 0x70, 0x48, 0x00, 0x50, 0x70, 0x48, 0x00,
    0x48, 0x70, 0x48, 0x00, 0x50, 0x70, 0x48, 0x00, 0x48, 0x70, 0x48, 0x00,
    0x50, 0x70, 0x48, 0x00, 0x48, 0x70, 0x48, 0x00, 0x48, 0x70, 0x48, 0x00,
    0x50, 0x70, 0x48, 0x00, 0x50, 0x70, 0x48, 0x00, 0x48, 0x70, 0x48, 0x00,
    0x50, 0x70, 0x48, 0x00, 0x50, 0x70, 0x48, 0x00, 0x48, 0x70, 0x48, 0x00,
    0x48, 0x70, 0x48, 0x00, 0x50, 0x70, 0x48, 0x00, 0x48, 0x70, 0x40, 0x00,
    0x48, 0x70, 0x48, 0x00, 0x50, 0x70, 0x48, 0x00, 0x50, 0x70, 0x48, 0x00,
    0x48, 0x70, 0x48, 0x00, 0x50, 0x70, 0x48, 0x00, 0x50, 0x70, 0x48, 0x00,
    0x48, 0x70, 0x48, 0x00, 0x50, 0x70, 0x48, 0x00, 0x50, 0x70, 0x48, 0x00,
    0x48, 0x70, 0x48, 0x00, 0x48, 0x70, 0x48, 0x00, 0x50, 0x70, 0x48, 0x00,
    0x48, 0x70, 0x48, 0x00, 0x48, 0x70, 0x48, 0x00, 0x50, 0x70, 0x48, 0x00,
    0x48, 0x70, 0x48, 0x00, 0x48, 0x70, 0x48, 0x00, 0x50, 0x70, 0x48, 0x00,
    0x50, 0x70, 0x48, 0x00, 0x48, 0x70, 0x48, 0x00, 0x50, 0x70, 0x48, 0x00,
    0x48, 0x70, 0x48, 0x00, 0x50, 0x70, 0x40, 0x00, 0x48, 0x70, 0x48, 0x00,
    0x50, 0x70, 0x48, 0x00, 0x50, 0x70, 0x48, 0x00, 0x48, 0x70, 0x48, 0x00,
    0x50, 0x70, 0x48, 0x00, 0x50, 0x70, 0x48, 0x00, 0x48, 0x70, 0x48, 0x00,
    0x50, 0x70, 0x40, 0x00, 0x50, 0x70, 0x48, 0x00, 0x48, 0x70, 0x48, 0x00,
    0x50, 0x70, 0x48, 0x00, 0x48, 0x70, 0x48, 0x00, 0x48, 0x70, 0x48, 0x00,
    0x50, 0x70, 0x48, 0x00, 0x48, 0x70, 0x48, 0x00, 0x50, 0x70, 0x40, 0x00,
    0x50, 0x70, 0x48, 0x00, 0x50, 0x70, 0x48, 0x00, 0x48, 0x70, 0x48, 0x00,
    0x50, 0x70, 0x48, 0x00, 0x48, 0x70, 0x48, 0x00, 0x50, 0x70, 0x48, 0x00,
    0x50, 0x70, 0x48, 0x00, 0x48, 0x70, 0x48, 0x00, 0x48, 0x70, 0x48, 0x00,
    0x50, 0x70, 0x48, 0x00, 0x48, 0x70, 0x48, 0x00, 0x48, 0x70, 0x40, 0x00,
    0x50, 0x70, 0x48, 0x00, 0x48, 0x70, 0x48, 0x00, 0x48, 0x70, 0x48, 0x00,
    0x50, 0x70, 0x48, 0x00, 0x48, 0x70, 0x48, 0x00, 0x50, 0x70, 0x40, 0x00,
    0x48, 0x70, 0x48, 0x00, 0x50, 0x70, 0x48, 0x00, 0x48, 0x70, 0x40, 0x00,
    0x50, 0x70, 0x48, 0x00, 0x48, 0x70, 0x48, 0x00, 0x48, 0x70, 0x48, 0x00,
    0x50, 0x70, 0x48, 0x00, 0x48, 0x70, 0x48, 0x00, 0x48, 0x70, 0x48, 0x00,
    0x50, 0x70, 0x48, 0x00, 0x48, 0x70, 0x48, 0x00, 0x50, 0x70, 0x48, 0x00,
    0x48, 0x70, 0x48, 0x00, 0x50, 0x70, 0x48, 0x00, 0x48, 0x70, 0x40, 0x00,
    0x48, 0x70, 0x48, 0x00, 0x50, 0x70, 0x48, 0x00, 0x48, 0x70, 0x48, 0x00,
    0x50, 0x70, 0x48, 0x00, 0x50, 0x70, 0x48, 0x00, 0x48, 0x70, 0x48, 0x00,
    0x50, 0x70, 0x48, 0x00, 0x50, 0x70, 0x40, 0x00, 0x48, 0x70, 0x48, 0x00,
    0x48, 0x70, 0x48, 0x00, 0x50, 0x70, 0x48, 0x00, 0x48, 0x70, 0x48, 0x00,
    0x50, 0x70, 0x40, 0x00, 0x50, 0x70, 0x48, 0x00, 0x48, 0x70, 0x48, 0x00,
    0x50, 0x70, 0x48, 0x00, 0x50, 0x70, 0x48, 0x00, 0x48, 0x70, 0x48, 0x00,
    0x50, 0x70, 0x48, 0x00, 0x48, 0x70, 0x48, 0x00, 0x48, 0x70, 0x48, 0x00,
    0x50, 0x70, 0x48, 0x00, 0x48, 0x70, 0x48, 0x00, 0x50, 0x70, 0x48, 0x00,
    0x48, 0x70, 0x48, 0x00, 0x48, 0x70, 0x40, 0x00, 0x50, 0x70, 0x48, 0x00,
    0x48, 0x70, 0x48, 0x00, 0x48, 0x70, 0x48, 0x00, 0x50, 0x70, 0x48, 0x00,
    0x48, 0x70, 0x48, 0x00, 0x50, 0x70, 0x48, 0x00, 0x48, 0x70, 0x48, 0x00,
    0x48, 0x70, 0x48, 0x00, 0x50, 0x70, 0x48, 0x00, 0x50, 0x70, 0x48, 0x00,
    0x48, 0x70, 0x48, 0x00, 0x50, 0x70, 0x48, 0x00, 0x50, 0x70, 0x40, 0x00,
    0x48, 0x70, 0x48, 0x00, 0x48, 0x70, 0x48, 0x00, 0x48, 0x70, 0x40, 0x00,
    0x50, 0x70, 0x48, 0x00, 0x48, 0x70, 0x48, 0x00, 0x50, 0x70, 0x48, 0x00,
    0x50, 0x70, 0x48, 0x00, 0x48, 0x70, 0x48, 0x00, 0x50, 0x70, 0x48, 0x00,
    0x48, 0x70, 0x48, 0x00, 0x50, 0x70, 0x48, 0x00, 0x50, 0x70, 0x48, 0x00,
    0x48, 0x70, 0x48, 0x00, 0x50, 0x70, 0x48, 0x00, 0x48, 0x70, 0x48, 0x00,
    0x48, 0x70, 0x40, 0x00, 0x50, 0x70, 0x48, 0x00, 0x50, 0x70, 0x48, 0x00,
    0x48, 0x70, 0x48, 0x00, 0x50, 0x70, 0x40, 0x00, 0x50, 0x70, 0x48, 0x00,
    0x48, 0x70, 0x48, 0x00, 0x48, 0x70, 0x40, 0x00, 0x50, 0x70, 0x48, 0x00,
    0x48, 0x70, 0x48, 0x00, 0x48, 0x70, 0x48, 0x00, 0x50, 0x70, 0x48, 0x00,
    0x48, 0x70, 0x48, 0x00, 0x50, 0x70, 0x48, 0x00, 0x50, 0x70, 0x48, 0x00,
    0x48, 0x70, 0x48, 0x00, 0x50, 0x70, 0x48, 0x00, 0x48, 0x70, 0x48, 0x00,
    0x48, 0x70, 0x48, 0x00, 0x50, 0x70, 0x48, 0x00, 0x48, 0x70, 0x48, 0x00,
    0x48, 0x70, 0x48, 0x00, 0x50, 0x70, 0x40, 0x00, 0x48, 0x70, 0x48, 0x00,
    0x48, 0x70, 0x48, 0x00, 0x50, 0x70, 0x48, 0x00, 0x50, 0x70, 0x48, 0x00,
    0x48, 0x70, 0x40, 0x00, 0x50, 0x70, 0x48, 0x00, 0x50, 0x70, 0x48, 0x00,
    0x48, 0x70, 0x40, 0x00, 0x50, 0x70, 0x48, 0x00, 0x50, 0x70, 0x48, 0x00,
    0x48, 0x70, 0x40, 0x00, 0x48, 0x70, 0x48, 0x00, 0x50, 0x70, 0x48, 0x00,
    0x48, 0x70, 0x48, 0x00, 0x50, 0x70, 0x48, 0x00, 0x50, 0x70, 0x48, 0x00,
    0x48, 0x70, 0x48, 0x00, 0x48, 0x70, 0x48, 0x00, 0x50, 0x70, 0x48, 0x00,
    0x48, 0x70, 0x48, 0x00, 0x48, 0x70, 0x48, 0x00, 0x50, 0x70, 0x40, 0x00,
    0x48, 0x70, 0x48, 0x00, 0x48, 0x70, 0x48, 0x00, 0x50, 0x70, 0x48, 0x00,
    0x48, 0x70, 0x48, 0x00, 0x48, 0x70, 0x48, 0x00, 0x50, 0x70, 0x48, 0x00,
    0x50, 0x70, 0x48, 0x00, 0x48, 0x70, 0x40, 0x00, 0x48, 0x70, 0x48, 0x00,
    0x50, 0x70, 0x48, 0x00, 0x48, 0x70, 0x48, 0x00, 0x48, 0x70, 0x48, 0x00,
    0x50, 0x70, 0x48, 0x00, 0x50, 0x70, 0x48, 0x00, 0x48, 0x70, 0x48, 0x00,
    0x50, 0x70, 0x48, 0x00, 0x48, 0x70, 0x48, 0x00, 0x50, 0x70, 0x48, 0x00,
    0x48, 0x70, 0x40, 0x00, 0x50, 0x70, 0x48, 0x00, 0x50, 0x70, 0x48, 0x00,
    0x48, 0x70, 0x48, 0x00, 0x50, 0x70, 0x48, 0x00, 0x50, 0x70, 0x48, 0x00,
    0x48, 0x70, 0x40, 0x00, 0x50, 0x70, 0x48, 0x00, 0x48, 0x70, 0x48, 0x00,
    0x48, 0x70, 0x48, 0x00, 0x50, 0x70, 0x48, 0x00, 0x50, 0x70, 0x48, 0x00,
    0x48, 0x70, 0x48, 0x00, 0x50, 0x70, 0x48, 0x00, 0x48, 0x70, 0x48, 0x00,
    0x50, 0x70, 0x48, 0x00, 0x50, 0x70, 0x48, 0x00, 0x48, 0x70, 0x48, 0x00,
    0x50, 0x70, 0x40, 0x00, 0x50, 0x70, 0x48, 0x00, 0x48, 0x70, 0x48, 0x00,
    0x48, 0x70, 0x48, 0x00, 0x50, 0x70, 0x48, 0x00, 0x50, 0x70, 0x48, 0x00,
    0x48, 0x70, 0x48, 0x00, 0x50, 0x70, 0x48, 0x00, 0x50, 0x70, 0x48, 0x00,
    0x48, 0x70, 0x48, 0x00, 0x48, 0x70, 0x40, 0x00, 0x50, 0x70, 0x48, 0x00,
    0x48, 0x70, 0x48, 0x00, 0x48, 0x70, 0x48, 0x00, 0x50, 0x70, 0x48, 0x00,
    0x48, 0x70, 0x48, 0x00, 0x50, 0x70, 0x48, 0x00, 0x50, 0x70, 0x48, 0x00,
    0x48, 0x70, 0x40, 0x00, 0x48, 0x70, 0x48, 0x00, 0x50, 0x70, 0x48, 0x00,
    0x48, 0x70, 0x48, 0x00, 0x48, 0x70, 0x48, 0x00, 0x50, 0x70, 0x40, 0x00,
    0x48, 0x70, 0x48, 0x00, 0x50, 0x70, 0x48, 0x00, 0x50, 0x70, 0x48, 0x00,
    0x48, 0x70, 0x48, 0x00, 0x50, 0x70, 0x48, 0x00, 0x48, 0x70, 0x48, 0x00,
    0x50, 0x70, 0x40, 0x00, 0x50, 0x70, 0x48, 0x00, 0x48, 0x70, 0x48, 0x00,
    0x50, 0x70, 0x48, 0x00, 0x50, 0x70, 0x48, 0x00, 0x48, 0x70, 0x48, 0x00,
    0x50, 0x70, 0x48, 0x00, 0x48, 0x70, 0x48, 0x00, 0x50, 0x70, 0x48, 0x00,
    0x48, 0x70, 0x40, 0x00, 0x50, 0x70, 0x48, 0x00, 0x48, 0x70, 0x48, 0x00,
    0x50, 0x70, 0x48, 0x00, 0x48, 0x70, 0x48, 0x00, 0x48, 0x70, 0x48, 0x00,
    0x50, 0x70, 0x48, 0x00, 0x48, 0x70, 0x48, 0x00, 0x50, 0x70, 0x48, 0x00,
    0x50, 0x70, 0x48, 0x00, 0x48, 0x70, 0x48, 0x00, 0x50, 0x70, 0x48, 0x00,
    0x48, 0x70, 0x48, 0x00, 0x48, 0x70, 0x48, 0x00, 0x50, 0x70, 0x48, 0x00,
    0x48, 0x70, 0x48, 0x00, 0x50, 0x70, 0x48, 0x00, 0x48, 0x70, 0x48, 0x00,
    0x48, 0x70, 0x48, 0x00, 0x50, 0x70, 0x48, 0x00, 0x48, 0x70, 0x48, 0x00,
    0x50, 0x70, 0x48, 0x00, 0x50, 0x70, 0x48, 0x00, 0x48, 0x70, 0x48, 0x00,
    0x48, 0x70, 0x48, 0x00, 0x50, 0x70, 0x48, 0x00, 0x48, 0x70, 0x48, 0x00,
    0x48, 0x70, 0x48, 0x00, 0x50, 0x70, 0x48, 0x00, 0x50, 0x70, 0x48, 0x00,
    0x50, 0x70, 0x48, 0x00, 0x48, 0x70, 0x48, 0x00, 0x50, 0x70, 0x40, 0x00,
    0x50, 0x70, 0x48, 0x00, 0x48, 0x70, 0x48, 0x00, 0x48, 0x70, 0x40, 0x00,
    0x50, 0x70, 0x48, 0x00, 0x48, 0x70, 0x48, 0x00, 0x50, 0x70, 0x40, 0x00,
    0x50, 0x70, 0x48, 0x00, 0x48, 0x70, 0x48, 0x00, 0x50, 0x70, 0x40, 0x00,
    0x50, 0x70, 0x48, 0x00, 0x48, 0x70, 0x48, 0x00, 0x50, 0x70, 0x48, 0x00,
    0x48, 0x70, 0x48, 0x00, 0x50, 0x70, 0x48, 0x00, 0x48, 0x70, 0x48, 0x00,
    0x48, 0x70, 0x40, 0x00, 0x50, 0x70, 0x48, 0x00, 0x48, 0x70, 0x48, 0x00,
    0x48, 0x70, 0x48, 0x00, 0x50, 0x70, 0x48, 0x00, 0x48, 0x70, 0x48, 0x00,
    0x48, 0x70, 0x48, 0x00, 0x50, 0x70, 0x48, 0x00, 0x50, 0x70, 0x48, 0x00,
    0x48, 0x70, 0x48, 0x00, 0x50, 0x70, 0x40, 0x00, 0x48, 0x70, 0x48, 0x00,
    0x48, 0x70, 0x48, 0x00, 0x50, 0x70, 0x40, 0x00, 0x48, 0x70, 0x48, 0x00,
    0x50, 0x70, 0x48, 0x00, 0x50, 0x70, 0x40, 0x00, 0x48, 0x70, 0x48, 0x00,
    0x50, 0x70, 0x48, 0x00, 0x50, 0x70, 0x48, 0x00, 0x48, 0x70, 0x48, 0x00,
    0x50, 0x70, 0x48, 0x00, 0x50, 0x70, 0x48, 0x00, 0x48, 0x70, 0x48, 0x00,
    0x50, 0x70, 0x40, 0x00, 0x48, 0x70, 0x48, 0x00, 0x50, 0x70, 0x48, 0x00,
    0x50, 0x70, 0x48, 0x00, 0x48, 0x70, 0x48, 0x00, 0x50, 0x70, 0x48, 0x00,
    0x48, 0x70, 0x48, 0x00, 0x48, 0x70, 0x48, 0x00, 0x50, 0x70, 0x40, 0x00,
    0x48, 0x70, 0x48, 0x00, 0x48, 0x70, 0x48, 0x00, 0x50, 0x70, 0x40, 0x00,
    0x48, 0x70, 0x48, 0x00, 0x48, 0x70, 0x48, 0x00, 0x50, 0x70, 0x48, 0x00,
    0x48, 0x70, 0x48, 0x00, 0x48, 0x70, 0x40, 0x00, 0x50, 0x70, 0x48, 0x00,
    0x48, 0x70, 0x48, 0x00, 0x48, 0x70, 0x48, 0x00, 0x50, 0x70, 0x48, 0x00,
    0x50, 0x70, 0x48, 0x00, 0x48, 0x70, 0x48, 0x00, 0x50, 0x70, 0x40, 0x00,
    0x48, 0x70, 0x48, 0x00, 0x48, 0x70, 0x48, 0x00, 0x50, 0x70, 0x48, 0x00,
    0x48, 0x70, 0x48, 0x00, 0x50, 0x70, 0x48, 0x00, 0x48, 0x70, 0x48, 0x00,
    0x48, 0x70, 0x48, 0x00, 0x50, 0x70, 0x48, 0x00, 0x48, 0x70, 0x48, 0x00,
    0x50, 0x70, 0x48, 0x00, 0x48, 0x70, 0x40, 0x00, 0x50, 0x70, 0x48, 0x00,
    0x48, 0x70, 0x48, 0x00, 0x48, 0x70, 0x40, 0x00, 0x50, 0x70, 0x48, 0x00,
    0x48, 0x70, 0x48, 0x00, 0x50, 0x70, 0x48, 0x00, 0x48, 0x70, 0x48, 0x00,
    0x50, 0x70, 0x48, 0x00, 0x50, 0x70, 0x48, 0x00, 0x48, 0x70, 0x48, 0x00,
    0x50, 0x70, 0x40, 0x00, 0x48, 0x70, 0x48, 0x00, 0x48, 0x70, 0x48, 0x00,
    0x50, 0x70, 0x48, 0x00, 0x48, 0x70, 0x48, 0x00, 0x50, 0x70, 0x48, 0x00,
    0x50, 0x70, 0x48, 0x00, 0x48, 0x70, 0x48, 0x00, 0x50, 0x70, 0x48, 0x00,
    0x50, 0x70, 0x48, 0x00, 0x48, 0x70, 0x48, 0x00, 0x48, 0x70, 0x48, 0x00,
    0x50, 0x70, 0x48, 0x00, 0x48, 0x70, 0x40, 0x00, 0x50, 0x70, 0x48, 0x00,
    0x48, 0x70, 0x48, 0x00, 0x48, 0x70, 0x48, 0x00, 0x50, 0x70, 0x48, 0x00,
    0x48, 0x70, 0x48, 0x00, 0x48, 0x70, 0x48, 0x00, 0x50, 0x70, 0x48, 0x00,
    0x48, 0x70, 0x48, 0x00, 0x50, 0x70, 0x40, 0x00, 0x48, 0x70, 0x48, 0x00,
    0x50, 0x70, 0x48, 0x00, 0x48, 0x70, 0x48, 0x00, 0x50, 0x70, 0x48, 0x00,
    0x50, 0x70, 0x48, 0x00, 0x48, 0x70, 0x48, 0x00, 0x50, 0x70, 0x40, 0x00,
    0x50, 0x70, 0x48, 0x00, 0x48, 0x70, 0x48, 0x00, 0x48, 0x70, 0x40, 0x00,
    0x50, 0x70, 0x48, 0x00, 0x48, 0x70, 0x48, 0x00, 0x50, 0x70, 0x48, 0x00,
    0x50, 0x70, 0x48, 0x00, 0x48, 0x70, 0x48, 0x00, 0x50, 0x70, 0x40, 0x00,
    0x50, 0x70, 0x48, 0x00, 0x48, 0x70, 0x48, 0x00, 0x50, 0x70, 0x40, 0x00,
    0x48, 0x70, 0x48, 0x00, 0x50, 0x70, 0x48, 0x00, 0x50, 0x70, 0x40, 0x00,
    0x48, 0x70, 0x48, 0x00, 0x48, 0x70, 0x48, 0x00, 0x50, 0x70, 0x40, 0x00,
    0x50, 0x70, 0x48, 0x00, 0x48, 0x70, 0x48, 0x00, 0x50, 0x70, 0x48, 0x00,
    0x50, 0x70, 0x40, 0x00, 0x48, 0x70, 0x48, 0x00, 0x48, 0x70, 0x48, 0x00,
    0x50, 0x70, 0x48, 0x00, 0x48, 0x70, 0x48, 0x00, 0x48, 0x70, 0x48, 0x00,
    0x50, 0x70, 0x48, 0x00, 0x48, 0x70, 0x48, 0x00, 0x50, 0x70, 0x48, 0x00,
    0x48, 0x70, 0x48, 0x00, 0x50, 0x70, 0x48, 0x00, 0x48, 0x70, 0x48, 0x00,
    0x48, 0x70, 0x48, 0x00, 0x50, 0x70, 0x48, 0x00, 0x48, 0x70, 0x48, 0x00,
    0x48, 0x70, 0x48, 0x00, 0x50, 0x70, 0x48, 0x00, 0x48, 0x70, 0x48, 0x00,
    0x50, 0x70, 0x48, 0x00, 0x48, 0x70, 0x40, 0x00, 0x50, 0x70, 0x48, 0x00,
    0x50, 0x70, 0x48, 0x00, 0x48, 0x70, 0x48, 0x00, 0x50, 0x70, 0x48, 0x00,
    0x50, 0x70, 0x48, 0x00, 0x48, 0x70, 0x48, 0x00, 0x50, 0x70, 0x48, 0x00,
    0x50, 0x70, 0x48, 0x00, 0x48, 0x70, 0x48, 0x00, 0x48, 0x70, 0x40, 0x00,
    0x50, 0x70, 0x48, 0x00, 0x48, 0x70, 0x48, 0x00, 0x50, 0x70, 0x48, 0x00,
    0x50, 0x70, 0x48, 0x00, 0x48, 0x70, 0x48, 0x00, 0x50, 0x70, 0x48, 0x00,
    0x48, 0x70, 0x48, 0x00, 0x50, 0x70, 0x48, 0x00, 0x48, 0x70, 0x48, 0x00,
    0x48, 0x70, 0x48, 0x00, 0x50, 0x70, 0x48, 0x00, 0x48, 0x70, 0x48, 0x00,
    0x48, 0x70, 0x48, 0x00, 0x50, 0x70, 0x48, 0x00, 0x48, 0x70, 0x40, 0x00,
    0x48, 0x70, 0x48, 0x00, 0x50, 0x70, 0x48, 0x00, 0x50, 0x70, 0x48, 0x00,
    0x48, 0x70, 0x48, 0x00, 0x48, 0x70, 0x48, 0x00, 0x50, 0x70, 0x48, 0x00,
    0x48, 0x70, 0x48, 0x00, 0x50, 0x70, 0x40, 0x00, 0x50, 0x70, 0x48, 0x00,
    0x48, 0x70, 0x48, 0x00, 0x50, 0x70, 0x48, 0x00, 0x48, 0x70, 0x48, 0x00,
    0x50, 0x70, 0x48, 0x00, 0x50, 0x70, 0x48, 0x00, 0x48, 0x70, 0x48, 0x00,
    0x50, 0x70, 0x48, 0x00, 0x50, 0x70, 0x48, 0x00, 0x48, 0x70, 0x48, 0x00,
    0x50, 0x70, 0x48, 0x00, 0x50, 0x70, 0x48, 0x00, 0x48, 0x70, 0x48, 0x00,
    0x48, 0x70, 0x48, 0x00, 0x50, 0x70, 0x48, 0x00, 0x48, 0x70, 0x48, 0x00,
    0x50, 0x70, 0x48, 0x00, 0x50, 0x70, 0x48, 0x00, 0x48, 0x70, 0x48, 0x00,
    0x50, 0x70, 0x48, 0x00, 0x48, 0x70, 0x40, 0x00, 0x50, 0x70, 0x48, 0x00,
    0x48, 0x70, 0x48, 0x00, 0x50, 0x70, 0x48, 0x00, 0x48, 0x70, 0x48, 0x00,
    0x50, 0x70, 0x48, 0x00, 0x48, 0x70, 0x48, 0x00, 0x48, 0x70, 0x48, 0x00,
    0x50, 0x70, 0x48, 0x00, 0x50, 0x70, 0x48, 0x00, 0x48, 0x70, 0x48, 0x00,
    0x50, 0x70, 0x48, 0x00, 0x48, 0x70, 0x48, 0x00, 0x50, 0x70, 0x48, 0x00,
    0x48, 0x70, 0x40, 0x00, 0x50, 0x70, 0x48, 0x00, 0x48, 0x70, 0x48, 0x00,
    0x48, 0x70, 0x48, 0x00, 0x50, 0x70, 0x48, 0x00, 0x50, 0x70, 0x48, 0x00,
    0x48, 0x70, 0x48, 0x00, 0x50, 0x70, 0x48, 0x00, 0x48, 0x70, 0x40, 0x00,
    0x48, 0x70, 0x48, 0x00, 0x50, 0x70, 0x48, 0x00, 0x48, 0x70, 0x48, 0x00,
    0x48, 0x70, 0x48, 0x00, 0x50, 0x70, 0x40, 0x00, 0x50, 0x70, 0x48, 0x00,
    0x48, 0x70, 0x48, 0x00, 0x50, 0x70, 0x48, 0x00, 0x48, 0x70, 0x48, 0x00,
    0x48, 0x70, 0x48, 0x00, 0x50, 0x70, 0x48, 0x00, 0x50, 0x70, 0x48, 0x00,
    0x48, 0x70, 0x40, 0x00, 0x50, 0x70, 0x48, 0x00, 0x48, 0x70, 0x48, 0x00,
    0x50, 0x70, 0x40, 0x00, 0x48, 0x70, 0x48, 0x00, 0x48, 0x70, 0x48, 0x00,
    0x50, 0x70, 0x48, 0x00, 0x50, 0x70, 0x48, 0x00, 0x48, 0x70, 0x48, 0x00,
    0x48, 0x70, 0x40, 0x00, 0x50, 0x70, 0x48, 0x00, 0x48, 0x70, 0x48, 0x00,
    0x48, 0x70, 0x48, 0x00, 0x50, 0x70, 0x48, 0x00, 0x50, 0x70, 0x48, 0x00,
    0x48, 0x70, 0x48, 0x00, 0x50, 0x70, 0x48, 0x00, 0x50, 0x70, 0x48, 0x00,
    0x48, 0x70, 0x48, 0x00, 0x48, 0x70, 0x40, 0x00, 0x50, 0x70, 0x48, 0x00,
    0x48, 0x70, 0x48, 0x00, 0x48, 0x70, 0x48, 0x00, 0x50, 0x70, 0x48, 0x00,
    0x48, 0x70, 0x48, 0x00, 0x48, 0x70, 0x48, 0x00, 0x50, 0x70, 0x48, 0x00,
    0x48, 0x70, 0x48, 0x00, 0x50, 0x70, 0x48, 0x00, 0x48, 0x70, 0x48, 0x00,
    0x50, 0x70, 0x48, 0x00, 0x48, 0x70, 0x48, 0x00, 0x48, 0x70, 0x48, 0x00,
    0x50, 0x70, 0x48, 0x00, 0x48, 0x70, 0x48, 0x00, 0x50, 0x70, 0x48, 0x00,
    0x50, 0x70, 0x48, 0x00, 0x48, 0x70, 0x40, 0x00, 0x50, 0x70, 0x48, 0x00,
    0x48, 0x70, 0x48, 0x00, 0x50, 0x70, 0x40, 0x00, 0x48, 0x70, 0x48, 0x00,
    0x50, 0x70, 0x48, 0x00, 0x48, 0x70, 0x48, 0x00, 0x50, 0x70, 0x48, 0x00,
    0x50, 0x70, 0x48, 0x00, 0x48, 0x70, 0x48, 0x00, 0x50, 0x70, 0x48, 0x00,
    0x50, 0x70, 0x48, 0x00, 0x48, 0x70, 0x48, 0x00, 0x50, 0x70, 0x48, 0x00,
    0x48, 0x70, 0x48, 0x00, 0x48, 0x70, 0x48, 0x00, 0x50, 0x70, 0x48, 0x00,
    0x48, 0x70, 0x48, 0x00, 0x48, 0x70, 0x48, 0x00, 0x50, 0x70, 0x48, 0x00,
    0x48, 0x70, 0x48, 0x00, 0x50, 0x70, 0x48, 0x00, 0x48, 0x70, 0x48, 0x00,
    0x48, 0x70, 0x40, 0x00, 0x50, 0x70, 0x48, 0x00, 0x50, 0x70, 0x48, 0x00,
    0x48, 0x70, 0x48, 0x00, 0x50, 0x70, 0x48, 0x00, 0x50, 0x70, 0x48, 0x00,
    0x48, 0x70, 0x48, 0x00, 0x48, 0x70, 0x48, 0x00, 0x50, 0x70, 0x48, 0x00,
    0x48, 0x70, 0x48, 0x00, 0x50, 0x70, 0x48, 0x00, 0x50, 0x70, 0x48, 0x00,
    0x48, 0x70, 0x48, 0x00, 0x50, 0x70, 0x48, 0x00, 0x48, 0x70, 0x48, 0x00,
    0x50, 0x70, 0x48, 0x00, 0x50, 0x70, 0x40, 0x00, 0x48, 0x70, 0x48, 0x00,
    0x50, 0x70, 0x48, 0x00, 0x50, 0x70, 0x48, 0x00, 0x48, 0x70, 0x48, 0x00,
    0x48, 0x70, 0x48, 0x00, 0x50, 0x70, 0x48, 0x00, 0x48, 0x70, 0x48, 0x00,
    0x50, 0x70, 0x40, 0x00, 0x48, 0x70, 0x48, 0x00, 0x48, 0x70, 0x48, 0x00,
    0x50, 0x70, 0x48, 0x00, 0x48, 0x70, 0x48, 0x00, 0x50, 0x70, 0x48, 0x00,
    0x48, 0x70, 0x48, 0x00, 0x50, 0x70, 0x48, 0x00, 0x48, 0x70, 0x48, 0x00,
    0x50, 0x70, 0x48, 0x00, 0x48, 0x70, 0x40, 0x00, 0x50, 0x70, 0x48, 0x00,
    0x48, 0x70, 0x48, 0x00, 0x48, 0x70, 0x48, 0x00, 0x50, 0x70, 0x48, 0x00,
    0x50, 0x70, 0x40, 0x00, 0x48, 0x70, 0x48, 0x00, 0x50, 0x70, 0x48, 0x00,
    0x50, 0x70, 0x40, 0x00, 0x48, 0x70, 0x48, 0x00, 0x48, 0x70, 0x48, 0x00,
    0x50, 0x70, 0x48, 0x00, 0x50, 0x70, 0x48, 0x00, 0x48, 0x70, 0x48, 0x00,
    0x50, 0x70, 0x48, 0x00, 0x48, 0x70, 0x48, 0x00, 0x50, 0x70, 0x48, 0x00,
    0x48, 0x70, 0x48, 0x00, 0x50, 0x70, 0x48, 0x00, 0x48, 0x70, 0x48, 0x00,
    0x50, 0x70, 0x48, 0x00, 0x50, 0x70, 0x48, 0x00, 0x48, 0x70, 0x48, 0x00,
    0x48, 0x70, 0x48, 0x00, 0x50, 0x70, 0x48, 0x00, 0x50, 0x70, 0x48, 0x00,
    0x48, 0x70, 0x48, 0x00, 0x48, 0x70, 0x48, 0x00, 0x50, 0x70, 0x48, 0x00,
    0x50, 0x70, 0x48, 0x00, 0x48, 0x70, 0x48, 0x00, 0x48, 0x70, 0x40, 0x00,
    0x50, 0x70, 0x48, 0x00, 0x48, 0x70, 0x48, 0x00, 0x50, 0x70, 0x48, 0x00,
    0x50, 0x70, 0x48, 0x00, 0x48, 0x70, 0x48, 0x00, 0x50, 0x70, 0x48, 0x00,
    0x50, 0x70, 0x48, 0x00, 0x48, 0x70, 0x48, 0x00, 0x48, 0x70, 0x48, 0x00,
    0x50, 0x70, 0x48, 0x00, 0x48, 0x70, 0x48, 0x00, 0x48, 0x70, 0x48, 0x00,
    0x50, 0x70, 0x40, 0x00, 0x50, 0x70, 0x48, 0x00, 0x48, 0x70, 0x48, 0x00,
    0x50, 0x70, 0x48, 0x00, 0x48, 0x70, 0x48, 0x00, 0x50, 0x70, 0x48, 0x00,
    0x48, 0x70, 0x48, 0x00, 0x50, 0x70, 0x48, 0x00, 0x50, 0x70, 0x48, 0x00,
    0x48, 0x70, 0x48, 0x00, 0x50, 0x70, 0x48, 0x00, 0x48, 0x70, 0x48, 0x00,
    0x50, 0x70, 0x48, 0x00, 0x48, 0x70, 0x48, 0x00, 0x50, 0x70, 0x48, 0x00,
    0x50, 0x70, 0x48, 0x00, 0x48, 0x70, 0x48, 0x00, 0x48, 0x70, 0x40, 0x00,
    0x50, 0x70, 0x48, 0x00, 0x48, 0x70, 0x48, 0x00, 0x48, 0x70, 0x48, 0x00,
    0x50, 0x70, 0x48, 0x00, 0x48, 0x70, 0x48, 0x00, 0x48, 0x70, 0x48, 0x00,
    0x50, 0x70, 0x48, 0x00, 0x48, 0x70, 0x48, 0x00, 0x50, 0x70, 0x48, 0x00,
    0x48, 0x70, 0x48, 0x00, 0x50, 0x70, 0x48, 0x00, 0x50, 0x70, 0x40, 0x00,
    0x48, 0x70, 0x48, 0x00, 0x50, 0x70, 0x48, 0x00, 0x48, 0x70, 0x48, 0x00,
    0x48, 0x70, 0x48, 0x00, 0x50, 0x70, 0x40, 0x00, 0x50, 0x70, 0x48, 0x00,
    0x48, 0x70, 0x48, 0x00, 0x50, 0x70, 0x48, 0x00, 0x48, 0x70, 0x40, 0x00,
    0x48, 0x70, 0x48, 0x00, 0x50, 0x70, 0x48, 0x00, 0x48, 0x70, 0x48, 0x00,
    0x50, 0x70, 0x48, 0x00, 0x48, 0x70, 0x48, 0x00, 0x50, 0x70, 0x48, 0x00,
    0x48, 0x70, 0x48, 0x00, 0x50, 0x70, 0x48, 0x00, 0x48, 0x70, 0x48, 0x00,
    0x48, 0x70, 0x40, 0x00, 0x50, 0x70, 0x48, 0x00, 0x48, 0x70, 0x48, 0x00,
    0x48, 0x70, 0x40, 0x00, 0x50, 0x70, 0x48, 0x00, 0x48, 0x70, 0x48, 0x00,
    0x50, 0x70, 0x40, 0x00, 0x50, 0x70, 0x48, 0x00, 0x48, 0x70, 0x48, 0x00,
    0x50, 0x70, 0x40, 0x00, 0x50, 0x70, 0x48, 0x00, 0x48, 0x70, 0x48, 0x00,
    0x50, 0x70, 0x48, 0x00, 0x48, 0x70, 0x40, 0x00, 0x50, 0x70, 0x48, 0x00,
    0x48, 0x70, 0x48, 0x00, 0x50, 0x70, 0x48, 0x00, 0x48, 0x70, 0x48, 0x00,
    0x48, 0x70, 0x48, 0x00, 0x50, 0x70, 0x48, 0x00, 0x48, 0x70, 0x40, 0x00,
    0x48, 0x70, 0x48, 0x00, 0x50, 0x70, 0x48, 0x00, 0x48, 0x70, 0x40, 0x00,
    0x50, 0x70, 0x48, 0x00, 0x48, 0x70, 0x48, 0x00, 0x48, 0x70, 0x40, 0x00,
    0x50, 0x70, 0x48, 0x00, 0x48, 0x70, 0x48, 0x00, 0x48, 0x70, 0x40, 0x00,
    0x50, 0x70, 0x48, 0x00, 0x50, 0x70, 0x48, 0x00, 0x48, 0x70, 0x48, 0x00,
    0x48, 0x70, 0x48, 0x00, 0x50, 0x70, 0x48, 0x00, 0x48, 0x70, 0x48, 0x00,
    0x50, 0x70, 0x48, 0x00, 0x50, 0x70, 0x48, 0x00, 0x48, 0x70, 0x40, 0x00,
    0x50, 0x70, 0x48, 0x00, 0x50, 0x70, 0x48, 0x00, 0x48, 0x70, 0x48, 0x00,
    0x50, 0x70, 0x48, 0x00, 0x50, 0x70, 0x48, 0x00, 0x48, 0x70, 0x48, 0x00,
    0x50, 0x70, 0x48, 0x00, 0x48, 0x70, 0x40, 0x00, 0x50, 0x70, 0x48, 0x00,
    0x48, 0x70, 0x48, 0x00, 0x50, 0x70, 0x40, 0x00, 0x48, 0x70, 0x48, 0x00,
    0x50, 0x70, 0x48, 0x00, 0x48, 0x70, 0x48, 0x00, 0x50, 0x70, 0x48, 0x00,
    0x48, 0x70, 0x40, 0x00, 0x48, 0x70, 0x48, 0x00, 0x50, 0x70, 0x48, 0x00,
    0x48, 0x70, 0x48, 0x00, 0x48, 0x70, 0x48, 0x00, 0x50, 0x70, 0x48, 0x00,
    0x48, 0x70, 0x48, 0x00, 0x48, 0x70, 0x40, 0x00, 0x50, 0x70, 0x48, 0x00,
    0x48, 0x70, 0x48, 0x00, 0x48, 0x70, 0x40, 0x00, 0x50, 0x70, 0x48, 0x00,
    0x48, 0x70, 0x48, 0x00, 0x50, 0x70, 0x40, 0x00, 0x48, 0x70, 0x48, 0x00,
    0x48, 0x70, 0x48, 0x00, 0x50, 0x70, 0x48, 0x00, 0x48, 0x70, 0x40, 0x00,
    0x50, 0x70, 0x48, 0x00, 0x48, 0x70, 0x48, 0x00, 0x50, 0x70, 0x40, 0x00,
    0x48, 0x70, 0x48, 0x00, 0x50, 0x70, 0x48, 0x00, 0x50, 0x70, 0x40, 0x00,
    0x48, 0x70, 0x48, 0x00, 0x50, 0x70, 0x48, 0x00, 0x48, 0x70, 0x48, 0x00,
    0x50, 0x70, 0x48, 0x00, 0x50, 0x70, 0x48, 0x00, 0x48, 0x70, 0x48, 0x00,
    0x48, 0x70, 0x48, 0x00, 0x50, 0x70, 0x40, 0x00, 0x48, 0x70, 0x48, 0x00,
    0x48, 0x70, 0x48, 0x00, 0x50, 0x70, 0x48, 0x00, 0x50, 0x70, 0x40, 0x00,
    0x48, 0x70, 0x48, 0x00, 0x50, 0x70, 0x48, 0x00, 0x50, 0x70, 0x48, 0x00,
    0x48, 0x70, 0x48, 0x00, 0x50, 0x70, 0x48, 0x00, 0x48, 0x70, 0x48, 0x00,
    0x50, 0x70, 0x48, 0x00, 0x48, 0x70, 0x48, 0x00, 0x48, 0x70, 0x40, 0x00,
    0x50, 0x70, 0x48, 0x00, 0x48, 0x70, 0x48, 0x00, 0x50, 0x70, 0x48, 0x00,
    0x48, 0x70, 0x48, 0x00, 0x48, 0x70, 0x48, 0x00, 0x50, 0x70, 0x48, 0x00,
    0x50, 0x70, 0x40, 0x00, 0x48, 0x70, 0x48, 0x00, 0x48, 0x70, 0x48, 0x00,
    0x50, 0x70, 0x40, 0x00, 0x48, 0x70, 0x48, 0x00, 0x50, 0x70, 0x48, 0x00,
    0x50, 0x70, 0x48, 0x00, 0x48, 0x70, 0x48, 0x00, 0x50, 0x70, 0x48, 0x00,
    0x48, 0x70, 0x48, 0x00, 0x50, 0x70, 0x40, 0x00, 0x50, 0x70, 0x48, 0x00,
    0x48, 0x70, 0x48, 0x00, 0x50, 0x70, 0x48, 0x00, 0x50, 0x70, 0x48, 0x00,
    0x48, 0x70, 0x40, 0x00, 0x50, 0x70, 0x48, 0x00, 0x50, 0x70, 0x48, 0x00,
    0x48, 0x70, 0x48, 0x00, 0x48, 0x70, 0x48, 0x00, 0x50, 0x70, 0x48, 0x00,
    0x50, 0x70, 0x40, 0x00, 0x48, 0x70, 0x48, 0x00, 0x50, 0x70, 0x48, 0x00,
    0x50, 0x70, 0x48, 0x00, 0x48, 0x70, 0x48, 0x00, 0x50, 0x70, 0x48, 0x00,
    0x50, 0x70, 0x48, 0x00, 0x48, 0x70, 0x48, 0x00, 0x50, 0x70, 0x48, 0x00,
    0x48, 0x70, 0x48, 0x00, 0x48, 0x70, 0x48, 0x00, 0x50, 0x70, 0x48, 0x00,
    0x50, 0x70, 0x48, 0x00, 0x48, 0x70, 0x48, 0x00, 0x50, 0x70, 0x48, 0x00,
    0x50, 0x70, 0x48, 0x00, 0x48, 0x70, 0x48, 0x00, 0x50, 0x70, 0x48, 0x00,
    0x50, 0x70, 0x48, 0x00, 0x48, 0x70, 0x48, 0x00, 0x50, 0x70, 0x48, 0x00,
    0x48, 0x70, 0x48, 0x00, 0x48, 0x70, 0x48, 0x00, 0x50, 0x70, 0x48, 0x00,
    0x48, 0x70, 0x48, 0x00, 0x48, 0x70, 0x48, 0x00, 0x50, 0x70, 0x48, 0x00,
    0x48, 0x70, 0x48, 0x00, 0x50, 0x70, 0x48, 0x00, 0x50, 0x70, 0x48, 0x00,
    0x48, 0x70, 0x48, 0x00, 0x48, 0x70, 0x48, 0x00, 0x50, 0x70, 0x48, 0x00,
    0x50, 0x70, 0x40, 0x00, 0x50, 0x70, 0x48, 0x00, 0x48, 0x70, 0x48, 0x00,
    0x50, 0x70, 0x48, 0x00, 0x50, 0x70, 0x48, 0x00, 0x48, 0x70, 0x48, 0x00,
    0x50, 0x70, 0x48, 0x00, 0x50, 0x70, 0x48, 0x00, 0x48, 0x70, 0x48, 0x00,
    0x50, 0x70, 0x48, 0x00, 0x50, 0x70, 0x48, 0x00, 0x48, 0x70, 0x48, 0x00,
    0x50, 0x70, 0x48, 0x00, 0x48, 0x70, 0x48, 0x00, 0x50, 0x70, 0x48, 0x00,
    0x48, 0x70, 0x48, 0x00, 0x48, 0x70, 0x40, 0x00, 0x50, 0x70, 0x48, 0x00,
    0x48, 0x70, 0x48, 0x00, 0x48, 0x70, 0x40, 0x00, 0x50, 0x70, 0x48, 0x00,
    0x48, 0x70, 0x48, 0x00, 0x48, 0x70, 0x48, 0x00, 0x50, 0x70, 0x48, 0x00,
    0x48, 0x70, 0x48, 0x00, 0x48, 0x70, 0x48, 0x00, 0x50, 0x70, 0x48, 0x00,
    0x48, 0x70, 0x40, 0x00, 0x50, 0x70, 0x48, 0x00, 0x48, 0x70, 0x48, 0x00,
    0x50, 0x70, 0x48, 0x00, 0x48, 0x70, 0x48, 0x00, 0x50, 0x70, 0x48, 0x00,
    0x48, 0x70, 0x48, 0x00, 0x50, 0x70, 0x48, 0x00, 0x48, 0x70, 0x48, 0x00,
    0x50, 0x70, 0x48, 0x00, 0x50, 0x70, 0x48, 0x00, 0x48, 0x70, 0x48, 0x00,
    0x50, 0x70, 0x48, 0x00, 0x50, 0x70, 0x48, 0x00, 0x48, 0x70, 0x48, 0x00,
    0x50, 0x70, 0x48, 0x00, 0x50, 0x70, 0x48, 0x00, 0x48, 0x70, 0x48, 0x00,
    0x50, 0x70, 0x48, 0x00, 0x50, 0x70, 0x48, 0x00, 0x48, 0x70, 0x48, 0x00,
    0x50, 0x70, 0x48, 0x00, 0x48, 0x70, 0x48, 0x00, 0x50, 0x70, 0x48, 0x00,
    0x48, 0x70, 0x48, 0x00, 0x50, 0x70, 0x48, 0x00, 0x48, 0x70, 0x48, 0x00,
    0x50, 0x70, 0x48, 0x00, 0x48, 0x70, 0x48, 0x00, 0x48, 0x70, 0x48, 0x00,
    0x50, 0x70, 0x48, 0x00, 0x50, 0x70, 0x48, 0x00, 0x48, 0x70, 0x48, 0x00,
    0x48, 0x70, 0x48, 0x00, 0x50, 0x70, 0x48, 0x00, 0x48, 0x70, 0x48, 0x00,
    0x48, 0x70, 0x48, 0x00, 0x50, 0x70, 0x40, 0x00, 0x48, 0x70, 0x48, 0x00,
    0x50, 0x70, 0x48, 0x00, 0x50, 0x70, 0x48, 0x00, 0x48, 0x70, 0x48, 0x00,
    0x50, 0x70, 0x48, 0x00, 0x50, 0x70, 0x48, 0x00, 0x48, 0x70, 0x48, 0x00,
    0x48, 0x70, 0x48, 0x00, 0x50, 0x70, 0x48, 0x00, 0x48, 0x70, 0x48, 0x00,
    0x48, 0x70, 0x40, 0x00, 0x50, 0x70, 0x48, 0x00, 0x48, 0x70, 0x48, 0x00,
    0x50, 0x70, 0x40, 0x00, 0x48, 0x70, 0x48, 0x00, 0x50, 0x70, 0x48, 0x00,
    0x50, 0x70, 0x48, 0x00, 0x48, 0x70, 0x48, 0x00, 0x50, 0x70, 0x48, 0x00,
    0x50, 0x70, 0x48, 0x00, 0x48, 0x70, 0x40, 0x00, 0x50, 0x70, 0x48, 0x00,
    0x48, 0x70, 0x48, 0x00, 0x50, 0x70, 0x48, 0x00, 0x48, 0x70, 0x48, 0x00,
    0x50, 0x70, 0x48, 0x00, 0x50, 0x70, 0x48, 0x00, 0x48, 0x70, 0x48, 0x00,
    0x48, 0x70, 0x48, 0x00, 0x50, 0x70, 0x48, 0x00, 0x48, 0x70, 0x48, 0x00,
    0x50, 0x70, 0x48, 0x00, 0x48, 0x70, 0x48, 0x00, 0x50, 0x70, 0x48, 0x00,
    0x48, 0x70, 0x48, 0x00, 0x48, 0x70, 0x48, 0x00, 0x50, 0x70, 0x40, 0x00,
    0x48, 0x70, 0x48, 0x00, 0x48, 0x70, 0x48, 0x00, 0x50, 0x70, 0x48, 0x00,
    0x48, 0x70, 0x48, 0x00, 0x48, 0x70, 0x48, 0x00, 0x50, 0x70, 0x40, 0x00,
    0x48, 0x70, 0x48, 0x00, 0x50, 0x70, 0x48, 0x00, 0x48, 0x70, 0x48, 0x00,
    0x48, 0x70, 0x48, 0x00, 0x50, 0x70, 0x48, 0x00, 0x48, 0x70, 0x48, 0x00,
    0x48, 0x70, 0x48, 0x00, 0x50, 0x70, 0x40, 0x00, 0x48, 0x70, 0x48, 0x00,
    0x50, 0x70, 0x48, 0x00, 0x50, 0x70, 0x48, 0x00, 0x48, 0x70, 0x40, 0x00,
    0x50, 0x70, 0x48, 0x00, 0x48, 0x70, 0x48, 0x00, 0x48, 0x70, 0x40, 0x00,
    0x50, 0x70, 0x48, 0x00, 0x48, 0x70, 0x48, 0x00, 0x48, 0x70, 0x40, 0x00,
    0x50, 0x70, 0x48, 0x00, 0x48, 0x70, 0x48, 0x00, 0x48, 0x70, 0x48, 0x00,
    0x50, 0x70, 0x40, 0x00, 0x50, 0x70, 0x48, 0x00, 0x48, 0x70, 0x48, 0x00,
    0x50, 0x70, 0x48, 0x00, 0x50, 0x70, 0x48, 0x00, 0x48, 0x70, 0x48, 0x00,
    0x50, 0x70, 0x48, 0x00, 0x48, 0x70, 0x48, 0x00, 0x48, 0x70, 0x40, 0x00,
    0x50, 0x70, 0x48, 0x00, 0x48, 0x70, 0x48, 0x00, 0x50, 0x70, 0x48, 0x00,
    0x50, 0x70, 0x48, 0x00, 0x48, 0x70, 0x48, 0x00, 0x48, 0x70, 0x48, 0x00,
    0x50, 0x70, 0x48, 0x00, 0x48, 0x70, 0x48, 0x00, 0x48, 0x70, 0x48, 0x00,
    0x50, 0x70, 0x48, 0x00, 0x48, 0x70, 0x48, 0x00, 0x48, 0x70, 0x48, 0x00,
    0x50, 0x70, 0x48, 0x00, 0x48, 0x70, 0x48, 0x00, 0x48, 0x70, 0x48, 0x00,
    0x50, 0x70, 0x48, 0x00, 0x48, 0x70, 0x40, 0x00, 0x50, 0x70, 0x48, 0x00,
    0x50, 0x70, 0x48, 0x00, 0x48, 0x70, 0x48, 0x00, 0x50, 0x70, 0x48, 0x00,
    0x50, 0x70, 0x48, 0x00, 0x50, 0x70, 0x48, 0x00, 0x48, 0x70, 0x48, 0x00,
    0x50, 0x70, 0x48, 0x00, 0x50, 0x70, 0x48, 0x00, 0x48, 0x70, 0x48, 0x00,
    0x50, 0x70, 0x48, 0x00, 0x48, 0x70, 0x48, 0x00, 0x50, 0x70, 0x40, 0x00,
    0x50, 0x70, 0x48, 0x00, 0x48, 0x70, 0x48, 0x00, 0x48, 0x70, 0x48, 0x00,
    0x50, 0x70, 0x48, 0x00, 0x48, 0x70, 0x48, 0x00, 0x48, 0x70, 0x48, 0x00,
    0x50, 0x70, 0x48, 0x00, 0x48, 0x70, 0x48, 0x00, 0x50, 0x70, 0x48, 0x00,
    0x48, 0x70, 0x48, 0x00, 0x48, 0x70, 0x40, 0x00, 0x50, 0x70, 0x48, 0x00,
    0x48, 0x70, 0x48, 0x00, 0x48, 0x70, 0x48, 0x00, 0x50, 0x70, 0x48, 0x00,
    0x48, 0x70, 0x40, 0x00, 0x48, 0x70, 0x48, 0x00, 0x50, 0x70, 0x48, 0x00,
    0x48, 0x70, 0x40, 0x00, 0x50, 0x70, 0x48, 0x00, 0x48, 0x70, 0x48, 0x00,
    0x48, 0x70, 0x48, 0x00, 0x50, 0x70, 0x48, 0x00, 0x50, 0x70, 0x48, 0x00,
    0x48, 0x70, 0x48, 0x00, 0x50, 0x70, 0x48, 0x00, 0x48, 0x70, 0x48, 0x00,
    0x48, 0x70, 0x48, 0x00, 0x50, 0x70, 0x48, 0x00, 0x48, 0x70, 0x48, 0x00,
    0x50, 0x70, 0x48, 0x00, 0x50, 0x70, 0x48, 0x00, 0x48, 0x70, 0x48, 0x00,
    0x48, 0x70, 0x48, 0x00, 0x50, 0x70, 0x40, 0x00, 0x48, 0x70, 0x48, 0x00,
    0x50, 0x70, 0x48, 0x00, 0x50, 0x70, 0x48, 0x00, 0x48, 0x70, 0x48, 0x00,
    0x50, 0x70, 0x48, 0x00, 0x48, 0x70, 0x48, 0x00, 0x48, 0x70, 0x48, 0x00,
    0x50, 0x70, 0x40, 0x00, 0x48, 0x70, 0x48, 0x00, 0x48, 0x70, 0x48, 0x00,
    0x50, 0x70, 0x48, 0x00, 0x50, 0x70, 0x40, 0x00, 0x48, 0x70, 0x48, 0x00,
    0x50, 0x70, 0x48, 0x00, 0x50, 0x70, 0x48, 0x00, 0x48, 0x70, 0x48, 0x00,
    0x48, 0x70, 0x48, 0x00, 0x50, 0x70, 0x48, 0x00, 0x48, 0x70, 0x48, 0x00,
    0x50, 0x70, 0x48, 0x00, 0x48, 0x70, 0x48, 0x00, 0x48, 0x70, 0x48, 0x00,
    0x50, 0x70, 0x48, 0x00, 0x48, 0x70, 0x48, 0x00, 0x48, 0x70, 0x48, 0x00,
    0x50, 0x70, 0x48, 0x00, 0x50, 0x70, 0x48, 0x00, 0x48, 0x70, 0x48, 0x00,
    0x48, 0x70, 0x40, 0x00, 0x50, 0x70, 0x48, 0x00, 0x48, 0x70, 0x48, 0x00,
    0x50, 0x70, 0x48, 0x00, 0x48, 0x70, 0x48, 0x00, 0x50, 0x70, 0x48, 0x00,
    0x48, 0x70, 0x40, 0x00, 0x48, 0x70, 0x48, 0x00, 0x50, 0x70, 0x48, 0x00,
    0x50, 0x70, 0x40, 0x00, 0x48, 0x70, 0x48, 0x00, 0x50, 0x70, 0x48, 0x00,
    0x50, 0x70, 0x48, 0x00, 0x48, 0x70, 0x48, 0x00, 0x50, 0x70, 0x48, 0x00,
    0x50, 0x70, 0x48, 0x00, 0x48, 0x70, 0x48, 0x00, 0x50, 0x70, 0x48, 0x00,
    0x50, 0x70, 0x48, 0x00, 0x48, 0x70, 0x48, 0x00, 0x50, 0x70, 0x48, 0x00,
    0x48, 0x70, 0x48, 0x00, 0x50, 0x70, 0x48, 0x00, 0x50, 0x70, 0x48, 0x00,
    0x48, 0x70, 0x40, 0x00, 0x50, 0x70, 0x48, 0x00, 0x48, 0x70, 0x48, 0x00,
    0x48, 0x70, 0x48, 0x00, 0x50, 0x70, 0x48, 0x00, 0x48, 0x70, 0x48, 0x00,
    0x48, 0x70, 0x48, 0x00, 0x50, 0x70, 0x48, 0x00, 0x50, 0x70, 0x48, 0x00,
    0x48, 0x70, 0x48, 0x00, 0x50, 0x70, 0x48, 0x00, 0x50, 0x70, 0x48, 0x00,
    0x48, 0x70, 0x48, 0x00, 0x50, 0x70, 0x48, 0x00, 0x50, 0x70, 0x48, 0x00,
    0x48, 0x70, 0x48, 0x00, 0x48, 0x70, 0x48, 0x00, 0x50, 0x70, 0x48, 0x00,
    0x48, 0x70, 0x48, 0x00, 0x50, 0x70, 0x48, 0x00, 0x48, 0x70, 0x40, 0x00,
    0x48, 0x70, 0x48, 0x00, 0x50, 0x70, 0x48, 0x00, 0x50, 0x70, 0x40, 0x00,
    0x48, 0x70, 0x48, 0x00, 0x50, 0x70, 0x48, 0x00, 0x48, 0x70, 0x48, 0x00,
    0x48, 0x70, 0x48, 0x00, 0x50, 0x70, 0x40, 0x00, 0x48, 0x70, 0x48, 0x00,
    0x48, 0x70, 0x48, 0x00, 0x50, 0x70, 0x48, 0x00, 0x48, 0x70, 0x48, 0x00,
    0x50, 0x70, 0x40, 0x00, 0x50, 0x70, 0x48, 0x00, 0x48, 0x70, 0x48, 0x00,
    0x50, 0x70, 0x40, 0x00, 0x48, 0x70, 0x48, 0x00, 0x50, 0x70, 0x48, 0x00,
    0x50, 0x70, 0x40, 0x00, 0x48, 0x70, 0x48, 0x00, 0x48, 0x70, 0x48, 0x00,
    0x50, 0x70, 0x48, 0x00, 0x48, 0x70, 0x48, 0x00, 0x48, 0x70, 0x48, 0x00,
    0x50, 0x70, 0x40, 0x00, 0x48, 0x70, 0x48, 0x00, 0x48, 0x70, 0x48, 0x00,
    0x50, 0x70, 0x48, 0x00, 0x48, 0x70, 0x48, 0x00, 0x50, 0x70, 0x48, 0x00,
    0x48, 0x70, 0x48, 0x00, 0x50, 0x70, 0x40, 0x00, 0x48, 0x70, 0x48, 0x00,
    0x50, 0x70, 0x48, 0x00, 0x48, 0x70, 0x48, 0x00, 0x50, 0x70, 0x48, 0x00,
    0x48, 0x70, 0x48, 0x00, 0x50, 0x70, 0x48, 0x00, 0x50, 0x70, 0x48, 0x00,
    0x48, 0x70, 0x40, 0x00, 0x50, 0x70, 0x48, 0x00, 0x50, 0x70, 0x48, 0x00,
    0x48, 0x70, 0x40, 0x00, 0x50, 0x70, 0x48, 0x00, 0x50, 0x70, 0x48, 0x00,
    0x48, 0x70, 0x48, 0x00, 0x50, 0x70, 0x48, 0x00, 0x50, 0x70, 0x48, 0x00,
    0x48, 0x70, 0x48, 0x00, 0x50, 0x70, 0x48, 0x00, 0x50, 0x70, 0x48, 0x00,
    0x48, 0x70, 0x48, 0x00, 0x50, 0x70, 0x48, 0x00, 0x48, 0x70, 0x48, 0x00,
    0x50, 0x70, 0x48, 0x00, 0x50, 0x70, 0x48, 0x00, 0x48, 0x70, 0x40, 0x00,
    0x48, 0x70, 0x48, 0x00, 0x50, 0x70, 0x48, 0x00, 0x48, 0x70, 0x40, 0x00,
    0x50, 0x70, 0x48, 0x00, 0x50, 0x70, 0x48, 0x00, 0x48, 0x70, 0x48, 0x00,
    0x48, 0x70, 0x48, 0x00, 0x50, 0x70, 0x48, 0x00, 0x48, 0x70, 0x40, 0x00,
    0x50, 0x70, 0x48, 0x00, 0x48, 0x70, 0x48, 0x00, 0x50, 0x70, 0x48, 0x00,
    0x50, 0x70, 0x48, 0x00, 0x48, 0x70, 0x48, 0x00, 0x48, 0x70, 0x48, 0x00,
    0x50, 0x70, 0x40, 0x00, 0x48, 0x70, 0x48, 0x00, 0x50, 0x70, 0x48, 0x00,
    0x50, 0x70, 0x48, 0x00, 0x48, 0x70, 0x48, 0x00, 0x50, 0x70, 0x48, 0x00,
    0x50, 0x70, 0x48, 0x00, 0x48, 0x70, 0x48, 0x00, 0x48, 0x70, 0x48, 0x00,
    0x50, 0x70, 0x48, 0x00, 0x48, 0x70, 0x48, 0x00, 0x48, 0x70, 0x48, 0x00,
    0x50, 0x70, 0x48, 0x00, 0x50, 0x70, 0x48, 0x00, 0x48, 0x70, 0x48, 0x00,
    0x50, 0x70, 0x48, 0x00, 0x50, 0x70, 0x48, 0x00, 0x48, 0x70, 0x48, 0x00,
    0x50, 0x70, 0x40, 0x00, 0x48, 0x70, 0x48, 0x00, 0x50, 0x70, 0x48, 0x00,
    0x50, 0x70, 0x40, 0x00, 0x48, 0x70, 0x48, 0x00, 0x48, 0x70, 0x48, 0x00,
    0x50, 0x70, 0x48, 0x00, 0x50, 0x70, 0x48, 0x00, 0x48, 0x70, 0x48, 0x00,
    0x50, 0x70, 0x48, 0x00, 0x48, 0x70, 0x48, 0x00, 0x48, 0x70, 0x40, 0x00,
    0x50, 0x70, 0x48, 0x00, 0x50, 0x70, 0x48, 0x00, 0x48, 0x70, 0x48, 0x00,
    0x50, 0x70, 0x48, 0x00, 0x48, 0x70, 0x48, 0x00, 0x48, 0x70, 0x48, 0x00,
    0x50, 0x70, 0x48, 0x00, 0x48, 0x70, 0x48, 0x00, 0x48, 0x70, 0x48, 0x00,
    0x50, 0x70, 0x48, 0x00, 0x48, 0x70, 0x48, 0x00, 0x50, 0x70, 0x40, 0x00,
    0x48, 0x70, 0x48, 0x00, 0x48, 0x70, 0x48, 0x00, 0x50, 0x70, 0x40, 0x00,
    0x48, 0x70, 0x48, 0x00, 0x50, 0x70, 0x48, 0x00, 0x48, 0x70, 0x48, 0x00,
    0x50, 0x70, 0x48, 0x00, 0x48, 0x70, 0x48, 0x00, 0x50, 0x70, 0x48, 0x00,
    0x50, 0x70, 0x48, 0x00, 0x48, 0x70, 0x48, 0x00, 0x50, 0x70, 0x48, 0x00,
    0x50, 0x70, 0x48, 0x00, 0x48, 0x70, 0x40, 0x00, 0x48, 0x70, 0x48, 0x00,
    0x50, 0x70, 0x48, 0x00, 0x48, 0x70, 0x48, 0x00, 0x48, 0x70, 0x48, 0x00,
    0x50, 0x70, 0x48, 0x00, 0x48, 0x70, 0x40, 0x00, 0x48, 0x70, 0x48, 0x00,
    0x50, 0x70, 0x48, 0x00, 0x48, 0x70, 0x48, 0x00, 0x50, 0x70, 0x40, 0x00,
    0x50, 0x70, 0x48, 0x00, 0x48, 0x70, 0x48, 0x00, 0x50, 0x70, 0x48, 0x00,
    0x48, 0x70, 0x48, 0x00, 0x50, 0x70, 0x48, 0x00, 0x48, 0x70, 0x48, 0x00,
    0x50, 0x70, 0x48, 0x00, 0x48, 0x70, 0x48, 0x00, 0x50, 0x70, 0x48, 0x00,
    0x50, 0x70, 0x48, 0x00, 0x48, 0x70, 0x48, 0x00, 0x50, 0x70, 0x48, 0x00,
    0x50, 0x70, 0x48, 0x00, 0x48, 0x70, 0x48, 0x00, 0x50, 0x70, 0x40, 0x00,
    0x50, 0x70, 0x48, 0x00, 0x48, 0x70, 0x48, 0x00, 0x48, 0x70, 0x48, 0x00,
    0x50, 0x70, 0x48, 0x00, 0x48, 0x70, 0x48, 0x00, 0x50, 0x70, 0x48, 0x00,
    0x50, 0x70, 0x48, 0x00, 0x48, 0x70, 0x48, 0x00, 0x50, 0x70, 0x48, 0x00,
    0x50, 0x70, 0x48, 0x00, 0x48, 0x70, 0x48, 0x00, 0x50, 0x70, 0x48, 0x00,
    0x50, 0x70, 0x48, 0x00, 0x48, 0x70, 0x48, 0x00, 0x50, 0x70, 0x48, 0x00,
    0x48, 0x70, 0x48, 0x00, 0x50, 0x70, 0x48, 0x00, 0x48, 0x70, 0x40, 0x00,
    0x50, 0x70, 0x48, 0x00, 0x48, 0x70, 0x48, 0x00, 0x48, 0x70, 0x48, 0x00,
    0x50, 0x70, 0x48, 0x00, 0x48, 0x70, 0x48, 0x00, 0x48, 0x70, 0x48, 0x00,
    0x50, 0x70, 0x48, 0x00, 0x48, 0x70, 0x48, 0x00, 0x50, 0x70, 0x40, 0x00,
    0x48, 0x70, 0x48, 0x00, 0x50, 0x70, 0x48, 0x00, 0x48, 0x70, 0x48, 0x00,
    0x50, 0x70, 0x48, 0x00, 0x48, 0x70, 0x48, 0x00, 0x48, 0x70, 0x48, 0x00,
    0x50, 0x70, 0x48, 0x00, 0x48, 0x70, 0x48, 0x00, 0x48, 0x70, 0x48, 0x00,
    0x50, 0x70, 0x48, 0x00, 0x48, 0x70, 0x40, 0x00, 0x48, 0x70, 0x48, 0x00,
    0x50, 0x70, 0x48, 0x00, 0x48, 0x70, 0x48, 0x00, 0x50, 0x70, 0x48, 0x00,
    0x48, 0x70, 0x48, 0x00, 0x48, 0x70, 0x48, 0x00, 0x50, 0x70, 0x48, 0x00,
    0x50, 0x70, 0x48, 0x00, 0x48, 0x70, 0x48, 0x00, 0x50, 0x70, 0x48, 0x00,
    0x48, 0x70, 0x48, 0x00, 0x48, 0x70, 0x48, 0x00, 0x50, 0x70, 0x48, 0x00,
    0x50, 0x70, 0x48, 0x00, 0x48, 0x70, 0x48, 0x00, 0x48, 0x70, 0x48, 0x00,
    0x50, 0x70, 0x48, 0x00, 0x48, 0x70, 0x48, 0x00, 0x48, 0x70, 0x48, 0x00,
    0x50, 0x70, 0x48, 0x00, 0x48, 0x70, 0x40, 0x00, 0x50, 0x70, 0x48, 0x00,
    0x48, 0x70, 0x48, 0x00, 0x50, 0x70, 0x48, 0x00, 0x48, 0x70, 0x48, 0x00,
    0x48, 0x70, 0x48, 0x00, 0x50, 0x70, 0x48, 0x00, 0x48, 0x70, 0x40, 0x00,
    0x48, 0x70, 0x48, 0x00, 0x50, 0x70, 0x48, 0x00, 0x48, 0x70, 0x48, 0x00,
    0x50, 0x70, 0x40, 0x00, 0x50, 0x70, 0x48, 0x00, 0x48, 0x70, 0x48, 0x00,
    0x50, 0x70, 0x48, 0x00, 0x48, 0x70, 0x40, 0x00, 0x48, 0x70, 0x48, 0x00,
    0x50, 0x70, 0x48, 0x00, 0x48, 0x70, 0x40, 0x00, 0x48, 0x70, 0x48, 0x00,
    0x50, 0x70, 0x48, 0x00, 0x48, 0x70, 0x48, 0x00, 0x50, 0x70, 0x48, 0x00,
    0x50, 0x70, 0x48, 0x00, 0x48, 0x70, 0x48, 0x00, 0x50, 0x70, 0x48, 0x00,
    0x48, 0x70, 0x48, 0x00, 0x48, 0x70, 0x48, 0x00, 0x50, 0x70, 0x40, 0x00,
    0x48, 0x70, 0x48, 0x00, 0x50, 0x70, 0x48, 0x00, 0x50, 0x70, 0x48, 0x00,
    0x48, 0x70, 0x48, 0x00, 0x50, 0x70, 0x48, 0x00, 0x50, 0x70, 0x48, 0x00,
    0x48, 0x70, 0x48, 0x00, 0x50, 0x70, 0x48, 0x00, 0x50, 0x70, 0x48, 0x00,
    0x48, 0x70, 0x48, 0x00, 0x50, 0x70, 0x48, 0x00, 0x50, 0x70, 0x40, 0x00,
    0x48, 0x70, 0x48, 0x00, 0x50, 0x70, 0x48, 0x00, 0x48, 0x70, 0x40, 0x00,
    0x50, 0x70, 0x48, 0x00, 0x48, 0x70, 0x48, 0x00, 0x50, 0x70, 0x48, 0x00,
    0x48, 0x70, 0x48, 0x00, 0x50, 0x70, 0x48, 0x00, 0x50, 0x70, 0x48, 0x00,
    0x48, 0x70, 0x48, 0x00, 0x50, 0x70, 0x40, 0x00, 0x48, 0x70, 0x48, 0x00,
    0x48, 0x70, 0x48, 0x00, 0x50, 0x70, 0x48, 0x00, 0x48, 0x70, 0x48, 0x00,
    0x48, 0x70, 0x40, 0x00, 0x50, 0x70, 0x48, 0x00, 0x48, 0x70, 0x48, 0x00,
    0x50, 0x70, 0x48, 0x00, 0x50, 0x70, 0x48, 0x00, 0x48, 0x70, 0x40, 0x00,
    0x50, 0x70, 0x48, 0x00, 0x50, 0x70, 0x48, 0x00, 0x48, 0x70, 0x48, 0x00,
    0x50, 0x70, 0x48, 0x00, 0x48, 0x70, 0x48, 0x00, 0x48, 0x70, 0x48, 0x00,
    0x50, 0x70, 0x48, 0x00, 0x48, 0x70, 0x48, 0x00, 0x50, 0x70, 0x48, 0x00,
    0x48, 0x70, 0x48, 0x00, 0x50, 0x70, 0x40, 0x00, 0x50, 0x70, 0x48, 0x00,
    0x48, 0x70, 0x48, 0x00, 0x50, 0x70, 0x48, 0x00, 0x48, 0x70, 0x48, 0x00,
    0x48, 0x70, 0x48, 0x00, 0x50, 0x70, 0x48, 0x00, 0x48, 0x70, 0x40, 0x00,
    0x50, 0x70, 0x48, 0x00, 0x48, 0x70, 0x48, 0x00, 0x48, 0x70, 0x48, 0x00,
    0x50, 0x70, 0x48, 0x00, 0x48, 0x70, 0x48, 0x00, 0x50, 0x70, 0x48, 0x00,
    0x48, 0x70, 0x48, 0x00, 0x50, 0x70, 0x48, 0x00, 0x48, 0x70, 0x48, 0x00,
    0x48, 0x70, 0x48, 0x00, 0x50, 0x70, 0x48, 0x00, 0x48, 0x70, 0x40, 0x00,
    0x48, 0x70, 0x48, 0x00, 0x48, 0x70, 0x48, 0x00, 0x50, 0x70, 0x48, 0x00,
    0x48, 0x70, 0x40, 0x00, 0x48, 0x70, 0x48, 0x00, 0x50, 0x70, 0x48, 0x00,
    0x48, 0x70, 0x40, 0x00, 0x50, 0x70, 0x48, 0x00, 0x50, 0x70, 0x48, 0x00,
    0x48, 0x70, 0x48, 0x00, 0x50, 0x70, 0x48, 0x00, 0x48, 0x70, 0x48, 0x00,
    0x50, 0x70, 0x48, 0x00, 0x50, 0x70, 0x40, 0x00, 0x48, 0x70, 0x48, 0x00,
    0x50, 0x70, 0x48, 0x00, 0x50, 0x70, 0x48, 0x00, 0x48, 0x70, 0x48, 0x00,
    0x50, 0x70, 0x48, 0x00, 0x48, 0x70, 0x48, 0x00, 0x50, 0x70, 0x48, 0x00,
    0x48, 0x70, 0x48, 0x00, 0x50, 0x70, 0x48, 0x00, 0x48, 0x70, 0x48, 0x00,
    0x50, 0x70, 0x48, 0x00, 0x50, 0x70, 0x48, 0x00, 0x48, 0x70, 0x48, 0x00,
    0x50, 0x70, 0x40, 0x00, 0x50, 0x70, 0x48, 0x00, 0x48, 0x70, 0x48, 0x00,
    0x50, 0x70, 0x48, 0x00, 0x50, 0x70, 0x48, 0x00, 0x48, 0x70, 0x40, 0x00,
    0x48, 0x70, 0x48, 0x00, 0x50, 0x70, 0x48, 0x00, 0x50, 0x70, 0x40, 0x00,
    0x48, 0x70, 0x48, 0x00, 0x48, 0x70, 0x48, 0x00, 0x48, 0x70, 0x40, 0x00,
    0x50, 0x70, 0x48, 0x00, 0x50, 0x70, 0x48, 0x00, 0x48, 0x70, 0x48, 0x00,
    0x50, 0x70, 0x48, 0x00, 0x48, 0x70, 0x40, 0x00, 0x48, 0x70, 0x48, 0x00,
    0x50, 0x70, 0x48, 0x00, 0x50, 0x70, 0x48, 0x00, 0x48, 0x70, 0x48, 0x00,
    0x50, 0x70, 0x48, 0x00, 0x50, 0x70, 0x48, 0x00, 0x48, 0x70, 0x48, 0x00,
    0x50, 0x70, 0x48, 0x00, 0x48, 0x70, 0x48, 0x00, 0x50, 0x70, 0x48, 0x00,
    0x50, 0x70, 0x48, 0x00, 0x48, 0x70, 0x48, 0x00, 0x50, 0x70, 0x48, 0x00,
    0x50, 0x70, 0x48, 0x00, 0x48, 0x70, 0x48, 0x00, 0x50, 0x70, 0x48, 0x00,
    0x48, 0x70, 0x48, 0x00, 0x48, 0x70, 0x48, 0x00, 0x50, 0x70, 0x48, 0x00,
    0x48, 0x70, 0x48, 0x00, 0x50, 0x70, 0x48, 0x00, 0x50, 0x70, 0x48, 0x00,
    0x48, 0x70, 0x48, 0x00, 0x50, 0x70, 0x48, 0x00, 0x50, 0x70, 0x48, 0x00,
    0x48, 0x70, 0x48, 0x00, 0x50, 0x70, 0x48, 0x00, 0x48, 0x70, 0x40, 0x00,
    0x48, 0x70, 0x48, 0x00, 0x50, 0x70, 0x48, 0x00, 0x48, 0x70, 0x48, 0x00,
    0x48, 0x70, 0x48, 0x00, 0x50, 0x70, 0x48, 0x00, 0x50, 0x70, 0x48, 0x00,
    0x48, 0x70, 0x48, 0x00, 0x50, 0x70, 0x48, 0x00, 0x48, 0x70, 0x48, 0x00,
    0x48, 0x70, 0x48, 0x00, 0x50, 0x70, 0x40, 0x00, 0x48, 0x70, 0x48, 0x00,
    0x48, 0x70, 0x48, 0x00, 0x50, 0x70, 0x48, 0x00, 0x48, 0x70, 0x40, 0x00,
    0x48, 0x70, 0x48, 0x00, 0x50, 0x70, 0x48, 0x00, 0x48, 0x70, 0x40, 0x00,
    0x48, 0x70, 0x48, 0x00, 0x50, 0x70, 0x48, 0x00, 0x48, 0x70, 0x48, 0x00,
    0x50, 0x70, 0x48, 0x00, 0x50, 0x70, 0x48, 0x00, 0x48, 0x70, 0x48, 0x00,
    0x50, 0x70, 0x48, 0x00, 0x48, 0x70, 0x48, 0x00, 0x50, 0x70, 0x48, 0x00,
    0x48, 0x70, 0x48, 0x00, 0x48, 0x70, 0x48, 0x00, 0x50, 0x70, 0x48, 0x00,
    0x48, 0x70, 0x48, 0x00, 0x50, 0x70, 0x48, 0x00, 0x50, 0x70, 0x40, 0x00,
    0x48, 0x70, 0x48, 0x00, 0x50, 0x70, 0x48, 0x00, 0x50, 0x70, 0x48, 0x00,
    0x48, 0x70, 0x48, 0x00, 0x48, 0x70, 0x48, 0x00, 0x50, 0x70, 0x48, 0x00,
    0x48, 0x70, 0x48, 0x00, 0x48, 0x70, 0x48, 0x00, 0x50, 0x70, 0x48, 0x00,
    0x48, 0x70, 0x48, 0x00, 0x50, 0x70, 0x40, 0x00, 0x50, 0x70, 0x48, 0x00,
    0x50, 0x70, 0x48, 0x00, 0x48, 0x70, 0x40, 0x00, 0x50, 0x70, 0x48, 0x00,
    0x48, 0x70, 0x48, 0x00, 0x48, 0x70, 0x48, 0x00, 0x50, 0x70, 0x48, 0x00,
    0x48, 0x70, 0x48, 0x00, 0x48, 0x70, 0x48, 0x00, 0x50, 0x70, 0x40, 0x00,
    0x50, 0x70, 0x48, 0x00, 0x48, 0x70, 0x48, 0x00, 0x50, 0x70, 0x40, 0x00,
    0x48, 0x70, 0x48, 0x00, 0x50, 0x70, 0x48, 0x00, 0x48, 0x70, 0x48, 0x00,
    0x50, 0x70, 0x48, 0x00, 0x50, 0x70, 0x40, 0x00, 0x48, 0x70, 0x48, 0x00,
    0x50, 0x70, 0x48, 0x00, 0x48, 0x70, 0x48, 0x00, 0x50, 0x70, 0x40, 0x00,
    0x50, 0x70, 0x48, 0x00, 0x48, 0x70, 0x48, 0x00, 0x50, 0x70, 0x40, 0x00,
    0x50, 0x70, 0x48, 0x00, 0x48, 0x70, 0x48, 0x00, 0x50, 0x70, 0x48, 0x00,
    0x50, 0x70, 0x48, 0x00, 0x48, 0x70, 0x48, 0x00, 0x50, 0x70, 0x48, 0x00,
    0x50, 0x70, 0x48, 0x00, 0x48, 0x70, 0x48, 0x00, 0x48, 0x70, 0x48, 0x00,
    0x50, 0x70, 0x48, 0x00, 0x48, 0x70, 0x48, 0x00, 0x48, 0x70, 0x48, 0x00,
    0x50, 0x70, 0x48, 0x00, 0x48, 0x70, 0x48, 0x00, 0x50, 0x70, 0x48, 0x00,
    0x48, 0x70, 0x48, 0x00, 0x48, 0x70, 0x48, 0x00, 0x50, 0x70, 0x48, 0x00,
    0x48, 0x70, 0x40, 0x00, 0x50, 0x70, 0x48, 0x00, 0x48, 0x70, 0x48, 0x00,
    0x50, 0x70, 0x48, 0x00, 0x48, 0x70, 0x48, 0x00, 0x50, 0x70, 0x40, 0x00,
    0x48, 0x70, 0x48, 0x00, 0x48, 0x70, 0x48, 0x00, 0x50, 0x70, 0x40, 0x00,
    0x48, 0x70, 0x48, 0x00, 0x48, 0x70, 0x48, 0x00, 0x50, 0x70, 0x48, 0x00,
    0x48, 0x70, 0x48, 0x00, 0x48, 0x70, 0x48, 0x00, 0x50, 0x70, 0x48, 0x00,
    0x50, 0x70, 0x48, 0x00, 0x48, 0x70, 0x48, 0x00, 0x50, 0x70, 0x48, 0x00,
    0x48, 0x70, 0x48, 0x00, 0x50, 0x70, 0x48, 0x00, 0x50, 0x70, 0x48, 0x00,
    0x48, 0x70, 0x48, 0x00, 0x50, 0x70, 0x48, 0x00, 0x48, 0x70, 0x48, 0x00,
    0x48, 0x70, 0x48, 0x00, 0x50, 0x70, 0x40, 0x00, 0x50, 0x70, 0x48, 0x00,
    0x48, 0x70, 0x48, 0x00, 0x50, 0x70, 0x48, 0x00, 0x48, 0x70, 0x48, 0x00,
    0x48, 0x70, 0x48, 0x00, 0x50, 0x70, 0x48, 0x00, 0x48, 0x70, 0x40, 0x00,
    0x50, 0x70, 0x48, 0x00, 0x48, 0x70, 0x48, 0x00, 0x50, 0x70, 0x48, 0x00,
    0x48, 0x70, 0x48, 0x00, 0x48, 0x70, 0x40, 0x00, 0x50, 0x70, 0x48, 0x00,
    0x48, 0x70, 0x48, 0x00, 0x50, 0x70, 0x40, 0x00, 0x48, 0x70, 0x48, 0x00,
    0x50, 0x70, 0x48, 0x00, 0x50, 0x70, 0x48, 0x00, 0x48, 0x70, 0x40, 0x00,
    0x50, 0x70, 0x48, 0x00, 0x48, 0x70, 0x48, 0x00, 0x48, 0x70, 0x48, 0x00,
    0x50, 0x70, 0x40, 0x00, 0x48, 0x70, 0x48, 0x00, 0x48, 0x70, 0x48, 0x00,
    0x50, 0x70, 0x48, 0x00, 0x48, 0x70, 0x48, 0x00, 0x50, 0x70, 0x48, 0x00,
    0x50, 0x70, 0x48, 0x00, 0x48, 0x70, 0x48, 0x00, 0x50, 0x70, 0x48, 0x00,
    0x50, 0x70, 0x40, 0x00, 0x48, 0x70, 0x48, 0x00, 0x48, 0x70, 0x48, 0x00,
    0x50, 0x70, 0x40, 0x00, 0x48, 0x70, 0x48, 0x00, 0x50, 0x70, 0x48, 0x00,
    0x50, 0x70, 0x48, 0x00, 0x48, 0x70, 0x48, 0x00, 0x50, 0x70, 0x48, 0x00,
    0x50, 0x70, 0x48, 0x00, 0x48, 0x70, 0x48, 0x00, 0x50, 0x70, 0x48, 0x00,
    0x48, 0x70, 0x48, 0x00, 0x50, 0x70, 0x48, 0x00, 0x48, 0x70, 0x48, 0x00,
    0x50, 0x70, 0x48, 0x00, 0x50, 0x70, 0x48, 0x00, 0x48, 0x70, 0x48, 0x00,
    0x48, 0x70, 0x48, 0x00, 0x50, 0x70, 0x48, 0x00, 0x48, 0x70, 0x48, 0x00,
    0x48, 0x70, 0x48, 0x00, 0x50, 0x70, 0x48, 0x00, 0x48, 0x70, 0x40, 0x00,
    0x50, 0x70, 0x48, 0x00, 0x48, 0x70, 0x48, 0x00, 0x50, 0x70, 0x40, 0x00,
    0x48, 0x70, 0x48, 0x00, 0x50, 0x70, 0x48, 0x00, 0x48, 0x70, 0x48, 0x00,
    0x48, 0x70, 0x48, 0x00, 0x50, 0x70, 0x48, 0x00, 0x48, 0x70, 0x48, 0x00,
    0x48, 0x70, 0x48, 0x00, 0x50, 0x70, 0x48, 0x00, 0x50, 0x70, 0x48, 0x00,
    0x48, 0x70, 0x40, 0x00, 0x50, 0x70, 0x48, 0x00, 0x50, 0x70, 0x48, 0x00,
    0x48, 0x70, 0x48, 0x00, 0x50, 0x70, 0x48, 0x00, 0x48, 0x70, 0x48, 0x00,
    0x48, 0x70, 0x48, 0x00, 0x48, 0x70, 0x48, 0x00, 0x50, 0x70, 0x48, 0x00,
    0x50, 0x70, 0x48, 0x00, 0x48, 0x70, 0x48, 0x00, 0x50, 0x70, 0x48, 0x00,
    0x50, 0x70, 0x40, 0x00, 0x48, 0x70, 0x48, 0x00, 0x50, 0x70, 0x48, 0x00,
    0x48, 0x70, 0x48, 0x00, 0x48, 0x70, 0x48, 0x00, 0x50, 0x70, 0x48, 0x00,
    0x50, 0x70, 0x48, 0x00, 0x48, 0x70, 0x48, 0x00, 0x50, 0x70, 0x48, 0x00,
    0x48, 0x70, 0x48, 0x00, 0x50, 0x70, 0x48, 0x00, 0x48, 0x70, 0x48, 0x00,
    0x48, 0x70, 0x48, 0x00, 0x50, 0x70, 0x48, 0x00, 0x48, 0x70, 0x48, 0x00,
    0x48, 0x70, 0x48, 0x00, 0x50, 0x70, 0x48, 0x00, 0x48, 0x70, 0x48, 0x00,
    0x50, 0x70, 0x48, 0x00, 0x48, 0x70, 0x48, 0x00, 0x48, 0x70, 0x48, 0x00,
    0x50, 0x70, 0x48, 0x00, 0x48, 0x70, 0x48, 0x00, 0x50, 0x70, 0x40, 0x00,
    0x48, 0x70, 0x48, 0x00, 0x48, 0x70, 0x48, 0x00, 0x50, 0x70, 0x48, 0x00,
    0x50, 0x70, 0x48, 0x00, 0x48, 0x70, 0x48, 0x00, 0x50, 0x70, 0x48, 0x00,
    0x48, 0x70, 0x40, 0x00, 0x50, 0x70, 0x48, 0x00, 0x50, 0x70, 0x48, 0x00,
    0x48, 0x70, 0x40, 0x00, 0x48, 0x70, 0x48, 0x00, 0x50, 0x70, 0x48, 0x00,
    0x50, 0x70, 0x48, 0x00, 0x48, 0x70, 0x48, 0x00, 0x50, 0x70, 0x48, 0x00,
    0x48, 0x70, 0x48, 0x00, 0x50, 0x70, 0x40, 0x00, 0x48, 0x70, 0x48, 0x00,
    0x50, 0x70, 0x48, 0x00, 0x48, 0x70, 0x48, 0x00, 0x50, 0x70, 0x48, 0x00,
    0x50, 0x70, 0x48, 0x00, 0x48, 0x70, 0x48, 0x00, 0x50, 0x70, 0x48, 0x00,
    0x50, 0x70, 0x48, 0x00, 0x48, 0x70, 0x48, 0x00, 0x50, 0x70, 0x48, 0x00,
    0x48, 0x70, 0x40, 0x00, 0x48, 0x70, 0x48, 0x00, 0x50, 0x70, 0x48, 0x00,
    0x48, 0x70, 0x48, 0x00, 0x50, 0x70, 0x48, 0x00, 0x48, 0x70, 0x48, 0x00,
    0x48, 0x70, 0x48, 0x00, 0x50, 0x70, 0x48, 0x00, 0x50, 0x70, 0x48, 0x00,
    0x48, 0x70, 0x48, 0x00, 0x50, 0x70, 0x48, 0x00, 0x48, 0x70, 0x48, 0x00,
    0x50, 0x70, 0x48, 0x00, 0x48, 0x70, 0x48, 0x00, 0x50, 0x70, 0x48, 0x00,
    0x50, 0x70, 0x48, 0x00, 0x48, 0x70, 0x48, 0x00, 0x48, 0x70, 0x48, 0x00,
    0x50, 0x70, 0x48, 0x00, 0x48, 0x70, 0x48, 0x00, 0x48, 0x70, 0x48, 0x00,
    0x50, 0x70, 0x40, 0x00, 0x48, 0x70, 0x48, 0x00, 0x50, 0x70, 0x48, 0x00,
    0x50, 0x70, 0x48, 0x00, 0x48, 0x70, 0x48, 0x00, 0x50, 0x70, 0x48, 0x00,
    0x48, 0x70, 0x48, 0x00, 0x48, 0x70, 0x48, 0x00, 0x50, 0x70, 0x48, 0x00,
    0x48, 0x70, 0x48, 0x00, 0x50, 0x70, 0x48, 0x00, 0x50, 0x70, 0x48, 0x00,
    0x48, 0x70, 0x48, 0x00, 0x50, 0x70, 0x48, 0x00, 0x50, 0x70, 0x48, 0x00,
    0x48, 0x70, 0x48, 0x00, 0x50, 0x70, 0x40, 0x00, 0x48, 0x70, 0x48, 0x00,
    0x48, 0x70, 0x48, 0x00, 0x50, 0x70, 0x40, 0x00, 0x48, 0x70, 0x48, 0x00,
    0x48, 0x70, 0x48, 0x00, 0x50, 0x70, 0x48, 0x00, 0x50, 0x70, 0x48, 0x00,
    0x48, 0x70, 0x48, 0x00, 0x50, 0x70, 0x48, 0x00, 0x50, 0x70, 0x48, 0x00,
    0x48, 0x70, 0x48, 0x00, 0x48, 0x70, 0x40, 0x00, 0x50, 0x70, 0x48, 0x00,
    0x48, 0x70, 0x48, 0x00, 0x48, 0x70, 0x40, 0x00, 0x50, 0x70, 0x48, 0x00,
    0x48, 0x70, 0x48, 0x00, 0x50, 0x70, 0x48, 0x00, 0x50, 0x70, 0x40, 0x00,
    0x48, 0x70, 0x48, 0x00, 0x50, 0x70, 0x48, 0x00, 0x48, 0x70, 0x48, 0x00,
    0x50, 0x70, 0x48, 0x00, 0x50, 0x70, 0x48, 0x00, 0x48, 0x70, 0x40, 0x00,
    0x50, 0x70, 0x48, 0x00, 0x50, 0x70, 0x48, 0x00, 0x48, 0x70, 0x48, 0x00,
    0x50, 0x70, 0x48, 0x00, 0x48, 0x70, 0x48, 0x00, 0x50, 0x70, 0x48, 0x00,
    0x50, 0x70, 0x48, 0x00, 0x48, 0x70, 0x48, 0x00, 0x50, 0x70, 0x48, 0x00,
    0x50, 0x70, 0x48, 0x00, 0x48, 0x70, 0x40, 0x00, 0x50, 0x70, 0x48, 0x00,
    0x50, 0x70, 0x48, 0x00, 0x48, 0x70, 0x48, 0x00, 0x48, 0x70, 0x40, 0x00,
    0x50, 0x70, 0x48, 0x00, 0x48, 0x70, 0x48, 0x00, 0x48, 0x70, 0x48, 0x00,
    0x50, 0x70, 0x48, 0x00, 0x48, 0x70, 0x48, 0x00, 0x50, 0x70, 0x40, 0x00,
    0x50, 0x70, 0x48, 0x00, 0x48, 0x70, 0x48, 0x00, 0x50, 0x70, 0x48, 0x00,
    0x48, 0x70, 0x48, 0x00, 0x48, 0x70, 0x48, 0x00, 0x50, 0x70, 0x48, 0x00,
    0x48, 0x70, 0x48, 0x00, 0x48, 0x70, 0x48, 0x00, 0x50, 0x70, 0x48, 0x00,
    0x48, 0x70, 0x48, 0x00, 0x50, 0x70, 0x48, 0x00, 0x50, 0x70, 0x48, 0x00,
    0x48, 0x70, 0x48, 0x00, 0x48, 0x70, 0x48, 0x00, 0x50, 0x70, 0x48, 0x00,
    0x48, 0x70, 0x48, 0x00, 0x48, 0x70, 0x48, 0x00, 0x50, 0x70, 0x40, 0x00,
    0x50, 0x70, 0x48, 0x00, 0x48, 0x70, 0x48, 0x00, 0x50, 0x70, 0x48, 0x00,
    0x50, 0x70, 0x48, 0x00, 0x48, 0x70, 0x40, 0x00, 0x50, 0x70, 0x48, 0x00,
    0x48, 0x70, 0x48, 0x00, 0x50, 0x70, 0x48, 0x00, 0x48, 0x70, 0x48, 0x00,
    0x50, 0x70, 0x48, 0x00, 0x50, 0x70, 0x48, 0x00, 0x48, 0x70, 0x48, 0x00,
    0x48, 0x70, 0x48, 0x00, 0x50, 0x70, 0x48, 0x00, 0x50, 0x70, 0x48, 0x00,
    0x48, 0x70, 0x48, 0x00, 0x48, 0x70, 0x40, 0x00, 0x50, 0x70, 0x48, 0x00,
    0x50, 0x70, 0x48, 0x00, 0x48, 0x70, 0x48, 0x00, 0x50, 0x70, 0x48, 0x00,
    0x48, 0x70, 0x48, 0x00, 0x50, 0x70, 0x48, 0x00, 0x48, 0x70, 0x48, 0x00,
    0x50, 0x70, 0x48, 0x00, 0x50, 0x70, 0x48, 0x00, 0x48, 0x70, 0x40, 0x00,
    0x48, 0x70, 0x48, 0x00, 0x50, 0x70, 0x48, 0x00, 0x48, 0x70, 0x48, 0x00,
    0x48, 0x70, 0x48, 0x00, 0x50, 0x70, 0x48, 0x00, 0x48, 0x70, 0x48, 0x00,
    0x50, 0x70, 0x48, 0x00, 0x48, 0x70, 0x48, 0x00, 0x50, 0x70, 0x48, 0x00,
    0x48, 0x70, 0x48, 0x00, 0x48, 0x70, 0x40, 0x00, 0x50, 0x70, 0x48, 0x00,
    0x48, 0x70, 0x48, 0x00, 0x50, 0x70, 0x48, 0x00, 0x50, 0x70, 0x48, 0x00,
    0x48, 0x70, 0x48, 0x00, 0x48, 0x70, 0x48, 0x00, 0x50, 0x70, 0x40, 0x00,
    0x50, 0x70, 0x48, 0x00, 0x48, 0x70, 0x48, 0x00, 0x48, 0x70, 0x40, 0x00,
    0x50, 0x70, 0x48, 0x00, 0x48, 0x70, 0x48, 0x00, 0x50, 0x70, 0x40, 0x00,
    0x50, 0x70, 0x48, 0x00, 0x48, 0x70, 0x48, 0x00, 0x48, 0x70, 0x48, 0x00,
    0x50, 0x70, 0x48, 0x00, 0x48, 0x70, 0x40, 0x00, 0x48, 0x70, 0x48, 0x00,
    0x50, 0x70, 0x48, 0x00, 0x50, 0x70, 0x48, 0x00, 0x48, 0x70, 0x48, 0x00,
    0x50, 0x70, 0x48, 0x00, 0x50, 0x70, 0x48, 0x00, 0x48, 0x70, 0x48, 0x00,
    0x50, 0x70, 0x48, 0x00, 0x48, 0x70, 0x48, 0x00, 0x48, 0x70, 0x48, 0x00,
    0x50, 0x70, 0x48, 0x00, 0x50, 0x70, 0x40, 0x00, 0x48, 0x70, 0x48, 0x00,
    0x50, 0x70, 0x48, 0x00, 0x48, 0x70, 0x40, 0x00, 0x48, 0x70, 0x48, 0x00,
    0x50, 0x70, 0x48, 0x00, 0x48, 0x70, 0x48, 0x00, 0x48, 0x70, 0x40, 0x00,
    0x50, 0x70, 0x48, 0x00, 0x48, 0x70, 0x48, 0x00, 0x50, 0x70, 0x48, 0x00,
    0x50, 0x70, 0x48, 0x00, 0x48, 0x70, 0x48, 0x00, 0x50, 0x70, 0x48, 0x00,
    0x50, 0x70, 0x48, 0x00, 0x48, 0x70, 0x48, 0x00, 0x50, 0x70, 0x48, 0x00,
    0x48, 0x70, 0x48, 0x00, 0x48, 0x70, 0x48, 0x00, 0x50, 0x70, 0x48, 0x00,
    0x48, 0x70, 0x48, 0x00, 0x50, 0x70, 0x48, 0x00, 0x48, 0x70, 0x48, 0x00,
    0x50, 0x70, 0x48, 0x00, 0x50, 0x70, 0x48, 0x00, 0x48, 0x70, 0x48, 0x00,
    0x50, 0x70, 0x48, 0x00, 0x48, 0x70, 0x48, 0x00, 0x48, 0x70, 0x48, 0x00,
    0x50, 0x70, 0x48, 0x00, 0x48, 0x70, 0x48, 0x00, 0x48, 0x70, 0x48, 0x00,
    0x50, 0x70, 0x48, 0x00, 0x48, 0x70, 0x40, 0x00, 0x48, 0x70, 0x48, 0x00,
    0x50, 0x70, 0x48, 0x00, 0x48, 0x70, 0x48, 0x00, 0x48, 0x70, 0x48, 0x00,
    0x50, 0x70, 0x40, 0x00, 0x48, 0x70, 0x48, 0x00, 0x48, 0x70, 0x48, 0x00,
    0x50, 0x70, 0x48, 0x00, 0x48, 0x70, 0x48, 0x00, 0x48, 0x70, 0x48, 0x00,
    0x50, 0x70, 0x48, 0x00, 0x48, 0x70, 0x48, 0x00, 0x48, 0x70, 0x48, 0x00,
    0x50, 0x70, 0x48, 0x00, 0x48, 0x70, 0x48, 0x00, 0x50, 0x70, 0x48, 0x00,
    0x50, 0x70, 0x48, 0x00, 0x48, 0x70, 0x48, 0x00, 0x50, 0x70, 0x48, 0x00,
    0x50, 0x70, 0x48, 0x00, 0x48, 0x70, 0x48, 0x00, 0x50, 0x70, 0x48, 0x00,
    0x48, 0x70, 0x48, 0x00, 0x48, 0x70, 0x48, 0x00, 0x50, 0x70, 0x48, 0x00,
    0x48, 0x70, 0x40, 0x00, 0x50, 0x70, 0x48, 0x00, 0x50, 0x70, 0x48, 0x00,
    0x48, 0x70, 0x40, 0x00, 0x50, 0x70, 0x48, 0x00, 0x50, 0x70, 0x48, 0x00,
    0x48, 0x70, 0x40, 0x00, 0x50, 0x70, 0x48, 0x00, 0x48, 0x70, 0x48, 0x00,
    0x48, 0x70, 0x40, 0x00, 0x50, 0x70, 0x48, 0x00, 0x50, 0x70, 0x48, 0x00,
    0x48, 0x70, 0x40, 0x00, 0x50, 0x70, 0x48, 0x00, 0x50, 0x70, 0x48, 0x00,
    0x48, 0x70, 0x48, 0x00, 0x50, 0x70, 0x48, 0x00, 0x48, 0x70, 0x48, 0x00,
    0x48, 0x70, 0x48, 0x00, 0x50, 0x70, 0x40, 0x00, 0x48, 0x70, 0x48, 0x00,
    0x50, 0x70, 0x48, 0x00, 0x50, 0x70, 0x48, 0x00, 0x48, 0x70, 0x48, 0x00,
    0x48, 0x70, 0x40, 0x00, 0x50, 0x70, 0x48, 0x00, 0x48, 0x70, 0x48, 0x00,
    0x50, 0x70, 0x40, 0x00, 0x50, 0x70, 0x48, 0x00, 0x48, 0x70, 0x48, 0x00,
    0x50, 0x70, 0x48, 0x00, 0x50, 0x70, 0x48, 0x00, 0x48, 0x70, 0x48, 0x00,
    0x48, 0x70, 0x48, 0x00, 0x50, 0x70, 0x48, 0x00, 0x48, 0x70, 0x40, 0x00,
    0x48, 0x70, 0x48, 0x00, 0x50, 0x70, 0x48, 0x00, 0x48, 0x70, 0x48, 0x00,
    0x48, 0x70, 0x48, 0x00, 0x50, 0x70, 0x48, 0x00, 0x48, 0x70, 0x48, 0x00,
    0x48, 0x70, 0x48, 0x00, 0x50, 0x70, 0x48, 0x00, 0x50, 0x70, 0x48, 0x00,
    0x48, 0x70, 0x48, 0x00, 0x50, 0x70, 0x48, 0x00, 0x50, 0x70, 0x48, 0x00,
    0x48, 0x70, 0x48, 0x00, 0x50, 0x70, 0x40, 0x00, 0x48, 0x70, 0x48, 0x00,
    0x48, 0x70, 0x48, 0x00, 0x50, 0x70, 0x40, 0x00, 0x50, 0x70, 0x48, 0x00,
    0x48, 0x70, 0x48, 0x00, 0x48, 0x70, 0x48, 0x00, 0x50, 0x70, 0x48, 0x00,
    0x48, 0x70, 0x40, 0x00, 0x50, 0x70, 0x48, 0x00, 0x50, 0x70, 0x48, 0x00,
    0x48, 0x70, 0x48, 0x00, 0x50, 0x70, 0x48, 0x00, 0x48, 0x70, 0x48, 0x00,
    0x50, 0x70, 0x48, 0x00, 0x50, 0x70, 0x48, 0x00, 0x48, 0x70, 0x48, 0x00,
    0x48, 0x70, 0x48, 0x00, 0x50, 0x70, 0x48, 0x00, 0x48, 0x70, 0x48, 0x00,
    0x50, 0x70, 0x40, 0x00, 0x50, 0x70, 0x48, 0x00, 0x48, 0x70, 0x48, 0x00,
    0x50, 0x70, 0x48, 0x00, 0x48, 0x70, 0x48, 0x00, 0x50, 0x70, 0x48, 0x00,
    0x48, 0x70, 0x48, 0x00, 0x50, 0x70, 0x48, 0x00, 0x48, 0x70, 0x48, 0x00,
    0x50, 0x70, 0x48, 0x00, 0x48, 0x70, 0x48, 0x00, 0x50, 0x70, 0x48, 0x00,
    0x50, 0x70, 0x40, 0x00, 0x48, 0x70, 0x48, 0x00, 0x48, 0x70, 0x48, 0x00,
    0x50, 0x70, 0x48, 0x00, 0x48, 0x70, 0x48, 0x00, 0x50, 0x70, 0x48, 0x00,
    0x50, 0x70, 0x48, 0x00, 0x48, 0x70, 0x48, 0x00, 0x50, 0x70, 0x48, 0x00,
    0x48, 0x70, 0x48, 0x00, 0x50, 0x70, 0x48, 0x00, 0x48, 0x70, 0x48, 0x00,
    0x48, 0x70, 0x48, 0x00, 0x50, 0x70, 0x48, 0x00, 0x48, 0x70, 0x48, 0x00,
    0x48, 0x70, 0x48, 0x00, 0x50, 0x70, 0x48, 0x00, 0x48, 0x70, 0x48, 0x00,
    0x50, 0x70, 0x40, 0x00, 0x50, 0x70, 0x48, 0x00, 0x48, 0x70, 0x48, 0x00,
    0x50, 0x70, 0x40, 0x00, 0x48, 0x70, 0x48, 0x00, 0x48, 0x70, 0x48, 0x00,
    0x50, 0x70, 0x40, 0x00, 0x48, 0x70, 0x48, 0x00, 0x48, 0x70, 0x48, 0x00,
    0x50, 0x70, 0x48, 0x00, 0x48, 0x70, 0x48, 0x00, 0x50, 0x70, 0x48, 0x00,
    0x50, 0x70, 0x48, 0x00, 0x48, 0x70, 0x40, 0x00, 0x50, 0x70, 0x48, 0x00,
    0x48, 0x70, 0x48, 0x00, 0x50, 0x70, 0x48, 0x00, 0x50, 0x70, 0x48, 0x00,
    0x48, 0x70, 0x48, 0x00, 0x50, 0x70, 0x48, 0x00, 0x50, 0x70, 0x48, 0x00,
    0x48, 0x70, 0x48, 0x00, 0x50, 0x70, 0x48, 0x00, 0x50, 0x70, 0x48, 0x00,
    0x48, 0x70, 0x48, 0x00, 0x50, 0x70, 0x40, 0x00, 0x50, 0x70, 0x48, 0x00,
    0x48, 0x70, 0x48, 0x00, 0x50, 0x70, 0x40, 0x00, 0x50, 0x70, 0x48, 0x00,
    0x48, 0x70, 0x48, 0x00, 0x50, 0x70, 0x40, 0x00, 0x48, 0x70, 0x48, 0x00,
    0x48, 0x70, 0x48, 0x00, 0x50, 0x70, 0x48, 0x00, 0x48, 0x70, 0x48, 0x00,
    0x48, 0x70, 0x48, 0x00, 0x50, 0x70, 0x40, 0x00, 0x48, 0x70, 0x48, 0x00,
    0x50, 0x70, 0x48, 0x00, 0x50, 0x70, 0x40, 0x00, 0x48, 0x70, 0x48, 0x00,
    0x50, 0x70, 0x48, 0x00, 0x48, 0x70, 0x48, 0x00, 0x48, 0x70, 0x48, 0x00,
    0x50, 0x70, 0x48, 0x00, 0x48, 0x70, 0x48, 0x00, 0x48, 0x70, 0x48, 0x00,
    0x50, 0x70, 0x48, 0x00, 0x48, 0x70, 0x48, 0x00, 0x50, 0x70, 0x48, 0x00,
    0x50, 0x70, 0x48, 0x00, 0x48, 0x70, 0x48, 0x00, 0x48, 0x70, 0x48, 0x00,
    0x50, 0x70, 0x48, 0x00, 0x48, 0x70, 0x48, 0x00, 0x48, 0x70, 0x48, 0x00,
    0x50, 0x70, 0x48, 0x00, 0x48, 0x70, 0x48, 0x00, 0x50, 0x70, 0x40, 0x00,
    0x48, 0x70, 0x48, 0x00, 0x50, 0x70, 0x48, 0x00, 0x50, 0x70, 0x48, 0x00,
    0x48, 0x70, 0x48, 0x00, 0x48, 0x70, 0x48, 0x00, 0x50, 0x70, 0x48, 0x00,
    0x48, 0x70, 0x48, 0x00, 0x50, 0x70, 0x48, 0x00, 0x50, 0x70, 0x48, 0x00,
    0x48, 0x70, 0x48, 0x00, 0x48, 0x70, 0x48, 0x00, 0x50, 0x70, 0x48, 0x00,
    0x48, 0x70, 0x48, 0x00, 0x48, 0x70, 0x40, 0x00, 0x48, 0x70, 0x48, 0x00,
    0x50, 0x70, 0x48, 0x00, 0x50, 0x70, 0x40, 0x00, 0x48, 0x70, 0x48, 0x00,
    0x50, 0x70, 0x48, 0x00, 0x48, 0x70, 0x48, 0x00, 0x50, 0x70, 0x48, 0x00,
    0x50, 0x70, 0x40, 0x00, 0x48, 0x70, 0x48, 0x00, 0x50, 0x70, 0x48, 0x00,
    0x50, 0x70, 0x40, 0x00, 0x48, 0x70, 0x48, 0x00, 0x50, 0x70, 0x48, 0x00,
    0x48, 0x70, 0x48, 0x00, 0x50, 0x70, 0x40, 0x00, 0x48, 0x70, 0x48, 0x00,
    0x50, 0x70, 0x48, 0x00, 0x48, 0x70, 0x40, 0x00, 0x50, 0x70, 0x48, 0x00,
    0x50, 0x70, 0x48, 0x00, 0x48, 0x70, 0x48, 0x00, 0x50, 0x70, 0x48, 0x00,
    0x48, 0x70, 0x48, 0x00, 0x50, 0x70, 0x48, 0x00, 0x50, 0x70, 0x48, 0x00,
    0x48, 0x70, 0x48, 0x00, 0x50, 0x70, 0x48, 0x00, 0x48, 0x70, 0x48, 0x00,
    0x48, 0x70, 0x48, 0x00, 0x50, 0x70, 0x48, 0x00, 0x48, 0x70, 0x40, 0x00,
    0x48, 0x70, 0x48, 0x00, 0x50, 0x70, 0x48, 0x00, 0x48, 0x70, 0x48, 0x00,
    0x50, 0x70, 0x48, 0x00, 0x50, 0x70, 0x40, 0x00, 0x48, 0x70, 0x48, 0x00,
    0x48, 0x70, 0x48, 0x00, 0x50, 0x70, 0x48, 0x00, 0x48, 0x70, 0x48, 0x00,
    0x48, 0x70, 0x48, 0x00, 0x50, 0x70, 0x48, 0x00, 0x50, 0x70, 0x48, 0x00,
    0x48, 0x70, 0x48, 0x00, 0x48, 0x70, 0x48, 0x00, 0x48, 0x70, 0x48, 0x00,
    0x50, 0x70, 0x48, 0x00, 0x48, 0x70, 0x40, 0x00, 0x48, 0x70, 0x48, 0x00,
    0x50, 0x70, 0x48, 0x00, 0x48, 0x70, 0x48, 0x00, 0x50, 0x70, 0x48, 0x00,
    0x50, 0x70, 0x48, 0x00, 0x48, 0x70, 0x48, 0x00, 0x48, 0x70, 0x48, 0x00,
    0x50, 0x70, 0x48, 0x00, 0x48, 0x70, 0x48, 0x00, 0x48, 0x70, 0x48, 0x00,
    0x50, 0x70, 0x48, 0x00, 0x48, 0x70, 0x40, 0x00, 0x50, 0x70, 0x48, 0x00,
    0x50, 0x70, 0x48, 0x00, 0x48, 0x70, 0x48, 0x00, 0x50, 0x70, 0x40, 0x00,
    0x50, 0x70, 0x48, 0x00, 0x48, 0x70, 0x48, 0x00, 0x50, 0x70, 0x40, 0x00,
    0x48, 0x70, 0x48, 0x00, 0x48, 0x70, 0x48, 0x00, 0x50, 0x70, 0x48, 0x00,
    0x48, 0x70, 0x48, 0x00, 0x50, 0x70, 0x48, 0x00, 0x50, 0x70, 0x48, 0x00,
    0x48, 0x70, 0x48, 0x00, 0x50, 0x70, 0x48, 0x00, 0x50, 0x70, 0x48, 0x00,
    0x48, 0x70, 0x48, 0x00, 0x50, 0x70, 0x48, 0x00, 0x48, 0x70, 0x40, 0x00,
    0x48, 0x70, 0x48, 0x00, 0x50, 0x70, 0x48, 0x00, 0x48, 0x70, 0x48, 0x00,
    0x50, 0x70, 0x48, 0x00, 0x48, 0x70, 0x48, 0x00, 0x50, 0x70, 0x48, 0x00,
    0x48, 0x70, 0x40, 0x00, 0x48, 0x70, 0x48, 0x00, 0x50, 0x70, 0x48, 0x00,
    0x48, 0x70, 0x48, 0x00, 0x48, 0x70, 0x40, 0x00, 0x50, 0x70, 0x48, 0x00,
    0x48, 0x70, 0x48, 0x00, 0x48, 0x70, 0x48, 0x00, 0x50, 0x70, 0x48, 0x00,
    0x48, 0x70, 0x48, 0x00, 0x48, 0x70, 0x48, 0x00, 0x50, 0x70, 0x48, 0x00,
    0x48, 0x70, 0x48, 0x00, 0x48, 0x70, 0x48, 0x00, 0x50, 0x70, 0x48, 0x00,
    0x50, 0x70, 0x48, 0x00, 0x48, 0x70, 0x48, 0x00, 0x50, 0x70, 0x48, 0x00,
    0x50, 0x70, 0x40, 0x00, 0x48, 0x70, 0x48, 0x00, 0x50, 0x70, 0x48, 0x00,
    0x48, 0x70, 0x48, 0x00, 0x48, 0x70, 0x48, 0x00, 0x50, 0x70, 0x48, 0x00,
    0x48, 0x70, 0x48, 0x00, 0x50, 0x70, 0x48, 0x00, 0x50, 0x70, 0x48, 0x00,
    0x48, 0x70, 0x48, 0x00, 0x50, 0x70, 0x48, 0x00, 0x50, 0x70, 0x48, 0x00,
    0x48, 0x70, 0x48, 0x00, 0x50, 0x70, 0x48, 0x00, 0x48, 0x70, 0x48, 0x00,
    0x48, 0x70, 0x48, 0x00, 0x50, 0x70, 0x48, 0x00, 0x48, 0x70, 0x48, 0x00,
    0x50, 0x70, 0x48, 0x00, 0x50, 0x70, 0x48, 0x00, 0x48, 0x70, 0x48, 0x00,
    0x50, 0x70, 0x48, 0x00, 0x50, 0x70, 0x48, 0x00, 0x48, 0x70, 0x48, 0x00,
    0x48, 0x70, 0x48, 0x00, 0x50, 0x70, 0x48, 0x00, 0x48, 0x70, 0x48, 0x00,
    0x48, 0x70, 0x48, 0x00, 0x50, 0x70, 0x48, 0x00, 0x50, 0x70, 0x48, 0x00,
    0x48, 0x70, 0x48, 0x00, 0x48, 0x70, 0x40, 0x00, 0x50, 0x70, 0x48, 0x00,
    0x48, 0x70, 0x48, 0x00, 0x50, 0x70, 0x48, 0x00, 0x50, 0x70, 0x48, 0x00,
    0x48, 0x70, 0x40, 0x00, 0x50, 0x70, 0x48, 0x00, 0x50, 0x70, 0x48, 0x00,
    0x48, 0x70, 0x48, 0x00, 0x50, 0x70, 0x48, 0x00, 0x48, 0x70, 0x48, 0x00,
    0x48, 0x70, 0x48, 0x00, 0x50, 0x70, 0x48, 0x00, 0x50, 0x70, 0x48, 0x00,
    0x48, 0x70, 0x48, 0x00, 0x48, 0x70, 0x48, 0x00, 0x50, 0x70, 0x48, 0x00,
    0x48, 0x70, 0x48, 0x00, 0x50, 0x70, 0x48, 0x00, 0x48, 0x70, 0x48, 0x00,
    0x50, 0x70, 0x48, 0x00, 0x48, 0x70, 0x48, 0x00, 0x50, 0x70, 0x48, 0x00,
    0x48, 0x70, 0x48, 0x00, 0x50, 0x70, 0x48, 0x00, 0x48, 0x70, 0x48, 0x00,
    0x48, 0x70, 0x48, 0x00, 0x50, 0x70, 0x48, 0x00, 0x48, 0x70, 0x48, 0x00,
    0x50, 0x70, 0x48, 0x00, 0x48, 0x70, 0x48, 0x00, 0x48, 0x70, 0x48, 0x00,
    0x50, 0x70, 0x48, 0x00, 0x48, 0x70, 0x40, 0x00, 0x50, 0x70, 0x48, 0x00,
    0x50, 0x70, 0x48, 0x00, 0x48, 0x70, 0x48, 0x00, 0x50, 0x70, 0x48, 0x00,
    0x50, 0x70, 0x48, 0x00, 0x48, 0x70, 0x48, 0x00, 0x50, 0x70, 0x48, 0x00,
    0x50, 0x70, 0x48, 0x00, 0x48, 0x70, 0x40, 0x00, 0x48, 0x70, 0x48, 0x00,
    0x50, 0x70, 0x48, 0x00, 0x50, 0x70, 0x48, 0x00, 0x48, 0x70, 0x48, 0x00,
    0x50, 0x70, 0x48, 0x00, 0x50, 0x70, 0x48, 0x00, 0x48, 0x70, 0x48, 0x00,
    0x48, 0x70, 0x40, 0x00, 0x50, 0x70, 0x48, 0x00, 0x50, 0x70, 0x48, 0x00,
    0x48, 0x70, 0x48, 0x00, 0x50, 0x70, 0x48, 0x00, 0x48, 0x70, 0x48, 0x00,
    0x50, 0x70, 0x48, 0x00, 0x50, 0x70, 0x48, 0x00, 0x48, 0x70, 0x48, 0x00,
    0x48, 0x70, 0x40, 0x00, 0x48, 0x70, 0x48, 0x00, 0x50, 0x70, 0x48, 0x00,
    0x50, 0x70, 0x40, 0x00, 0x48, 0x70, 0x48, 0x00, 0x50, 0x70, 0x48, 0x00,
    0x50, 0x70, 0x40, 0x00, 0x48, 0x70, 0x48, 0x00, 0x50, 0x70, 0x48, 0x00,
    0x48, 0x70, 0x48, 0x00, 0x50, 0x70, 0x48, 0x00, 0x48, 0x70, 0x48, 0x00,
    0x48, 0x70, 0x48, 0x00, 0x50, 0x70, 0x48, 0x00, 0x48, 0x70, 0x48, 0x00,
    0x50, 0x70, 0x48, 0x00, 0x50, 0x70, 0x48, 0x00, 0x48, 0x70, 0x48, 0x00,
    0x50, 0x70, 0x48, 0x00, 0x48, 0x70, 0x48, 0x00, 0x48, 0x70, 0x48, 0x00,
    0x50, 0x70, 0x48, 0x00, 0x48, 0x70, 0x48, 0x00, 0x48, 0x70, 0x48, 0x00,
    0x50, 0x70, 0x40, 0x00, 0x48, 0x70, 0x48, 0x00, 0x50, 0x70, 0x48, 0x00,
    0x50, 0x70, 0x48, 0x00, 0x48, 0x70, 0x48, 0x00, 0x50, 0x70, 0x48, 0x00,
    0x48, 0x70, 0x40, 0x00, 0x50, 0x70, 0x48, 0x00, 0x48, 0x70, 0x48, 0x00,
    0x50, 0x70, 0x48, 0x00, 0x50, 0x70, 0x48, 0x00, 0x48, 0x70, 0x48, 0x00,
    0x50, 0x70, 0x48, 0x00, 0x50, 0x70, 0x48, 0x00, 0x48, 0x70, 0x48, 0x00,
    0x50, 0x70, 0x48, 0x00, 0x50, 0x70, 0x48, 0x00, 0x48, 0x70, 0x48, 0x00,
    0x50, 0x70, 0x40, 0x00, 0x50, 0x70, 0x48, 0x00, 0x48, 0x70, 0x48, 0x00,
    0x50, 0x70, 0x48, 0x00, 0x50, 0x70, 0x48, 0x00, 0x48, 0x70, 0x48, 0x00,
    0x48, 0x70, 0x48, 0x00, 0x50, 0x70, 0x48, 0x00, 0x48, 0x70, 0x48, 0x00,
    0x48, 0x70, 0x48, 0x00, 0x50, 0x70, 0x48, 0x00, 0x48, 0x70, 0x48, 0x00,
    0x50, 0x70, 0x48, 0x00, 0x50, 0x70, 0x48, 0x00, 0x48, 0x70, 0x48, 0x00,
    0x50, 0x70, 0x48, 0x00, 0x48, 0x70, 0x48, 0x00, 0x48, 0x70, 0x48, 0x00,
    0x50, 0x70, 0x40, 0x00, 0x48, 0x70, 0x48, 0x00, 0x48, 0x70, 0x48, 0x00,
    0x50, 0x70, 0x40, 0x00, 0x48, 0x70, 0x48, 0x00, 0x50, 0x70, 0x48, 0x00,
    0x50, 0x70, 0x40, 0x00, 0x48, 0x70, 0x48, 0x00, 0x50, 0x70, 0x48, 0x00,
    0x48, 0x70, 0x40, 0x00, 0x48, 0x70, 0x48, 0x00, 0x50, 0x70, 0x48, 0x00,
    0x48, 0x70, 0x40, 0x00, 0x48, 0x70, 0x48, 0x00, 0x50, 0x70, 0x48, 0x00,
    0x50, 0x70, 0x40, 0x00, 0x48, 0x70, 0x48, 0x00, 0x50, 0x70, 0x48, 0x00,
    0x50, 0x70, 0x48, 0x00, 0x48, 0x70, 0x48, 0x00, 0x48, 0x70, 0x40, 0x00,
    0x50, 0x70, 0x48, 0x00, 0x48, 0x70, 0x48, 0x00, 0x50, 0x70, 0x48, 0x00,
    0x50, 0x70, 0x48, 0x00, 0x48, 0x70, 0x48, 0x00, 0x48, 0x70, 0x48, 0x00,
    0x50, 0x70, 0x40, 0x00, 0x48, 0x70, 0x48, 0x00, 0x48, 0x70, 0x48, 0x00,
    0x50, 0x70, 0x48, 0x00, 0x48, 0x70, 0x48, 0x00, 0x50, 0x70, 0x48, 0x00,
    0x50, 0x70, 0x48, 0x00, 0x48, 0x70, 0x48, 0x00, 0x48, 0x70, 0x48, 0x00,
    0x50, 0x70, 0x48, 0x00, 0x48, 0x70, 0x40, 0x00, 0x50, 0x70, 0x48, 0x00,
    0x50, 0x70, 0x48, 0x00, 0x48, 0x70, 0x48, 0x00, 0x50, 0x70, 0x48, 0x00,
    0x48, 0x70, 0x48, 0x00, 0x48, 0x70, 0x48, 0x00, 0x50, 0x70, 0x40, 0x00,
    0x50, 0x70, 0x48, 0x00, 0x48, 0x70, 0x48, 0x00, 0x50, 0x70, 0x48, 0x00,
    0x48, 0x70, 0x48, 0x00, 0x50, 0x70, 0x48, 0x00, 0x50, 0x70, 0x48, 0x00,
    0x48, 0x70, 0x48, 0x00, 0x48, 0x70, 0x40, 0x00, 0x50, 0x70, 0x48, 0x00,
    0x50, 0x70, 0x48, 0x00, 0x48, 0x70, 0x40, 0x00, 0x50, 0x70, 0x48, 0x00,
    0x48, 0x70, 0x48, 0x00, 0x48, 0x70, 0x48, 0x00, 0x50, 0x70, 0x48, 0x00,
    0x48, 0x70, 0x40, 0x00, 0x48, 0x70, 0x48, 0x00, 0x50, 0x70, 0x48, 0x00,
    0x48, 0x70, 0x48, 0x00, 0x50, 0x70, 0x48, 0x00, 0x48, 0x70, 0x48, 0x00,
    0x48, 0x70, 0x48, 0x00, 0x50, 0x70, 0x48, 0x00, 0x48, 0x70, 0x48, 0x00,
    0x48, 0x70, 0x48, 0x00, 0x50, 0x70, 0x40, 0x00, 0x48, 0x70, 0x48, 0x00,
    0x50, 0x70, 0x48, 0x00, 0x50, 0x70, 0x48, 0x00, 0x48, 0x70, 0x48, 0x00,
    0x48, 0x70, 0x48, 0x00, 0x50, 0x70, 0x48, 0x00, 0x50, 0x70, 0x48, 0x00,
    0x48, 0x70, 0x48, 0x00, 0x50, 0x70, 0x48, 0x00, 0x48, 0x70, 0x48, 0x00,
    0x50, 0x70, 0x48, 0x00, 0x50, 0x70, 0x48, 0x00, 0x48, 0x70, 0x48, 0x00,
    0x50, 0x70, 0x48, 0x00, 0x48, 0x70, 0x48, 0x00, 0x48, 0x70, 0x48, 0x00,
    0x50, 0x70, 0x48, 0x00, 0x48, 0x70, 0x48, 0x00, 0x50, 0x70, 0x48, 0x00,
    0x50, 0x70, 0x48, 0x00, 0x48, 0x70, 0x48, 0x00, 0x50, 0x70, 0x48, 0x00,
    0x48, 0x70, 0x48, 0x00, 0x50, 0x70, 0x40, 0x00, 0x50, 0x70, 0x48, 0x00,
    0x48, 0x70, 0x48, 0x00, 0x48, 0x70, 0x48, 0x00, 0x50, 0x70, 0x48, 0x00,
    0x48, 0x70, 0x48, 0x00, 0x50, 0x70, 0x40, 0x00, 0x50, 0x70, 0x48, 0x00,
    0x48, 0x70, 0x48, 0x00, 0x50, 0x70, 0x40, 0x00, 0x50, 0x70, 0x48, 0x00,
    0x48, 0x70, 0x48, 0x00, 0x50, 0x70, 0x48, 0x00, 0x48, 0x70, 0x48, 0x00,
    0x48, 0x70, 0x48, 0x00, 0x50, 0x70, 0x48, 0x00, 0x48, 0x70, 0x40, 0x00,
    0x50, 0x70, 0x48, 0x00, 0x50, 0x70, 0x48, 0x00, 0x48, 0x70, 0x48, 0x00,
    0x50, 0x70, 0x48, 0x00, 0x48, 0x70, 0x48, 0x00, 0x48, 0x70, 0x40, 0x00,
    0x50, 0x70, 0x48, 0x00, 0x48, 0x70, 0x48, 0x00, 0x48, 0x70, 0x48, 0x00,
    0x50, 0x70, 0x40, 0x00, 0x48, 0x70, 0x48, 0x00, 0x48, 0x70, 0x48, 0x00,
    0x50, 0x70, 0x48, 0x00, 0x48, 0x70, 0x48, 0x00, 0x48, 0x70, 0x48, 0x00,
    0x50, 0x70, 0x48, 0x00, 0x48, 0x70, 0x48, 0x00, 0x50, 0x70, 0x40, 0x00,
    0x48, 0x70, 0x48, 0x00, 0x50, 0x70, 0x48, 0x00, 0x50, 0x70, 0x40, 0x00,
    0x48, 0x70, 0x48, 0x00, 0x50, 0x70, 0x48, 0x00, 0x50, 0x70, 0x40, 0x00,
    0x48, 0x70, 0x48, 0x00, 0x48, 0x70, 0x48, 0x00, 0x50, 0x70, 0x48, 0x00,
    0x48, 0x70, 0x40, 0x00, 0x50, 0x70, 0x48, 0x00, 0x50, 0x70, 0x48, 0x00,
    0x48, 0x70, 0x40, 0x00, 0x50, 0x70, 0x48, 0x00, 0x48, 0x70, 0x48, 0x00,
    0x50, 0x70, 0x48, 0x00, 0x50, 0x70, 0x48, 0x00, 0x48, 0x70, 0x48, 0x00,
    0x48, 0x70, 0x48, 0x00, 0x50, 0x70, 0x48, 0x00, 0x48, 0x70, 0x48, 0x00,
    0x50, 0x70, 0x48, 0x00, 0x50, 0x70, 0x48, 0x00, 0x48, 0x70, 0x48, 0x00,
    0x50, 0x70, 0x48, 0x00, 0x50, 0x70, 0x48, 0x00, 0x48, 0x70, 0x48, 0x00,
    0x50, 0x70, 0x48, 0x00, 0x48, 0x70, 0x48, 0x00, 0x48, 0x70, 0x48, 0x00,
    0x50, 0x70, 0x48, 0x00, 0x48, 0x70, 0x40, 0x00, 0x50, 0x70, 0x48, 0x00,
    0x50, 0x70, 0x48, 0x00, 0x48, 0x70, 0x48, 0x00, 0x50, 0x70, 0x48, 0x00,
    0x48, 0x70, 0x48, 0x00, 0x48, 0x70, 0x40, 0x00, 0x50, 0x70, 0x48, 0x00,
    0x50, 0x70, 0x48, 0x00, 0x48, 0x70, 0x48, 0x00, 0x50, 0x70, 0x48, 0x00,
    0x48, 0x70, 0x48, 0x00, 0x50, 0x70, 0x48, 0x00, 0x48, 0x70, 0x48, 0x00,
    0x48, 0x70, 0x48, 0x00, 0x50, 0x70, 0x40, 0x00, 0x48, 0x70, 0x48, 0x00,
    0x50, 0x70, 0x48, 0x00, 0x50, 0x70, 0x40, 0x00, 0x48, 0x70, 0x48, 0x00,
    0x48, 0x70, 0x48, 0x00, 0x50, 0x70, 0x48, 0x00, 0x48, 0x70, 0x48, 0x00,
    0x48, 0x70, 0x40, 0x00, 0x50, 0x70, 0x48, 0x00, 0x50, 0x70, 0x48, 0x00,
    0x48, 0x70, 0x48, 0x00, 0x48, 0x70, 0x48, 0x00, 0x50, 0x70, 0x48, 0x00,
    0x48, 0x70, 0x40, 0x00, 0x48, 0x70, 0x48, 0x00, 0x50, 0x70, 0x48, 0x00,
    0x48, 0x70, 0x40, 0x00, 0x50, 0x70, 0x48, 0x00, 0x48, 0x70, 0x48, 0x00,
    0x50, 0x70, 0x48, 0x00, 0x48, 0x70, 0x48, 0x00, 0x50, 0x70, 0x48, 0x00,
    0x48, 0x70, 0x48, 0x00, 0x50, 0x70, 0x48, 0x00, 0x50, 0x70, 0x48, 0x00,
    0x48, 0x70, 0x48, 0x00, 0x50, 0x70, 0x48, 0x00, 0x50, 0x70, 0x48, 0x00,
    0x48, 0x70, 0x48, 0x00, 0x48, 0x70, 0x40, 0x00, 0x50, 0x70, 0x48, 0x00,
    0x48, 0x70, 0x48, 0x00, 0x50, 0x70, 0x40, 0x00, 0x50, 0x70, 0x48, 0x00,
    0x50, 0x70, 0x48, 0x00, 0x48, 0x70, 0x48, 0x00, 0x50, 0x70, 0x48, 0x00,
    0x48, 0x70, 0x48, 0x00, 0x48, 0x70, 0x48, 0x00, 0x50, 0x70, 0x48, 0x00,
    0x48, 0x70, 0x40, 0x00, 0x50, 0x70, 0x48, 0x00, 0x48, 0x70, 0x48, 0x00,
    0x48, 0x70, 0x40, 0x00, 0x50, 0x70, 0x48, 0x00, 0x48, 0x70, 0x48, 0x00,
    0x50, 0x70, 0x48, 0x00, 0x48, 0x70, 0x40, 0x00, 0x48, 0x70, 0x48, 0x00,
    0x50, 0x70, 0x48, 0x00, 0x50, 0x70, 0x48, 0x00, 0x48, 0x70, 0x48, 0x00,
    0x50, 0x70, 0x48, 0x00, 0x50, 0x70, 0x48, 0x00, 0x48, 0x70, 0x48, 0x00,
    0x48, 0x70, 0x48, 0x00, 0x48, 0x70, 0x48, 0x00, 0x50, 0x70, 0x40, 0x00,
    0x48, 0x70, 0x48, 0x00, 0x48, 0x70, 0x48, 0x00, 0x50, 0x70, 0x48, 0x00,
    0x48, 0x70, 0x48, 0x00, 0x50, 0x70, 0x48, 0x00, 0x50, 0x70, 0x48, 0x00,
    0x48, 0x70, 0x40, 0x00, 0x48, 0x70, 0x48, 0x00, 0x50, 0x70, 0x48, 0x00,
    0x48, 0x70, 0x48, 0x00, 0x48, 0x70, 0x48, 0x00, 0x50, 0x70, 0x48, 0x00,
    0x48, 0x70, 0x48, 0x00, 0x48, 0x70, 0x48, 0x00, 0x50, 0x70, 0x40, 0x00,
    0x50, 0x70, 0x48, 0x00, 0x48, 0x70, 0x48, 0x00, 0x50, 0x70, 0x48, 0x00,
    0x48, 0x70, 0x48, 0x00, 0x48, 0x70, 0x48, 0x00, 0x50, 0x70, 0x48, 0x00,
    0x48, 0x70, 0x48, 0x00, 0x48, 0x70, 0x48, 0x00, 0x50, 0x70, 0x48, 0x00,
    0x50, 0x70, 0x48, 0x00, 0x48, 0x70, 0x48, 0x00, 0x50, 0x70, 0x48, 0x00,
    0x50, 0x70, 0x48, 0x00, 0x48, 0x70, 0x48, 0x00, 0x50, 0x70, 0x48, 0x00,
    0x50, 0x70, 0x48, 0x00, 0x48, 0x70, 0x48, 0x00, 0x50, 0x70, 0x40, 0x00,
    0x50, 0x70, 0x48, 0x00, 0x48, 0x70, 0x48, 0x00, 0x48, 0x70, 0x48, 0x00,
    0x50, 0x70, 0x48, 0x00, 0x48, 0x70, 0x48, 0x00, 0x48, 0x70, 0x48, 0x00,
    0x50, 0x70, 0x48, 0x00, 0x48, 0x70, 0x48, 0x00, 0x48, 0x70, 0x48, 0x00,
    0x50, 0x70, 0x48, 0x00, 0x50, 0x70, 0x48, 0x00, 0x48, 0x70, 0x48, 0x00,
    0x50, 0x70, 0x48, 0x00, 0x48, 0x70, 0x48, 0x00, 0x48, 0x70, 0x48, 0x00,
    0x50, 0x70, 0x48, 0x00, 0x48, 0x70, 0x48, 0x00, 0x50, 0x70, 0x48, 0x00,
    0x48, 0x70, 0x48, 0x00, 0x50, 0x70, 0x48, 0x00, 0x48, 0x70, 0x48, 0x00,
    0x50, 0x70, 0x48, 0x00, 0x48, 0x70, 0x48, 0x00, 0x50, 0x70, 0x40, 0x00,
    0x48, 0x70, 0x48, 0x00, 0x48, 0x70, 0x48, 0x00, 0x50, 0x70, 0x48, 0x00,
    0x48, 0x70, 0x40, 0x00, 0x48, 0x70, 0x48, 0x00, 0x50, 0x70, 0x48, 0x00,
    0x48, 0x70, 0x48, 0x00, 0x50, 0x70, 0x48, 0x00, 0x50, 0x70, 0x40, 0x00,
    0x48, 0x70, 0x48, 0x00, 0x50, 0x70, 0x48, 0x00, 0x48, 0x70, 0x48, 0x00,
    0x48, 0x70, 0x48, 0x00, 0x50, 0x70, 0x48, 0x00, 0x48, 0x70, 0x48, 0x00,
    0x50, 0x70, 0x48, 0x00, 0x50, 0x70, 0x48, 0x00, 0x48, 0x70, 0x48, 0x00,
    0x50, 0x70, 0x48, 0x00, 0x48, 0x70, 0x48, 0x00, 0x48, 0x70, 0x48, 0x00,
    0x50, 0x70, 0x48, 0x00, 0x48, 0x70, 0x48, 0x00, 0x50, 0x70, 0x48, 0x00,
    0x50, 0x70, 0x48, 0x00, 0x48, 0x70, 0x48, 0x00, 0x50, 0x70, 0x48, 0x00,
    0x48, 0x70, 0x48, 0x00, 0x48, 0x70, 0x48, 0x00, 0x50, 0x70, 0x48, 0x00,
    0x50, 0x70, 0x48, 0x00, 0x48, 0x70, 0x48, 0x00, 0x50, 0x70, 0x48, 0x00,
    0x50, 0x70, 0x48, 0x00, 0x48, 0x70, 0x48, 0x00, 0x50, 0x70, 0x48, 0x00,
    0x48, 0x70, 0x48, 0x00, 0x50, 0x70, 0x40, 0x00, 0x50, 0x70, 0x48, 0x00,
    0x48, 0x70, 0x48, 0x00, 0x50, 0x70, 0x48, 0x00, 0x50, 0x70, 0x48, 0x00,
    0x48, 0x70, 0x48, 0x00, 0x50, 0x70, 0x48, 0x00, 0x48, 0x70, 0x48, 0x00,
    0x48, 0x70, 0x48, 0x00, 0x50, 0x70, 0x48, 0x00, 0x50, 0x70, 0x48, 0x00,
    0x48, 0x70, 0x48, 0x00, 0x48, 0x70, 0x48, 0x00, 0x50, 0x70, 0x48, 0x00,
    0x48, 0x70, 0x48, 0x00, 0x48, 0x70, 0x48, 0x00, 0x50, 0x70, 0x40, 0x00,
    0x48, 0x70, 0x48, 0x00, 0x50, 0x70, 0x48, 0x00, 0x50, 0x70, 0x48, 0x00,
    0x48, 0x70, 0x48, 0x00, 0x50, 0x70, 0x48, 0x00, 0x48, 0x70, 0x48, 0x00,
    0x48, 0x70, 0x48, 0x00, 0x50, 0x70, 0x48, 0x00, 0x48, 0x70, 0x48, 0x00,
    0x50, 0x70, 0x40, 0x00, 0x50, 0x70, 0x48, 0x00, 0x48, 0x70, 0x48, 0x00,
    0x50, 0x70, 0x48, 0x00, 0x48, 0x70, 0x48, 0x00, 0x50, 0x70, 0x48, 0x00,
    0x50, 0x70, 0x48, 0x00, 0x48, 0x70, 0x48, 0x00, 0x50, 0x70, 0x48, 0x00,
    0x48, 0x70, 0x48, 0x00
};
