// 4.24.0 0xd2d224f3 D2 AY R0 FARGB8888 U565 N0 SExtFlashSection
// Generated by imageconverter. Please, do not edit!

#include <touchgfx/hal/Config.hpp>

LOCATION_PRAGMA("ExtFlashSection")
KEEP extern const unsigned char image_empty_bar_14[] LOCATION_ATTRIBUTE("ExtFlashSection") = { // 192x44 ARGB8888 pixels.
    0xf8, 0xfc, 0xf8, 0x00, 0x68, 0x60, 0x00, 0x20, 0x68, 0x60, 0x00, 0x41,
    0x68, 0x60, 0x00, 0x41, 0x68, 0x60, 0x00, 0x41, 0x68, 0x60, 0x00, 0x41,
    0x68, 0x60, 0x00, 0x41, 0x68, 0x60, 0x00, 0x41, 0x68, 0x60, 0x00, 0x41,
    0x68, 0x60, 0x00, 0x41, 0x68, 0x60, 0x00, 0x41, 0x68, 0x60, 0x00, 0x41,
    0x68, 0x60, 0x00, 0x41, 0x68, 0x60, 0x00, 0x41, 0x68, 0x60, 0x00, 0x41,
    0x68, 0x60, 0x00, 0x41, 0x68, 0x60, 0x00, 0x41, 0x68, 0x60, 0x00, 0x41,
    0x68, 0x60, 0x00, 0x41, 0x68, 0x60, 0x00, 0x10, 0x68, 0x60, 0x00, 0x20,
    0x68, 0x60, 0x00, 0x41, 0x68, 0x60, 0x00, 0x41, 0x68, 0x60, 0x00, 0x41,
    0x68, 0x60, 0x00, 0x41, 0x68, 0x60, 0x00, 0x41, 0x68, 0x60, 0x00, 0x41,
    0x68, 0x60, 0x00, 0x41, 0x68, 0x60, 0x00, 0x41, 0x68, 0x60, 0x00, 0x41,
    0x68, 0x60, 0x00, 0x41, 0x68, 0x60, 0x00, 0x41, 0x68, 0x60, 0x00, 0x41,
    0x68, 0x60, 0x00, 0x41, 0x68, 0x60, 0x00, 0x41, 0x68, 0x60, 0x00, 0x41,
    0x68, 0x60, 0x00, 0x41, 0x68, 0x60, 0x00, 0x41, 0x68, 0x60, 0x00, 0x10,
    0x68, 0x60, 0x00, 0x20, 0x68, 0x60, 0x00, 0x41, 0x68, 0x60, 0x00, 0x41,
    0x68, 0x60, 0x00, 0x41, 0x68, 0x60, 0x00, 0x41, 0x68, 0x60, 0x00, 0x41,
    0x68, 0x60, 0x00, 0x41, 0x68, 0x60, 0x00, 0x41, 0x68, 0x60, 0x00, 0x41,
    0x68, 0x60, 0x00, 0x41, 0x68, 0x60, 0x00, 0x41, 0x68, 0x60, 0x00, 0x41,
    0x68, 0x60, 0x00, 0x41, 0x68, 0x60, 0x00, 0x41, 0x68, 0x60, 0x00, 0x41,
    0x68, 0x60, 0x00, 0x41, 0x68, 0x60, 0x00, 0x41, 0x68, 0x60, 0x00, 0x41,
    0x68, 0x60, 0x00, 0x10, 0x68, 0x60, 0x00, 0x20, 0x68, 0x60, 0x00, 0x41,
    0x68, 0x60, 0x00, 0x41, 0x68, 0x60, 0x00, 0x41, 0x68, 0x60, 0x00, 0x41,
    0x68, 0x60, 0x00, 0x41, 0x68, 0x60, 0x00, 0x41, 0x68, 0x60, 0x00, 0x41,
    0x68, 0x60, 0x00, 0x41, 0x68, 0x60, 0x00, 0x41, 0x68, 0x60, 0x00, 0x41,
    0x68, 0x60, 0x00, 0x41, 0x68, 0x60, 0x00, 0x41, 0x68, 0x60, 0x00, 0x41,
    0x68, 0x60, 0x00, 0x41, 0x68, 0x60, 0x00, 0x41, 0x68, 0x60, 0x00, 0x41,
    0x68, 0x60, 0x00, 0x41, 0x68, 0x60, 0x00, 0x10, 0x68, 0x60, 0x00, 0x10,
    0x68, 0x60, 0x00, 0x41, 0x68, 0x60, 0x00, 0x41, 0x68, 0x60, 0x00, 0x41,
    0x68, 0x60, 0x00, 0x41, 0x68, 0x60, 0x00, 0x41, 0x68, 0x60, 0x00, 0x41,
    0x68, 0x60, 0x00, 0x41, 0x68, 0x60, 0x00, 0x41, 0x68, 0x60, 0x00, 0x41,
    0x68, 0x60, 0x00, 0x41, 0x68, 0x60, 0x00, 0x41, 0x68, 0x60, 0x00, 0x41,
    0x68, 0x60, 0x00, 0x41, 0x68, 0x60, 0x00, 0x41, 0x68, 0x60, 0x00, 0x41,
    0x68, 0x60, 0x00, 0x41, 0x68, 0x60, 0x00, 0x41, 0x68, 0x60, 0x00, 0x10,
    0x68, 0x60, 0x00, 0x10, 0x68, 0x60, 0x00, 0x41, 0x68, 0x60, 0x00, 0x41,
    0x68, 0x60, 0x00, 0x41, 0x68, 0x60, 0x00, 0x41, 0x68, 0x60, 0x00, 0x41,
    0x68, 0x60, 0x00, 0x41, 0x68, 0x60, 0x00, 0x41, 0x68, 0x60, 0x00, 0x41,
    0x68, 0x60, 0x00, 0x41, 0x68, 0x60, 0x00, 0x41, 0x68, 0x60, 0x00, 0x41,
    0x68, 0x60, 0x00, 0x41, 0x68, 0x60, 0x00, 0x41, 0x68, 0x60, 0x00, 0x41,
    0x68, 0x60, 0x00, 0x41, 0x68, 0x60, 0x00, 0x41, 0x68, 0x60, 0x00, 0x41,
    0x68, 0x60, 0x00, 0x10, 0x68, 0x60, 0x00, 0x10, 0x68, 0x60, 0x00, 0x41,
    0x68, 0x60, 0x00, 0x41, 0x68, 0x60, 0x00, 0x41, 0x68, 0x60, 0x00, 0x41,
    0x68, 0x60, 0x00, 0x41, 0x68, 0x60, 0x00, 0x41, 0x68, 0x60, 0x00, 0x41,
    0x68, 0x60, 0x00, 0x41, 0x68, 0x60, 0x00, 0x41, 0x68, 0x60, 0x00, 0x41,
    0x68, 0x60, 0x00, 0x41, 0x68, 0x60, 0x00, 0x41, 0x68, 0x60, 0x00, 0x41,
    0x68, 0x60, 0x00, 0x41, 0x68, 0x60, 0x00, 0x41, 0x68, 0x60, 0x00, 0x41,
    0x68, 0x60, 0x00, 0x41, 0x68, 0x60, 0x00, 0x20, 0x68, 0x60, 0x00, 0x10,
    0x68, 0x60, 0x00, 0x41, 0x68, 0x60, 0x00, 0x41, 0x68, 0x60, 0x00, 0x41,
    0x68, 0x60, 0x00, 0x41, 0x68, 0x60, 0x00, 0x41, 0x68, 0x60, 0x00, 0x41,
    0x68, 0x60, 0x00, 0x41, 0x68, 0x60, 0x00, 0x41, 0x68, 0x60, 0x00, 0x41,
    0x68, 0x60, 0x00, 0x41, 0x68, 0x60, 0x00, 0x41, 0x68, 0x60, 0x00, 0x41,
    0x68, 0x60, 0x00, 0x41, 0x68, 0x60, 0x00, 0x41, 0x68, 0x60, 0x00, 0x41,
    0x68, 0x60, 0x00, 0x41, 0x68, 0x60, 0x00, 0x41, 0x68, 0x60, 0x00, 0x20,
    0x68, 0x60, 0x00, 0x10, 0x68, 0x60, 0x00, 0x41, 0x68, 0x60, 0x00, 0x41,
    0x68, 0x60, 0x00, 0x41, 0x68, 0x60, 0x00, 0x41, 0x68, 0x60, 0x00, 0x41,
    0x68, 0x60, 0x00, 0x41, 0x68, 0x60, 0x00, 0x41, 0x68, 0x60, 0x00, 0x41,
    0x68, 0x60, 0x00, 0x41, 0x68, 0x60, 0x00, 0x41, 0x68, 0x60, 0x00, 0x41,
    0x68, 0x60, 0x00, 0x41, 0x68, 0x60, 0x00, 0x41, 0x68, 0x60, 0x00, 0x41,
    0x68, 0x60, 0x00, 0x41, 0x68, 0x60, 0x00, 0x41, 0x68, 0x60, 0x00, 0x41,
    0x68, 0x60, 0x00, 0x20, 0x68, 0x60, 0x00, 0x10, 0x68, 0x60, 0x00, 0x41,
    0x68, 0x60, 0x00, 0x41, 0x68, 0x60, 0x00, 0x41, 0x68, 0x60, 0x00, 0x41,
    0x68, 0x60, 0x00, 0x41, 0x68, 0x60, 0x00, 0x41, 0x68, 0x60, 0x00, 0x41,
    0x68, 0x60, 0x00, 0x41, 0x68, 0x60, 0x00, 0x41, 0x68, 0x60, 0x00, 0x41,
    0x68, 0x60, 0x00, 0x41, 0x68, 0x60, 0x00, 0x41, 0x68, 0x60, 0x00, 0x41,
    0x68, 0x60, 0x00, 0x41, 0x68, 0x60, 0x00, 0x41, 0x68, 0x60, 0x00, 0x41,
    0x68, 0x60, 0x00, 0x41, 0x68, 0x60, 0x00, 0x20, 0xf8, 0xfc, 0xf8, 0x00,
    0xf8, 0xfc, 0xf8, 0x00, 0x68, 0x60, 0x00, 0x82, 0x68, 0x5c, 0x00, 0xff,
    0x68, 0x60, 0x00, 0xff, 0x68, 0x5c, 0x00, 0xff, 0x68, 0x60, 0x00, 0xff,
    0x68, 0x5c, 0x00, 0xff, 0x68, 0x60, 0x00, 0xff, 0x68, 0x5c, 0x00, 0xff,
    0x68, 0x60, 0x00, 0xff, 0x68, 0x5c, 0x00, 0xff, 0x68, 0x60, 0x00, 0xff,
    0x68, 0x5c, 0x00, 0xff, 0x68, 0x60, 0x00, 0xff, 0x68, 0x5c, 0x00, 0xff,
    0x68, 0x60, 0x00, 0xff, 0x68, 0x5c, 0x00, 0xff, 0x68, 0x60, 0x00, 0xff,
    0x68, 0x5c, 0x00, 0xff, 0x68, 0x60, 0x00, 0x41, 0x68, 0x5c, 0x00, 0x7d,
    0x68, 0x60, 0x00, 0xff, 0x68, 0x5c, 0x00, 0xff, 0x68, 0x60, 0x00, 0xff,
    0x68, 0x5c, 0x00, 0xff, 0x68, 0x60, 0x00, 0xff, 0x68, 0x5c, 0x00, 0xff,
    0x68, 0x60, 0x00, 0xff, 0x68, 0x5c, 0x00, 0xff, 0x68, 0x60, 0x00, 0xff,
    0x68, 0x5c, 0x00, 0xff, 0x68, 0x60, 0x00, 0xff, 0x68, 0x5c, 0x00, 0xff,
    0x68, 0x60, 0x00, 0xff, 0x68, 0x5c, 0x00, 0xff, 0x68, 0x60, 0x00, 0xff,
    0x68, 0x5c, 0x00, 0xff, 0x68, 0x60, 0x00, 0xff, 0x68, 0x5c, 0x00, 0x41,
    0x68, 0x60, 0x00, 0x7d, 0x68, 0x5c, 0x00, 0xff, 0x68, 0x60, 0x00, 0xff,
    0x68, 0x5c, 0x00, 0xff, 0x68, 0x60, 0x00, 0xff, 0x68, 0x5c, 0x00, 0xff,
    0x68, 0x60, 0x00, 0xff, 0x68, 0x5c, 0x00, 0xff, 0x68, 0x60, 0x00, 0xff,
    0x68, 0x5c, 0x00, 0xff, 0x68, 0x60, 0x00, 0xff, 0x68, 0x5c, 0x00, 0xff,
    0x68, 0x60, 0x00, 0xff, 0x68, 0x5c, 0x00, 0xff, 0x68, 0x60, 0x00, 0xff,
    0x68, 0x5c, 0x00, 0xff, 0x68, 0x60, 0x00, 0xff, 0x68, 0x5c, 0x00, 0xff,
    0x68, 0x60, 0x00, 0x41, 0x68, 0x5c, 0x00, 0x7d, 0x68, 0x60, 0x00, 0xff,
    0x68, 0x5c, 0x00, 0xff, 0x68, 0x60, 0x00, 0xff, 0x68, 0x5c, 0x00, 0xff,
    0x68, 0x60, 0x00, 0xff, 0x68, 0x5c, 0x00, 0xff, 0x68, 0x60, 0x00, 0xff,
    0x68, 0x5c, 0x00, 0xff, 0x68, 0x60, 0x00, 0xff, 0x68, 0x5c, 0x00, 0xff,
    0x68, 0x60, 0x00, 0xff, 0x68, 0x5c, 0x00, 0xff, 0x68, 0x60, 0x00, 0xff,
    0x68, 0x5c, 0x00, 0xff, 0x68, 0x60, 0x00, 0xff, 0x68, 0x5c, 0x00, 0xff,
    0x68, 0x60, 0x00, 0xff, 0x68, 0x5c, 0x00, 0x41, 0x68, 0x60, 0x00, 0x41,
    0x68, 0x5c, 0x00, 0xff, 0x68, 0x60, 0x00, 0xff, 0x68, 0x5c, 0x00, 0xff,
    0x68, 0x60, 0x00, 0xff, 0x68, 0x5c, 0x00, 0xff, 0x68, 0x60, 0x00, 0xff,
    0x68, 0x5c, 0x00, 0xff, 0x68, 0x60, 0x00, 0xff, 0x68, 0x5c, 0x00, 0xff,
    0x68, 0x60, 0x00, 0xff, 0x68, 0x5c, 0x00, 0xff, 0x68, 0x60, 0x00, 0xff,
    0x68, 0x5c, 0x00, 0xff, 0x68, 0x60, 0x00, 0xff, 0x68, 0x5c, 0x00, 0xff,
    0x68, 0x60, 0x00, 0xff, 0x68, 0x5c, 0x00, 0xff, 0x68, 0x60, 0x00, 0x41,
    0x68, 0x5c, 0x00, 0x41, 0x68, 0x60, 0x00, 0xff, 0x68, 0x5c, 0x00, 0xff,
    0x68, 0x60, 0x00, 0xff, 0x68, 0x5c, 0x00, 0xff, 0x68, 0x60, 0x00, 0xff,
    0x68, 0x5c, 0x00, 0xff, 0x68, 0x60, 0x00, 0xff, 0x68, 0x5c, 0x00, 0xff,
    0x68, 0x60, 0x00, 0xff, 0x68, 0x5c, 0x00, 0xff, 0x68, 0x60, 0x00, 0xff,
    0x68, 0x5c, 0x00, 0xff, 0x68, 0x60, 0x00, 0xff, 0x68, 0x5c, 0x00, 0xff,
    0x68, 0x60, 0x00, 0xff, 0x68, 0x5c, 0x00, 0xff, 0x68, 0x60, 0x00, 0xff,
    0x68, 0x5c, 0x00, 0x41, 0x68, 0x60, 0x00, 0x41, 0x68, 0x5c, 0x00, 0xff,
    0x68, 0x60, 0x00, 0xff, 0x68, 0x5c, 0x00, 0xff, 0x68, 0x60, 0x00, 0xff,
    0x68, 0x5c, 0x00, 0xff, 0x68, 0x60, 0x00, 0xff, 0x68, 0x5c, 0x00, 0xff,
    0x68, 0x60, 0x00, 0xff, 0x68, 0x5c, 0x00, 0xff, 0x68, 0x60, 0x00, 0xff,
    0x68, 0x5c, 0x00, 0xff, 0x68, 0x60, 0x00, 0xff, 0x68, 0x5c, 0x00, 0xff,
    0x68, 0x60, 0x00, 0xff, 0x68, 0x5c, 0x00, 0xff, 0x68, 0x60, 0x00, 0xff,
    0x68, 0x5c, 0x00, 0xff, 0x68, 0x60, 0x00, 0x7d, 0x68, 0x5c, 0x00, 0x41,
    0x68, 0x60, 0x00, 0xff, 0x68, 0x5c, 0x00, 0xff, 0x68, 0x60, 0x00, 0xff,
    0x68, 0x5c, 0x00, 0xff, 0x68, 0x60, 0x00, 0xff, 0x68, 0x5c, 0x00, 0xff,
    0x68, 0x60, 0x00, 0xff, 0x68, 0x5c, 0x00, 0xff, 0x68, 0x60, 0x00, 0xff,
    0x68, 0x5c, 0x00, 0xff, 0x68, 0x60, 0x00, 0xff, 0x68, 0x5c, 0x00, 0xff,
    0x68, 0x60, 0x00, 0xff, 0x68, 0x5c, 0x00, 0xff, 0x68, 0x60, 0x00, 0xff,
    0x68, 0x5c, 0x00, 0xff, 0x68, 0x60, 0x00, 0xff, 0x68, 0x5c, 0x00, 0x7d,
    0x68, 0x60, 0x00, 0x41, 0x68, 0x5c, 0x00, 0xff, 0x68, 0x60, 0x00, 0xff,
    0x68, 0x5c, 0x00, 0xff, 0x68, 0x60, 0x00, 0xff, 0x68, 0x5c, 0x00, 0xff,
    0x68, 0x60, 0x00, 0xff, 0x68, 0x5c, 0x00, 0xff, 0x68, 0x60, 0x00, 0xff,
    0x68, 0x5c, 0x00, 0xff, 0x68, 0x60, 0x00, 0xff, 0x68, 0x5c, 0x00, 0xff,
    0x68, 0x60, 0x00, 0xff, 0x68, 0x5c, 0x00, 0xff, 0x68, 0x60, 0x00, 0xff,
    0x68, 0x5c, 0x00, 0xff, 0x68, 0x60, 0x00, 0xff, 0x68, 0x5c, 0x00, 0xff,
    0x68, 0x60, 0x00, 0x7d, 0x68, 0x5c, 0x00, 0x41, 0x68, 0x60, 0x00, 0xff,
    0x68, 0x5c, 0x00, 0xff, 0x68, 0x60, 0x00, 0xff, 0x68, 0x5c, 0x00, 0xff,
    0x68, 0x60, 0x00, 0xff, 0x68, 0x5c, 0x00, 0xff, 0x68, 0x60, 0x00, 0xff,
    0x68, 0x5c, 0x00, 0xff, 0x68, 0x60, 0x00, 0xff, 0x68, 0x5c, 0x00, 0xff,
    0x68, 0x60, 0x00, 0xff, 0x68, 0x5c, 0x00, 0xff, 0x68, 0x60, 0x00, 0xff,
    0x68, 0x5c, 0x00, 0xff, 0x68, 0x60, 0x00, 0xff, 0x68, 0x5c, 0x00, 0xff,
    0x68, 0x60, 0x00, 0xff, 0x68, 0x60, 0x00, 0x82, 0xf8, 0xfc, 0xf8, 0x00,
    0xf8, 0xfc, 0xf8, 0x00, 0x68, 0x60, 0x00, 0x7d, 0x68, 0x60, 0x08, 0xff,
    0x68, 0x5c, 0x00, 0xff, 0x68, 0x60, 0x08, 0xff, 0x68, 0x60, 0x08, 0xff,
    0x68, 0x60, 0x00, 0xff, 0x68, 0x5c, 0x08, 0xff, 0x68, 0x60, 0x08, 0xff,
    0x68, 0x60, 0x00, 0xff, 0x68, 0x60, 0x08, 0xff, 0x68, 0x5c, 0x08, 0xff,
    0x68, 0x60, 0x00, 0xff, 0x68, 0x60, 0x08, 0xff, 0x68, 0x60, 0x08, 0xff,
    0x68, 0x5c, 0x00, 0xff, 0x68, 0x60, 0x08, 0xff, 0x68, 0x60, 0x08, 0xff,
    0x68, 0x60, 0x00, 0xff, 0x68, 0x5c, 0x08, 0x41, 0x68, 0x60, 0x08, 0x82,
    0x68, 0x60, 0x00, 0xff, 0x68, 0x60, 0x08, 0xff, 0x68, 0x5c, 0x08, 0xff,
    0x68, 0x60, 0x00, 0xff, 0x68, 0x60, 0x08, 0xff, 0x68, 0x60, 0x08, 0xff,
    0x68, 0x5c, 0x00, 0xff, 0x68, 0x60, 0x08, 0xff, 0x68, 0x60, 0x08, 0xff,
    0x68, 0x60, 0x00, 0xff, 0x68, 0x5c, 0x08, 0xff, 0x68, 0x60, 0x08, 0xff,
    0x68, 0x60, 0x00, 0xff, 0x68, 0x60, 0x08, 0xff, 0x68, 0x5c, 0x08, 0xff,
    0x68, 0x60, 0x00, 0xff, 0x68, 0x60, 0x08, 0xff, 0x68, 0x60, 0x08, 0x41,
    0x68, 0x5c, 0x00, 0x82, 0x68, 0x60, 0x08, 0xff, 0x68, 0x60, 0x08, 0xff,
    0x68, 0x60, 0x00, 0xff, 0x68, 0x5c, 0x08, 0xff, 0x68, 0x60, 0x08, 0xff,
    0x68, 0x60, 0x00, 0xff, 0x68, 0x60, 0x08, 0xff, 0x68, 0x5c, 0x08, 0xff,
    0x68, 0x60, 0x00, 0xff, 0x68, 0x60, 0x08, 0xff, 0x68, 0x60, 0x08, 0xff,
    0x68, 0x5c, 0x00, 0xff, 0x68, 0x60, 0x08, 0xff, 0x68, 0x60, 0x08, 0xff,
    0x68, 0x60, 0x00, 0xff, 0x68, 0x5c, 0x08, 0xff, 0x68, 0x60, 0x08, 0xff,
    0x68, 0x60, 0x00, 0x41, 0x68, 0x60, 0x08, 0x82, 0x68, 0x5c, 0x08, 0xff,
    0x68, 0x60, 0x00, 0xff, 0x68, 0x60, 0x08, 0xff, 0x68, 0x60, 0x08, 0xff,
    0x68, 0x5c, 0x00, 0xff, 0x68, 0x60, 0x08, 0xff, 0x68, 0x60, 0x08, 0xff,
    0x68, 0x60, 0x00, 0xff, 0x68, 0x5c, 0x08, 0xff, 0x68, 0x60, 0x08, 0xff,
    0x68, 0x60, 0x00, 0xff, 0x68, 0x60, 0x08, 0xff, 0x68, 0x5c, 0x08, 0xff,
    0x68, 0x60, 0x00, 0xff, 0x68, 0x60, 0x08, 0xff, 0x68, 0x60, 0x08, 0xff,
    0x68, 0x5c, 0x00, 0xff, 0x68, 0x60, 0x08, 0x41, 0x68, 0x60, 0x08, 0x41,
    0x68, 0x60, 0x00, 0xff, 0x68, 0x5c, 0x08, 0xff, 0x68, 0x60, 0x08, 0xff,
    0x68, 0x60, 0x00, 0xff, 0x68, 0x60, 0x08, 0xff, 0x68, 0x5c, 0x08, 0xff,
    0x68, 0x60, 0x00, 0xff, 0x68, 0x60, 0x08, 0xff, 0x68, 0x60, 0x08, 0xff,
    0x68, 0x5c, 0x00, 0xff, 0x68, 0x60, 0x08, 0xff, 0x68, 0x60, 0x08, 0xff,
    0x68, 0x60, 0x00, 0xff, 0x68, 0x5c, 0x08, 0xff, 0x68, 0x60, 0x08, 0xff,
    0x68, 0x60, 0x00, 0xff, 0x68, 0x60, 0x08, 0xff, 0x68, 0x5c, 0x08, 0x41,
    0x68, 0x60, 0x00, 0x41, 0x68, 0x60, 0x08, 0xff, 0x68, 0x60, 0x08, 0xff,
    0x68, 0x5c, 0x00, 0xff, 0x68, 0x60, 0x08, 0xff, 0x68, 0x60, 0x08, 0xff,
    0x68, 0x60, 0x00, 0xff, 0x68, 0x5c, 0x08, 0xff, 0x68, 0x60, 0x08, 0xff,
    0x68, 0x60, 0x00, 0xff, 0x68, 0x60, 0x08, 0xff, 0x68, 0x5c, 0x08, 0xff,
    0x68, 0x60, 0x00, 0xff, 0x68, 0x60, 0x08, 0xff, 0x68, 0x60, 0x08, 0xff,
    0x68, 0x5c, 0x00, 0xff, 0x68, 0x60, 0x08, 0xff, 0x68, 0x60, 0x08, 0xff,
    0x68, 0x60, 0x00, 0x41, 0x68, 0x5c, 0x08, 0x41, 0x68, 0x60, 0x08, 0xff,
    0x68, 0x60, 0x00, 0xff, 0x68, 0x60, 0x08, 0xff, 0x68, 0x5c, 0x08, 0xff,
    0x68, 0x60, 0x00, 0xff, 0x68, 0x60, 0x08, 0xff, 0x68, 0x60, 0x08, 0xff,
    0x68, 0x5c, 0x00, 0xff, 0x68, 0x60, 0x08, 0xff, 0x68, 0x60, 0x08, 0xff,
    0x68, 0x60, 0x00, 0xff, 0x68, 0x5c, 0x08, 0xff, 0x68, 0x60, 0x08, 0xff,
    0x68, 0x60, 0x00, 0xff, 0x68, 0x60, 0x08, 0xff, 0x68, 0x5c, 0x08, 0xff,
    0x68, 0x60, 0x00, 0xff, 0x68, 0x60, 0x08, 0x82, 0x68, 0x60, 0x08, 0x41,
    0x68, 0x5c, 0x00, 0xff, 0x68, 0x60, 0x08, 0xff, 0x68, 0x60, 0x08, 0xff,
    0x68, 0x60, 0x00, 0xff, 0x68, 0x5c, 0x08, 0xff, 0x68, 0x60, 0x08, 0xff,
    0x68, 0x60, 0x00, 0xff, 0x68, 0x60, 0x08, 0xff, 0x68, 0x5c, 0x08, 0xff,
    0x68, 0x60, 0x00, 0xff, 0x68, 0x60, 0x08, 0xff, 0x68, 0x60, 0x08, 0xff,
    0x68, 0x5c, 0x00, 0xff, 0x68, 0x60, 0x08, 0xff, 0x68, 0x60, 0x08, 0xff,
    0x68, 0x60, 0x00, 0xff, 0x68, 0x5c, 0x08, 0xff, 0x68, 0x60, 0x08, 0x82,
    0x68, 0x60, 0x00, 0x41, 0x68, 0x60, 0x08, 0xff, 0x68, 0x5c, 0x08, 0xff,
    0x68, 0x60, 0x00, 0xff, 0x68, 0x60, 0x08, 0xff, 0x68, 0x60, 0x08, 0xff,
    0x68, 0x5c, 0x00, 0xff, 0x68, 0x60, 0x08, 0xff, 0x68, 0x60, 0x08, 0xff,
    0x68, 0x60, 0x00, 0xff, 0x68, 0x5c, 0x08, 0xff, 0x68, 0x60, 0x08, 0xff,
    0x68, 0x60, 0x00, 0xff, 0x68, 0x60, 0x08, 0xff, 0x68, 0x5c, 0x08, 0xff,
    0x68, 0x60, 0x00, 0xff, 0x68, 0x60, 0x08, 0xff, 0x68, 0x60, 0x08, 0xff,
    0x68, 0x5c, 0x00, 0x82, 0x68, 0x60, 0x08, 0x41, 0x68, 0x60, 0x08, 0xff,
    0x68, 0x60, 0x00, 0xff, 0x68, 0x5c, 0x08, 0xff, 0x68, 0x60, 0x08, 0xff,
    0x68, 0x60, 0x00, 0xff, 0x68, 0x60, 0x08, 0xff, 0x68, 0x5c, 0x08, 0xff,
    0x68, 0x60, 0x00, 0xff, 0x68, 0x60, 0x08, 0xff, 0x68, 0x60, 0x08, 0xff,
    0x68, 0x5c, 0x00, 0xff, 0x68, 0x60, 0x08, 0xff, 0x68, 0x60, 0x08, 0xff,
    0x68, 0x60, 0x00, 0xff, 0x68, 0x5c, 0x08, 0xff, 0x68, 0x60, 0x08, 0xff,
    0x68, 0x60, 0x00, 0xff, 0x68, 0x5c, 0x00, 0x7d, 0xf8, 0xfc, 0xf8, 0x00,
    0xf8, 0xfc, 0xf8, 0x00, 0x68, 0x60, 0x00, 0x82, 0x68, 0x60, 0x00, 0xff,
    0x68, 0x60, 0x00, 0xff, 0x68, 0x60, 0x00, 0xff, 0x68, 0x60, 0x00, 0xff,
    0x68, 0x60, 0x00, 0xff, 0x68, 0x60, 0x00, 0xff, 0x68, 0x60, 0x00, 0xff,
    0x68, 0x60, 0x00, 0xff, 0x68, 0x60, 0x00, 0xff, 0x68, 0x60, 0x00, 0xff,
    0x68, 0x60, 0x00, 0xff, 0x68, 0x60, 0x00, 0xff, 0x68, 0x60, 0x00, 0xff,
    0x68, 0x60, 0x00, 0xff, 0x68, 0x60, 0x00, 0xff, 0x68, 0x60, 0x00, 0xff,
    0x68, 0x60, 0x00, 0xff, 0x68, 0x60, 0x00, 0x41, 0x68, 0x60, 0x00, 0x7d,
    0x68, 0x60, 0x00, 0xff, 0x68, 0x60, 0x00, 0xff, 0x68, 0x60, 0x00, 0xff,
    0x68, 0x60, 0x00, 0xff, 0x68, 0x60, 0x00, 0xff, 0x68, 0x60, 0x00, 0xff,
    0x68, 0x60, 0x00, 0xff, 0x68, 0x60, 0x00, 0xff, 0x68, 0x60, 0x00, 0xff,
    0x68, 0x60, 0x00, 0xff, 0x68, 0x60, 0x00, 0xff, 0x68, 0x60, 0x00, 0xff,
    0x68, 0x60, 0x00, 0xff, 0x68, 0x60, 0x00, 0xff, 0x68, 0x60, 0x00, 0xff,
    0x68, 0x60, 0x00, 0xff, 0x68, 0x60, 0x00, 0xff, 0x68, 0x60, 0x00, 0x41,
    0x68, 0x60, 0x00, 0x7d, 0x68, 0x60, 0x00, 0xff, 0x68, 0x60, 0x00, 0xff,
    0x68, 0x60, 0x00, 0xff, 0x68, 0x60, 0x00, 0xff, 0x68, 0x60, 0x00, 0xff,
    0x68, 0x60, 0x00, 0xff, 0x68, 0x60, 0x00, 0xff, 0x68, 0x60, 0x00, 0xff,
    0x68, 0x60, 0x00, 0xff, 0x68, 0x60, 0x00, 0xff, 0x68, 0x60, 0x00, 0xff,
    0x68, 0x60, 0x00, 0xff, 0x68, 0x60, 0x00, 0xff, 0x68, 0x60, 0x00, 0xff,
    0x68, 0x60, 0x00, 0xff, 0x68, 0x60, 0x00, 0xff, 0x68, 0x60, 0x00, 0xff,
    0x68, 0x60, 0x00, 0x41, 0x68, 0x60, 0x00, 0x7d, 0x68, 0x60, 0x00, 0xff,
    0x68, 0x60, 0x00, 0xff, 0x68, 0x60, 0x00, 0xff, 0x68, 0x60, 0x00, 0xff,
    0x68, 0x60, 0x00, 0xff, 0x68, 0x60, 0x00, 0xff, 0x68, 0x60, 0x00, 0xff,
    0x68, 0x60, 0x00, 0xff, 0x68, 0x60, 0x00, 0xff, 0x68, 0x60, 0x00, 0xff,
    0x68, 0x60, 0x00, 0xff, 0x68, 0x60, 0x00, 0xff, 0x68, 0x60, 0x00, 0xff,
    0x68, 0x60, 0x00, 0xff, 0x68, 0x60, 0x00, 0xff, 0x68, 0x60, 0x00, 0xff,
    0x68, 0x60, 0x00, 0xff, 0x68, 0x60, 0x00, 0x41, 0x68, 0x60, 0x00, 0x3c,
    0x68, 0x60, 0x00, 0xff, 0x68, 0x60, 0x00, 0xff, 0x68, 0x60, 0x00, 0xff,
    0x68, 0x60, 0x00, 0xff, 0x68, 0x60, 0x00, 0xff, 0x68, 0x60, 0x00, 0xff,
    0x68, 0x60, 0x00, 0xff, 0x68, 0x60, 0x00, 0xff, 0x68, 0x60, 0x00, 0xff,
    0x68, 0x60, 0x00, 0xff, 0x68, 0x60, 0x00, 0xff, 0x68, 0x60, 0x00, 0xff,
    0x68, 0x60, 0x00, 0xff, 0x68, 0x60, 0x00, 0xff, 0x68, 0x60, 0x00, 0xff,
    0x68, 0x60, 0x00, 0xff, 0x68, 0x60, 0x00, 0xff, 0x68, 0x60, 0x00, 0x41,
    0x68, 0x60, 0x00, 0x3c, 0x68, 0x60, 0x00, 0xff, 0x68, 0x60, 0x00, 0xff,
    0x68, 0x60, 0x00, 0xff, 0x68, 0x60, 0x00, 0xff, 0x68, 0x60, 0x00, 0xff,
    0x68, 0x60, 0x00, 0xff, 0x68, 0x60, 0x00, 0xff, 0x68, 0x60, 0x00, 0xff,
    0x68, 0x60, 0x00, 0xff, 0x68, 0x60, 0x00, 0xff, 0x68, 0x60, 0x00, 0xff,
    0x68, 0x60, 0x00, 0xff, 0x68, 0x60, 0x00, 0xff, 0x68, 0x60, 0x00, 0xff,
    0x68, 0x60, 0x00, 0xff, 0x68, 0x60, 0x00, 0xff, 0x68, 0x60, 0x00, 0xff,
    0x68, 0x60, 0x00, 0x41, 0x68, 0x60, 0x00, 0x3c, 0x68, 0x60, 0x00, 0xff,
    0x68, 0x60, 0x00, 0xff, 0x68, 0x60, 0x00, 0xff, 0x68, 0x60, 0x00, 0xff,
    0x68, 0x60, 0x00, 0xff, 0x68, 0x60, 0x00, 0xff, 0x68, 0x60, 0x00, 0xff,
    0x68, 0x60, 0x00, 0xff, 0x68, 0x60, 0x00, 0xff, 0x68, 0x60, 0x00, 0xff,
    0x68, 0x60, 0x00, 0xff, 0x68, 0x60, 0x00, 0xff, 0x68, 0x60, 0x00, 0xff,
    0x68, 0x60, 0x00, 0xff, 0x68, 0x60, 0x00, 0xff, 0x68, 0x60, 0x00, 0xff,
    0x68, 0x60, 0x00, 0xff, 0x68, 0x60, 0x00, 0x7d, 0x68, 0x60, 0x00, 0x41,
    0x68, 0x60, 0x00, 0xff, 0x68, 0x60, 0x00, 0xff, 0x68, 0x60, 0x00, 0xff,
    0x68, 0x60, 0x00, 0xff, 0x68, 0x60, 0x00, 0xff, 0x68, 0x60, 0x00, 0xff,
    0x68, 0x60, 0x00, 0xff, 0x68, 0x60, 0x00, 0xff, 0x68, 0x60, 0x00, 0xff,
    0x68, 0x60, 0x00, 0xff, 0x68, 0x60, 0x00, 0xff, 0x68, 0x60, 0x00, 0xff,
    0x68, 0x60, 0x00, 0xff, 0x68, 0x60, 0x00, 0xff, 0x68, 0x60, 0x00, 0xff,
    0x68, 0x60, 0x00, 0xff, 0x68, 0x60, 0x00, 0xff, 0x68, 0x60, 0x00, 0x7d,
    0x68, 0x60, 0x00, 0x41, 0x68, 0x60, 0x00, 0xff, 0x68, 0x60, 0x00, 0xff,
    0x68, 0x60, 0x00, 0xff, 0x68, 0x60, 0x00, 0xff, 0x68, 0x60, 0x00, 0xff,
    0x68, 0x60, 0x00, 0xff, 0x68, 0x60, 0x00, 0xff, 0x68, 0x60, 0x00, 0xff,
    0x68, 0x60, 0x00, 0xff, 0x68, 0x60, 0x00, 0xff, 0x68, 0x60, 0x00, 0xff,
    0x68, 0x60, 0x00, 0xff, 0x68, 0x60, 0x00, 0xff, 0x68, 0x60, 0x00, 0xff,
    0x68, 0x60, 0x00, 0xff, 0x68, 0x60, 0x00, 0xff, 0x68, 0x60, 0x00, 0xff,
    0x68, 0x60, 0x00, 0x7d, 0x68, 0x60, 0x00, 0x41, 0x68, 0x60, 0x00, 0xff,
    0x68, 0x60, 0x00, 0xff, 0x68, 0x60, 0x00, 0xff, 0x68, 0x60, 0x00, 0xff,
    0x68, 0x60, 0x00, 0xff, 0x68, 0x60, 0x00, 0xff, 0x68, 0x60, 0x00, 0xff,
    0x68, 0x60, 0x00, 0xff, 0x68, 0x60, 0x00, 0xff, 0x68, 0x60, 0x00, 0xff,
    0x68, 0x60, 0x00, 0xff, 0x68, 0x60, 0x00, 0xff, 0x68, 0x60, 0x00, 0xff,
    0x68, 0x60, 0x00, 0xff, 0x68, 0x60, 0x00, 0xff, 0x68, 0x60, 0x00, 0xff,
    0x68, 0x60, 0x08, 0xff, 0x68, 0x60, 0x00, 0x82, 0xf8, 0xfc, 0xf8, 0x00,
    0xf8, 0xfc, 0xf8, 0x00, 0x68, 0x5c, 0x00, 0x82, 0x68, 0x60, 0x00, 0xff,
    0x68, 0x60, 0x08, 0xff, 0x68, 0x5c, 0x00, 0xff, 0x68, 0x5c, 0x00, 0xff,
    0x68, 0x60, 0x08, 0xff, 0x68, 0x60, 0x00, 0xff, 0x68, 0x5c, 0x00, 0xff,
    0x68, 0x5c, 0x08, 0xff, 0x68, 0x60, 0x00, 0xff, 0x68, 0x60, 0x00, 0xff,
    0x68, 0x5c, 0x08, 0xff, 0x68, 0x5c, 0x00, 0xff, 0x68, 0x60, 0x00, 0xff,
    0x68, 0x60, 0x08, 0xff, 0x68, 0x5c, 0x00, 0xff, 0x68, 0x5c, 0x00, 0xff,
    0x68, 0x60, 0x08, 0xff, 0x68, 0x60, 0x00, 0x41, 0x68, 0x5c, 0x00, 0x7d,
    0x68, 0x5c, 0x08, 0xff, 0x68, 0x60, 0x00, 0xff, 0x68, 0x60, 0x00, 0xff,
    0x68, 0x5c, 0x08, 0xff, 0x68, 0x5c, 0x00, 0xff, 0x68, 0x60, 0x00, 0xff,
    0x68, 0x60, 0x08, 0xff, 0x68, 0x5c, 0x00, 0xff, 0x68, 0x5c, 0x00, 0xff,
    0x68, 0x60, 0x08, 0xff, 0x68, 0x60, 0x00, 0xff, 0x68, 0x5c, 0x00, 0xff,
    0x68, 0x5c, 0x08, 0xff, 0x68, 0x60, 0x00, 0xff, 0x68, 0x60, 0x00, 0xff,
    0x68, 0x5c, 0x08, 0xff, 0x68, 0x5c, 0x00, 0xff, 0x68, 0x60, 0x00, 0x41,
    0x68, 0x60, 0x08, 0x7d, 0x68, 0x5c, 0x00, 0xff, 0x68, 0x5c, 0x00, 0xff,
    0x68, 0x60, 0x08, 0xff, 0x68, 0x60, 0x00, 0xff, 0x68, 0x5c, 0x00, 0xff,
    0x68, 0x5c, 0x08, 0xff, 0x68, 0x60, 0x00, 0xff, 0x68, 0x60, 0x00, 0xff,
    0x68, 0x5c, 0x08, 0xff, 0x68, 0x5c, 0x00, 0xff, 0x68, 0x60, 0x00, 0xff,
    0x68, 0x60, 0x08, 0xff, 0x68, 0x5c, 0x00, 0xff, 0x68, 0x5c, 0x00, 0xff,
    0x68, 0x60, 0x08, 0xff, 0x68, 0x60, 0x00, 0xff, 0x68, 0x5c, 0x00, 0xff,
    0x68, 0x5c, 0x08, 0x41, 0x68, 0x60, 0x00, 0x7d, 0x68, 0x60, 0x00, 0xff,
    0x68, 0x5c, 0x08, 0xff, 0x68, 0x5c, 0x00, 0xff, 0x68, 0x60, 0x00, 0xff,
    0x68, 0x60, 0x08, 0xff, 0x68, 0x5c, 0x00, 0xff, 0x68, 0x5c, 0x00, 0xff,
    0x68, 0x60, 0x08, 0xff, 0x68, 0x60, 0x00, 0xff, 0x68, 0x5c, 0x00, 0xff,
    0x68, 0x5c, 0x08, 0xff, 0x68, 0x60, 0x00, 0xff, 0x68, 0x60, 0x00, 0xff,
    0x68, 0x5c, 0x08, 0xff, 0x68, 0x5c, 0x00, 0xff, 0x68, 0x60, 0x00, 0xff,
    0x68, 0x60, 0x08, 0xff, 0x68, 0x5c, 0x00, 0x41, 0x68, 0x5c, 0x00, 0x41,
    0x68, 0x60, 0x08, 0xff, 0x68, 0x60, 0x00, 0xff, 0x68, 0x5c, 0x00, 0xff,
    0x68, 0x5c, 0x08, 0xff, 0x68, 0x60, 0x00, 0xff, 0x68, 0x60, 0x00, 0xff,
    0x68, 0x5c, 0x08, 0xff, 0x68, 0x5c, 0x00, 0xff, 0x68, 0x60, 0x00, 0xff,
    0x68, 0x60, 0x08, 0xff, 0x68, 0x5c, 0x00, 0xff, 0x68, 0x5c, 0x00, 0xff,
    0x68, 0x60, 0x08, 0xff, 0x68, 0x60, 0x00, 0xff, 0x68, 0x5c, 0x00, 0xff,
    0x68, 0x5c, 0x08, 0xff, 0x68, 0x60, 0x00, 0xff, 0x68, 0x60, 0x00, 0x41,
    0x68, 0x5c, 0x08, 0x41, 0x68, 0x5c, 0x00, 0xff, 0x68, 0x60, 0x00, 0xff,
    0x68, 0x60, 0x08, 0xff, 0x68, 0x5c, 0x00, 0xff, 0x68, 0x5c, 0x00, 0xff,
    0x68, 0x60, 0x08, 0xff, 0x68, 0x60, 0x00, 0xff, 0x68, 0x5c, 0x00, 0xff,
    0x68, 0x5c, 0x08, 0xff, 0x68, 0x60, 0x00, 0xff, 0x68, 0x60, 0x00, 0xff,
    0x68, 0x5c, 0x08, 0xff, 0x68, 0x5c, 0x00, 0xff, 0x68, 0x60, 0x00, 0xff,
    0x68, 0x60, 0x08, 0xff, 0x68, 0x5c, 0x00, 0xff, 0x68, 0x5c, 0x00, 0xff,
    0x68, 0x60, 0x08, 0x41, 0x68, 0x60, 0x00, 0x41, 0x68, 0x5c, 0x00, 0xff,
    0x68, 0x5c, 0x08, 0xff, 0x68, 0x60, 0x00, 0xff, 0x68, 0x60, 0x00, 0xff,
    0x68, 0x5c, 0x08, 0xff, 0x68, 0x5c, 0x00, 0xff, 0x68, 0x60, 0x00, 0xff,
    0x68, 0x60, 0x08, 0xff, 0x68, 0x5c, 0x00, 0xff, 0x68, 0x5c, 0x00, 0xff,
    0x68, 0x60, 0x08, 0xff, 0x68, 0x60, 0x00, 0xff, 0x68, 0x5c, 0x00, 0xff,
    0x68, 0x5c, 0x08, 0xff, 0x68, 0x60, 0x00, 0xff, 0x68, 0x60, 0x00, 0xff,
    0x68, 0x5c, 0x08, 0xff, 0x68, 0x5c, 0x00, 0x7d, 0x68, 0x60, 0x00, 0x41,
    0x68, 0x60, 0x08, 0xff, 0x68, 0x5c, 0x00, 0xff, 0x68, 0x5c, 0x00, 0xff,
    0x68, 0x60, 0x08, 0xff, 0x68, 0x60, 0x00, 0xff, 0x68, 0x5c, 0x00, 0xff,
    0x68, 0x5c, 0x08, 0xff, 0x68, 0x60, 0x00, 0xff, 0x68, 0x60, 0x00, 0xff,
    0x68, 0x5c, 0x08, 0xff, 0x68, 0x5c, 0x00, 0xff, 0x68, 0x60, 0x00, 0xff,
    0x68, 0x60, 0x08, 0xff, 0x68, 0x5c, 0x00, 0xff, 0x68, 0x5c, 0x00, 0xff,
    0x68, 0x60, 0x08, 0xff, 0x68, 0x60, 0x00, 0xff, 0x68, 0x5c, 0x00, 0x7d,
    0x68, 0x5c, 0x08, 0x41, 0x68, 0x60, 0x00, 0xff, 0x68, 0x60, 0x00, 0xff,
    0x68, 0x5c, 0x08, 0xff, 0x68, 0x5c, 0x00, 0xff, 0x68, 0x60, 0x00, 0xff,
    0x68, 0x60, 0x08, 0xff, 0x68, 0x5c, 0x00, 0xff, 0x68, 0x5c, 0x00, 0xff,
    0x68, 0x60, 0x08, 0xff, 0x68, 0x60, 0x00, 0xff, 0x68, 0x5c, 0x00, 0xff,
    0x68, 0x5c, 0x08, 0xff, 0x68, 0x60, 0x00, 0xff, 0x68, 0x60, 0x00, 0xff,
    0x68, 0x5c, 0x08, 0xff, 0x68, 0x5c, 0x00, 0xff, 0x68, 0x60, 0x00, 0xff,
    0x68, 0x60, 0x08, 0x7d, 0x68, 0x5c, 0x00, 0x41, 0x68, 0x5c, 0x00, 0xff,
    0x68, 0x60, 0x08, 0xff, 0x68, 0x60, 0x00, 0xff, 0x68, 0x5c, 0x00, 0xff,
    0x68, 0x5c, 0x08, 0xff, 0x68, 0x60, 0x00, 0xff, 0x68, 0x60, 0x00, 0xff,
    0x68, 0x5c, 0x08, 0xff, 0x68, 0x5c, 0x00, 0xff, 0x68, 0x60, 0x00, 0xff,
    0x68, 0x60, 0x08, 0xff, 0x68, 0x5c, 0x00, 0xff, 0x68, 0x5c, 0x00, 0xff,
    0x68, 0x60, 0x08, 0xff, 0x68, 0x60, 0x00, 0xff, 0x68, 0x5c, 0x00, 0xff,
    0x68, 0x60, 0x00, 0xff, 0x68, 0x60, 0x00, 0x7d, 0xf8, 0xfc, 0xf8, 0x00,
    0xf8, 0xfc, 0xf8, 0x00, 0x68, 0x60, 0x00, 0x7d, 0x68, 0x60, 0x00, 0xff,
    0x68, 0x5c, 0x08, 0xff, 0x68, 0x60, 0x00, 0xff, 0x68, 0x60, 0x00, 0xff,
    0x68, 0x60, 0x08, 0xff, 0x68, 0x60, 0x00, 0xff, 0x68, 0x60, 0x00, 0xff,
    0x68, 0x60, 0x08, 0xff, 0x68, 0x5c, 0x00, 0xff, 0x68, 0x60, 0x00, 0xff,
    0x68, 0x60, 0x08, 0xff, 0x68, 0x60, 0x00, 0xff, 0x68, 0x60, 0x00, 0xff,
    0x68, 0x5c, 0x08, 0xff, 0x68, 0x60, 0x00, 0xff, 0x68, 0x60, 0x00, 0xff,
    0x68, 0x60, 0x08, 0xff, 0x68, 0x60, 0x00, 0x41, 0x68, 0x60, 0x00, 0x82,
    0x68, 0x60, 0x08, 0xff, 0x68, 0x5c, 0x00, 0xff, 0x68, 0x60, 0x00, 0xff,
    0x68, 0x60, 0x08, 0xff, 0x68, 0x60, 0x00, 0xff, 0x68, 0x60, 0x00, 0xff,
    0x68, 0x5c, 0x08, 0xff, 0x68, 0x60, 0x00, 0xff, 0x68, 0x60, 0x00, 0xff,
    0x68, 0x60, 0x08, 0xff, 0x68, 0x60, 0x00, 0xff, 0x68, 0x60, 0x00, 0xff,
    0x68, 0x60, 0x08, 0xff, 0x68, 0x5c, 0x00, 0xff, 0x68, 0x60, 0x00, 0xff,
    0x68, 0x60, 0x08, 0xff, 0x68, 0x60, 0x00, 0xff, 0x68, 0x60, 0x00, 0x41,
    0x68, 0x5c, 0x08, 0x82, 0x68, 0x60, 0x00, 0xff, 0x68, 0x60, 0x00, 0xff,
    0x68, 0x60, 0x08, 0xff, 0x68, 0x60, 0x00, 0xff, 0x68, 0x60, 0x00, 0xff,
    0x68, 0x60, 0x08, 0xff, 0x68, 0x5c, 0x00, 0xff, 0x68, 0x60, 0x00, 0xff,
    0x68, 0x60, 0x08, 0xff, 0x68, 0x60, 0x00, 0xff, 0x68, 0x60, 0x00, 0xff,
    0x68, 0x5c, 0x08, 0xff, 0x68, 0x60, 0x00, 0xff, 0x68, 0x60, 0x00, 0xff,
    0x68, 0x60, 0x08, 0xff, 0x68, 0x60, 0x00, 0xff, 0x68, 0x60, 0x00, 0xff,
    0x68, 0x60, 0x08, 0x41, 0x68, 0x5c, 0x00, 0x82, 0x68, 0x60, 0x00, 0xff,
    0x68, 0x60, 0x08, 0xff, 0x68, 0x60, 0x00, 0xff, 0x68, 0x60, 0x00, 0xff,
    0x68, 0x5c, 0x08, 0xff, 0x68, 0x60, 0x00, 0xff, 0x68, 0x60, 0x00, 0xff,
    0x68, 0x60, 0x08, 0xff, 0x68, 0x60, 0x00, 0xff, 0x68, 0x60, 0x00, 0xff,
    0x68, 0x60, 0x08, 0xff, 0x68, 0x5c, 0x00, 0xff, 0x68, 0x60, 0x00, 0xff,
    0x68, 0x60, 0x08, 0xff, 0x68, 0x60, 0x00, 0xff, 0x68, 0x60, 0x00, 0xff,
    0x68, 0x5c, 0x08, 0xff, 0x68, 0x60, 0x00, 0x41, 0x68, 0x60, 0x00, 0x41,
    0x68, 0x60, 0x08, 0xff, 0x68, 0x60, 0x00, 0xff, 0x68, 0x60, 0x00, 0xff,
    0x68, 0x60, 0x08, 0xff, 0x68, 0x5c, 0x00, 0xff, 0x68, 0x60, 0x00, 0xff,
    0x68, 0x60, 0x08, 0xff, 0x68, 0x60, 0x00, 0xff, 0x68, 0x60, 0x00, 0xff,
    0x68, 0x5c, 0x08, 0xff, 0x68, 0x60, 0x00, 0xff, 0x68, 0x60, 0x00, 0xff,
    0x68, 0x60, 0x08, 0xff, 0x68, 0x60, 0x00, 0xff, 0x68, 0x60, 0x00, 0xff,
    0x68, 0x60, 0x08, 0xff, 0x68, 0x5c, 0x00, 0xff, 0x68, 0x60, 0x00, 0x41,
    0x68, 0x60, 0x08, 0x41, 0x68, 0x60, 0x00, 0xff, 0x68, 0x60, 0x00, 0xff,
    0x68, 0x5c, 0x08, 0xff, 0x68, 0x60, 0x00, 0xff, 0x68, 0x60, 0x00, 0xff,
    0x68, 0x60, 0x08, 0xff, 0x68, 0x60, 0x00, 0xff, 0x68, 0x60, 0x00, 0xff,
    0x68, 0x60, 0x08, 0xff, 0x68, 0x5c, 0x00, 0xff, 0x68, 0x60, 0x00, 0xff,
    0x68, 0x60, 0x08, 0xff, 0x68, 0x60, 0x00, 0xff, 0x68, 0x60, 0x00, 0xff,
    0x68, 0x5c, 0x08, 0xff, 0x68, 0x60, 0x00, 0xff, 0x68, 0x60, 0x00, 0xff,
    0x68, 0x60, 0x08, 0x41, 0x68, 0x60, 0x00, 0x41, 0x68, 0x60, 0x00, 0xff,
    0x68, 0x60, 0x08, 0xff, 0x68, 0x5c, 0x00, 0xff, 0x68, 0x60, 0x00, 0xff,
    0x68, 0x60, 0x08, 0xff, 0x68, 0x60, 0x00, 0xff, 0x68, 0x60, 0x00, 0xff,
    0x68, 0x5c, 0x08, 0xff, 0x68, 0x60, 0x00, 0xff, 0x68, 0x60, 0x00, 0xff,
    0x68, 0x60, 0x08, 0xff, 0x68, 0x60, 0x00, 0xff, 0x68, 0x60, 0x00, 0xff,
    0x68, 0x60, 0x08, 0xff, 0x68, 0x5c, 0x00, 0xff, 0x68, 0x60, 0x00, 0xff,
    0x68, 0x60, 0x08, 0xff, 0x68, 0x60, 0x00, 0x82, 0x68, 0x60, 0x00, 0x41,
    0x68, 0x5c, 0x08, 0xff, 0x68, 0x60, 0x00, 0xff, 0x68, 0x60, 0x00, 0xff,
    0x68, 0x60, 0x08, 0xff, 0x68, 0x60, 0x00, 0xff, 0x68, 0x60, 0x00, 0xff,
    0x68, 0x60, 0x08, 0xff, 0x68, 0x5c, 0x00, 0xff, 0x68, 0x60, 0x00, 0xff,
    0x68, 0x60, 0x08, 0xff, 0x68, 0x60, 0x00, 0xff, 0x68, 0x60, 0x00, 0xff,
    0x68, 0x5c, 0x08, 0xff, 0x68, 0x60, 0x00, 0xff, 0x68, 0x60, 0x00, 0xff,
    0x68, 0x60, 0x08, 0xff, 0x68, 0x60, 0x00, 0xff, 0x68, 0x60, 0x00, 0x82,
    0x68, 0x60, 0x08, 0x41, 0x68, 0x5c, 0x00, 0xff, 0x68, 0x60, 0x00, 0xff,
    0x68, 0x60, 0x08, 0xff, 0x68, 0x60, 0x00, 0xff, 0x68, 0x60, 0x00, 0xff,
    0x68, 0x5c, 0x08, 0xff, 0x68, 0x60, 0x00, 0xff, 0x68, 0x60, 0x00, 0xff,
    0x68, 0x60, 0x08, 0xff, 0x68, 0x60, 0x00, 0xff, 0x68, 0x60, 0x00, 0xff,
    0x68, 0x60, 0x08, 0xff, 0x68, 0x5c, 0x00, 0xff, 0x68, 0x60, 0x00, 0xff,
    0x68, 0x60, 0x08, 0xff, 0x68, 0x60, 0x00, 0xff, 0x68, 0x60, 0x00, 0xff,
    0x68, 0x5c, 0x08, 0x82, 0x68, 0x60, 0x00, 0x41, 0x68, 0x60, 0x00, 0xff,
    0x68, 0x60, 0x08, 0xff, 0x68, 0x60, 0x00, 0xff, 0x68, 0x60, 0x00, 0xff,
    0x68, 0x60, 0x08, 0xff, 0x68, 0x5c, 0x00, 0xff, 0x68, 0x60, 0x00, 0xff,
    0x68, 0x60, 0x08, 0xff, 0x68, 0x60, 0x00, 0xff, 0x68, 0x60, 0x00, 0xff,
    0x68, 0x5c, 0x08, 0xff, 0x68, 0x60, 0x00, 0xff, 0x68, 0x60, 0x00, 0xff,
    0x68, 0x60, 0x08, 0xff, 0x68, 0x5c, 0x00, 0xff, 0x68, 0x60, 0x00, 0xff,
    0x68, 0x5c, 0x08, 0xff, 0x68, 0x60, 0x00, 0x82, 0xf8, 0xfc, 0xf8, 0x00,
    0xf8, 0xfc, 0xf8, 0x00, 0x68, 0x60, 0x00, 0x82, 0x68, 0x60, 0x00, 0xff,
    0x68, 0x60, 0x00, 0xff, 0x68, 0x60, 0x00, 0xff, 0x68, 0x60, 0x00, 0xff,
    0x68, 0x5c, 0x00, 0xff, 0x68, 0x60, 0x00, 0xff, 0x68, 0x60, 0x00, 0xff,
    0x68, 0x60, 0x00, 0xff, 0x68, 0x60, 0x00, 0xff, 0x68, 0x60, 0x00, 0xff,
    0x68, 0x60, 0x00, 0xff, 0x68, 0x60, 0x00, 0xff, 0x68, 0x5c, 0x00, 0xff,
    0x68, 0x60, 0x00, 0xff, 0x68, 0x60, 0x00, 0xff, 0x68, 0x60, 0x00, 0xff,
    0x68, 0x5c, 0x00, 0xff, 0x68, 0x60, 0x00, 0x41, 0x68, 0x60, 0x00, 0x7d,
    0x68, 0x60, 0x00, 0xff, 0x68, 0x60, 0x00, 0xff, 0x68, 0x60, 0x00, 0xff,
    0x68, 0x60, 0x00, 0xff, 0x68, 0x60, 0x00, 0xff, 0x68, 0x5c, 0x00, 0xff,
    0x68, 0x60, 0x00, 0xff, 0x68, 0x60, 0x00, 0xff, 0x68, 0x60, 0x00, 0xff,
    0x68, 0x5c, 0x00, 0xff, 0x68, 0x60, 0x00, 0xff, 0x68, 0x60, 0x00, 0xff,
    0x68, 0x60, 0x00, 0xff, 0x68, 0x60, 0x00, 0xff, 0x68, 0x60, 0x00, 0xff,
    0x68, 0x60, 0x00, 0xff, 0x68, 0x60, 0x00, 0xff, 0x68, 0x5c, 0x00, 0x41,
    0x68, 0x60, 0x00, 0x7d, 0x68, 0x60, 0x00, 0xff, 0x68, 0x60, 0x00, 0xff,
    0x68, 0x5c, 0x00, 0xff, 0x68, 0x60, 0x00, 0xff, 0x68, 0x60, 0x00, 0xff,
    0x68, 0x60, 0x00, 0xff, 0x68, 0x60, 0x00, 0xff, 0x68, 0x60, 0x00, 0xff,
    0x68, 0x60, 0x00, 0xff, 0x68, 0x60, 0x00, 0xff, 0x68, 0x5c, 0x00, 0xff,
    0x68, 0x60, 0x00, 0xff, 0x68, 0x60, 0x00, 0xff, 0x68, 0x60, 0x00, 0xff,
    0x68, 0x5c, 0x00, 0xff, 0x68, 0x60, 0x00, 0xff, 0x68, 0x60, 0x00, 0xff,
    0x68, 0x60, 0x00, 0x41, 0x68, 0x60, 0x00, 0x7d, 0x68, 0x60, 0x00, 0xff,
    0x68, 0x60, 0x00, 0xff, 0x68, 0x60, 0x00, 0xff, 0x68, 0x5c, 0x00, 0xff,
    0x68, 0x60, 0x00, 0xff, 0x68, 0x60, 0x00, 0xff, 0x68, 0x60, 0x00, 0xff,
    0x68, 0x5c, 0x00, 0xff, 0x68, 0x60, 0x00, 0xff, 0x68, 0x60, 0x00, 0xff,
    0x68, 0x60, 0x00, 0xff, 0x68, 0x60, 0x00, 0xff, 0x68, 0x60, 0x00, 0xff,
    0x68, 0x60, 0x00, 0xff, 0x68, 0x60, 0x00, 0xff, 0x68, 0x5c, 0x00, 0xff,
    0x68, 0x60, 0x00, 0xff, 0x68, 0x60, 0x00, 0x3c, 0x68, 0x60, 0x00, 0x41,
    0x68, 0x5c, 0x00, 0xff, 0x68, 0x60, 0x00, 0xff, 0x68, 0x60, 0x00, 0xff,
    0x68, 0x60, 0x00, 0xff, 0x68, 0x60, 0x00, 0xff, 0x68, 0x60, 0x00, 0xff,
    0x68, 0x60, 0x00, 0xff, 0x68, 0x60, 0x00, 0xff, 0x68, 0x5c, 0x00, 0xff,
    0x68, 0x60, 0x00, 0xff, 0x68, 0x60, 0x00, 0xff, 0x68, 0x60, 0x00, 0xff,
    0x68, 0x5c, 0x00, 0xff, 0x68, 0x60, 0x00, 0xff, 0x68, 0x60, 0x00, 0xff,
    0x68, 0x60, 0x00, 0xff, 0x68, 0x60, 0x00, 0xff, 0x68, 0x60, 0x00, 0x3c,
    0x68, 0x60, 0x00, 0x41, 0x68, 0x60, 0x00, 0xff, 0x68, 0x5c, 0x00, 0xff,
    0x68, 0x60, 0x00, 0xff, 0x68, 0x60, 0x00, 0xff, 0x68, 0x60, 0x00, 0xff,
    0x68, 0x5c, 0x00, 0xff, 0x68, 0x60, 0x00, 0xff, 0x68, 0x60, 0x00, 0xff,
    0x68, 0x60, 0x00, 0xff, 0x68, 0x60, 0x00, 0xff, 0x68, 0x60, 0x00, 0xff,
    0x68, 0x60, 0x00, 0xff, 0x68, 0x60, 0x00, 0xff, 0x68, 0x5c, 0x00, 0xff,
    0x68, 0x60, 0x00, 0xff, 0x68, 0x60, 0x00, 0xff, 0x68, 0x60, 0x00, 0xff,
    0x68, 0x5c, 0x00, 0x3c, 0x68, 0x60, 0x00, 0x41, 0x68, 0x60, 0x00, 0xff,
    0x68, 0x60, 0x00, 0xff, 0x68, 0x60, 0x00, 0xff, 0x68, 0x60, 0x00, 0xff,
    0x68, 0x60, 0x00, 0xff, 0x68, 0x60, 0x00, 0xff, 0x68, 0x5c, 0x00, 0xff,
    0x68, 0x60, 0x00, 0xff, 0x68, 0x60, 0x00, 0xff, 0x68, 0x60, 0x00, 0xff,
    0x68, 0x5c, 0x00, 0xff, 0x68, 0x60, 0x00, 0xff, 0x68, 0x60, 0x00, 0xff,
    0x68, 0x60, 0x00, 0xff, 0x68, 0x60, 0x00, 0xff, 0x68, 0x60, 0x00, 0xff,
    0x68, 0x60, 0x00, 0xff, 0x68, 0x60, 0x00, 0x7d, 0x68, 0x5c, 0x00, 0x41,
    0x68, 0x60, 0x00, 0xff, 0x68, 0x60, 0x00, 0xff, 0x68, 0x60, 0x00, 0xff,
    0x68, 0x5c, 0x00, 0xff, 0x68, 0x60, 0x00, 0xff, 0x68, 0x60, 0x00, 0xff,
    0x68, 0x60, 0x00, 0xff, 0x68, 0x60, 0x00, 0xff, 0x68, 0x60, 0x00, 0xff,
    0x68, 0x60, 0x00, 0xff, 0x68, 0x60, 0x00, 0xff, 0x68, 0x5c, 0x00, 0xff,
    0x68, 0x60, 0x00, 0xff, 0x68, 0x60, 0x00, 0xff, 0x68, 0x60, 0x00, 0xff,
    0x68, 0x5c, 0x00, 0xff, 0x68, 0x60, 0x00, 0xff, 0x68, 0x60, 0x00, 0x7d,
    0x68, 0x60, 0x00, 0x41, 0x68, 0x60, 0x00, 0xff, 0x68, 0x60, 0x00, 0xff,
    0x68, 0x60, 0x00, 0xff, 0x68, 0x60, 0x00, 0xff, 0x68, 0x5c, 0x00, 0xff,
    0x68, 0x60, 0x00, 0xff, 0x68, 0x60, 0x00, 0xff, 0x68, 0x60, 0x00, 0xff,
    0x68, 0x5c, 0x00, 0xff, 0x68, 0x60, 0x00, 0xff, 0x68, 0x60, 0x00, 0xff,
    0x68, 0x60, 0x00, 0xff, 0x68, 0x60, 0x00, 0xff, 0x68, 0x60, 0x00, 0xff,
    0x68, 0x60, 0x00, 0xff, 0x68, 0x60, 0x00, 0xff, 0x68, 0x5c, 0x00, 0xff,
    0x68, 0x60, 0x00, 0x7d, 0x68, 0x60, 0x00, 0x41, 0x68, 0x60, 0x00, 0xff,
    0x68, 0x5c, 0x00, 0xff, 0x68, 0x60, 0x00, 0xff, 0x68, 0x60, 0x00, 0xff,
    0x68, 0x60, 0x00, 0xff, 0x68, 0x60, 0x00, 0xff, 0x68, 0x60, 0x00, 0xff,
    0x68, 0x60, 0x00, 0xff, 0x68, 0x60, 0x00, 0xff, 0x68, 0x5c, 0x00, 0xff,
    0x68, 0x60, 0x00, 0xff, 0x68, 0x60, 0x00, 0xff, 0x68, 0x60, 0x00, 0xff,
    0x68, 0x60, 0x00, 0xff, 0x68, 0x60, 0x00, 0xff, 0x68, 0x60, 0x00, 0xff,
    0x68, 0x60, 0x08, 0xff, 0x68, 0x5c, 0x00, 0x7d, 0xf8, 0xfc, 0xf8, 0x00,
    0xf8, 0xfc, 0xf8, 0x00, 0x68, 0x5c, 0x00, 0x82, 0x68, 0x60, 0x08, 0xff,
    0x68, 0x5c, 0x00, 0xff, 0x68, 0x60, 0x08, 0xff, 0x68, 0x60, 0x00, 0xff,
    0x68, 0x5c, 0x00, 0xff, 0x68, 0x5c, 0x08, 0xff, 0x68, 0x60, 0x00, 0xff,
    0x68, 0x5c, 0x08, 0xff, 0x68, 0x60, 0x00, 0xff, 0x68, 0x5c, 0x08, 0xff,
    0x68, 0x60, 0x00, 0xff, 0x68, 0x60, 0x08, 0xff, 0x68, 0x5c, 0x00, 0xff,
    0x68, 0x60, 0x00, 0xff, 0x68, 0x60, 0x08, 0xff, 0x68, 0x5c, 0x00, 0xff,
    0x68, 0x60, 0x08, 0xff, 0x68, 0x5c, 0x00, 0x41, 0x68, 0x5c, 0x08, 0x7d,
    0x68, 0x60, 0x00, 0xff, 0x68, 0x5c, 0x08, 0xff, 0x68, 0x5c, 0x00, 0xff,
    0x68, 0x60, 0x00, 0xff, 0x68, 0x60, 0x08, 0xff, 0x68, 0x60, 0x00, 0xff,
    0x68, 0x60, 0x08, 0xff, 0x68, 0x60, 0x00, 0xff, 0x68, 0x5c, 0x08, 0xff,
    0x68, 0x60, 0x00, 0xff, 0x68, 0x5c, 0x08, 0xff, 0x68, 0x5c, 0x00, 0xff,
    0x68, 0x60, 0x00, 0xff, 0x68, 0x5c, 0x08, 0xff, 0x68, 0x5c, 0x00, 0xff,
    0x68, 0x60, 0x08, 0xff, 0x68, 0x60, 0x00, 0xff, 0x68, 0x60, 0x08, 0x41,
    0x68, 0x60, 0x00, 0x7d, 0x68, 0x60, 0x08, 0xff, 0x68, 0x5c, 0x00, 0xff,
    0x68, 0x60, 0x00, 0xff, 0x68, 0x5c, 0x08, 0xff, 0x68, 0x5c, 0x00, 0xff,
    0x68, 0x60, 0x08, 0xff, 0x68, 0x5c, 0x00, 0xff, 0x68, 0x5c, 0x08, 0xff,
    0x68, 0x60, 0x00, 0xff, 0x68, 0x60, 0x08, 0xff, 0x68, 0x60, 0x00, 0xff,
    0x68, 0x60, 0x00, 0xff, 0x68, 0x60, 0x08, 0xff, 0x68, 0x5c, 0x00, 0xff,
    0x68, 0x60, 0x08, 0xff, 0x68, 0x5c, 0x00, 0xff, 0x68, 0x5c, 0x08, 0xff,
    0x68, 0x60, 0x00, 0x41, 0x68, 0x5c, 0x08, 0x7d, 0x68, 0x5c, 0x00, 0xff,
    0x68, 0x60, 0x00, 0xff, 0x68, 0x60, 0x08, 0xff, 0x68, 0x60, 0x00, 0xff,
    0x68, 0x60, 0x08, 0xff, 0x68, 0x60, 0x00, 0xff, 0x68, 0x5c, 0x08, 0xff,
    0x68, 0x60, 0x00, 0xff, 0x68, 0x5c, 0x08, 0xff, 0x68, 0x5c, 0x00, 0xff,
    0x68, 0x60, 0x00, 0xff, 0x68, 0x5c, 0x08, 0xff, 0x68, 0x5c, 0x00, 0xff,
    0x68, 0x60, 0x08, 0xff, 0x68, 0x60, 0x00, 0xff, 0x68, 0x60, 0x08, 0xff,
    0x68, 0x60, 0x00, 0xff, 0x68, 0x60, 0x08, 0x41, 0x68, 0x5c, 0x00, 0x41,
    0x68, 0x60, 0x00, 0xff, 0x68, 0x5c, 0x08, 0xff, 0x68, 0x5c, 0x00, 0xff,
    0x68, 0x60, 0x08, 0xff, 0x68, 0x5c, 0x00, 0xff, 0x68, 0x5c, 0x08, 0xff,
    0x68, 0x60, 0x00, 0xff, 0x68, 0x60, 0x08, 0xff, 0x68, 0x60, 0x00, 0xff,
    0x68, 0x60, 0x00, 0xff, 0x68, 0x60, 0x08, 0xff, 0x68, 0x5c, 0x00, 0xff,
    0x68, 0x60, 0x08, 0xff, 0x68, 0x5c, 0x00, 0xff, 0x68, 0x5c, 0x08, 0xff,
    0x68, 0x60, 0x00, 0xff, 0x68, 0x5c, 0x08, 0xff, 0x68, 0x5c, 0x00, 0x41,
    0x68, 0x60, 0x00, 0x41, 0x68, 0x60, 0x08, 0xff, 0x68, 0x60, 0x00, 0xff,
    0x68, 0x60, 0x08, 0xff, 0x68, 0x60, 0x00, 0xff, 0x68, 0x5c, 0x08, 0xff,
    0x68, 0x60, 0x00, 0xff, 0x68, 0x5c, 0x08, 0xff, 0x68, 0x5c, 0x00, 0xff,
    0x68, 0x60, 0x00, 0xff, 0x68, 0x5c, 0x08, 0xff, 0x68, 0x5c, 0x00, 0xff,
    0x68, 0x60, 0x08, 0xff, 0x68, 0x60, 0x00, 0xff, 0x68, 0x60, 0x08, 0xff,
    0x68, 0x60, 0x00, 0xff, 0x68, 0x60, 0x08, 0xff, 0x68, 0x5c, 0x00, 0xff,
    0x68, 0x60, 0x00, 0x41, 0x68, 0x5c, 0x08, 0x41, 0x68, 0x5c, 0x00, 0xff,
    0x68, 0x60, 0x08, 0xff, 0x68, 0x5c, 0x00, 0xff, 0x68, 0x5c, 0x08, 0xff,
    0x68, 0x60, 0x00, 0xff, 0x68, 0x60, 0x08, 0xff, 0x68, 0x60, 0x00, 0xff,
    0x68, 0x60, 0x00, 0xff, 0x68, 0x60, 0x08, 0xff, 0x68, 0x5c, 0x00, 0xff,
    0x68, 0x60, 0x08, 0xff, 0x68, 0x5c, 0x00, 0xff, 0x68, 0x5c, 0x08, 0xff,
    0x68, 0x60, 0x00, 0xff, 0x68, 0x5c, 0x08, 0xff, 0x68, 0x5c, 0x00, 0xff,
    0x68, 0x60, 0x00, 0xff, 0x68, 0x60, 0x08, 0x82, 0x68, 0x60, 0x00, 0x41,
    0x68, 0x60, 0x08, 0xff, 0x68, 0x60, 0x00, 0xff, 0x68, 0x5c, 0x08, 0xff,
    0x68, 0x60, 0x00, 0xff, 0x68, 0x5c, 0x08, 0xff, 0x68, 0x5c, 0x00, 0xff,
    0x68, 0x60, 0x00, 0xff, 0x68, 0x5c, 0x08, 0xff, 0x68, 0x5c, 0x00, 0xff,
    0x68, 0x60, 0x08, 0xff, 0x68, 0x60, 0x00, 0xff, 0x68, 0x60, 0x08, 0xff,
    0x68, 0x60, 0x00, 0xff, 0x68, 0x60, 0x08, 0xff, 0x68, 0x5c, 0x00, 0xff,
    0x68, 0x60, 0x00, 0xff, 0x68, 0x5c, 0x08, 0xff, 0x68, 0x5c, 0x00, 0x82,
    0x68, 0x60, 0x08, 0x41, 0x68, 0x5c, 0x00, 0xff, 0x68, 0x5c, 0x08, 0xff,
    0x68, 0x60, 0x00, 0xff, 0x68, 0x60, 0x08, 0xff, 0x68, 0x60, 0x00, 0xff,
    0x68, 0x60, 0x00, 0xff, 0x68, 0x60, 0x08, 0xff, 0x68, 0x5c, 0x00, 0xff,
    0x68, 0x60, 0x08, 0xff, 0x68, 0x5c, 0x00, 0xff, 0x68, 0x5c, 0x08, 0xff,
    0x68, 0x60, 0x00, 0xff, 0x68, 0x5c, 0x08, 0xff, 0x68, 0x5c, 0x00, 0xff,
    0x68, 0x60, 0x00, 0xff, 0x68, 0x60, 0x08, 0xff, 0x68, 0x60, 0x00, 0xff,
    0x68, 0x60, 0x08, 0x82, 0x68, 0x60, 0x00, 0x41, 0x68, 0x5c, 0x08, 0xff,
    0x68, 0x60, 0x00, 0xff, 0x68, 0x5c, 0x08, 0xff, 0x68, 0x5c, 0x00, 0xff,
    0x68, 0x60, 0x00, 0xff, 0x68, 0x5c, 0x08, 0xff, 0x68, 0x5c, 0x00, 0xff,
    0x68, 0x60, 0x08, 0xff, 0x68, 0x60, 0x00, 0xff, 0x68, 0x60, 0x08, 0xff,
    0x68, 0x60, 0x00, 0xff, 0x68, 0x5c, 0x08, 0xff, 0x68, 0x60, 0x00, 0xff,
    0x68, 0x5c, 0x00, 0xff, 0x68, 0x60, 0x08, 0xff, 0x68, 0x60, 0x00, 0xff,
    0x68, 0x60, 0x00, 0xff, 0x68, 0x60, 0x00, 0x82, 0xf8, 0xfc, 0xf8, 0x00,
    0xf8, 0xfc, 0xf8, 0x00, 0x68, 0x60, 0x00, 0x7d, 0x68, 0x60, 0x00, 0xff,
    0x68, 0x60, 0x08, 0xff, 0x68, 0x5c, 0x00, 0xff, 0x68, 0x60, 0x00, 0xff,
    0x68, 0x60, 0x08, 0xff, 0x68, 0x60, 0x00, 0xff, 0x68, 0x60, 0x00, 0xff,
    0x68, 0x60, 0x00, 0xff, 0x68, 0x5c, 0x00, 0xff, 0x68, 0x60, 0x00, 0xff,
    0x68, 0x60, 0x08, 0xff, 0x68, 0x60, 0x00, 0xff, 0x68, 0x60, 0x00, 0xff,
    0x68, 0x60, 0x08, 0xff, 0x68, 0x60, 0x00, 0xff, 0x68, 0x60, 0x00, 0xff,
    0x68, 0x60, 0x00, 0xff, 0x68, 0x60, 0x00, 0x41, 0x68, 0x60, 0x00, 0x82,
    0x68, 0x60, 0x08, 0xff, 0x68, 0x60, 0x00, 0xff, 0x68, 0x60, 0x00, 0xff,
    0x68, 0x5c, 0x08, 0xff, 0x68, 0x60, 0x00, 0xff, 0x68, 0x5c, 0x00, 0xff,
    0x68, 0x60, 0x00, 0xff, 0x68, 0x60, 0x00, 0xff, 0x68, 0x60, 0x00, 0xff,
    0x68, 0x60, 0x08, 0xff, 0x68, 0x60, 0x00, 0xff, 0x68, 0x60, 0x00, 0xff,
    0x68, 0x60, 0x08, 0xff, 0x68, 0x60, 0x00, 0xff, 0x68, 0x60, 0x00, 0xff,
    0x68, 0x5c, 0x00, 0xff, 0x68, 0x60, 0x00, 0xff, 0x68, 0x5c, 0x00, 0x41,
    0x68, 0x60, 0x08, 0x82, 0x68, 0x60, 0x00, 0xff, 0x68, 0x60, 0x00, 0xff,
    0x68, 0x60, 0x08, 0xff, 0x68, 0x60, 0x00, 0xff, 0x68, 0x60, 0x00, 0xff,
    0x68, 0x60, 0x00, 0xff, 0x68, 0x60, 0x00, 0xff, 0x68, 0x60, 0x00, 0xff,
    0x68, 0x5c, 0x08, 0xff, 0x68, 0x60, 0x00, 0xff, 0x68, 0x5c, 0x00, 0xff,
    0x68, 0x60, 0x08, 0xff, 0x68, 0x60, 0x00, 0xff, 0x68, 0x60, 0x00, 0xff,
    0x68, 0x60, 0x00, 0xff, 0x68, 0x60, 0x00, 0xff, 0x68, 0x60, 0x00, 0xff,
    0x68, 0x60, 0x08, 0x41, 0x68, 0x60, 0x00, 0x82, 0x68, 0x60, 0x00, 0xff,
    0x68, 0x5c, 0x08, 0xff, 0x68, 0x60, 0x00, 0xff, 0x68, 0x5c, 0x00, 0xff,
    0x68, 0x60, 0x00, 0xff, 0x68, 0x60, 0x00, 0xff, 0x68, 0x60, 0x00, 0xff,
    0x68, 0x60, 0x08, 0xff, 0x68, 0x60, 0x00, 0xff, 0x68, 0x60, 0x00, 0xff,
    0x68, 0x60, 0x08, 0xff, 0x68, 0x60, 0x00, 0xff, 0x68, 0x60, 0x00, 0xff,
    0x68, 0x5c, 0x00, 0xff, 0x68, 0x60, 0x00, 0xff, 0x68, 0x5c, 0x00, 0xff,
    0x68, 0x60, 0x08, 0xff, 0x68, 0x60, 0x00, 0x41, 0x68, 0x60, 0x00, 0x41,
    0x68, 0x60, 0x08, 0xfb, 0x68, 0x60, 0x00, 0xff, 0x68, 0x60, 0x00, 0xff,
    0x68, 0x60, 0x00, 0xff, 0x68, 0x60, 0x00, 0xff, 0x68, 0x60, 0x00, 0xff,
    0x68, 0x5c, 0x08, 0xff, 0x68, 0x60, 0x00, 0xff, 0x68, 0x5c, 0x00, 0xff,
    0x68, 0x60, 0x08, 0xff, 0x68, 0x60, 0x00, 0xff, 0x68, 0x60, 0x00, 0xff,
    0x68, 0x60, 0x00, 0xff, 0x68, 0x60, 0x00, 0xff, 0x68, 0x60, 0x00, 0xff,
    0x68, 0x60, 0x08, 0xff, 0x68, 0x60, 0x00, 0xff, 0x68, 0x60, 0x00, 0x41,
    0x68, 0x5c, 0x08, 0x41, 0x68, 0x60, 0x00, 0xfb, 0x68, 0x5c, 0x00, 0xff,
    0x68, 0x60, 0x00, 0xff, 0x68, 0x60, 0x00, 0xff, 0x68, 0x60, 0x00, 0xff,
    0x68, 0x60, 0x08, 0xff, 0x68, 0x60, 0x00, 0xff, 0x68, 0x60, 0x00, 0xff,
    0x68, 0x60, 0x08, 0xff, 0x68, 0x60, 0x00, 0xff, 0x68, 0x60, 0x00, 0xff,
    0x68, 0x5c, 0x00, 0xff, 0x68, 0x60, 0x00, 0xff, 0x68, 0x5c, 0x00, 0xff,
    0x68, 0x60, 0x08, 0xff, 0x68, 0x60, 0x00, 0xff, 0x68, 0x60, 0x00, 0xff,
    0x68, 0x60, 0x08, 0x41, 0x68, 0x60, 0x00, 0x41, 0x68, 0x60, 0x00, 0xfb,
    0x68, 0x60, 0x00, 0xff, 0x68, 0x60, 0x00, 0xff, 0x68, 0x60, 0x00, 0xff,
    0x68, 0x5c, 0x08, 0xff, 0x68, 0x60, 0x00, 0xff, 0x68, 0x5c, 0x00, 0xff,
    0x68, 0x60, 0x08, 0xff, 0x68, 0x60, 0x00, 0xff, 0x68, 0x60, 0x00, 0xff,
    0x68, 0x60, 0x00, 0xff, 0x68, 0x60, 0x00, 0xff, 0x68, 0x60, 0x00, 0xff,
    0x68, 0x60, 0x08, 0xff, 0x68, 0x60, 0x00, 0xff, 0x68, 0x60, 0x00, 0xff,
    0x68, 0x5c, 0x08, 0xff, 0x68, 0x60, 0x00, 0x7d, 0x68, 0x5c, 0x00, 0x41,
    0x68, 0x60, 0x00, 0xff, 0x68, 0x60, 0x00, 0xff, 0x68, 0x60, 0x00, 0xff,
    0x68, 0x60, 0x08, 0xff, 0x68, 0x60, 0x00, 0xff, 0x68, 0x60, 0x00, 0xff,
    0x68, 0x60, 0x08, 0xff, 0x68, 0x60, 0x00, 0xff, 0x68, 0x60, 0x00, 0xff,
    0x68, 0x5c, 0x00, 0xff, 0x68, 0x60, 0x00, 0xff, 0x68, 0x5c, 0x00, 0xff,
    0x68, 0x60, 0x08, 0xff, 0x68, 0x60, 0x00, 0xff, 0x68, 0x60, 0x00, 0xff,
    0x68, 0x60, 0x08, 0xff, 0x68, 0x60, 0x00, 0xff, 0x68, 0x60, 0x00, 0x7d,
    0x68, 0x60, 0x00, 0x41, 0x68, 0x60, 0x00, 0xff, 0x68, 0x60, 0x00, 0xff,
    0x68, 0x5c, 0x08, 0xff, 0x68, 0x60, 0x00, 0xff, 0x68, 0x5c, 0x00, 0xff,
    0x68, 0x60, 0x08, 0xff, 0x68, 0x60, 0x00, 0xff, 0x68, 0x60, 0x00, 0xff,
    0x68, 0x60, 0x00, 0xff, 0x68, 0x60, 0x00, 0xff, 0x68, 0x60, 0x00, 0xff,
    0x68, 0x60, 0x08, 0xff, 0x68, 0x60, 0x00, 0xff, 0x68, 0x60, 0x00, 0xff,
    0x68, 0x5c, 0x08, 0xff, 0x68, 0x60, 0x00, 0xff, 0x68, 0x5c, 0x00, 0xff,
    0x68, 0x60, 0x00, 0x7d, 0x68, 0x60, 0x00, 0x41, 0x68, 0x60, 0x00, 0xff,
    0x68, 0x60, 0x08, 0xff, 0x68, 0x60, 0x00, 0xff, 0x68, 0x60, 0x00, 0xff,
    0x68, 0x60, 0x08, 0xff, 0x68, 0x60, 0x00, 0xff, 0x68, 0x60, 0x00, 0xff,
    0x68, 0x5c, 0x00, 0xff, 0x68, 0x60, 0x00, 0xff, 0x68, 0x60, 0x00, 0xff,
    0x68, 0x5c, 0x08, 0xff, 0x68, 0x60, 0x00, 0xff, 0x68, 0x60, 0x00, 0xff,
    0x68, 0x60, 0x08, 0xff, 0x68, 0x5c, 0x00, 0xff, 0x68, 0x5c, 0x00, 0xff,
    0x68, 0x60, 0x00, 0xff, 0x68, 0x60, 0x08, 0x82, 0xf8, 0xfc, 0xf8, 0x00,
    0xf8, 0xfc, 0xf8, 0x00, 0x68, 0x60, 0x00, 0x82, 0x68, 0x60, 0x00, 0xff,
    0x68, 0x60, 0x00, 0xff, 0x68, 0x60, 0x00, 0xff, 0x68, 0x60, 0x00, 0xff,
    0x68, 0x60, 0x00, 0xff, 0x68, 0x60, 0x08, 0xff, 0x68, 0x60, 0x00, 0xff,
    0x68, 0x60, 0x00, 0xff, 0x68, 0x60, 0x08, 0xff, 0x68, 0x60, 0x00, 0xff,
    0x68, 0x5c, 0x00, 0xff, 0x68, 0x5c, 0x00, 0xff, 0x68, 0x60, 0x00, 0xff,
    0x68, 0x60, 0x00, 0xff, 0x68, 0x5c, 0x00, 0xff, 0x68, 0x60, 0x08, 0xff,
    0x68, 0x60, 0x00, 0xff, 0x68, 0x60, 0x00, 0x41, 0x68, 0x60, 0x00, 0x7d,
    0x68, 0x5c, 0x00, 0xff, 0x68, 0x60, 0x00, 0xff, 0x68, 0x60, 0x00, 0xff,
    0x68, 0x60, 0x00, 0xff, 0x68, 0x60, 0x00, 0xff, 0x68, 0x5c, 0x08, 0xff,
    0x68, 0x60, 0x00, 0xff, 0x68, 0x60, 0x00, 0xff, 0x68, 0x5c, 0x00, 0xff,
    0x68, 0x60, 0x00, 0xff, 0x68, 0x60, 0x00, 0xff, 0x68, 0x60, 0x00, 0xff,
    0x68, 0x60, 0x00, 0xff, 0x68, 0x60, 0x00, 0xff, 0x68, 0x60, 0x08, 0xff,
    0x68, 0x60, 0x00, 0xff, 0x68, 0x60, 0x00, 0xff, 0x68, 0x5c, 0x00, 0x41,
    0x68, 0x60, 0x00, 0x7d, 0x68, 0x60, 0x00, 0xff, 0x68, 0x5c, 0x00, 0xff,
    0x68, 0x60, 0x00, 0xff, 0x68, 0x60, 0x00, 0xff, 0x68, 0x60, 0x08, 0xff,
    0x68, 0x60, 0x00, 0xff, 0x68, 0x60, 0x00, 0xff, 0x68, 0x60, 0x00, 0xff,
    0x68, 0x60, 0x00, 0xff, 0x68, 0x60, 0x00, 0xff, 0x68, 0x5c, 0x00, 0xff,
    0x68, 0x60, 0x00, 0xff, 0x68, 0x60, 0x00, 0xff, 0x68, 0x5c, 0x08, 0xff,
    0x68, 0x60, 0x00, 0xff, 0x68, 0x60, 0x00, 0xff, 0x68, 0x60, 0x00, 0xff,
    0x68, 0x60, 0x00, 0x41, 0x68, 0x60, 0x00, 0x7d, 0x68, 0x60, 0x00, 0xff,
    0x68, 0x60, 0x00, 0xff, 0x68, 0x60, 0x00, 0xff, 0x68, 0x5c, 0x08, 0xff,
    0x68, 0x60, 0x00, 0xff, 0x68, 0x60, 0x00, 0xff, 0x68, 0x5c, 0x00, 0xff,
    0x68, 0x60, 0x00, 0xff, 0x68, 0x60, 0x00, 0xff, 0x68, 0x60, 0x00, 0xff,
    0x68, 0x60, 0x00, 0xff, 0x68, 0x60, 0x00, 0xff, 0x68, 0x60, 0x08, 0xff,
    0x68, 0x60, 0x00, 0xff, 0x68, 0x60, 0x00, 0xff, 0x68, 0x5c, 0x00, 0xff,
    0x68, 0x60, 0x00, 0xff, 0x68, 0x60, 0x00, 0x41, 0x68, 0x5c, 0x00, 0x41,
    0x68, 0x60, 0x00, 0xff, 0x68, 0x60, 0x00, 0xff, 0x68, 0x60, 0x08, 0xff,
    0x68, 0x60, 0x00, 0xff, 0x68, 0x60, 0x00, 0xff, 0x68, 0x60, 0x00, 0xff,
    0x68, 0x60, 0x00, 0xff, 0x68, 0x60, 0x00, 0xff, 0x68, 0x5c, 0x00, 0xff,
    0x68, 0x60, 0x00, 0xff, 0x68, 0x60, 0x00, 0xff, 0x68, 0x5c, 0x08, 0xff,
    0x68, 0x60, 0x00, 0xff, 0x68, 0x60, 0x00, 0xff, 0x68, 0x60, 0x00, 0xff,
    0x68, 0x60, 0x00, 0xff, 0x68, 0x60, 0x00, 0xff, 0x68, 0x60, 0x00, 0x41,
    0x68, 0x60, 0x00, 0x41, 0x68, 0x60, 0x00, 0xff, 0x68, 0x5c, 0x08, 0xff,
    0x68, 0x60, 0x00, 0xff, 0x68, 0x60, 0x00, 0xff, 0x68, 0x5c, 0x00, 0xff,
    0x68, 0x60, 0x00, 0xff, 0x68, 0x60, 0x00, 0xff, 0x68, 0x60, 0x00, 0xff,
    0x68, 0x60, 0x00, 0xff, 0x68, 0x60, 0x00, 0xff, 0x68, 0x60, 0x08, 0xff,
    0x68, 0x60, 0x00, 0xff, 0x68, 0x60, 0x00, 0xff, 0x68, 0x5c, 0x00, 0xff,
    0x68, 0x60, 0x00, 0xff, 0x68, 0x60, 0x00, 0xff, 0x68, 0x5c, 0x00, 0xff,
    0x68, 0x60, 0x00, 0x41, 0x68, 0x60, 0x00, 0x41, 0x68, 0x60, 0x08, 0xff,
    0x68, 0x60, 0x00, 0xff, 0x68, 0x60, 0x00, 0xff, 0x68, 0x60, 0x00, 0xff,
    0x68, 0x60, 0x00, 0xff, 0x68, 0x60, 0x00, 0xff, 0x68, 0x5c, 0x00, 0xff,
    0x68, 0x60, 0x00, 0xff, 0x68, 0x60, 0x00, 0xff, 0x68, 0x5c, 0x08, 0xff,
    0x68, 0x60, 0x00, 0xff, 0x68, 0x60, 0x00, 0xff, 0x68, 0x60, 0x00, 0xff,
    0x68, 0x60, 0x00, 0xff, 0x68, 0x60, 0x00, 0xff, 0x68, 0x60, 0x00, 0xff,
    0x68, 0x60, 0x00, 0xff, 0x68, 0x60, 0x00, 0x7d, 0x68, 0x5c, 0x08, 0x41,
    0x68, 0x60, 0x00, 0xff, 0x68, 0x60, 0x00, 0xff, 0x68, 0x5c, 0x00, 0xff,
    0x68, 0x60, 0x00, 0xff, 0x68, 0x60, 0x00, 0xff, 0x68, 0x60, 0x00, 0xff,
    0x68, 0x60, 0x00, 0xff, 0x68, 0x60, 0x00, 0xff, 0x68, 0x60, 0x08, 0xff,
    0x68, 0x60, 0x00, 0xff, 0x68, 0x60, 0x00, 0xff, 0x68, 0x5c, 0x00, 0xff,
    0x68, 0x60, 0x00, 0xff, 0x68, 0x60, 0x00, 0xff, 0x68, 0x5c, 0x00, 0xff,
    0x68, 0x60, 0x00, 0xff, 0x68, 0x60, 0x00, 0xff, 0x68, 0x60, 0x08, 0x7d,
    0x68, 0x60, 0x00, 0x41, 0x68, 0x60, 0x00, 0xff, 0x68, 0x60, 0x00, 0xff,
    0x68, 0x60, 0x00, 0xff, 0x68, 0x60, 0x00, 0xff, 0x68, 0x5c, 0x00, 0xff,
    0x68, 0x60, 0x00, 0xff, 0x68, 0x60, 0x00, 0xff, 0x68, 0x5c, 0x08, 0xff,
    0x68, 0x60, 0x00, 0xff, 0x68, 0x60, 0x00, 0xff, 0x68, 0x60, 0x00, 0xff,
    0x68, 0x60, 0x00, 0xff, 0x68, 0x60, 0x00, 0xff, 0x68, 0x60, 0x00, 0xff,
    0x68, 0x60, 0x00, 0xff, 0x68, 0x60, 0x00, 0xff, 0x68, 0x5c, 0x08, 0xff,
    0x68, 0x60, 0x00, 0x7d, 0x68, 0x60, 0x00, 0x41, 0x68, 0x5c, 0x00, 0xff,
    0x68, 0x60, 0x00, 0xff, 0x68, 0x60, 0x00, 0xff, 0x68, 0x60, 0x00, 0xff,
    0x68, 0x60, 0x00, 0xff, 0x68, 0x60, 0x00, 0xff, 0x68, 0x60, 0x08, 0xff,
    0x68, 0x60, 0x00, 0xff, 0x68, 0x5c, 0x00, 0xff, 0x68, 0x60, 0x00, 0xff,
    0x68, 0x60, 0x00, 0xff, 0x68, 0x60, 0x00, 0xff, 0x68, 0x60, 0x00, 0xff,
    0x68, 0x60, 0x00, 0xff, 0x68, 0x60, 0x08, 0xff, 0x68, 0x60, 0x00, 0xff,
    0x68, 0x5c, 0x00, 0xff, 0x68, 0x60, 0x00, 0x7d, 0xf8, 0xfc, 0xf8, 0x00,
    0xf8, 0xfc, 0xf8, 0x00, 0x68, 0x5c, 0x00, 0x82, 0x68, 0x60, 0x08, 0xff,
    0x68, 0x5c, 0x00, 0xff, 0x68, 0x60, 0x08, 0xff, 0x68, 0x5c, 0x00, 0xff,
    0x68, 0x5c, 0x00, 0xff, 0x68, 0x60, 0x00, 0xff, 0x68, 0x5c, 0x08, 0xff,
    0x68, 0x5c, 0x00, 0xff, 0x68, 0x60, 0x00, 0xff, 0x68, 0x60, 0x08, 0xff,
    0x68, 0x60, 0x00, 0xff, 0x68, 0x60, 0x00, 0xff, 0x68, 0x60, 0x08, 0xff,
    0x68, 0x5c, 0x00, 0xff, 0x68, 0x60, 0x00, 0xff, 0x68, 0x5c, 0x08, 0xff,
    0x68, 0x60, 0x00, 0xff, 0x68, 0x5c, 0x08, 0x41, 0x68, 0x60, 0x08, 0x7d,
    0x68, 0x60, 0x00, 0xff, 0x68, 0x5c, 0x00, 0xff, 0x68, 0x60, 0x08, 0xff,
    0x68, 0x60, 0x00, 0xff, 0x68, 0x60, 0x00, 0xff, 0x68, 0x60, 0x08, 0xff,
    0x68, 0x60, 0x00, 0xff, 0x68, 0x5c, 0x08, 0xff, 0x68, 0x60, 0x08, 0xff,
    0x68, 0x60, 0x00, 0xff, 0x68, 0x5c, 0x00, 0xff, 0x68, 0x5c, 0x08, 0xff,
    0x68, 0x60, 0x00, 0xff, 0x68, 0x5c, 0x00, 0xff, 0x68, 0x5c, 0x08, 0xff,
    0x68, 0x60, 0x00, 0xff, 0x68, 0x60, 0x08, 0xff, 0x68, 0x60, 0x08, 0x41,
    0x68, 0x60, 0x00, 0x7d, 0x68, 0x5c, 0x00, 0xff, 0x68, 0x60, 0x08, 0xff,
    0x68, 0x60, 0x00, 0xff, 0x68, 0x5c, 0x00, 0xff, 0x68, 0x5c, 0x08, 0xff,
    0x68, 0x60, 0x00, 0xff, 0x68, 0x5c, 0x08, 0xff, 0x68, 0x5c, 0x08, 0xff,
    0x68, 0x60, 0x00, 0xff, 0x68, 0x60, 0x00, 0xff, 0x68, 0x60, 0x08, 0xff,
    0x68, 0x60, 0x00, 0xff, 0x68, 0x5c, 0x00, 0xff, 0x68, 0x60, 0x08, 0xff,
    0x68, 0x60, 0x00, 0xff, 0x68, 0x5c, 0x08, 0xff, 0x68, 0x5c, 0x08, 0xff,
    0x68, 0x60, 0x00, 0x41, 0x68, 0x5c, 0x00, 0x7d, 0x68, 0x5c, 0x08, 0xff,
    0x68, 0x60, 0x00, 0xff, 0x68, 0x60, 0x00, 0xff, 0x68, 0x60, 0x08, 0xff,
    0x68, 0x60, 0x00, 0xff, 0x68, 0x5c, 0x08, 0xff, 0x68, 0x60, 0x08, 0xff,
    0x68, 0x60, 0x00, 0xff, 0x68, 0x5c, 0x00, 0xff, 0x68, 0x5c, 0x08, 0xff,
    0x68, 0x60, 0x00, 0xff, 0x68, 0x5c, 0x00, 0xff, 0x68, 0x5c, 0x08, 0xff,
    0x68, 0x60, 0x00, 0xff, 0x68, 0x60, 0x08, 0xff, 0x68, 0x60, 0x08, 0xff,
    0x68, 0x60, 0x00, 0xff, 0x68, 0x5c, 0x00, 0x3c, 0x68, 0x60, 0x08, 0x41,
    0x68, 0x60, 0x00, 0xff, 0x68, 0x5c, 0x00, 0xff, 0x68, 0x5c, 0x08, 0xff,
    0x68, 0x60, 0x00, 0xff, 0x68, 0x5c, 0x08, 0xff, 0x68, 0x5c, 0x08, 0xff,
    0x68, 0x60, 0x00, 0xff, 0x68, 0x60, 0x00, 0xff, 0x68, 0x60, 0x08, 0xff,
    0x68, 0x60, 0x00, 0xff, 0x68, 0x5c, 0x00, 0xff, 0x68, 0x60, 0x08, 0xff,
    0x68, 0x60, 0x00, 0xff, 0x68, 0x5c, 0x08, 0xff, 0x68, 0x5c, 0x08, 0xff,
    0x68, 0x60, 0x00, 0xff, 0x68, 0x5c, 0x00, 0xff, 0x68, 0x5c, 0x08, 0x3c,
    0x68, 0x60, 0x00, 0x41, 0x68, 0x60, 0x00, 0xff, 0x68, 0x60, 0x08, 0xff,
    0x68, 0x60, 0x00, 0xff, 0x68, 0x5c, 0x08, 0xff, 0x68, 0x60, 0x08, 0xff,
    0x68, 0x60, 0x00, 0xff, 0x68, 0x5c, 0x00, 0xff, 0x68, 0x5c, 0x08, 0xff,
    0x68, 0x60, 0x00, 0xff, 0x68, 0x5c, 0x00, 0xff, 0x68, 0x5c, 0x08, 0xff,
    0x68, 0x60, 0x00, 0xff, 0x68, 0x60, 0x08, 0xff, 0x68, 0x60, 0x08, 0xff,
    0x68, 0x60, 0x00, 0xff, 0x68, 0x5c, 0x00, 0xff, 0x68, 0x60, 0x08, 0xff,
    0x68, 0x60, 0x00, 0x3c, 0x68, 0x5c, 0x00, 0x41, 0x68, 0x5c, 0x08, 0xff,
    0x68, 0x60, 0x00, 0xff, 0x68, 0x5c, 0x08, 0xff, 0x68, 0x5c, 0x08, 0xff,
    0x68, 0x60, 0x00, 0xff, 0x68, 0x60, 0x00, 0xff, 0x68, 0x60, 0x08, 0xff,
    0x68, 0x60, 0x00, 0xff, 0x68, 0x5c, 0x00, 0xff, 0x68, 0x60, 0x08, 0xff,
    0x68, 0x60, 0x00, 0xff, 0x68, 0x5c, 0x08, 0xff, 0x68, 0x5c, 0x08, 0xff,
    0x68, 0x60, 0x00, 0xff, 0x68, 0x5c, 0x00, 0xff, 0x68, 0x5c, 0x08, 0xff,
    0x68, 0x60, 0x00, 0xff, 0x68, 0x60, 0x00, 0x82, 0x68, 0x60, 0x08, 0x41,
    0x68, 0x60, 0x00, 0xff, 0x68, 0x5c, 0x08, 0xff, 0x68, 0x60, 0x08, 0xff,
    0x68, 0x60, 0x00, 0xff, 0x68, 0x5c, 0x00, 0xff, 0x68, 0x5c, 0x08, 0xff,
    0x68, 0x60, 0x00, 0xff, 0x68, 0x5c, 0x00, 0xff, 0x68, 0x5c, 0x08, 0xff,
    0x68, 0x60, 0x00, 0xff, 0x68, 0x60, 0x08, 0xff, 0x68, 0x60, 0x08, 0xff,
    0x68, 0x60, 0x00, 0xff, 0x68, 0x5c, 0x00, 0xff, 0x68, 0x60, 0x08, 0xff,
    0x68, 0x60, 0x00, 0xff, 0x68, 0x5c, 0x00, 0xff, 0x68, 0x5c, 0x08, 0x82,
    0x68, 0x60, 0x00, 0x41, 0x68, 0x5c, 0x08, 0xff, 0x68, 0x5c, 0x08, 0xff,
    0x68, 0x60, 0x00, 0xff, 0x68, 0x60, 0x00, 0xff, 0x68, 0x60, 0x08, 0xff,
    0x68, 0x60, 0x00, 0xff, 0x68, 0x5c, 0x00, 0xff, 0x68, 0x60, 0x08, 0xff,
    0x68, 0x60, 0x00, 0xff, 0x68, 0x5c, 0x08, 0xff, 0x68, 0x5c, 0x08, 0xff,
    0x68, 0x60, 0x00, 0xff, 0x68, 0x5c, 0x00, 0xff, 0x68, 0x5c, 0x08, 0xff,
    0x68, 0x60, 0x00, 0xff, 0x68, 0x60, 0x00, 0xff, 0x68, 0x60, 0x08, 0xff,
    0x68, 0x60, 0x00, 0x82, 0x68, 0x5c, 0x08, 0x41, 0x68, 0x60, 0x08, 0xff,
    0x68, 0x60, 0x00, 0xff, 0x68, 0x5c, 0x00, 0xff, 0x68, 0x5c, 0x08, 0xff,
    0x68, 0x60, 0x00, 0xff, 0x68, 0x5c, 0x00, 0xff, 0x68, 0x60, 0x08, 0xff,
    0x68, 0x60, 0x00, 0xff, 0x68, 0x60, 0x08, 0xff, 0x68, 0x5c, 0x08, 0xff,
    0x68, 0x60, 0x00, 0xff, 0x68, 0x5c, 0x00, 0xff, 0x68, 0x5c, 0x08, 0xff,
    0x68, 0x60, 0x00, 0xff, 0x68, 0x60, 0x00, 0xff, 0x68, 0x60, 0x08, 0xff,
    0x68, 0x60, 0x00, 0xff, 0x68, 0x5c, 0x00, 0x82, 0xf8, 0xfc, 0xf8, 0x00,
    0xf8, 0xfc, 0xf8, 0x00, 0x68, 0x60, 0x00, 0x7d, 0x68, 0x60, 0x00, 0xff,
    0x68, 0x60, 0x00, 0xff, 0x68, 0x60, 0x00, 0xff, 0x68, 0x60, 0x08, 0xff,
    0x68, 0x60, 0x00, 0xff, 0x68, 0x60, 0x00, 0xff, 0x68, 0x60, 0x00, 0xff,
    0x68, 0x60, 0x00, 0xff, 0x68, 0x60, 0x00, 0xff, 0x68, 0x5c, 0x00, 0xff,
    0x68, 0x60, 0x00, 0xff, 0x68, 0x60, 0x08, 0xff, 0x68, 0x60, 0x00, 0xff,
    0x68, 0x60, 0x00, 0xff, 0x68, 0x60, 0x00, 0xff, 0x68, 0x60, 0x00, 0xff,
    0x68, 0x60, 0x00, 0xff, 0x68, 0x60, 0x00, 0x41, 0x68, 0x60, 0x00, 0x82,
    0x68, 0x60, 0x00, 0xff, 0x68, 0x60, 0x08, 0xff, 0x68, 0x5c, 0x00, 0xff,
    0x68, 0x60, 0x00, 0xff, 0x68, 0x5c, 0x08, 0xff, 0x68, 0x60, 0x00, 0xff,
    0x68, 0x60, 0x00, 0xff, 0x68, 0x60, 0x00, 0xff, 0x68, 0x60, 0x00, 0xff,
    0x68, 0x60, 0x00, 0xff, 0x68, 0x60, 0x08, 0xff, 0x68, 0x60, 0x00, 0xff,
    0x68, 0x60, 0x00, 0xff, 0x68, 0x60, 0x08, 0xff, 0x68, 0x60, 0x00, 0xff,
    0x68, 0x60, 0x00, 0xff, 0x68, 0x5c, 0x00, 0xff, 0x68, 0x60, 0x00, 0x41,
    0x68, 0x60, 0x00, 0x82, 0x68, 0x60, 0x08, 0xff, 0x68, 0x60, 0x00, 0xff,
    0x68, 0x60, 0x00, 0xff, 0x68, 0x60, 0x08, 0xff, 0x68, 0x60, 0x00, 0xff,
    0x68, 0x60, 0x00, 0xff, 0x68, 0x60, 0x00, 0xff, 0x68, 0x60, 0x00, 0xff,
    0x68, 0x60, 0x00, 0xff, 0x68, 0x5c, 0x08, 0xff, 0x68, 0x60, 0x00, 0xff,
    0x68, 0x60, 0x00, 0xff, 0x68, 0x60, 0x08, 0xff, 0x68, 0x60, 0x00, 0xff,
    0x68, 0x60, 0x00, 0xff, 0x68, 0x60, 0x00, 0xff, 0x68, 0x60, 0x00, 0xff,
    0x68, 0x60, 0x00, 0x41, 0x68, 0x60, 0x08, 0x82, 0x68, 0x60, 0x00, 0xff,
    0x68, 0x60, 0x00, 0xff, 0x68, 0x5c, 0x08, 0xff, 0x68, 0x60, 0x00, 0xff,
    0x68, 0x60, 0x00, 0xff, 0x68, 0x60, 0x00, 0xff, 0x68, 0x60, 0x00, 0xff,
    0x68, 0x60, 0x00, 0xff, 0x68, 0x60, 0x08, 0xff, 0x68, 0x60, 0x00, 0xff,
    0x68, 0x60, 0x00, 0xff, 0x68, 0x60, 0x08, 0xff, 0x68, 0x60, 0x00, 0xff,
    0x68, 0x60, 0x00, 0xff, 0x68, 0x5c, 0x00, 0xff, 0x68, 0x60, 0x00, 0xff,
    0x68, 0x60, 0x00, 0xff, 0x68, 0x60, 0x08, 0x41, 0x68, 0x60, 0x00, 0x41,
    0x68, 0x60, 0x00, 0xff, 0x68, 0x60, 0x08, 0xff, 0x68, 0x60, 0x00, 0xff,
    0x68, 0x60, 0x00, 0xff, 0x68, 0x60, 0x00, 0xff, 0x68, 0x60, 0x00, 0xff,
    0x68, 0x60, 0x00, 0xff, 0x68, 0x5c, 0x08, 0xff, 0x68, 0x60, 0x00, 0xff,
    0x68, 0x60, 0x00, 0xff, 0x68, 0x60, 0x08, 0xff, 0x68, 0x60, 0x00, 0xff,
    0x68, 0x60, 0x00, 0xff, 0x68, 0x60, 0x00, 0xff, 0x68, 0x60, 0x00, 0xff,
    0x68, 0x60, 0x00, 0xff, 0x68, 0x60, 0x08, 0xff, 0x68, 0x60, 0x00, 0x41,
    0x68, 0x60, 0x00, 0x41, 0x68, 0x5c, 0x08, 0xff, 0x68, 0x60, 0x00, 0xff,
    0x68, 0x60, 0x00, 0xff, 0x68, 0x60, 0x00, 0xff, 0x68, 0x60, 0x00, 0xff,
    0x68, 0x60, 0x00, 0xff, 0x68, 0x60, 0x08, 0xff, 0x68, 0x60, 0x00, 0xff,
    0x68, 0x60, 0x00, 0xff, 0x68, 0x60, 0x08, 0xff, 0x68, 0x60, 0x00, 0xff,
    0x68, 0x60, 0x00, 0xff, 0x68, 0x5c, 0x00, 0xff, 0x68, 0x60, 0x00, 0xff,
    0x68, 0x60, 0x00, 0xff, 0x68, 0x60, 0x08, 0xff, 0x68, 0x60, 0x00, 0xff,
    0x68, 0x60, 0x00, 0x41, 0x68, 0x60, 0x08, 0x41, 0x68, 0x60, 0x00, 0xff,
    0x68, 0x60, 0x00, 0xff, 0x68, 0x60, 0x00, 0xff, 0x68, 0x60, 0x00, 0xff,
    0x68, 0x60, 0x00, 0xff, 0x68, 0x5c, 0x08, 0xff, 0x68, 0x60, 0x00, 0xff,
    0x68, 0x60, 0x00, 0xff, 0x68, 0x60, 0x08, 0xff, 0x68, 0x60, 0x00, 0xff,
    0x68, 0x60, 0x00, 0xff, 0x68, 0x60, 0x00, 0xff, 0x68, 0x60, 0x00, 0xff,
    0x68, 0x60, 0x00, 0xff, 0x68, 0x60, 0x08, 0xff, 0x68, 0x60, 0x00, 0xff,
    0x68, 0x60, 0x00, 0xff, 0x68, 0x5c, 0x08, 0x7d, 0x68, 0x60, 0x00, 0x41,
    0x68, 0x60, 0x00, 0xff, 0x68, 0x60, 0x00, 0xff, 0x68, 0x60, 0x00, 0xff,
    0x68, 0x60, 0x00, 0xff, 0x68, 0x60, 0x08, 0xff, 0x68, 0x60, 0x00, 0xff,
    0x68, 0x60, 0x00, 0xff, 0x68, 0x60, 0x08, 0xff, 0x68, 0x60, 0x00, 0xff,
    0x68, 0x60, 0x00, 0xff, 0x68, 0x5c, 0x00, 0xff, 0x68, 0x60, 0x00, 0xff,
    0x68, 0x60, 0x00, 0xff, 0x68, 0x60, 0x08, 0xff, 0x68, 0x60, 0x00, 0xff,
    0x68, 0x60, 0x00, 0xff, 0x68, 0x60, 0x08, 0xff, 0x68, 0x60, 0x00, 0x7d,
    0x68, 0x60, 0x00, 0x41, 0x68, 0x60, 0x00, 0xff, 0x68, 0x60, 0x00, 0xff,
    0x68, 0x60, 0x00, 0xff, 0x68, 0x5c, 0x08, 0xff, 0x68, 0x60, 0x00, 0xff,
    0x68, 0x60, 0x00, 0xff, 0x68, 0x60, 0x08, 0xff, 0x68, 0x60, 0x00, 0xff,
    0x68, 0x60, 0x00, 0xff, 0x68, 0x60, 0x00, 0xff, 0x68, 0x60, 0x00, 0xff,
    0x68, 0x60, 0x00, 0xff, 0x68, 0x60, 0x08, 0xff, 0x68, 0x60, 0x00, 0xff,
    0x68, 0x60, 0x00, 0xff, 0x68, 0x5c, 0x08, 0xff, 0x68, 0x60, 0x00, 0xff,
    0x68, 0x60, 0x00, 0x7d, 0x68, 0x60, 0x00, 0x41, 0x68, 0x60, 0x00, 0xff,
    0x68, 0x60, 0x00, 0xff, 0x68, 0x60, 0x08, 0xff, 0x68, 0x60, 0x00, 0xff,
    0x68, 0x60, 0x00, 0xff, 0x68, 0x5c, 0x08, 0xff, 0x68, 0x60, 0x00, 0xff,
    0x68, 0x60, 0x00, 0xff, 0x68, 0x60, 0x00, 0xff, 0x68, 0x60, 0x00, 0xff,
    0x68, 0x60, 0x00, 0xff, 0x68, 0x60, 0x08, 0xff, 0x68, 0x60, 0x00, 0xff,
    0x68, 0x5c, 0x00, 0xff, 0x68, 0x60, 0x00, 0xff, 0x68, 0x60, 0x00, 0xff,
    0x68, 0x60, 0x08, 0xff, 0x68, 0x60, 0x00, 0x7d, 0xf8, 0xfc, 0xf8, 0x00,
    0xf8, 0xfc, 0xf8, 0x00, 0x68, 0x60, 0x00, 0x82, 0x68, 0x5c, 0x00, 0xff,
    0x68, 0x60, 0x08, 0xff, 0x68, 0x60, 0x00, 0xff, 0x68, 0x5c, 0x00, 0xff,
    0x68, 0x60, 0x08, 0xff, 0x68, 0x60, 0x00, 0xff, 0x68, 0x5c, 0x00, 0xff,
    0x68, 0x60, 0x08, 0xff, 0x68, 0x60, 0x00, 0xff, 0x68, 0x5c, 0x00, 0xff,
    0x68, 0x60, 0x08, 0xff, 0x68, 0x5c, 0x00, 0xff, 0x68, 0x5c, 0x00, 0xff,
    0x68, 0x60, 0x08, 0xff, 0x68, 0x60, 0x00, 0xff, 0x68, 0x5c, 0x00, 0xff,
    0x68, 0x60, 0x08, 0xff, 0x68, 0x5c, 0x00, 0x41, 0x68, 0x60, 0x00, 0x7d,
    0x68, 0x60, 0x00, 0xff, 0x68, 0x5c, 0x00, 0xff, 0x68, 0x60, 0x00, 0xff,
    0x68, 0x60, 0x00, 0xff, 0x68, 0x60, 0x00, 0xff, 0x68, 0x5c, 0x00, 0xff,
    0x68, 0x60, 0x00, 0xff, 0x68, 0x5c, 0x00, 0xff, 0x68, 0x5c, 0x00, 0xff,
    0x68, 0x60, 0x08, 0xff, 0x68, 0x60, 0x00, 0xff, 0x68, 0x5c, 0x00, 0xff,
    0x68, 0x60, 0x00, 0xff, 0x68, 0x60, 0x00, 0xff, 0x68, 0x60, 0x00, 0xff,
    0x68, 0x5c, 0x00, 0xff, 0x68, 0x60, 0x00, 0xff, 0x68, 0x60, 0x00, 0x41,
    0x68, 0x5c, 0x08, 0x7d, 0x68, 0x60, 0x00, 0xff, 0x68, 0x5c, 0x00, 0xff,
    0x68, 0x60, 0x00, 0xff, 0x68, 0x60, 0x00, 0xff, 0x68, 0x5c, 0x00, 0xff,
    0x68, 0x60, 0x00, 0xff, 0x68, 0x60, 0x00, 0xff, 0x68, 0x60, 0x00, 0xff,
    0x68, 0x5c, 0x08, 0xff, 0x68, 0x60, 0x00, 0xff, 0x68, 0x60, 0x00, 0xff,
    0x68, 0x5c, 0x00, 0xff, 0x68, 0x60, 0x00, 0xff, 0x68, 0x5c, 0x00, 0xff,
    0x68, 0x60, 0x00, 0xff, 0x68, 0x60, 0x00, 0xff, 0x68, 0x5c, 0x00, 0xff,
    0x68, 0x60, 0x08, 0x41, 0x68, 0x60, 0x00, 0x7d, 0x68, 0x60, 0x00, 0xff,
    0x68, 0x5c, 0x00, 0xff, 0x68, 0x60, 0x00, 0xff, 0x68, 0x60, 0x00, 0xff,
    0x68, 0x5c, 0x00, 0xff, 0x68, 0x60, 0x00, 0xff, 0x68, 0x5c, 0x00, 0xff,
    0x68, 0x60, 0x08, 0xff, 0x68, 0x60, 0x00, 0xff, 0x68, 0x5c, 0x00, 0xff,
    0x68, 0x60, 0x00, 0xff, 0x68, 0x60, 0x00, 0xff, 0x68, 0x60, 0x00, 0xff,
    0x68, 0x5c, 0x00, 0xff, 0x68, 0x60, 0x00, 0xff, 0x68, 0x60, 0x00, 0xff,
    0x68, 0x5c, 0x08, 0xff, 0x68, 0x60, 0x00, 0x41, 0x68, 0x5c, 0x00, 0x41,
    0x68, 0x60, 0x00, 0xff, 0x68, 0x60, 0x00, 0xff, 0x68, 0x5c, 0x00, 0xff,
    0x68, 0x60, 0x00, 0xff, 0x68, 0x60, 0x00, 0xff, 0x68, 0x60, 0x00, 0xff,
    0x68, 0x5c, 0x08, 0xff, 0x68, 0x60, 0x00, 0xff, 0x68, 0x60, 0x00, 0xff,
    0x68, 0x5c, 0x00, 0xff, 0x68, 0x60, 0x00, 0xff, 0x68, 0x5c, 0x00, 0xff,
    0x68, 0x60, 0x00, 0xff, 0x68, 0x60, 0x00, 0xff, 0x68, 0x5c, 0x00, 0xff,
    0x68, 0x60, 0x08, 0xff, 0x68, 0x60, 0x00, 0xff, 0x68, 0x60, 0x00, 0x41,
    0x68, 0x5c, 0x00, 0x41, 0x68, 0x60, 0x00, 0xff, 0x68, 0x60, 0x00, 0xff,
    0x68, 0x5c, 0x00, 0xff, 0x68, 0x60, 0x00, 0xff, 0x68, 0x5c, 0x00, 0xff,
    0x68, 0x60, 0x08, 0xff, 0x68, 0x60, 0x00, 0xff, 0x68, 0x5c, 0x00, 0xff,
    0x68, 0x60, 0x00, 0xff, 0x68, 0x60, 0x00, 0xff, 0x68, 0x60, 0x00, 0xff,
    0x68, 0x5c, 0x00, 0xff, 0x68, 0x60, 0x00, 0xff, 0x68, 0x60, 0x00, 0xff,
    0x68, 0x5c, 0x08, 0xff, 0x68, 0x60, 0x00, 0xff, 0x68, 0x5c, 0x00, 0xff,
    0x68, 0x60, 0x00, 0x41, 0x68, 0x60, 0x00, 0x41, 0x68, 0x5c, 0x00, 0xff,
    0x68, 0x60, 0x00, 0xff, 0x68, 0x60, 0x00, 0xff, 0x68, 0x60, 0x00, 0xff,
    0x68, 0x5c, 0x08, 0xff, 0x68, 0x60, 0x00, 0xff, 0x68, 0x60, 0x00, 0xff,
    0x68, 0x5c, 0x00, 0xff, 0x68, 0x60, 0x00, 0xff, 0x68, 0x5c, 0x00, 0xff,
    0x68, 0x60, 0x00, 0xff, 0x68, 0x60, 0x00, 0xff, 0x68, 0x5c, 0x00, 0xff,
    0x68, 0x60, 0x08, 0xff, 0x68, 0x60, 0x00, 0xff, 0x68, 0x60, 0x00, 0xff,
    0x68, 0x5c, 0x00, 0xff, 0x68, 0x60, 0x00, 0x82, 0x68, 0x60, 0x00, 0x41,
    0x68, 0x5c, 0x00, 0xff, 0x68, 0x60, 0x00, 0xff, 0x68, 0x5c, 0x00, 0xff,
    0x68, 0x60, 0x08, 0xff, 0x68, 0x60, 0x00, 0xff, 0x68, 0x5c, 0x00, 0xff,
    0x68, 0x60, 0x00, 0xff, 0x68, 0x60, 0x00, 0xff, 0x68, 0x60, 0x00, 0xff,
    0x68, 0x5c, 0x00, 0xff, 0x68, 0x60, 0x00, 0xff, 0x68, 0x60, 0x00, 0xff,
    0x68, 0x5c, 0x08, 0xff, 0x68, 0x60, 0x00, 0xff, 0x68, 0x5c, 0x00, 0xff,
    0x68, 0x60, 0x00, 0xff, 0x68, 0x60, 0x00, 0xff, 0x68, 0x5c, 0x00, 0x82,
    0x68, 0x60, 0x00, 0x41, 0x68, 0x60, 0x00, 0xff, 0x68, 0x60, 0x00, 0xff,
    0x68, 0x5c, 0x08, 0xff, 0x68, 0x60, 0x00, 0xff, 0x68, 0x60, 0x00, 0xff,
    0x68, 0x5c, 0x00, 0xff, 0x68, 0x60, 0x00, 0xff, 0x68, 0x5c, 0x00, 0xff,
    0x68, 0x60, 0x00, 0xff, 0x68, 0x60, 0x00, 0xff, 0x68, 0x5c, 0x00, 0xff,
    0x68, 0x60, 0x08, 0xff, 0x68, 0x60, 0x00, 0xff, 0x68, 0x60, 0x00, 0xff,
    0x68, 0x5c, 0x00, 0xff, 0x68, 0x60, 0x00, 0xff, 0x68, 0x60, 0x00, 0xff,
    0x68, 0x5c, 0x00, 0x82, 0x68, 0x60, 0x00, 0x41, 0x68, 0x5c, 0x00, 0xff,
    0x68, 0x60, 0x08, 0xff, 0x68, 0x60, 0x00, 0xff, 0x68, 0x60, 0x00, 0xff,
    0x68, 0x60, 0x00, 0xff, 0x68, 0x60, 0x00, 0xff, 0x68, 0x5c, 0x00, 0xff,
    0x68, 0x60, 0x00, 0xff, 0x68, 0x5c, 0x00, 0xff, 0x68, 0x60, 0x00, 0xff,
    0x68, 0x60, 0x00, 0xff, 0x68, 0x60, 0x00, 0xff, 0x68, 0x60, 0x08, 0xff,
    0x68, 0x60, 0x00, 0xff, 0x68, 0x5c, 0x00, 0xff, 0x68, 0x60, 0x00, 0xff,
    0x68, 0x5c, 0x00, 0xff, 0x68, 0x60, 0x00, 0x82, 0xf8, 0xfc, 0xf8, 0x00,
    0xf8, 0xfc, 0xf8, 0x00, 0x68, 0x60, 0x00, 0x82, 0x68, 0x60, 0x08, 0xff,
    0x68, 0x5c, 0x00, 0xff, 0x68, 0x60, 0x00, 0xff, 0x68, 0x60, 0x00, 0xff,
    0x68, 0x5c, 0x00, 0xff, 0x68, 0x60, 0x08, 0xff, 0x68, 0x60, 0x00, 0xff,
    0x68, 0x60, 0x00, 0xff, 0x68, 0x60, 0x08, 0xff, 0x68, 0x60, 0x00, 0xff,
    0x68, 0x60, 0x00, 0xff, 0x68, 0x60, 0x00, 0xff, 0x68, 0x60, 0x00, 0xff,
    0x68, 0x60, 0x08, 0xff, 0x68, 0x5c, 0x00, 0xff, 0x68, 0x60, 0x00, 0xff,
    0x68, 0x60, 0x08, 0xff, 0x68, 0x5c, 0x00, 0x41, 0x68, 0x60, 0x08, 0x7d,
    0x68, 0x60, 0x08, 0xff, 0x68, 0x60, 0x00, 0xff, 0x68, 0x60, 0x08, 0xff,
    0x68, 0x60, 0x00, 0xff, 0x68, 0x60, 0x08, 0xff, 0x68, 0x60, 0x00, 0xff,
    0x68, 0x60, 0x08, 0xff, 0x68, 0x60, 0x00, 0xff, 0x68, 0x60, 0x00, 0xff,
    0x68, 0x60, 0x08, 0xff, 0x68, 0x5c, 0x00, 0xff, 0x68, 0x60, 0x00, 0xff,
    0x68, 0x60, 0x08, 0xff, 0x68, 0x5c, 0x00, 0xff, 0x68, 0x60, 0x08, 0xff,
    0x68, 0x60, 0x08, 0xff, 0x68, 0x60, 0x00, 0xff, 0x68, 0x60, 0x00, 0x41,
    0x68, 0x5c, 0x00, 0x7d, 0x68, 0x60, 0x00, 0xff, 0x68, 0x60, 0x08, 0xff,
    0x68, 0x5c, 0x00, 0xff, 0x68, 0x60, 0x00, 0xff, 0x68, 0x60, 0x08, 0xff,
    0x68, 0x5c, 0x08, 0xff, 0x68, 0x60, 0x00, 0xff, 0x68, 0x60, 0x00, 0xff,
    0x68, 0x5c, 0x00, 0xff, 0x68, 0x60, 0x00, 0xff, 0x68, 0x60, 0x08, 0xff,
    0x68, 0x60, 0x00, 0xff, 0x68, 0x5c, 0x00, 0xff, 0x68, 0x60, 0x08, 0xff,
    0x68, 0x60, 0x08, 0xff, 0x68, 0x5c, 0x00, 0xff, 0x68, 0x60, 0x00, 0xff,
    0x68, 0x60, 0x00, 0x41, 0x68, 0x5c, 0x00, 0x7d, 0x68, 0x60, 0x08, 0xff,
    0x68, 0x60, 0x00, 0xff, 0x68, 0x60, 0x00, 0xff, 0x68, 0x60, 0x08, 0xff,
    0x68, 0x5c, 0x08, 0xff, 0x68, 0x60, 0x00, 0xff, 0x68, 0x60, 0x00, 0xff,
    0x68, 0x5c, 0x00, 0xff, 0x68, 0x60, 0x00, 0xff, 0x68, 0x60, 0x08, 0xff,
    0x68, 0x5c, 0x00, 0xff, 0x68, 0x60, 0x00, 0xff, 0x68, 0x60, 0x08, 0xff,
    0x68, 0x5c, 0x08, 0xff, 0x68, 0x60, 0x00, 0xff, 0x68, 0x60, 0x00, 0xff,
    0x68, 0x60, 0x00, 0xff, 0x68, 0x5c, 0x00, 0x41, 0x68, 0x60, 0x08, 0x3c,
    0x68, 0x60, 0x00, 0xff, 0x68, 0x5c, 0x00, 0xff, 0x68, 0x60, 0x08, 0xff,
    0x68, 0x60, 0x08, 0xff, 0x68, 0x5c, 0x00, 0xff, 0x68, 0x60, 0x00, 0xff,
    0x68, 0x60, 0x00, 0xff, 0x68, 0x60, 0x00, 0xff, 0x68, 0x60, 0x08, 0xff,
    0x68, 0x5c, 0x00, 0xff, 0x68, 0x60, 0x00, 0xff, 0x68, 0x60, 0x08, 0xff,
    0x68, 0x5c, 0x08, 0xff, 0x68, 0x60, 0x00, 0xff, 0x68, 0x60, 0x00, 0xff,
    0x68, 0x5c, 0x00, 0xff, 0x68, 0x60, 0x00, 0xff, 0x68, 0x60, 0x08, 0x3c,
    0x68, 0x5c, 0x00, 0x41, 0x68, 0x60, 0x00, 0xff, 0x68, 0x60, 0x08, 0xff,
    0x68, 0x60, 0x08, 0xff, 0x68, 0x5c, 0x00, 0xff, 0x68, 0x60, 0x00, 0xff,
    0x68, 0x60, 0x00, 0xff, 0x68, 0x5c, 0x00, 0xff, 0x68, 0x60, 0x08, 0xff,
    0x68, 0x60, 0x00, 0xff, 0x68, 0x5c, 0x00, 0xff, 0x68, 0x60, 0x08, 0xff,
    0x68, 0x60, 0x08, 0xff, 0x68, 0x60, 0x00, 0xff, 0x68, 0x60, 0x00, 0xff,
    0x68, 0x5c, 0x00, 0xff, 0x68, 0x60, 0x00, 0xff, 0x68, 0x60, 0x08, 0xff,
    0x68, 0x5c, 0x00, 0x3c, 0x68, 0x60, 0x00, 0x41, 0x68, 0x60, 0x08, 0xff,
    0x68, 0x5c, 0x08, 0xff, 0x68, 0x60, 0x00, 0xff, 0x68, 0x60, 0x00, 0xff,
    0x68, 0x5c, 0x00, 0xff, 0x68, 0x60, 0x00, 0xff, 0x68, 0x60, 0x08, 0xff,
    0x68, 0x60, 0x00, 0xff, 0x68, 0x5c, 0x00, 0xff, 0x68, 0x60, 0x08, 0xff,
    0x68, 0x60, 0x08, 0xff, 0x68, 0x5c, 0x00, 0xff, 0x68, 0x60, 0x00, 0xff,
    0x68, 0x60, 0x00, 0xff, 0x68, 0x5c, 0x00, 0xff, 0x68, 0x60, 0x08, 0xff,
    0x68, 0x60, 0x00, 0xff, 0x68, 0x60, 0x00, 0x7d, 0x68, 0x60, 0x08, 0x41,
    0x68, 0x5c, 0x08, 0xff, 0x68, 0x60, 0x00, 0xff, 0x68, 0x60, 0x00, 0xff,
    0x68, 0x5c, 0x00, 0xff, 0x68, 0x60, 0x00, 0xff, 0x68, 0x60, 0x08, 0xff,
    0x68, 0x5c, 0x00, 0xff, 0x68, 0x60, 0x00, 0xff, 0x68, 0x60, 0x08, 0xff,
    0x68, 0x5c, 0x08, 0xff, 0x68, 0x60, 0x00, 0xff, 0x68, 0x60, 0x00, 0xff,
    0x68, 0x60, 0x00, 0xff, 0x68, 0x5c, 0x00, 0xff, 0x68, 0x60, 0x08, 0xff,
    0x68, 0x60, 0x00, 0xff, 0x68, 0x5c, 0x00, 0xff, 0x68, 0x60, 0x08, 0x7d,
    0x68, 0x60, 0x08, 0x41, 0x68, 0x5c, 0x00, 0xff, 0x68, 0x60, 0x00, 0xff,
    0x68, 0x60, 0x00, 0xff, 0x68, 0x60, 0x00, 0xff, 0x68, 0x60, 0x08, 0xff,
    0x68, 0x5c, 0x00, 0xff, 0x68, 0x60, 0x00, 0xff, 0x68, 0x60, 0x08, 0xff,
    0x68, 0x5c, 0x08, 0xff, 0x68, 0x60, 0x00, 0xff, 0x68, 0x60, 0x00, 0xff,
    0x68, 0x5c, 0x00, 0xff, 0x68, 0x60, 0x00, 0xff, 0x68, 0x60, 0x08, 0xff,
    0x68, 0x5c, 0x00, 0xff, 0x68, 0x60, 0x00, 0xff, 0x68, 0x60, 0x08, 0xff,
    0x68, 0x60, 0x08, 0x7d, 0x68, 0x5c, 0x00, 0x41, 0x68, 0x60, 0x00, 0xff,
    0x68, 0x5c, 0x00, 0xff, 0x68, 0x5c, 0x00, 0xff, 0x68, 0x60, 0x08, 0xff,
    0x68, 0x5c, 0x00, 0xff, 0x68, 0x60, 0x00, 0xff, 0x68, 0x60, 0x08, 0xff,
    0x68, 0x60, 0x08, 0xff, 0x68, 0x5c, 0x00, 0xff, 0x68, 0x60, 0x08, 0xff,
    0x68, 0x5c, 0x00, 0xff, 0x68, 0x5c, 0x00, 0xff, 0x68, 0x60, 0x00, 0xff,
    0x68, 0x60, 0x08, 0xff, 0x68, 0x60, 0x00, 0xff, 0x68, 0x60, 0x08, 0xff,
    0x68, 0x60, 0x00, 0xff, 0x68, 0x5c, 0x00, 0x82, 0xf8, 0xfc, 0xf8, 0x00,
    0xf8, 0xfc, 0xf8, 0x00, 0x68, 0x60, 0x00, 0x7d, 0x68, 0x60, 0x00, 0xff,
    0x68, 0x60, 0x00, 0xff, 0x68, 0x60, 0x08, 0xff, 0x68, 0x60, 0x00, 0xff,
    0x68, 0x60, 0x00, 0xff, 0x68, 0x5c, 0x00, 0xff, 0x68, 0x60, 0x00, 0xff,
    0x68, 0x60, 0x00, 0xff, 0x68, 0x5c, 0x08, 0xff, 0x68, 0x60, 0x00, 0xff,
    0x68, 0x60, 0x00, 0xff, 0x68, 0x60, 0x08, 0xff, 0x68, 0x60, 0x00, 0xff,
    0x68, 0x60, 0x00, 0xff, 0x68, 0x60, 0x00, 0xff, 0x68, 0x60, 0x00, 0xff,
    0x68, 0x60, 0x00, 0xff, 0x68, 0x60, 0x00, 0x41, 0x68, 0x5c, 0x00, 0x82,
    0x68, 0x60, 0x00, 0xff, 0x68, 0x60, 0x00, 0xff, 0x68, 0x5c, 0x00, 0xff,
    0x68, 0x5c, 0x08, 0xff, 0x68, 0x60, 0x00, 0xff, 0x68, 0x60, 0x00, 0xff,
    0x68, 0x5c, 0x08, 0xff, 0x68, 0x60, 0x00, 0xff, 0x68, 0x60, 0x00, 0xff,
    0x68, 0x60, 0x00, 0xff, 0x68, 0x60, 0x00, 0xff, 0x68, 0x60, 0x00, 0xff,
    0x68, 0x60, 0x08, 0xff, 0x68, 0x5c, 0x00, 0xff, 0x68, 0x60, 0x00, 0xff,
    0x68, 0x60, 0x00, 0xff, 0x68, 0x5c, 0x08, 0xff, 0x68, 0x60, 0x00, 0x41,
    0x68, 0x60, 0x00, 0x82, 0x68, 0x60, 0x08, 0xff, 0x68, 0x60, 0x00, 0xff,
    0x68, 0x60, 0x00, 0xff, 0x68, 0x60, 0x08, 0xff, 0x68, 0x60, 0x00, 0xff,
    0x68, 0x5c, 0x00, 0xff, 0x68, 0x60, 0x08, 0xff, 0x68, 0x60, 0x00, 0xff,
    0x68, 0x60, 0x00, 0xff, 0x68, 0x60, 0x08, 0xff, 0x68, 0x60, 0x00, 0xff,
    0x68, 0x60, 0x00, 0xff, 0x68, 0x60, 0x08, 0xff, 0x68, 0x60, 0x00, 0xff,
    0x68, 0x60, 0x00, 0xff, 0x68, 0x60, 0x08, 0xff, 0x68, 0x60, 0x00, 0xff,
    0x68, 0x5c, 0x00, 0x41, 0x68, 0x60, 0x08, 0x82, 0x68, 0x60, 0x00, 0xff,
    0x68, 0x5c, 0x00, 0xff, 0x68, 0x60, 0x08, 0xff, 0x68, 0x60, 0x00, 0xff,
    0x68, 0x60, 0x00, 0xff, 0x68, 0x60, 0x08, 0xff, 0x68, 0x60, 0x00, 0xff,
    0x68, 0x60, 0x00, 0xff, 0x68, 0x60, 0x08, 0xff, 0x68, 0x60, 0x00, 0xff,
    0x68, 0x5c, 0x00, 0xff, 0x68, 0x60, 0x08, 0xff, 0x68, 0x60, 0x00, 0xff,
    0x68, 0x60, 0x00, 0xff, 0x68, 0x60, 0x08, 0xff, 0x68, 0x60, 0x00, 0xff,
    0x68, 0x60, 0x00, 0xff, 0x68, 0x60, 0x08, 0x41, 0x68, 0x60, 0x00, 0x41,
    0x68, 0x60, 0x00, 0xff, 0x68, 0x60, 0x08, 0xff, 0x68, 0x60, 0x00, 0xff,
    0x68, 0x5c, 0x00, 0xff, 0x68, 0x60, 0x08, 0xff, 0x68, 0x60, 0x00, 0xff,
    0x68, 0x5c, 0x00, 0xff, 0x68, 0x60, 0x08, 0xff, 0x68, 0x60, 0x00, 0xff,
    0x68, 0x60, 0x00, 0xff, 0x68, 0x60, 0x08, 0xff, 0x68, 0x60, 0x00, 0xff,
    0x68, 0x60, 0x00, 0xff, 0x68, 0x60, 0x08, 0xff, 0x68, 0x60, 0x00, 0xff,
    0x68, 0x5c, 0x00, 0xff, 0x68, 0x60, 0x08, 0xff, 0x68, 0x60, 0x00, 0x41,
    0x68, 0x60, 0x00, 0x41, 0x68, 0x60, 0x08, 0xff, 0x68, 0x60, 0x00, 0xff,
    0x68, 0x60, 0x00, 0xff, 0x68, 0x60, 0x08, 0xff, 0x68, 0x60, 0x00, 0xff,
    0x68, 0x60, 0x00, 0xff, 0x68, 0x60, 0x08, 0xff, 0x68, 0x60, 0x00, 0xff,
    0x68, 0x5c, 0x00, 0xff, 0x68, 0x60, 0x08, 0xff, 0x68, 0x60, 0x00, 0xff,
    0x68, 0x5c, 0x00, 0xff, 0x68, 0x60, 0x08, 0xff, 0x68, 0x60, 0x00, 0xff,
    0x68, 0x60, 0x00, 0xff, 0x68, 0x60, 0x08, 0xff, 0x68, 0x60, 0x00, 0xff,
    0x68, 0x60, 0x00, 0x41, 0x68, 0x60, 0x08, 0x41, 0x68, 0x60, 0x00, 0xff,
    0x68, 0x5c, 0x00, 0xff, 0x68, 0x60, 0x08, 0xff, 0x68, 0x60, 0x00, 0xff,
    0x68, 0x60, 0x00, 0xff, 0x68, 0x60, 0x08, 0xff, 0x68, 0x60, 0x00, 0xff,
    0x68, 0x60, 0x00, 0xff, 0x68, 0x60, 0x08, 0xff, 0x68, 0x60, 0x00, 0xff,
    0x68, 0x60, 0x00, 0xff, 0x68, 0x60, 0x08, 0xff, 0x68, 0x60, 0x00, 0xff,
    0x68, 0x5c, 0x00, 0xff, 0x68, 0x60, 0x08, 0xff, 0x68, 0x60, 0x00, 0xff,
    0x68, 0x5c, 0x00, 0xff, 0x68, 0x60, 0x08, 0x7d, 0x68, 0x60, 0x00, 0x41,
    0x68, 0x60, 0x00, 0xff, 0x68, 0x60, 0x08, 0xff, 0x68, 0x60, 0x00, 0xff,
    0x68, 0x60, 0x00, 0xff, 0x68, 0x60, 0x08, 0xff, 0x68, 0x60, 0x00, 0xff,
    0x68, 0x5c, 0x00, 0xff, 0x68, 0x60, 0x08, 0xff, 0x68, 0x60, 0x00, 0xff,
    0x68, 0x60, 0x00, 0xff, 0x68, 0x60, 0x08, 0xff, 0x68, 0x60, 0x00, 0xff,
    0x68, 0x60, 0x00, 0xff, 0x68, 0x60, 0x08, 0xff, 0x68, 0x60, 0x00, 0xff,
    0x68, 0x60, 0x00, 0xff, 0x68, 0x60, 0x08, 0xff, 0x68, 0x60, 0x00, 0x7d,
    0x68, 0x5c, 0x00, 0x41, 0x68, 0x60, 0x08, 0xff, 0x68, 0x60, 0x00, 0xff,
    0x68, 0x5c, 0x00, 0xff, 0x68, 0x60, 0x08, 0xff, 0x68, 0x60, 0x00, 0xff,
    0x68, 0x60, 0x00, 0xff, 0x68, 0x60, 0x08, 0xff, 0x68, 0x60, 0x00, 0xff,
    0x68, 0x60, 0x00, 0xff, 0x68, 0x60, 0x08, 0xff, 0x68, 0x60, 0x00, 0xff,
    0x68, 0x5c, 0x00, 0xff, 0x68, 0x60, 0x08, 0xff, 0x68, 0x60, 0x00, 0xff,
    0x68, 0x60, 0x00, 0xff, 0x68, 0x60, 0x08, 0xff, 0x68, 0x60, 0x00, 0xff,
    0x68, 0x60, 0x00, 0x7d, 0x68, 0x60, 0x08, 0x41, 0x68, 0x60, 0x00, 0xff,
    0x68, 0x60, 0x00, 0xff, 0x68, 0x60, 0x08, 0xff, 0x68, 0x60, 0x00, 0xff,
    0x68, 0x60, 0x00, 0xff, 0x68, 0x5c, 0x08, 0xff, 0x68, 0x60, 0x00, 0xff,
    0x68, 0x60, 0x00, 0xff, 0x68, 0x60, 0x00, 0xff, 0x68, 0x60, 0x08, 0xff,
    0x68, 0x60, 0x00, 0xff, 0x68, 0x60, 0x00, 0xff, 0x68, 0x5c, 0x08, 0xff,
    0x68, 0x60, 0x00, 0xff, 0x68, 0x60, 0x00, 0xff, 0x68, 0x5c, 0x08, 0xff,
    0x68, 0x60, 0x00, 0xff, 0x68, 0x60, 0x00, 0x7d, 0xf8, 0xfc, 0xf8, 0x00,
    0xf8, 0xfc, 0xf8, 0x00, 0x68, 0x5c, 0x00, 0x82, 0x68, 0x60, 0x00, 0xff,
    0x68, 0x5c, 0x08, 0xff, 0x68, 0x60, 0x00, 0xff, 0x68, 0x60, 0x00, 0xff,
    0x68, 0x5c, 0x08, 0xff, 0x68, 0x60, 0x00, 0xff, 0x68, 0x60, 0x00, 0xff,
    0x68, 0x5c, 0x08, 0xff, 0x68, 0x60, 0x00, 0xff, 0x68, 0x5c, 0x00, 0xff,
    0x68, 0x60, 0x00, 0xff, 0x68, 0x5c, 0x08, 0xff, 0x68, 0x5c, 0x00, 0xff,
    0x68, 0x60, 0x00, 0xff, 0x68, 0x5c, 0x08, 0xff, 0x68, 0x60, 0x00, 0xff,
    0x68, 0x60, 0x00, 0xff, 0x68, 0x60, 0x08, 0x41, 0x68, 0x5c, 0x00, 0x7d,
    0x68, 0x60, 0x00, 0xff, 0x68, 0x60, 0x00, 0xff, 0x68, 0x60, 0x00, 0xff,
    0x68, 0x60, 0x00, 0xff, 0x68, 0x5c, 0x00, 0xff, 0x68, 0x60, 0x00, 0xff,
    0x68, 0x60, 0x00, 0xff, 0x68, 0x5c, 0x08, 0xff, 0x68, 0x60, 0x00, 0xff,
    0x68, 0x5c, 0x00, 0xff, 0x68, 0x60, 0x08, 0xff, 0x68, 0x60, 0x00, 0xff,
    0x68, 0x5c, 0x00, 0xff, 0x68, 0x60, 0x00, 0xff, 0x68, 0x60, 0x00, 0xff,
    0x68, 0x60, 0x00, 0xff, 0x68, 0x5c, 0x00, 0xff, 0x68, 0x60, 0x08, 0x41,
    0x68, 0x60, 0x00, 0x7d, 0x68, 0x5c, 0x00, 0xff, 0x68, 0x60, 0x00, 0xff,
    0x68, 0x5c, 0x00, 0xff, 0x68, 0x60, 0x00, 0xff, 0x68, 0x60, 0x00, 0xff,
    0x68, 0x60, 0x00, 0xff, 0x68, 0x5c, 0x00, 0xff, 0x68, 0x60, 0x08, 0xff,
    0x68, 0x60, 0x00, 0xff, 0x68, 0x5c, 0x00, 0xff, 0x68, 0x5c, 0x00, 0xff,
    0x68, 0x60, 0x00, 0xff, 0x68, 0x5c, 0x00, 0xff, 0x68, 0x60, 0x00, 0xff,
    0x68, 0x5c, 0x00, 0xff, 0x68, 0x60, 0x00, 0xff, 0x68, 0x60, 0x08, 0xff,
    0x68, 0x60, 0x00, 0x41, 0x68, 0x60, 0x00, 0x7d, 0x68, 0x60, 0x00, 0xff,
    0x68, 0x5c, 0x00, 0xff, 0x68, 0x60, 0x00, 0xff, 0x68, 0x60, 0x00, 0xff,
    0x68, 0x5c, 0x00, 0xff, 0x68, 0x60, 0x00, 0xff, 0x68, 0x5c, 0x08, 0xff,
    0x68, 0x60, 0x00, 0xff, 0x68, 0x60, 0x00, 0xff, 0x68, 0x5c, 0x00, 0xff,
    0x68, 0x60, 0x00, 0xff, 0x68, 0x60, 0x00, 0xff, 0x68, 0x5c, 0x00, 0xff,
    0x68, 0x60, 0x00, 0xff, 0x68, 0x5c, 0x00, 0xff, 0x68, 0x5c, 0x08, 0xff,
    0x68, 0x60, 0x00, 0xff, 0x68, 0x5c, 0x00, 0x41, 0x68, 0x60, 0x00, 0x41,
    0x68, 0x5c, 0x00, 0xff, 0x68, 0x60, 0x00, 0xff, 0x68, 0x60, 0x00, 0xff,
    0x68, 0x60, 0x00, 0xff, 0x68, 0x60, 0x00, 0xff, 0x68, 0x60, 0x08, 0xff,
    0x68, 0x5c, 0x00, 0xff, 0x68, 0x60, 0x00, 0xff, 0x68, 0x60, 0x00, 0xff,
    0x68, 0x5c, 0x00, 0xff, 0x68, 0x60, 0x00, 0xff, 0x68, 0x5c, 0x00, 0xff,
    0x68, 0x60, 0x00, 0xff, 0x68, 0x60, 0x00, 0xff, 0x68, 0x5c, 0x08, 0xff,
    0x68, 0x60, 0x00, 0xff, 0x68, 0x60, 0x00, 0xff, 0x68, 0x5c, 0x00, 0x41,
    0x68, 0x60, 0x00, 0x41, 0x68, 0x5c, 0x00, 0xfb, 0x68, 0x5c, 0x00, 0xff,
    0x68, 0x60, 0x00, 0xff, 0x68, 0x5c, 0x00, 0xff, 0x68, 0x60, 0x08, 0xff,
    0x68, 0x5c, 0x00, 0xff, 0x68, 0x60, 0x00, 0xff, 0x68, 0x60, 0x00, 0xff,
    0x68, 0x60, 0x00, 0xff, 0x68, 0x60, 0x00, 0xff, 0x68, 0x60, 0x00, 0xff,
    0x68, 0x5c, 0x00, 0xff, 0x68, 0x60, 0x00, 0xff, 0x68, 0x60, 0x08, 0xff,
    0x68, 0x5c, 0x00, 0xff, 0x68, 0x60, 0x00, 0xff, 0x68, 0x5c, 0x00, 0xff,
    0x68, 0x60, 0x00, 0x41, 0x68, 0x60, 0x00, 0x41, 0x68, 0x5c, 0x00, 0xfb,
    0x68, 0x60, 0x00, 0xff, 0x68, 0x60, 0x00, 0xff, 0x68, 0x5c, 0x08, 0xff,
    0x68, 0x60, 0x00, 0xff, 0x68, 0x5c, 0x00, 0xff, 0x68, 0x5c, 0x00, 0xff,
    0x68, 0x60, 0x00, 0xff, 0x68, 0x5c, 0x00, 0xff, 0x68, 0x60, 0x00, 0xff,
    0x68, 0x5c, 0x00, 0xff, 0x68, 0x60, 0x00, 0xff, 0x68, 0x60, 0x08, 0xff,
    0x68, 0x60, 0x00, 0xff, 0x68, 0x60, 0x00, 0xff, 0x68, 0x60, 0x00, 0xff,
    0x68, 0x5c, 0x00, 0xff, 0x68, 0x60, 0x00, 0x82, 0x68, 0x60, 0x00, 0x41,
    0x68, 0x5c, 0x00, 0xff, 0x68, 0x60, 0x00, 0xff, 0x68, 0x5c, 0x08, 0xff,
    0x68, 0x60, 0x00, 0xff, 0x68, 0x60, 0x00, 0xff, 0x68, 0x5c, 0x00, 0xff,
    0x68, 0x60, 0x00, 0xff, 0x68, 0x60, 0x00, 0xff, 0x68, 0x5c, 0x00, 0xff,
    0x68, 0x60, 0x00, 0xff, 0x68, 0x5c, 0x00, 0xff, 0x68, 0x5c, 0x08, 0xff,
    0x68, 0x60, 0x00, 0xff, 0x68, 0x5c, 0x00, 0xff, 0x68, 0x60, 0x00, 0xff,
    0x68, 0x5c, 0x00, 0xff, 0x68, 0x60, 0x00, 0xff, 0x68, 0x60, 0x00, 0x82,
    0x68, 0x60, 0x00, 0x41, 0x68, 0x60, 0x00, 0xff, 0x68, 0x60, 0x08, 0xff,
    0x68, 0x5c, 0x00, 0xff, 0x68, 0x60, 0x00, 0xff, 0x68, 0x60, 0x00, 0xff,
    0x68, 0x5c, 0x00, 0xff, 0x68, 0x60, 0x00, 0xff, 0x68, 0x5c, 0x00, 0xff,
    0x68, 0x60, 0x00, 0xff, 0x68, 0x60, 0x00, 0xff, 0x68, 0x5c, 0x08, 0xff,
    0x68, 0x60, 0x00, 0xff, 0x68, 0x60, 0x00, 0xff, 0x68, 0x5c, 0x00, 0xff,
    0x68, 0x60, 0x00, 0xff, 0x68, 0x5c, 0x00, 0xff, 0x68, 0x5c, 0x00, 0xff,
    0x68, 0x60, 0x00, 0x82, 0x68, 0x60, 0x00, 0x41, 0x68, 0x5c, 0x08, 0xff,
    0x68, 0x60, 0x00, 0xff, 0x68, 0x60, 0x00, 0xff, 0x68, 0x60, 0x00, 0xff,
    0x68, 0x60, 0x00, 0xff, 0x68, 0x60, 0x00, 0xff, 0x68, 0x5c, 0x00, 0xff,
    0x68, 0x60, 0x00, 0xff, 0x68, 0x60, 0x00, 0xff, 0x68, 0x5c, 0x00, 0xff,
    0x68, 0x60, 0x00, 0xff, 0x68, 0x60, 0x08, 0xff, 0x68, 0x60, 0x00, 0xff,
    0x68, 0x60, 0x00, 0xff, 0x68, 0x5c, 0x00, 0xff, 0x68, 0x60, 0x00, 0xff,
    0x68, 0x60, 0x08, 0xff, 0x68, 0x60, 0x00, 0x82, 0xf8, 0xfc, 0xf8, 0x00,
    0xf8, 0xfc, 0xf8, 0x00, 0x68, 0x60, 0x00, 0x82, 0x68, 0x60, 0x00, 0xff,
    0x68, 0x5c, 0x00, 0xff, 0x68, 0x60, 0x00, 0xff, 0x68, 0x60, 0x00, 0xff,
    0x68, 0x60, 0x08, 0xff, 0x68, 0x60, 0x00, 0xff, 0x68, 0x60, 0x00, 0xff,
    0x68, 0x60, 0x08, 0xff, 0x68, 0x60, 0x00, 0xff, 0x68, 0x60, 0x00, 0xff,
    0x68, 0x60, 0x00, 0xff, 0x68, 0x60, 0x00, 0xff, 0x68, 0x60, 0x00, 0xff,
    0x68, 0x60, 0x08, 0xff, 0x68, 0x5c, 0x00, 0xff, 0x68, 0x60, 0x00, 0xff,
    0x68, 0x60, 0x08, 0xff, 0x68, 0x5c, 0x00, 0x41, 0x68, 0x60, 0x00, 0x7d,
    0x68, 0x60, 0x08, 0xff, 0x68, 0x5c, 0x08, 0xff, 0x68, 0x60, 0x00, 0xff,
    0x68, 0x60, 0x00, 0xff, 0x68, 0x60, 0x08, 0xff, 0x68, 0x60, 0x00, 0xff,
    0x68, 0x60, 0x00, 0xff, 0x68, 0x60, 0x00, 0xff, 0x68, 0x5c, 0x08, 0xff,
    0x68, 0x60, 0x00, 0xff, 0x68, 0x60, 0x00, 0xff, 0x68, 0x5c, 0x08, 0xff,
    0x68, 0x60, 0x00, 0xff, 0x68, 0x60, 0x00, 0xff, 0x68, 0x60, 0x08, 0xff,
    0x68, 0x5c, 0x00, 0xff, 0x68, 0x60, 0x00, 0xff, 0x68, 0x60, 0x00, 0x41,
    0x68, 0x60, 0x08, 0x7d, 0x68, 0x60, 0x00, 0xff, 0x68, 0x5c, 0x08, 0xff,
    0x68, 0x60, 0x00, 0xff, 0x68, 0x60, 0x00, 0xff, 0x68, 0x5c, 0x08, 0xff,
    0x68, 0x60, 0x00, 0xff, 0x68, 0x60, 0x00, 0xff, 0x68, 0x60, 0x00, 0xff,
    0x68, 0x60, 0x08, 0xff, 0x68, 0x60, 0x00, 0xff, 0x68, 0x60, 0x08, 0xff,
    0x68, 0x60, 0x00, 0xff, 0x68, 0x60, 0x00, 0xff, 0x68, 0x5c, 0x08, 0xff,
    0x68, 0x60, 0x00, 0xff, 0x68, 0x60, 0x00, 0xff, 0x68, 0x5c, 0x00, 0xff,
    0x68, 0x60, 0x08, 0x41, 0x68, 0x60, 0x00, 0x7d, 0x68, 0x5c, 0x08, 0xff,
    0x68, 0x60, 0x00, 0xff, 0x68, 0x60, 0x00, 0xff, 0x68, 0x5c, 0x08, 0xff,
    0x68, 0x60, 0x00, 0xff, 0x68, 0x60, 0x00, 0xff, 0x68, 0x5c, 0x00, 0xff,
    0x68, 0x60, 0x08, 0xff, 0x68, 0x60, 0x00, 0xff, 0x68, 0x60, 0x08, 0xff,
    0x68, 0x60, 0x00, 0xff, 0x68, 0x60, 0x00, 0xff, 0x68, 0x60, 0x08, 0xff,
    0x68, 0x60, 0x00, 0xff, 0x68, 0x60, 0x00, 0xff, 0x68, 0x60, 0x00, 0xff,
    0x68, 0x60, 0x08, 0xff, 0x68, 0x60, 0x00, 0x3c, 0x68, 0x5c, 0x08, 0x41,
    0x68, 0x60, 0x00, 0xff, 0x68, 0x60, 0x00, 0xff, 0x68, 0x5c, 0x08, 0xff,
    0x68, 0x60, 0x00, 0xff, 0x68, 0x60, 0x00, 0xff, 0x68, 0x5c, 0x00, 0xff,
    0x68, 0x60, 0x08, 0xff, 0x68, 0x60, 0x00, 0xff, 0x68, 0x5c, 0x08, 0xff,
    0x68, 0x60, 0x00, 0xff, 0x68, 0x60, 0x00, 0xff, 0x68, 0x5c, 0x08, 0xff,
    0x68, 0x60, 0x00, 0xff, 0x68, 0x60, 0x00, 0xff, 0x68, 0x60, 0x00, 0xff,
    0x68, 0x60, 0x08, 0xff, 0x68, 0x60, 0x00, 0xff, 0x68, 0x60, 0x08, 0x41,
    0x68, 0x60, 0x00, 0x41, 0x68, 0x60, 0x00, 0xff, 0x68, 0x60, 0x08, 0xff,
    0x68, 0x60, 0x00, 0xff, 0x68, 0x60, 0x00, 0xff, 0x68, 0x5c, 0x00, 0xff,
    0x68, 0x60, 0x08, 0xff, 0x68, 0x60, 0x00, 0xff, 0x68, 0x5c, 0x08, 0xff,
    0x68, 0x60, 0x00, 0xff, 0x68, 0x60, 0x00, 0xff, 0x68, 0x5c, 0x08, 0xff,
    0x68, 0x60, 0x00, 0xff, 0x68, 0x60, 0x00, 0xff, 0x68, 0x5c, 0x00, 0xff,
    0x68, 0x60, 0x08, 0xff, 0x68, 0x60, 0x00, 0xff, 0x68, 0x5c, 0x08, 0xff,
    0x68, 0x60, 0x00, 0x41, 0x68, 0x60, 0x00, 0x41, 0x68, 0x60, 0x08, 0xff,
    0x68, 0x60, 0x00, 0xff, 0x68, 0x60, 0x00, 0xff, 0x68, 0x60, 0x00, 0xff,
    0x68, 0x60, 0x08, 0xff, 0x68, 0x60, 0x00, 0xff, 0x68, 0x60, 0x08, 0xff,
    0x68, 0x60, 0x00, 0xff, 0x68, 0x60, 0x00, 0xff, 0x68, 0x5c, 0x08, 0xff,
    0x68, 0x60, 0x00, 0xff, 0x68, 0x60, 0x00, 0xff, 0x68, 0x5c, 0x00, 0xff,
    0x68, 0x60, 0x08, 0xff, 0x68, 0x60, 0x00, 0xff, 0x68, 0x5c, 0x08, 0xff,
    0x68, 0x60, 0x00, 0xff, 0x68, 0x60, 0x00, 0x7d, 0x68, 0x5c, 0x08, 0x41,
    0x68, 0x60, 0x00, 0xff, 0x68, 0x60, 0x00, 0xff, 0x68, 0x5c, 0x00, 0xff,
    0x68, 0x60, 0x08, 0xff, 0x68, 0x60, 0x00, 0xff, 0x68, 0x60, 0x08, 0xff,
    0x68, 0x60, 0x00, 0xff, 0x68, 0x60, 0x00, 0xff, 0x68, 0x60, 0x08, 0xff,
    0x68, 0x60, 0x00, 0xff, 0x68, 0x60, 0x00, 0xff, 0x68, 0x60, 0x00, 0xff,
    0x68, 0x60, 0x08, 0xff, 0x68, 0x60, 0x00, 0xff, 0x68, 0x5c, 0x08, 0xff,
    0x68, 0x60, 0x00, 0xff, 0x68, 0x60, 0x00, 0xff, 0x68, 0x5c, 0x08, 0x7d,
    0x68, 0x60, 0x00, 0x41, 0x68, 0x60, 0x00, 0xff, 0x68, 0x5c, 0x00, 0xff,
    0x68, 0x60, 0x08, 0xff, 0x68, 0x60, 0x00, 0xff, 0x68, 0x5c, 0x08, 0xff,
    0x68, 0x60, 0x00, 0xff, 0x68, 0x60, 0x00, 0xff, 0x68, 0x5c, 0x08, 0xff,
    0x68, 0x60, 0x00, 0xff, 0x68, 0x60, 0x00, 0xff, 0x68, 0x60, 0x00, 0xff,
    0x68, 0x60, 0x08, 0xff, 0x68, 0x60, 0x00, 0xff, 0x68, 0x60, 0x08, 0xff,
    0x68, 0x60, 0x00, 0xff, 0x68, 0x60, 0x00, 0xff, 0x68, 0x60, 0x08, 0xff,
    0x68, 0x60, 0x00, 0x7d, 0x68, 0x5c, 0x00, 0x41, 0x68, 0x60, 0x00, 0xff,
    0x68, 0x60, 0x08, 0xff, 0x68, 0x5c, 0x00, 0xff, 0x68, 0x5c, 0x08, 0xff,
    0x68, 0x60, 0x00, 0xff, 0x68, 0x60, 0x00, 0xff, 0x68, 0x60, 0x08, 0xff,
    0x68, 0x5c, 0x08, 0xff, 0x68, 0x60, 0x00, 0xff, 0x68, 0x60, 0x00, 0xff,
    0x68, 0x5c, 0x08, 0xff, 0x68, 0x60, 0x00, 0xff, 0x68, 0x60, 0x00, 0xff,
    0x68, 0x5c, 0x00, 0xff, 0x68, 0x60, 0x08, 0xff, 0x68, 0x60, 0x00, 0xff,
    0x68, 0x5c, 0x00, 0xff, 0x68, 0x60, 0x00, 0x7d, 0xf8, 0xfc, 0xf8, 0x00,
    0xf8, 0xfc, 0xf8, 0x00, 0x68, 0x60, 0x00, 0x7d, 0x68, 0x60, 0x08, 0xff,
    0x68, 0x60, 0x00, 0xff, 0x68, 0x5c, 0x00, 0xff, 0x68, 0x60, 0x08, 0xff,
    0x68, 0x5c, 0x00, 0xff, 0x68, 0x60, 0x00, 0xff, 0x68, 0x5c, 0x00, 0xff,
    0x68, 0x60, 0x00, 0xff, 0x68, 0x60, 0x08, 0xff, 0x68, 0x5c, 0x00, 0xff,
    0x68, 0x60, 0x08, 0xff, 0x68, 0x60, 0x00, 0xff, 0x68, 0x60, 0x00, 0xff,
    0x68, 0x60, 0x00, 0xff, 0x68, 0x60, 0x00, 0xff, 0x68, 0x60, 0x00, 0xff,
    0x68, 0x5c, 0x08, 0xff, 0x68, 0x60, 0x00, 0x41, 0x68, 0x60, 0x00, 0x82,
    0x68, 0x60, 0x00, 0xff, 0x68, 0x60, 0x00, 0xff, 0x68, 0x5c, 0x00, 0xff,
    0x68, 0x60, 0x08, 0xff, 0x68, 0x60, 0x00, 0xff, 0x68, 0x5c, 0x00, 0xff,
    0x68, 0x60, 0x08, 0xff, 0x68, 0x60, 0x00, 0xff, 0x68, 0x60, 0x00, 0xff,
    0x68, 0x60, 0x00, 0xff, 0x68, 0x60, 0x00, 0xff, 0x68, 0x60, 0x00, 0xff,
    0x68, 0x5c, 0x00, 0xff, 0x68, 0x60, 0x08, 0xff, 0x68, 0x60, 0x00, 0xff,
    0x68, 0x60, 0x00, 0xff, 0x68, 0x60, 0x08, 0xff, 0x68, 0x5c, 0x00, 0x41,
    0x68, 0x60, 0x00, 0x82, 0x68, 0x60, 0x00, 0xff, 0x68, 0x60, 0x00, 0xff,
    0x68, 0x60, 0x08, 0xff, 0x68, 0x60, 0x00, 0xff, 0x68, 0x5c, 0x00, 0xff,
    0x68, 0x60, 0x08, 0xff, 0x68, 0x60, 0x00, 0xff, 0x68, 0x5c, 0x00, 0xff,
    0x68, 0x60, 0x00, 0xff, 0x68, 0x60, 0x00, 0xff, 0x68, 0x5c, 0x00, 0xff,
    0x68, 0x60, 0x08, 0xff, 0x68, 0x60, 0x00, 0xff, 0x68, 0x60, 0x00, 0xff,
    0x68, 0x60, 0x08, 0xff, 0x68, 0x60, 0x00, 0xff, 0x68, 0x5c, 0x00, 0xff,
    0x68, 0x60, 0x00, 0x41, 0x68, 0x60, 0x00, 0x82, 0x68, 0x5c, 0x00, 0xff,
    0x68, 0x60, 0x08, 0xff, 0x68, 0x60, 0x00, 0xff, 0x68, 0x60, 0x00, 0xff,
    0x68, 0x60, 0x08, 0xff, 0x68, 0x60, 0x00, 0xff, 0x68, 0x60, 0x00, 0xff,
    0x68, 0x5c, 0x00, 0xff, 0x68, 0x60, 0x00, 0xff, 0x68, 0x5c, 0x00, 0xff,
    0x68, 0x60, 0x08, 0xff, 0x68, 0x5c, 0x00, 0xff, 0x68, 0x60, 0x00, 0xff,
    0x68, 0x60, 0x08, 0xff, 0x68, 0x5c, 0x00, 0xff, 0x68, 0x60, 0x00, 0xff,
    0x68, 0x60, 0x00, 0xff, 0x68, 0x60, 0x00, 0x41, 0x68, 0x60, 0x00, 0x41,
    0x68, 0x60, 0x08, 0xff, 0x68, 0x60, 0x00, 0xff, 0x68, 0x5c, 0x00, 0xff,
    0x68, 0x60, 0x08, 0xff, 0x68, 0x60, 0x00, 0xff, 0x68, 0x5c, 0x00, 0xff,
    0x68, 0x60, 0x00, 0xff, 0x68, 0x60, 0x00, 0xff, 0x68, 0x60, 0x00, 0xff,
    0x68, 0x60, 0x08, 0xff, 0x68, 0x60, 0x00, 0xff, 0x68, 0x60, 0x00, 0xff,
    0x68, 0x5c, 0x08, 0xff, 0x68, 0x60, 0x00, 0xff, 0x68, 0x5c, 0x00, 0xff,
    0x68, 0x60, 0x00, 0xff, 0x68, 0x5c, 0x00, 0xff, 0x68, 0x60, 0x00, 0x3c,
    0x68, 0x60, 0x08, 0x41, 0x68, 0x5c, 0x00, 0xff, 0x68, 0x60, 0x00, 0xff,
    0x68, 0x60, 0x08, 0xff, 0x68, 0x60, 0x00, 0xff, 0x68, 0x60, 0x00, 0xff,
    0x68, 0x60, 0x00, 0xff, 0x68, 0x60, 0x00, 0xff, 0x68, 0x5c, 0x00, 0xff,
    0x68, 0x60, 0x08, 0xff, 0x68, 0x60, 0x00, 0xff, 0x68, 0x5c, 0x00, 0xff,
    0x68, 0x60, 0x08, 0xff, 0x68, 0x60, 0x00, 0xff, 0x68, 0x60, 0x00, 0xff,
    0x68, 0x60, 0x00, 0xff, 0x68, 0x60, 0x00, 0xff, 0x68, 0x60, 0x00, 0xff,
    0x68, 0x5c, 0x08, 0x3c, 0x68, 0x60, 0x00, 0x41, 0x68, 0x5c, 0x00, 0xff,
    0x68, 0x60, 0x08, 0xff, 0x68, 0x5c, 0x00, 0xff, 0x68, 0x60, 0x00, 0xff,
    0x68, 0x60, 0x00, 0xff, 0x68, 0x5c, 0x00, 0xff, 0x68, 0x60, 0x00, 0xff,
    0x68, 0x60, 0x08, 0xff, 0x68, 0x60, 0x00, 0xff, 0x68, 0x60, 0x00, 0xff,
    0x68, 0x60, 0x08, 0xff, 0x68, 0x60, 0x00, 0xff, 0x68, 0x5c, 0x00, 0xff,
    0x68, 0x60, 0x00, 0xff, 0x68, 0x60, 0x00, 0xff, 0x68, 0x5c, 0x00, 0xff,
    0x68, 0x60, 0x08, 0xff, 0x68, 0x60, 0x00, 0x82, 0x68, 0x60, 0x00, 0x41,
    0x68, 0x60, 0x08, 0xff, 0x68, 0x60, 0x00, 0xff, 0x68, 0x60, 0x00, 0xff,
    0x68, 0x5c, 0x00, 0xff, 0x68, 0x60, 0x00, 0xff, 0x68, 0x5c, 0x00, 0xff,
    0x68, 0x60, 0x08, 0xff, 0x68, 0x5c, 0x00, 0xff, 0x68, 0x60, 0x00, 0xff,
    0x68, 0x60, 0x08, 0xff, 0x68, 0x5c, 0x00, 0xff, 0x68, 0x60, 0x00, 0xff,
    0x68, 0x60, 0x00, 0xff, 0x68, 0x60, 0x00, 0xff, 0x68, 0x60, 0x00, 0xff,
    0x68, 0x60, 0x08, 0xff, 0x68, 0x60, 0x00, 0xff, 0x68, 0x5c, 0x00, 0x82,
    0x68, 0x60, 0x08, 0x41, 0x68, 0x60, 0x00, 0xff, 0x68, 0x5c, 0x00, 0xff,
    0x68, 0x60, 0x00, 0xff, 0x68, 0x60, 0x00, 0xff, 0x68, 0x60, 0x00, 0xff,
    0x68, 0x60, 0x08, 0xff, 0x68, 0x60, 0x00, 0xff, 0x68, 0x60, 0x00, 0xff,
    0x68, 0x5c, 0x08, 0xff, 0x68, 0x60, 0x00, 0xff, 0x68, 0x5c, 0x00, 0xff,
    0x68, 0x60, 0x00, 0xff, 0x68, 0x5c, 0x00, 0xff, 0x68, 0x60, 0x00, 0xff,
    0x68, 0x60, 0x08, 0xff, 0x68, 0x5c, 0x00, 0xff, 0x68, 0x60, 0x00, 0xff,
    0x68, 0x60, 0x08, 0x82, 0x68, 0x60, 0x00, 0x41, 0x68, 0x60, 0x00, 0xff,
    0x68, 0x60, 0x00, 0xff, 0x68, 0x60, 0x00, 0xff, 0x68, 0x60, 0x00, 0xff,
    0x68, 0x5c, 0x08, 0xff, 0x68, 0x60, 0x00, 0xff, 0x68, 0x60, 0x00, 0xff,
    0x68, 0x60, 0x00, 0xff, 0x68, 0x60, 0x00, 0xff, 0x68, 0x60, 0x08, 0xff,
    0x68, 0x60, 0x00, 0xff, 0x68, 0x60, 0x00, 0xff, 0x68, 0x5c, 0x00, 0xff,
    0x68, 0x60, 0x08, 0xff, 0x68, 0x60, 0x00, 0xff, 0x68, 0x60, 0x00, 0xff,
    0x68, 0x60, 0x00, 0xff, 0x68, 0x5c, 0x08, 0x82, 0xf8, 0xfc, 0xf8, 0x00,
    0xf8, 0xfc, 0xf8, 0x00, 0x68, 0x5c, 0x00, 0x82, 0x68, 0x60, 0x08, 0xff,
    0x68, 0x60, 0x00, 0xff, 0x68, 0x60, 0x00, 0xff, 0x68, 0x60, 0x08, 0xff,
    0x68, 0x60, 0x00, 0xff, 0x68, 0x5c, 0x00, 0xff, 0x68, 0x60, 0x08, 0xff,
    0x68, 0x60, 0x00, 0xff, 0x68, 0x5c, 0x00, 0xff, 0x68, 0x60, 0x00, 0xff,
    0x68, 0x60, 0x00, 0xff, 0x68, 0x5c, 0x08, 0xff, 0x68, 0x5c, 0x00, 0xff,
    0x68, 0x60, 0x08, 0xff, 0x68, 0x60, 0x00, 0xff, 0x68, 0x5c, 0x00, 0xff,
    0x68, 0x60, 0x00, 0xff, 0x68, 0x60, 0x00, 0x41, 0x68, 0x5c, 0x08, 0x7d,
    0x68, 0x60, 0x00, 0xff, 0x68, 0x60, 0x00, 0xff, 0x68, 0x60, 0x00, 0xff,
    0x68, 0x5c, 0x00, 0xff, 0x68, 0x60, 0x00, 0xff, 0x68, 0x60, 0x00, 0xff,
    0x68, 0x5c, 0x08, 0xff, 0x68, 0x60, 0x00, 0xff, 0x68, 0x5c, 0x00, 0xff,
    0x68, 0x60, 0x08, 0xff, 0x68, 0x60, 0x00, 0xff, 0x68, 0x5c, 0x00, 0xff,
    0x68, 0x60, 0x08, 0xff, 0x68, 0x60, 0x00, 0xff, 0x68, 0x5c, 0x00, 0xff,
    0x68, 0x60, 0x00, 0xff, 0x68, 0x60, 0x00, 0xff, 0x68, 0x5c, 0x08, 0x41,
    0x68, 0x60, 0x00, 0x7d, 0x68, 0x60, 0x00, 0xff, 0x68, 0x5c, 0x00, 0xff,
    0x68, 0x60, 0x00, 0xff, 0x68, 0x60, 0x00, 0xff, 0x68, 0x60, 0x00, 0xff,
    0x68, 0x60, 0x08, 0xff, 0x68, 0x5c, 0x00, 0xff, 0x68, 0x60, 0x00, 0xff,
    0x68, 0x60, 0x08, 0xff, 0x68, 0x5c, 0x00, 0xff, 0x68, 0x60, 0x00, 0xff,
    0x68, 0x60, 0x00, 0xff, 0x68, 0x5c, 0x00, 0xff, 0x68, 0x60, 0x00, 0xff,
    0x68, 0x60, 0x08, 0xff, 0x68, 0x5c, 0x00, 0xff, 0x68, 0x60, 0x00, 0xff,
    0x68, 0x60, 0x08, 0x41, 0x68, 0x60, 0x00, 0x7d, 0x68, 0x60, 0x00, 0xff,
    0x68, 0x60, 0x00, 0xff, 0x68, 0x5c, 0x00, 0xff, 0x68, 0x60, 0x00, 0xff,
    0x68, 0x60, 0x08, 0xff, 0x68, 0x5c, 0x00, 0xff, 0x68, 0x60, 0x00, 0xff,
    0x68, 0x60, 0x08, 0xff, 0x68, 0x60, 0x00, 0xff, 0x68, 0x60, 0x00, 0xff,
    0x68, 0x5c, 0x00, 0xff, 0x68, 0x60, 0x00, 0xff, 0x68, 0x60, 0x00, 0xff,
    0x68, 0x5c, 0x08, 0xff, 0x68, 0x60, 0x00, 0xff, 0x68, 0x60, 0x00, 0xff,
    0x68, 0x5c, 0x08, 0xff, 0x68, 0x60, 0x00, 0x41, 0x68, 0x5c, 0x00, 0x41,
    0x68, 0x60, 0x00, 0xfb, 0x68, 0x60, 0x00, 0xff, 0x68, 0x60, 0x00, 0xff,
    0x68, 0x60, 0x08, 0xff, 0x68, 0x60, 0x00, 0xff, 0x68, 0x60, 0x00, 0xff,
    0x68, 0x60, 0x08, 0xff, 0x68, 0x5c, 0x00, 0xff, 0x68, 0x60, 0x00, 0xff,
    0x68, 0x60, 0x00, 0xff, 0x68, 0x5c, 0x00, 0xff, 0x68, 0x60, 0x00, 0xff,
    0x68, 0x60, 0x08, 0xff, 0x68, 0x60, 0x00, 0xff, 0x68, 0x60, 0x00, 0xff,
    0x68, 0x5c, 0x08, 0xff, 0x68, 0x60, 0x00, 0xff, 0x68, 0x60, 0x00, 0x41,
    0x68, 0x5c, 0x00, 0x41, 0x68, 0x60, 0x00, 0xff, 0x68, 0x60, 0x00, 0xff,
    0x68, 0x5c, 0x08, 0xff, 0x68, 0x60, 0x00, 0xff, 0x68, 0x5c, 0x00, 0xff,
    0x68, 0x60, 0x08, 0xff, 0x68, 0x60, 0x00, 0xff, 0x68, 0x60, 0x00, 0xff,
    0x68, 0x60, 0x00, 0xff, 0x68, 0x60, 0x00, 0xff, 0x68, 0x60, 0x00, 0xff,
    0x68, 0x60, 0x08, 0xff, 0x68, 0x5c, 0x00, 0xff, 0x68, 0x60, 0x00, 0xff,
    0x68, 0x60, 0x08, 0xff, 0x68, 0x5c, 0x00, 0xff, 0x68, 0x60, 0x00, 0xff,
    0x68, 0x60, 0x00, 0x41, 0x68, 0x60, 0x00, 0x41, 0x68, 0x60, 0x00, 0xff,
    0x68, 0x5c, 0x08, 0xff, 0x68, 0x60, 0x00, 0xff, 0x68, 0x60, 0x00, 0xff,
    0x68, 0x5c, 0x08, 0xff, 0x68, 0x60, 0x00, 0xff, 0x68, 0x60, 0x00, 0xff,
    0x68, 0x5c, 0x00, 0xff, 0x68, 0x60, 0x00, 0xff, 0x68, 0x5c, 0x00, 0xff,
    0x68, 0x60, 0x08, 0xff, 0x68, 0x60, 0x00, 0xff, 0x68, 0x60, 0x00, 0xff,
    0x68, 0x60, 0x08, 0xff, 0x68, 0x60, 0x00, 0xff, 0x68, 0x60, 0x00, 0xff,
    0x68, 0x60, 0x00, 0xff, 0x68, 0x5c, 0x00, 0x7d, 0x68, 0x60, 0x00, 0x41,
    0x68, 0x60, 0x08, 0xff, 0x68, 0x5c, 0x00, 0xff, 0x68, 0x60, 0x00, 0xff,
    0x68, 0x60, 0x08, 0xff, 0x68, 0x60, 0x00, 0xff, 0x68, 0x60, 0x00, 0xff,
    0x68, 0x5c, 0x00, 0xff, 0x68, 0x60, 0x00, 0xff, 0x68, 0x60, 0x00, 0xff,
    0x68, 0x5c, 0x08, 0xff, 0x68, 0x60, 0x00, 0xff, 0x68, 0x60, 0x00, 0xff,
    0x68, 0x5c, 0x08, 0xff, 0x68, 0x60, 0x00, 0xff, 0x68, 0x5c, 0x00, 0xff,
    0x68, 0x60, 0x00, 0xff, 0x68, 0x60, 0x00, 0xff, 0x68, 0x60, 0x00, 0x7d,
    0x68, 0x60, 0x08, 0x41, 0x68, 0x60, 0x00, 0xff, 0x68, 0x60, 0x00, 0xff,
    0x68, 0x60, 0x08, 0xff, 0x68, 0x5c, 0x00, 0xff, 0x68, 0x60, 0x00, 0xff,
    0x68, 0x60, 0x00, 0xff, 0x68, 0x5c, 0x00, 0xff, 0x68, 0x60, 0x00, 0xff,
    0x68, 0x60, 0x08, 0xff, 0x68, 0x60, 0x00, 0xff, 0x68, 0x60, 0x00, 0xff,
    0x68, 0x5c, 0x08, 0xff, 0x68, 0x60, 0x00, 0xff, 0x68, 0x60, 0x00, 0xff,
    0x68, 0x5c, 0x00, 0xff, 0x68, 0x60, 0x00, 0xff, 0x68, 0x60, 0x00, 0xff,
    0x68, 0x5c, 0x08, 0x7d, 0x68, 0x60, 0x00, 0x41, 0x68, 0x5c, 0x00, 0xff,
    0x68, 0x60, 0x08, 0xff, 0x68, 0x60, 0x00, 0xff, 0x68, 0x60, 0x00, 0xff,
    0x68, 0x60, 0x00, 0xff, 0x68, 0x5c, 0x08, 0xff, 0x68, 0x60, 0x00, 0xff,
    0x68, 0x60, 0x00, 0xff, 0x68, 0x5c, 0x00, 0xff, 0x68, 0x60, 0x00, 0xff,
    0x68, 0x60, 0x00, 0xff, 0x68, 0x5c, 0x00, 0xff, 0x68, 0x60, 0x08, 0xff,
    0x68, 0x60, 0x00, 0xff, 0x68, 0x60, 0x00, 0xff, 0x68, 0x5c, 0x00, 0xff,
    0x68, 0x60, 0x08, 0xff, 0x68, 0x60, 0x00, 0x82, 0xf8, 0xfc, 0xf8, 0x00,
    0xf8, 0xfc, 0xf8, 0x00, 0x68, 0x60, 0x00, 0x82, 0x68, 0x60, 0x00, 0xff,
    0x68, 0x5c, 0x00, 0xff, 0x68, 0x60, 0x00, 0xff, 0x68, 0x60, 0x00, 0xff,
    0x68, 0x60, 0x00, 0xff, 0x68, 0x60, 0x00, 0xff, 0x68, 0x60, 0x08, 0xff,
    0x68, 0x60, 0x00, 0xff, 0x68, 0x60, 0x00, 0xff, 0x68, 0x60, 0x00, 0xff,
    0x68, 0x60, 0x00, 0xff, 0x68, 0x60, 0x00, 0xff, 0x68, 0x60, 0x00, 0xff,
    0x68, 0x5c, 0x08, 0xff, 0x68, 0x60, 0x00, 0xff, 0x68, 0x60, 0x00, 0xff,
    0x68, 0x60, 0x08, 0xff, 0x68, 0x60, 0x00, 0x41, 0x68, 0x60, 0x00, 0x7d,
    0x68, 0x5c, 0x08, 0xff, 0x68, 0x60, 0x00, 0xff, 0x68, 0x60, 0x08, 0xff,
    0x68, 0x60, 0x00, 0xff, 0x68, 0x60, 0x00, 0xff, 0x68, 0x60, 0x08, 0xff,
    0x68, 0x60, 0x00, 0xff, 0x68, 0x5c, 0x00, 0xff, 0x68, 0x60, 0x00, 0xff,
    0x68, 0x60, 0x08, 0xff, 0x68, 0x5c, 0x00, 0xff, 0x68, 0x60, 0x00, 0xff,
    0x68, 0x60, 0x00, 0xff, 0x68, 0x60, 0x00, 0xff, 0x68, 0x5c, 0x08, 0xff,
    0x68, 0x60, 0x00, 0xff, 0x68, 0x60, 0x00, 0xff, 0x68, 0x60, 0x00, 0x41,
    0x68, 0x60, 0x08, 0x7d, 0x68, 0x5c, 0x00, 0xff, 0x68, 0x60, 0x08, 0xff,
    0x68, 0x60, 0x00, 0xff, 0x68, 0x5c, 0x00, 0xff, 0x68, 0x60, 0x08, 0xff,
    0x68, 0x60, 0x00, 0xff, 0x68, 0x60, 0x00, 0xff, 0x68, 0x60, 0x00, 0xff,
    0x68, 0x60, 0x08, 0xff, 0x68, 0x5c, 0x00, 0xff, 0x68, 0x60, 0x00, 0xff,
    0x68, 0x60, 0x08, 0xff, 0x68, 0x5c, 0x00, 0xff, 0x68, 0x60, 0x00, 0xff,
    0x68, 0x60, 0x00, 0xff, 0x68, 0x60, 0x00, 0xff, 0x68, 0x60, 0x08, 0xff,
    0x68, 0x5c, 0x00, 0x41, 0x68, 0x60, 0x00, 0x7d, 0x68, 0x60, 0x08, 0xff,
    0x68, 0x5c, 0x00, 0xff, 0x68, 0x60, 0x00, 0xff, 0x68, 0x60, 0x08, 0xff,
    0x68, 0x5c, 0x00, 0xff, 0x68, 0x60, 0x00, 0xff, 0x68, 0x60, 0x00, 0xff,
    0x68, 0x60, 0x08, 0xff, 0x68, 0x5c, 0x00, 0xff, 0x68, 0x60, 0x00, 0xff,
    0x68, 0x60, 0x08, 0xff, 0x68, 0x60, 0x00, 0xff, 0x68, 0x60, 0x00, 0xff,
    0x68, 0x60, 0x00, 0xff, 0x68, 0x60, 0x00, 0xff, 0x68, 0x60, 0x08, 0xff,
    0x68, 0x60, 0x00, 0xff, 0x68, 0x5c, 0x00, 0x41, 0x68, 0x60, 0x08, 0x41,
    0x68, 0x60, 0x00, 0xff, 0x68, 0x5c, 0x00, 0xff, 0x68, 0x60, 0x08, 0xff,
    0x68, 0x5c, 0x00, 0xff, 0x68, 0x60, 0x00, 0xff, 0x68, 0x60, 0x00, 0xff,
    0x68, 0x5c, 0x08, 0xff, 0x68, 0x60, 0x00, 0xff, 0x68, 0x60, 0x00, 0xff,
    0x68, 0x5c, 0x08, 0xff, 0x68, 0x60, 0x00, 0xff, 0x68, 0x60, 0x00, 0xff,
    0x68, 0x60, 0x00, 0xff, 0x68, 0x5c, 0x00, 0xff, 0x68, 0x60, 0x08, 0xff,
    0x68, 0x60, 0x00, 0xff, 0x68, 0x60, 0x00, 0xff, 0x68, 0x60, 0x08, 0x41,
    0x68, 0x60, 0x00, 0x41, 0x68, 0x60, 0x00, 0xff, 0x68, 0x60, 0x08, 0xff,
    0x68, 0x60, 0x00, 0xff, 0x68, 0x5c, 0x00, 0xff, 0x68, 0x60, 0x00, 0xff,
    0x68, 0x60, 0x08, 0xff, 0x68, 0x5c, 0x00, 0xff, 0x68, 0x60, 0x00, 0xff,
    0x68, 0x5c, 0x08, 0xff, 0x68, 0x60, 0x00, 0xff, 0x68, 0x60, 0x00, 0xff,
    0x68, 0x5c, 0x00, 0xff, 0x68, 0x60, 0x00, 0xff, 0x68, 0x60, 0x08, 0xff,
    0x68, 0x5c, 0x00, 0xff, 0x68, 0x60, 0x00, 0xff, 0x68, 0x60, 0x08, 0xff,
    0x68, 0x60, 0x00, 0x41, 0x68, 0x5c, 0x00, 0x41, 0x68, 0x60, 0x08, 0xff,
    0x68, 0x60, 0x00, 0xff, 0x68, 0x60, 0x00, 0xff, 0x68, 0x60, 0x00, 0xff,
    0x68, 0x60, 0x08, 0xff, 0x68, 0x60, 0x00, 0xff, 0x68, 0x60, 0x00, 0xff,
    0x68, 0x60, 0x08, 0xff, 0x68, 0x5c, 0x00, 0xff, 0x68, 0x60, 0x00, 0xff,
    0x68, 0x60, 0x00, 0xff, 0x68, 0x5c, 0x00, 0xff, 0x68, 0x60, 0x08, 0xff,
    0x68, 0x5c, 0x00, 0xff, 0x68, 0x60, 0x00, 0xff, 0x68, 0x60, 0x08, 0xff,
    0x68, 0x5c, 0x00, 0xff, 0x68, 0x60, 0x00, 0x7d, 0x68, 0x60, 0x08, 0x41,
    0x68, 0x5c, 0x00, 0xff, 0x68, 0x60, 0x00, 0xff, 0x68, 0x60, 0x00, 0xff,
    0x68, 0x60, 0x08, 0xff, 0x68, 0x5c, 0x00, 0xff, 0x68, 0x60, 0x00, 0xff,
    0x68, 0x60, 0x08, 0xff, 0x68, 0x60, 0x00, 0xff, 0x68, 0x60, 0x00, 0xff,
    0x68, 0x60, 0x00, 0xff, 0x68, 0x60, 0x00, 0xff, 0x68, 0x60, 0x08, 0xff,
    0x68, 0x60, 0x00, 0xff, 0x68, 0x5c, 0x00, 0xff, 0x68, 0x60, 0x08, 0xff,
    0x68, 0x60, 0x00, 0xff, 0x68, 0x5c, 0x00, 0xff, 0x68, 0x60, 0x08, 0x7d,
    0x68, 0x5c, 0x00, 0x41, 0x68, 0x60, 0x00, 0xff, 0x68, 0x60, 0x00, 0xff,
    0x68, 0x5c, 0x08, 0xff, 0x68, 0x60, 0x00, 0xff, 0x68, 0x60, 0x00, 0xff,
    0x68, 0x5c, 0x08, 0xff, 0x68, 0x60, 0x00, 0xff, 0x68, 0x60, 0x00, 0xff,
    0x68, 0x60, 0x00, 0xff, 0x68, 0x5c, 0x00, 0xff, 0x68, 0x60, 0x08, 0xff,
    0x68, 0x60, 0x00, 0xff, 0x68, 0x60, 0x00, 0xff, 0x68, 0x60, 0x08, 0xff,
    0x68, 0x60, 0x00, 0xff, 0x68, 0x60, 0x00, 0xff, 0x68, 0x60, 0x08, 0xff,
    0x68, 0x60, 0x00, 0x7d, 0x68, 0x5c, 0x00, 0x41, 0x68, 0x60, 0x00, 0xff,
    0x68, 0x60, 0x08, 0xff, 0x68, 0x5c, 0x00, 0xff, 0x68, 0x60, 0x00, 0xff,
    0x68, 0x60, 0x00, 0xff, 0x68, 0x60, 0x00, 0xff, 0x68, 0x5c, 0x08, 0xff,
    0x68, 0x60, 0x00, 0xff, 0x68, 0x60, 0x08, 0xff, 0x68, 0x5c, 0x00, 0xff,
    0x68, 0x60, 0x00, 0xff, 0x68, 0x60, 0x08, 0xff, 0x68, 0x60, 0x00, 0xff,
    0x68, 0x60, 0x00, 0xff, 0x68, 0x5c, 0x00, 0xff, 0x68, 0x60, 0x08, 0xff,
    0x68, 0x60, 0x00, 0xff, 0x68, 0x60, 0x00, 0x7d, 0xf8, 0xfc, 0xf8, 0x00,
    0xf8, 0xfc, 0xf8, 0x00, 0x68, 0x60, 0x00, 0x7d, 0x68, 0x60, 0x00, 0xff,
    0x68, 0x5c, 0x08, 0xff, 0x68, 0x60, 0x00, 0xff, 0x68, 0x5c, 0x08, 0xff,
    0x68, 0x60, 0x00, 0xff, 0x68, 0x60, 0x00, 0xff, 0x68, 0x5c, 0x00, 0xff,
    0x68, 0x60, 0x08, 0xff, 0x68, 0x5c, 0x00, 0xff, 0x68, 0x5c, 0x08, 0xff,
    0x68, 0x60, 0x08, 0xff, 0x68, 0x60, 0x00, 0xff, 0x68, 0x60, 0x00, 0xff,
    0x68, 0x60, 0x00, 0xff, 0x68, 0x5c, 0x00, 0xff, 0x68, 0x60, 0x08, 0xff,
    0x68, 0x60, 0x00, 0xff, 0x68, 0x5c, 0x00, 0x41, 0x68, 0x60, 0x00, 0x82,
    0x68, 0x60, 0x00, 0xff, 0x68, 0x5c, 0x00, 0xff, 0x68, 0x60, 0x08, 0xff,
    0x68, 0x5c, 0x00, 0xff, 0x68, 0x60, 0x00, 0xff, 0x68, 0x60, 0x00, 0xff,
    0x68, 0x5c, 0x00, 0xff, 0x68, 0x60, 0x00, 0xff, 0x68, 0x60, 0x08, 0xff,
    0x68, 0x60, 0x00, 0xff, 0x68, 0x60, 0x00, 0xff, 0x68, 0x60, 0x08, 0xff,
    0x68, 0x60, 0x00, 0xff, 0x68, 0x60, 0x00, 0xff, 0x68, 0x60, 0x08, 0xff,
    0x68, 0x5c, 0x00, 0xff, 0x68, 0x60, 0x00, 0xff, 0x68, 0x60, 0x00, 0x41,
    0x68, 0x5c, 0x00, 0x82, 0x68, 0x60, 0x00, 0xff, 0x68, 0x60, 0x08, 0xff,
    0x68, 0x60, 0x00, 0xff, 0x68, 0x5c, 0x00, 0xff, 0x68, 0x60, 0x00, 0xff,
    0x68, 0x60, 0x00, 0xff, 0x68, 0x5c, 0x00, 0xff, 0x68, 0x60, 0x08, 0xff,
    0x68, 0x60, 0x00, 0xff, 0x68, 0x60, 0x00, 0xff, 0x68, 0x60, 0x08, 0xff,
    0x68, 0x60, 0x00, 0xff, 0x68, 0x60, 0x08, 0xff, 0x68, 0x5c, 0x00, 0xff,
    0x68, 0x60, 0x00, 0xff, 0x68, 0x60, 0x08, 0xff, 0x68, 0x5c, 0x00, 0xff,
    0x68, 0x60, 0x00, 0x41, 0x68, 0x60, 0x00, 0x82, 0x68, 0x5c, 0x08, 0xff,
    0x68, 0x60, 0x00, 0xff, 0x68, 0x60, 0x00, 0xff, 0x68, 0x60, 0x00, 0xff,
    0x68, 0x60, 0x00, 0xff, 0x68, 0x60, 0x00, 0xff, 0x68, 0x5c, 0x08, 0xff,
    0x68, 0x60, 0x00, 0xff, 0x68, 0x60, 0x00, 0xff, 0x68, 0x60, 0x08, 0xff,
    0x68, 0x60, 0x00, 0xff, 0x68, 0x5c, 0x08, 0xff, 0x68, 0x60, 0x00, 0xff,
    0x68, 0x5c, 0x00, 0xff, 0x68, 0x60, 0x08, 0xff, 0x68, 0x60, 0x00, 0xff,
    0x68, 0x5c, 0x00, 0xff, 0x68, 0x60, 0x00, 0x3c, 0x68, 0x60, 0x08, 0x41,
    0x68, 0x60, 0x00, 0xff, 0x68, 0x60, 0x00, 0xff, 0x68, 0x5c, 0x00, 0xff,
    0x68, 0x60, 0x00, 0xff, 0x68, 0x60, 0x00, 0xff, 0x68, 0x5c, 0x08, 0xff,
    0x68, 0x60, 0x00, 0xff, 0x68, 0x60, 0x00, 0xff, 0x68, 0x60, 0x08, 0xff,
    0x68, 0x60, 0x00, 0xff, 0x68, 0x60, 0x08, 0xff, 0x68, 0x5c, 0x00, 0xff,
    0x68, 0x60, 0x00, 0xff, 0x68, 0x60, 0x08, 0xff, 0x68, 0x60, 0x00, 0xff,
    0x68, 0x60, 0x00, 0xff, 0x68, 0x5c, 0x00, 0xff, 0x68, 0x60, 0x08, 0x41,
    0x68, 0x5c, 0x00, 0x3c, 0x68, 0x60, 0x00, 0xff, 0x68, 0x60, 0x00, 0xff,
    0x68, 0x5c, 0x00, 0xff, 0x68, 0x60, 0x00, 0xff, 0x68, 0x60, 0x08, 0xff,
    0x68, 0x60, 0x00, 0xff, 0x68, 0x60, 0x00, 0xff, 0x68, 0x5c, 0x08, 0xff,
    0x68, 0x60, 0x00, 0xff, 0x68, 0x60, 0x08, 0xff, 0x68, 0x5c, 0x00, 0xff,
    0x68, 0x60, 0x00, 0xff, 0x68, 0x60, 0x08, 0xff, 0x68, 0x60, 0x00, 0xff,
    0x68, 0x60, 0x00, 0xff, 0x68, 0x60, 0x00, 0xff, 0x68, 0x5c, 0x08, 0xff,
    0x68, 0x60, 0x00, 0x41, 0x68, 0x60, 0x00, 0x3c, 0x68, 0x60, 0x00, 0xff,
    0x68, 0x60, 0x00, 0xff, 0x68, 0x5c, 0x00, 0xff, 0x68, 0x60, 0x08, 0xff,
    0x68, 0x5c, 0x00, 0xff, 0x68, 0x60, 0x00, 0xff, 0x68, 0x60, 0x08, 0xff,
    0x68, 0x5c, 0x00, 0xff, 0x68, 0x60, 0x08, 0xff, 0x68, 0x60, 0x00, 0xff,
    0x68, 0x60, 0x00, 0xff, 0x68, 0x60, 0x08, 0xff, 0x68, 0x5c, 0x00, 0xff,
    0x68, 0x60, 0x00, 0xff, 0x68, 0x60, 0x00, 0xff, 0x68, 0x5c, 0x08, 0xff,
    0x68, 0x60, 0x00, 0xff, 0x68, 0x60, 0x00, 0x82, 0x68, 0x60, 0x00, 0x41,
    0x68, 0x60, 0x00, 0xff, 0x68, 0x60, 0x00, 0xff, 0x68, 0x5c, 0x08, 0xff,
    0x68, 0x60, 0x00, 0xff, 0x68, 0x60, 0x00, 0xff, 0x68, 0x60, 0x08, 0xff,
    0x68, 0x60, 0x00, 0xff, 0x68, 0x5c, 0x08, 0xff, 0x68, 0x60, 0x00, 0xff,
    0x68, 0x5c, 0x00, 0xff, 0x68, 0x60, 0x08, 0xff, 0x68, 0x60, 0x00, 0xff,
    0x68, 0x5c, 0x00, 0xff, 0x68, 0x60, 0x00, 0xff, 0x68, 0x60, 0x08, 0xff,
    0x68, 0x60, 0x00, 0xff, 0x68, 0x60, 0x00, 0xff, 0x68, 0x5c, 0x00, 0x82,
    0x68, 0x60, 0x00, 0x41, 0x68, 0x60, 0x00, 0xff, 0x68, 0x5c, 0x08, 0xff,
    0x68, 0x60, 0x00, 0xff, 0x68, 0x60, 0x00, 0xff, 0x68, 0x60, 0x08, 0xff,
    0x68, 0x60, 0x00, 0xff, 0x68, 0x60, 0x08, 0xff, 0x68, 0x5c, 0x00, 0xff,
    0x68, 0x60, 0x00, 0xff, 0x68, 0x60, 0x08, 0xff, 0x68, 0x60, 0x00, 0xff,
    0x68, 0x60, 0x00, 0xff, 0x68, 0x5c, 0x00, 0xff, 0x68, 0x60, 0x08, 0xff,
    0x68, 0x5c, 0x00, 0xff, 0x68, 0x60, 0x00, 0xff, 0x68, 0x60, 0x00, 0xff,
    0x68, 0x5c, 0x00, 0x82, 0x68, 0x60, 0x00, 0x41, 0x68, 0x60, 0x08, 0xff,
    0x68, 0x60, 0x00, 0xff, 0x68, 0x5c, 0x00, 0xff, 0x68, 0x60, 0x08, 0xff,
    0x68, 0x60, 0x00, 0xff, 0x68, 0x5c, 0x00, 0xff, 0x68, 0x60, 0x00, 0xff,
    0x68, 0x60, 0x00, 0xff, 0x68, 0x60, 0x08, 0xff, 0x68, 0x60, 0x00, 0xff,
    0x68, 0x5c, 0x00, 0xff, 0x68, 0x60, 0x08, 0xff, 0x68, 0x60, 0x00, 0xff,
    0x68, 0x5c, 0x00, 0xff, 0x68, 0x60, 0x08, 0xff, 0x68, 0x60, 0x00, 0xff,
    0x68, 0x5c, 0x00, 0xff, 0x68, 0x60, 0x00, 0x82, 0xf8, 0xfc, 0xf8, 0x00,
    0xf8, 0xfc, 0xf8, 0x00, 0x68, 0x60, 0x00, 0x82, 0x68, 0x60, 0x08, 0xff,
    0x68, 0x60, 0x00, 0xff, 0x68, 0x60, 0x00, 0xff, 0x68, 0x60, 0x08, 0xff,
    0x68, 0x5c, 0x00, 0xff, 0x68, 0x60, 0x00, 0xff, 0x68, 0x60, 0x00, 0xff,
    0x68, 0x60, 0x00, 0xff, 0x68, 0x60, 0x00, 0xff, 0x68, 0x60, 0x00, 0xff,
    0x68, 0x5c, 0x00, 0xff, 0x68, 0x60, 0x08, 0xff, 0x68, 0x60, 0x00, 0xff,
    0x68, 0x5c, 0x00, 0xff, 0x68, 0x60, 0x08, 0xff, 0x68, 0x60, 0x00, 0xff,
    0x68, 0x5c, 0x00, 0xff, 0x68, 0x60, 0x08, 0x41, 0x68, 0x60, 0x00, 0x7d,
    0x68, 0x60, 0x00, 0xff, 0x68, 0x60, 0x08, 0xff, 0x68, 0x60, 0x00, 0xff,
    0x68, 0x5c, 0x00, 0xff, 0x68, 0x60, 0x08, 0xff, 0x68, 0x60, 0x00, 0xff,
    0x68, 0x60, 0x00, 0xff, 0x68, 0x60, 0x08, 0xff, 0x68, 0x5c, 0x00, 0xff,
    0x68, 0x60, 0x00, 0xff, 0x68, 0x60, 0x00, 0xff, 0x68, 0x5c, 0x08, 0xff,
    0x68, 0x5c, 0x00, 0xff, 0x68, 0x60, 0x00, 0xff, 0x68, 0x60, 0x00, 0xff,
    0x68, 0x60, 0x08, 0xff, 0x68, 0x5c, 0x00, 0xff, 0x68, 0x60, 0x08, 0x41,
    0x68, 0x60, 0x00, 0x7d, 0x68, 0x60, 0x00, 0xff, 0x68, 0x60, 0x00, 0xff,
    0x68, 0x5c, 0x08, 0xff, 0x68, 0x60, 0x00, 0xff, 0x68, 0x60, 0x08, 0xff,
    0x68, 0x5c, 0x00, 0xff, 0x68, 0x60, 0x00, 0xff, 0x68, 0x5c, 0x00, 0xff,
    0x68, 0x60, 0x00, 0xff, 0x68, 0x5c, 0x00, 0xff, 0x68, 0x60, 0x00, 0xff,
    0x68, 0x60, 0x00, 0xff, 0x68, 0x60, 0x00, 0xff, 0x68, 0x5c, 0x08, 0xff,
    0x68, 0x60, 0x00, 0xff, 0x68, 0x60, 0x00, 0xff, 0x68, 0x60, 0x00, 0xff,
    0x68, 0x60, 0x00, 0x41, 0x68, 0x60, 0x08, 0x7d, 0x68, 0x60, 0x00, 0xff,
    0x68, 0x60, 0x00, 0xff, 0x68, 0x5c, 0x08, 0xff, 0x68, 0x60, 0x00, 0xff,
    0x68, 0x60, 0x00, 0xff, 0x68, 0x5c, 0x08, 0xff, 0x68, 0x60, 0x00, 0xff,
    0x68, 0x60, 0x00, 0xff, 0x68, 0x5c, 0x00, 0xff, 0x68, 0x60, 0x00, 0xff,
    0x68, 0x60, 0x00, 0xff, 0x68, 0x5c, 0x00, 0xff, 0x68, 0x60, 0x08, 0xff,
    0x68, 0x60, 0x00, 0xff, 0x68, 0x5c, 0x00, 0xff, 0x68, 0x60, 0x00, 0xff,
    0x68, 0x60, 0x00, 0xff, 0x68, 0x60, 0x08, 0x41, 0x68, 0x5c, 0x00, 0x41,
    0x68, 0x60, 0x00, 0xff, 0x68, 0x60, 0x08, 0xff, 0x68, 0x60, 0x00, 0xff,
    0x68, 0x60, 0x00, 0xff, 0x68, 0x60, 0x08, 0xff, 0x68, 0x60, 0x00, 0xff,
    0x68, 0x60, 0x00, 0xff, 0x68, 0x5c, 0x00, 0xff, 0x68, 0x60, 0x00, 0xff,
    0x68, 0x60, 0x00, 0xff, 0x68, 0x5c, 0x00, 0xff, 0x68, 0x60, 0x08, 0xff,
    0x68, 0x60, 0x00, 0xff, 0x68, 0x5c, 0x00, 0xff, 0x68, 0x60, 0x00, 0xff,
    0x68, 0x60, 0x00, 0xff, 0x68, 0x5c, 0x08, 0xff, 0x68, 0x60, 0x00, 0x41,
    0x68, 0x60, 0x00, 0x41, 0x68, 0x5c, 0x08, 0xff, 0x68, 0x60, 0x00, 0xff,
    0x68, 0x60, 0x00, 0xff, 0x68, 0x60, 0x08, 0xff, 0x68, 0x5c, 0x00, 0xff,
    0x68, 0x60, 0x00, 0xff, 0x68, 0x60, 0x00, 0xff, 0x68, 0x60, 0x00, 0xff,
    0x68, 0x60, 0x00, 0xff, 0x68, 0x60, 0x00, 0xff, 0x68, 0x60, 0x08, 0xff,
    0x68, 0x60, 0x00, 0xff, 0x68, 0x5c, 0x00, 0xff, 0x68, 0x60, 0x00, 0xff,
    0x68, 0x60, 0x00, 0xff, 0x68, 0x5c, 0x08, 0xff, 0x68, 0x60, 0x00, 0xff,
    0x68, 0x60, 0x00, 0x41, 0x68, 0x5c, 0x08, 0x41, 0x68, 0x60, 0x00, 0xff,
    0x68, 0x60, 0x00, 0xff, 0x68, 0x5c, 0x08, 0xff, 0x68, 0x60, 0x00, 0xff,
    0x68, 0x60, 0x00, 0xff, 0x68, 0x5c, 0x00, 0xff, 0x68, 0x60, 0x00, 0xff,
    0x68, 0x60, 0x00, 0xff, 0x68, 0x60, 0x00, 0xff, 0x68, 0x5c, 0x08, 0xff,
    0x68, 0x60, 0x00, 0xff, 0x68, 0x60, 0x00, 0xff, 0x68, 0x60, 0x00, 0xff,
    0x68, 0x60, 0x00, 0xff, 0x68, 0x60, 0x08, 0xff, 0x68, 0x60, 0x00, 0xff,
    0x68, 0x60, 0x00, 0xff, 0x68, 0x5c, 0x08, 0x7d, 0x68, 0x60, 0x00, 0x41,
    0x68, 0x60, 0x00, 0xff, 0x68, 0x5c, 0x08, 0xff, 0x68, 0x60, 0x00, 0xff,
    0x68, 0x60, 0x00, 0xff, 0x68, 0x5c, 0x00, 0xff, 0x68, 0x60, 0x00, 0xff,
    0x68, 0x60, 0x00, 0xff, 0x68, 0x5c, 0x00, 0xff, 0x68, 0x60, 0x08, 0xff,
    0x68, 0x60, 0x00, 0xff, 0x68, 0x5c, 0x00, 0xff, 0x68, 0x60, 0x00, 0xff,
    0x68, 0x60, 0x00, 0xff, 0x68, 0x60, 0x08, 0xff, 0x68, 0x5c, 0x00, 0xff,
    0x68, 0x60, 0x00, 0xff, 0x68, 0x60, 0x08, 0xff, 0x68, 0x60, 0x00, 0x7d,
    0x68, 0x60, 0x00, 0x41, 0x68, 0x60, 0x08, 0xff, 0x68, 0x60, 0x00, 0xff,
    0x68, 0x60, 0x00, 0xff, 0x68, 0x5c, 0x00, 0xff, 0x68, 0x60, 0x00, 0xff,
    0x68, 0x60, 0x00, 0xff, 0x68, 0x5c, 0x00, 0xff, 0x68, 0x60, 0x08, 0xff,
    0x68, 0x60, 0x00, 0xff, 0x68, 0x5c, 0x00, 0xff, 0x68, 0x60, 0x00, 0xff,
    0x68, 0x60, 0x00, 0xff, 0x68, 0x5c, 0x08, 0xff, 0x68, 0x60, 0x00, 0xff,
    0x68, 0x60, 0x00, 0xff, 0x68, 0x5c, 0x08, 0xff, 0x68, 0x60, 0x00, 0xff,
    0x68, 0x60, 0x00, 0x7d, 0x68, 0x60, 0x08, 0x41, 0x68, 0x60, 0x00, 0xff,
    0x68, 0x5c, 0x00, 0xff, 0x68, 0x60, 0x00, 0xff, 0x68, 0x60, 0x08, 0xff,
    0x68, 0x60, 0x00, 0xff, 0x68, 0x60, 0x00, 0xff, 0x68, 0x60, 0x08, 0xff,
    0x68, 0x5c, 0x00, 0xff, 0x68, 0x60, 0x00, 0xff, 0x68, 0x60, 0x00, 0xff,
    0x68, 0x60, 0x00, 0xff, 0x68, 0x5c, 0x00, 0xff, 0x68, 0x60, 0x00, 0xff,
    0x68, 0x60, 0x00, 0xff, 0x68, 0x60, 0x00, 0xff, 0x68, 0x60, 0x00, 0xff,
    0x68, 0x60, 0x08, 0xff, 0x68, 0x5c, 0x00, 0x7d, 0xf8, 0xfc, 0xf8, 0x00,
    0xf8, 0xfc, 0xf8, 0x00, 0x68, 0x5c, 0x00, 0x82, 0x68, 0x60, 0x00, 0xff,
    0x68, 0x60, 0x00, 0xff, 0x68, 0x5c, 0x00, 0xff, 0x68, 0x60, 0x00, 0xff,
    0x68, 0x60, 0x08, 0xff, 0x68, 0x5c, 0x00, 0xff, 0x68, 0x60, 0x08, 0xff,
    0x68, 0x60, 0x00, 0xff, 0x68, 0x60, 0x00, 0xff, 0x68, 0x60, 0x00, 0xff,
    0x68, 0x60, 0x00, 0xff, 0x68, 0x5c, 0x00, 0xff, 0x68, 0x60, 0x08, 0xff,
    0x68, 0x60, 0x00, 0xff, 0x68, 0x60, 0x00, 0xff, 0x68, 0x60, 0x00, 0xff,
    0x68, 0x60, 0x00, 0xff, 0x68, 0x60, 0x08, 0x41, 0x68, 0x5c, 0x00, 0x7d,
    0x68, 0x60, 0x00, 0xff, 0x68, 0x60, 0x00, 0xff, 0x68, 0x60, 0x00, 0xff,
    0x68, 0x60, 0x00, 0xff, 0x68, 0x5c, 0x08, 0xff, 0x68, 0x60, 0x00, 0xff,
    0x68, 0x60, 0x00, 0xff, 0x68, 0x5c, 0x08, 0xff, 0x68, 0x60, 0x00, 0xff,
    0x68, 0x60, 0x00, 0xff, 0x68, 0x60, 0x00, 0xff, 0x68, 0x60, 0x00, 0xff,
    0x68, 0x60, 0x08, 0xff, 0x68, 0x5c, 0x00, 0xff, 0x68, 0x60, 0x00, 0xff,
    0x68, 0x60, 0x00, 0xff, 0x68, 0x60, 0x00, 0xff, 0x68, 0x60, 0x08, 0x41,
    0x68, 0x5c, 0x00, 0x7d, 0x68, 0x60, 0x00, 0xff, 0x68, 0x60, 0x00, 0xff,
    0x68, 0x60, 0x00, 0xff, 0x68, 0x60, 0x00, 0xff, 0x68, 0x60, 0x08, 0xff,
    0x68, 0x60, 0x00, 0xff, 0x68, 0x60, 0x08, 0xff, 0x68, 0x60, 0x00, 0xff,
    0x68, 0x60, 0x08, 0xff, 0x68, 0x5c, 0x00, 0xff, 0x68, 0x60, 0x00, 0xff,
    0x68, 0x60, 0x08, 0xff, 0x68, 0x5c, 0x00, 0xff, 0x68, 0x60, 0x00, 0xff,
    0x68, 0x60, 0x00, 0xff, 0x68, 0x5c, 0x08, 0xff, 0x68, 0x60, 0x00, 0xff,
    0x68, 0x5c, 0x00, 0x41, 0x68, 0x60, 0x00, 0x7d, 0x68, 0x60, 0x00, 0xff,
    0x68, 0x5c, 0x00, 0xff, 0x68, 0x60, 0x08, 0xff, 0x68, 0x60, 0x00, 0xff,
    0x68, 0x5c, 0x00, 0xff, 0x68, 0x60, 0x08, 0xff, 0x68, 0x60, 0x00, 0xff,
    0x68, 0x60, 0x00, 0xff, 0x68, 0x5c, 0x08, 0xff, 0x68, 0x60, 0x00, 0xff,
    0x68, 0x60, 0x00, 0xff, 0x68, 0x60, 0x00, 0xff, 0x68, 0x60, 0x00, 0xff,
    0x68, 0x60, 0x08, 0xff, 0x68, 0x60, 0x00, 0xff, 0x68, 0x5c, 0x00, 0xff,
    0x68, 0x60, 0x08, 0xff, 0x68, 0x60, 0x00, 0x41, 0x68, 0x60, 0x00, 0x41,
    0x68, 0x5c, 0x00, 0xff, 0x68, 0x60, 0x08, 0xff, 0x68, 0x5c, 0x00, 0xff,
    0x68, 0x60, 0x00, 0xff, 0x68, 0x5c, 0x08, 0xff, 0x68, 0x60, 0x00, 0xff,
    0x68, 0x60, 0x00, 0xff, 0x68, 0x5c, 0x08, 0xff, 0x68, 0x60, 0x00, 0xff,
    0x68, 0x60, 0x00, 0xff, 0x68, 0x60, 0x00, 0xff, 0x68, 0x60, 0x00, 0xff,
    0x68, 0x60, 0x08, 0xff, 0x68, 0x5c, 0x00, 0xff, 0x68, 0x60, 0x00, 0xff,
    0x68, 0x60, 0x08, 0xff, 0x68, 0x60, 0x00, 0xff, 0x68, 0x60, 0x00, 0x41,
    0x68, 0x60, 0x00, 0x41, 0x68, 0x60, 0x08, 0xff, 0x68, 0x5c, 0x00, 0xff,
    0x68, 0x60, 0x00, 0xff, 0x68, 0x60, 0x08, 0xff, 0x68, 0x60, 0x00, 0xff,
    0x68, 0x5c, 0x00, 0xff, 0x68, 0x60, 0x08, 0xff, 0x68, 0x5c, 0x00, 0xff,
    0x68, 0x60, 0x00, 0xff, 0x68, 0x5c, 0x00, 0xff, 0x68, 0x60, 0x00, 0xff,
    0x68, 0x60, 0x08, 0xff, 0x68, 0x5c, 0x00, 0xff, 0x68, 0x60, 0x00, 0xff,
    0x68, 0x60, 0x08, 0xff, 0x68, 0x60, 0x00, 0xff, 0x68, 0x60, 0x00, 0xff,
    0x68, 0x60, 0x00, 0x41, 0x68, 0x5c, 0x08, 0x41, 0x68, 0x60, 0x00, 0xff,
    0x68, 0x60, 0x00, 0xff, 0x68, 0x60, 0x08, 0xff, 0x68, 0x60, 0x00, 0xff,
    0x68, 0x60, 0x00, 0xff, 0x68, 0x60, 0x08, 0xff, 0x68, 0x5c, 0x00, 0xff,
    0x68, 0x60, 0x00, 0xff, 0x68, 0x60, 0x00, 0xff, 0x68, 0x60, 0x00, 0xff,
    0x68, 0x5c, 0x08, 0xff, 0x68, 0x60, 0x00, 0xff, 0x68, 0x5c, 0x00, 0xff,
    0x68, 0x60, 0x08, 0xff, 0x68, 0x5c, 0x00, 0xff, 0x68, 0x60, 0x00, 0xff,
    0x68, 0x60, 0x00, 0xff, 0x68, 0x5c, 0x08, 0x82, 0x68, 0x60, 0x00, 0x41,
    0x68, 0x60, 0x00, 0xff, 0x68, 0x60, 0x08, 0xff, 0x68, 0x60, 0x00, 0xff,
    0x68, 0x60, 0x00, 0xff, 0x68, 0x5c, 0x08, 0xff, 0x68, 0x60, 0x00, 0xff,
    0x68, 0x60, 0x00, 0xff, 0x68, 0x60, 0x00, 0xff, 0x68, 0x60, 0x00, 0xff,
    0x68, 0x60, 0x08, 0xff, 0x68, 0x60, 0x00, 0xff, 0x68, 0x5c, 0x00, 0xff,
    0x68, 0x60, 0x08, 0xff, 0x68, 0x60, 0x00, 0xff, 0x68, 0x60, 0x00, 0xff,
    0x68, 0x5c, 0x00, 0xff, 0x68, 0x60, 0x08, 0xff, 0x68, 0x5c, 0x00, 0x82,
    0x68, 0x60, 0x00, 0x41, 0x68, 0x5c, 0x08, 0xff, 0x68, 0x60, 0x00, 0xff,
    0x68, 0x60, 0x00, 0xff, 0x68, 0x5c, 0x08, 0xff, 0x68, 0x60, 0x00, 0xff,
    0x68, 0x60, 0x00, 0xff, 0x68, 0x60, 0x00, 0xff, 0x68, 0x60, 0x00, 0xff,
    0x68, 0x60, 0x08, 0xff, 0x68, 0x5c, 0x00, 0xff, 0x68, 0x60, 0x00, 0xff,
    0x68, 0x60, 0x08, 0xff, 0x68, 0x60, 0x00, 0xff, 0x68, 0x60, 0x00, 0xff,
    0x68, 0x60, 0x00, 0xff, 0x68, 0x60, 0x08, 0xff, 0x68, 0x5c, 0x00, 0xff,
    0x68, 0x60, 0x00, 0x82, 0x68, 0x60, 0x08, 0x41, 0x68, 0x5c, 0x00, 0xff,
    0x68, 0x60, 0x00, 0xff, 0x68, 0x60, 0x00, 0xff, 0x68, 0x5c, 0x00, 0xff,
    0x68, 0x60, 0x08, 0xff, 0x68, 0x60, 0x00, 0xff, 0x68, 0x5c, 0x00, 0xff,
    0x68, 0x60, 0x08, 0xff, 0x68, 0x60, 0x00, 0xff, 0x68, 0x5c, 0x00, 0xff,
    0x68, 0x60, 0x08, 0xff, 0x68, 0x60, 0x00, 0xff, 0x68, 0x60, 0x08, 0xff,
    0x68, 0x5c, 0x00, 0xff, 0x68, 0x60, 0x00, 0xff, 0x68, 0x60, 0x08, 0xff,
    0x68, 0x60, 0x00, 0xff, 0x68, 0x60, 0x00, 0x82, 0xf8, 0xfc, 0xf8, 0x00,
    0xf8, 0xfc, 0xf8, 0x00, 0x68, 0x60, 0x00, 0x7d, 0x68, 0x5c, 0x00, 0xff,
    0x68, 0x60, 0x08, 0xff, 0x68, 0x60, 0x00, 0xff, 0x68, 0x60, 0x00, 0xff,
    0x68, 0x60, 0x00, 0xff, 0x68, 0x60, 0x00, 0xff, 0x68, 0x5c, 0x08, 0xff,
    0x68, 0x5c, 0x00, 0xff, 0x68, 0x60, 0x08, 0xff, 0x68, 0x60, 0x08, 0xff,
    0x68, 0x5c, 0x00, 0xff, 0x68, 0x60, 0x00, 0xff, 0x68, 0x60, 0x00, 0xff,
    0x68, 0x5c, 0x00, 0xff, 0x68, 0x60, 0x08, 0xff, 0x68, 0x5c, 0x00, 0xff,
    0x68, 0x60, 0x00, 0xff, 0x68, 0x60, 0x00, 0x41, 0x68, 0x5c, 0x08, 0x82,
    0x68, 0x60, 0x00, 0xff, 0x68, 0x5c, 0x00, 0xff, 0x68, 0x60, 0x08, 0xff,
    0x68, 0x60, 0x00, 0xff, 0x68, 0x60, 0x00, 0xff, 0x68, 0x5c, 0x00, 0xff,
    0x68, 0x60, 0x00, 0xff, 0x68, 0x60, 0x00, 0xff, 0x68, 0x60, 0x08, 0xff,
    0x68, 0x5c, 0x00, 0xff, 0x68, 0x5c, 0x00, 0xff, 0x68, 0x60, 0x00, 0xff,
    0x68, 0x60, 0x00, 0xff, 0x68, 0x60, 0x08, 0xff, 0x68, 0x5c, 0x00, 0xff,
    0x68, 0x60, 0x00, 0xff, 0x68, 0x60, 0x00, 0xff, 0x68, 0x5c, 0x00, 0x41,
    0x68, 0x60, 0x08, 0x82, 0x68, 0x60, 0x00, 0xff, 0x68, 0x5c, 0x08, 0xff,
    0x68, 0x60, 0x00, 0xff, 0x68, 0x5c, 0x00, 0xff, 0x68, 0x60, 0x00, 0xff,
    0x68, 0x60, 0x00, 0xff, 0x68, 0x5c, 0x00, 0xff, 0x68, 0x60, 0x08, 0xff,
    0x68, 0x60, 0x00, 0xff, 0x68, 0x60, 0x00, 0xff, 0x68, 0x60, 0x08, 0xff,
    0x68, 0x5c, 0x00, 0xff, 0x68, 0x60, 0x00, 0xff, 0x68, 0x60, 0x00, 0xff,
    0x68, 0x60, 0x08, 0xff, 0x68, 0x60, 0x00, 0xff, 0x68, 0x5c, 0x00, 0xff,
    0x68, 0x60, 0x08, 0x41, 0x68, 0x60, 0x00, 0x82, 0x68, 0x5c, 0x00, 0xff,
    0x68, 0x60, 0x08, 0xff, 0x68, 0x60, 0x00, 0xff, 0x68, 0x60, 0x00, 0xff,
    0x68, 0x60, 0x00, 0xff, 0x68, 0x60, 0x00, 0xff, 0x68, 0x60, 0x00, 0xff,
    0x68, 0x5c, 0x00, 0xff, 0x68, 0x60, 0x08, 0xff, 0x68, 0x60, 0x00, 0xff,
    0x68, 0x5c, 0x08, 0xff, 0x68, 0x60, 0x00, 0xff, 0x68, 0x5c, 0x00, 0xff,
    0x68, 0x60, 0x00, 0xff, 0x68, 0x60, 0x08, 0xff, 0x68, 0x60, 0x00, 0xff,
    0x68, 0x5c, 0x00, 0xff, 0x68, 0x60, 0x00, 0x41, 0x68, 0x60, 0x00, 0x3c,
    0x68, 0x60, 0x08, 0xff, 0x68, 0x60, 0x00, 0xff, 0x68, 0x60, 0x00, 0xff,
    0x68, 0x5c, 0x00, 0xff, 0x68, 0x60, 0x00, 0xff, 0x68, 0x60, 0x00, 0xff,
    0x68, 0x60, 0x00, 0xff, 0x68, 0x60, 0x08, 0xff, 0x68, 0x5c, 0x00, 0xff,
    0x68, 0x60, 0x08, 0xff, 0x68, 0x5c, 0x00, 0xff, 0x68, 0x60, 0x00, 0xff,
    0x68, 0x60, 0x00, 0xff, 0x68, 0x60, 0x08, 0xff, 0x68, 0x5c, 0x00, 0xff,
    0x68, 0x60, 0x00, 0xff, 0x68, 0x60, 0x00, 0xff, 0x68, 0x5c, 0x00, 0x3c,
    0x68, 0x60, 0x08, 0x41, 0x68, 0x60, 0x00, 0xff, 0x68, 0x60, 0x00, 0xff,
    0x68, 0x5c, 0x00, 0xff, 0x68, 0x60, 0x00, 0xff, 0x68, 0x60, 0x00, 0xff,
    0x68, 0x60, 0x00, 0xff, 0x68, 0x60, 0x08, 0xff, 0x68, 0x60, 0x00, 0xff,
    0x68, 0x5c, 0x08, 0xff, 0x68, 0x60, 0x00, 0xff, 0x68, 0x60, 0x00, 0xff,
    0x68, 0x60, 0x00, 0xff, 0x68, 0x60, 0x08, 0xff, 0x68, 0x5c, 0x00, 0xff,
    0x68, 0x60, 0x00, 0xff, 0x68, 0x5c, 0x00, 0xff, 0x68, 0x60, 0x00, 0xff,
    0x68, 0x60, 0x08, 0x3c, 0x68, 0x60, 0x00, 0x41, 0x68, 0x5c, 0x00, 0xff,
    0x68, 0x60, 0x00, 0xff, 0x68, 0x60, 0x00, 0xff, 0x68, 0x5c, 0x00, 0xff,
    0x68, 0x60, 0x00, 0xff, 0x68, 0x60, 0x08, 0xff, 0x68, 0x60, 0x00, 0xff,
    0x68, 0x5c, 0x08, 0xff, 0x68, 0x60, 0x00, 0xff, 0x68, 0x60, 0x00, 0xff,
    0x68, 0x60, 0x00, 0xff, 0x68, 0x60, 0x08, 0xff, 0x68, 0x60, 0x00, 0xff,
    0x68, 0x5c, 0x00, 0xff, 0x68, 0x60, 0x00, 0xff, 0x68, 0x60, 0x00, 0xff,
    0x68, 0x60, 0x08, 0xff, 0x68, 0x60, 0x00, 0x7d, 0x68, 0x5c, 0x00, 0x41,
    0x68, 0x60, 0x00, 0xff, 0x68, 0x5c, 0x00, 0xff, 0x68, 0x60, 0x00, 0xff,
    0x68, 0x60, 0x00, 0xff, 0x68, 0x60, 0x08, 0xff, 0x68, 0x5c, 0x00, 0xff,
    0x68, 0x60, 0x08, 0xff, 0x68, 0x60, 0x00, 0xff, 0x68, 0x5c, 0x00, 0xff,
    0x68, 0x60, 0x00, 0xff, 0x68, 0x60, 0x08, 0xff, 0x68, 0x60, 0x00, 0xff,
    0x68, 0x5c, 0x00, 0xff, 0x68, 0x60, 0x00, 0xff, 0x68, 0x60, 0x00, 0xff,
    0x68, 0x60, 0x08, 0xff, 0x68, 0x60, 0x00, 0xff, 0x68, 0x60, 0x00, 0x7d,
    0x68, 0x5c, 0x00, 0x41, 0x68, 0x60, 0x00, 0xff, 0x68, 0x60, 0x00, 0xff,
    0x68, 0x60, 0x00, 0xff, 0x68, 0x60, 0x08, 0xff, 0x68, 0x5c, 0x00, 0xff,
    0x68, 0x60, 0x08, 0xff, 0x68, 0x5c, 0x00, 0xff, 0x68, 0x60, 0x00, 0xff,
    0x68, 0x60, 0x00, 0xff, 0x68, 0x60, 0x08, 0xff, 0x68, 0x5c, 0x00, 0xff,
    0x68, 0x60, 0x00, 0xff, 0x68, 0x60, 0x00, 0xff, 0x68, 0x5c, 0x00, 0xff,
    0x68, 0x60, 0x08, 0xff, 0x68, 0x60, 0x00, 0xff, 0x68, 0x60, 0x00, 0xff,
    0x68, 0x5c, 0x00, 0x7d, 0x68, 0x60, 0x00, 0x41, 0x68, 0x60, 0x08, 0xff,
    0x68, 0x60, 0x00, 0xff, 0x68, 0x60, 0x00, 0xff, 0x68, 0x5c, 0x08, 0xff,
    0x68, 0x60, 0x00, 0xff, 0x68, 0x60, 0x00, 0xff, 0x68, 0x5c, 0x00, 0xff,
    0x68, 0x60, 0x00, 0xff, 0x68, 0x60, 0x08, 0xff, 0x68, 0x60, 0x00, 0xff,
    0x68, 0x5c, 0x00, 0xff, 0x68, 0x60, 0x08, 0xff, 0x68, 0x60, 0x00, 0xff,
    0x68, 0x5c, 0x00, 0xff, 0x68, 0x60, 0x08, 0xff, 0x68, 0x5c, 0x00, 0xff,
    0x68, 0x60, 0x00, 0xff, 0x68, 0x60, 0x00, 0x82, 0xf8, 0xfc, 0xf8, 0x00,
    0xf8, 0xfc, 0xf8, 0x00, 0x68, 0x60, 0x00, 0x82, 0x68, 0x60, 0x08, 0xff,
    0x68, 0x5c, 0x00, 0xff, 0x68, 0x60, 0x00, 0xff, 0x68, 0x5c, 0x08, 0xff,
    0x68, 0x60, 0x00, 0xff, 0x68, 0x60, 0x00, 0xff, 0x68, 0x60, 0x00, 0xff,
    0x68, 0x60, 0x00, 0xff, 0x68, 0x60, 0x00, 0xff, 0x68, 0x5c, 0x00, 0xff,
    0x68, 0x60, 0x08, 0xff, 0x68, 0x60, 0x00, 0xff, 0x68, 0x60, 0x00, 0xff,
    0x68, 0x60, 0x08, 0xff, 0x68, 0x60, 0x00, 0xff, 0x68, 0x60, 0x00, 0xff,
    0x68, 0x5c, 0x08, 0xff, 0x68, 0x60, 0x00, 0x41, 0x68, 0x60, 0x00, 0x7d,
    0x68, 0x60, 0x00, 0xff, 0x68, 0x60, 0x08, 0xff, 0x68, 0x5c, 0x00, 0xff,
    0x68, 0x60, 0x00, 0xff, 0x68, 0x60, 0x08, 0xff, 0x68, 0x60, 0x00, 0xff,
    0x68, 0x5c, 0x00, 0xff, 0x68, 0x60, 0x08, 0xff, 0x68, 0x60, 0x00, 0xff,
    0x68, 0x60, 0x00, 0xff, 0x68, 0x60, 0x08, 0xff, 0x68, 0x60, 0x00, 0xff,
    0x68, 0x5c, 0x00, 0xff, 0x68, 0x60, 0x00, 0xff, 0x68, 0x60, 0x08, 0xff,
    0x68, 0x60, 0x00, 0xff, 0x68, 0x5c, 0x08, 0xff, 0x68, 0x60, 0x00, 0x41,
    0x68, 0x60, 0x00, 0x7d, 0x68, 0x60, 0x00, 0xff, 0x68, 0x60, 0x08, 0xff,
    0x68, 0x5c, 0x00, 0xff, 0x68, 0x60, 0x00, 0xff, 0x68, 0x60, 0x08, 0xff,
    0x68, 0x5c, 0x00, 0xff, 0x68, 0x60, 0x00, 0xff, 0x68, 0x60, 0x00, 0xff,
    0x68, 0x5c, 0x00, 0xff, 0x68, 0x60, 0x00, 0xff, 0x68, 0x60, 0x00, 0xff,
    0x68, 0x60, 0x00, 0xff, 0x68, 0x60, 0x08, 0xff, 0x68, 0x5c, 0x00, 0xff,
    0x68, 0x60, 0x00, 0xff, 0x68, 0x60, 0x00, 0xff, 0x68, 0x60, 0x00, 0xff,
    0x68, 0x60, 0x08, 0x41, 0x68, 0x60, 0x00, 0x7d, 0x68, 0x60, 0x00, 0xff,
    0x68, 0x60, 0x00, 0xff, 0x68, 0x5c, 0x00, 0xff, 0x68, 0x60, 0x08, 0xff,
    0x68, 0x60, 0x00, 0xff, 0x68, 0x5c, 0x08, 0xff, 0x68, 0x60, 0x00, 0xff,
    0x68, 0x60, 0x00, 0xff, 0x68, 0x60, 0x00, 0xff, 0x68, 0x60, 0x00, 0xff,
    0x68, 0x60, 0x00, 0xff, 0x68, 0x60, 0x08, 0xff, 0x68, 0x60, 0x00, 0xff,
    0x68, 0x5c, 0x00, 0xff, 0x68, 0x60, 0x00, 0xff, 0x68, 0x60, 0x00, 0xff,
    0x68, 0x60, 0x08, 0xff, 0x68, 0x5c, 0x00, 0x41, 0x68, 0x60, 0x00, 0x41,
    0x68, 0x60, 0x00, 0xff, 0x68, 0x5c, 0x00, 0xff, 0x68, 0x60, 0x08, 0xff,
    0x68, 0x60, 0x00, 0xff, 0x68, 0x60, 0x00, 0xff, 0x68, 0x5c, 0x08, 0xff,
    0x68, 0x60, 0x00, 0xff, 0x68, 0x60, 0x00, 0xff, 0x68, 0x60, 0x00, 0xff,
    0x68, 0x60, 0x00, 0xff, 0x68, 0x5c, 0x08, 0xff, 0x68, 0x60, 0x00, 0xff,
    0x68, 0x60, 0x00, 0xff, 0x68, 0x60, 0x00, 0xff, 0x68, 0x60, 0x00, 0xff,
    0x68, 0x5c, 0x08, 0xff, 0x68, 0x60, 0x00, 0xff, 0x68, 0x60, 0x00, 0x41,
    0x68, 0x5c, 0x00, 0x41, 0x68, 0x60, 0x00, 0xff, 0x68, 0x60, 0x08, 0xff,
    0x68, 0x60, 0x00, 0xff, 0x68, 0x5c, 0x00, 0xff, 0x68, 0x60, 0x08, 0xff,
    0x68, 0x60, 0x00, 0xff, 0x68, 0x5c, 0x00, 0xff, 0x68, 0x60, 0x00, 0xff,
    0x68, 0x60, 0x00, 0xff, 0x68, 0x60, 0x08, 0xff, 0x68, 0x5c, 0x00, 0xff,
    0x68, 0x60, 0x00, 0xff, 0x68, 0x60, 0x00, 0xff, 0x68, 0x60, 0x00, 0xff,
    0x68, 0x60, 0x08, 0xff, 0x68, 0x5c, 0x00, 0xff, 0x68, 0x60, 0x00, 0xff,
    0x68, 0x60, 0x00, 0x41, 0x68, 0x60, 0x00, 0x41, 0x68, 0x60, 0x08, 0xff,
    0x68, 0x5c, 0x00, 0xff, 0x68, 0x60, 0x00, 0xff, 0x68, 0x60, 0x08, 0xff,
    0x68, 0x5c, 0x00, 0xff, 0x68, 0x60, 0x00, 0xff, 0x68, 0x60, 0x00, 0xff,
    0x68, 0x60, 0x00, 0xff, 0x68, 0x5c, 0x08, 0xff, 0x68, 0x60, 0x00, 0xff,
    0x68, 0x60, 0x00, 0xff, 0x68, 0x5c, 0x00, 0xff, 0x68, 0x60, 0x00, 0xff,
    0x68, 0x60, 0x08, 0xff, 0x68, 0x60, 0x00, 0xff, 0x68, 0x5c, 0x00, 0xff,
    0x68, 0x60, 0x00, 0xff, 0x68, 0x60, 0x00, 0x7d, 0x68, 0x60, 0x08, 0x41,
    0x68, 0x60, 0x00, 0xff, 0x68, 0x5c, 0x00, 0xff, 0x68, 0x60, 0x08, 0xff,
    0x68, 0x60, 0x00, 0xff, 0x68, 0x60, 0x00, 0xff, 0x68, 0x60, 0x00, 0xff,
    0x68, 0x5c, 0x00, 0xff, 0x68, 0x60, 0x08, 0xff, 0x68, 0x60, 0x00, 0xff,
    0x68, 0x5c, 0x00, 0xff, 0x68, 0x60, 0x00, 0xff, 0x68, 0x60, 0x00, 0xff,
    0x68, 0x60, 0x08, 0xff, 0x68, 0x5c, 0x00, 0xff, 0x68, 0x60, 0x00, 0xff,
    0x68, 0x60, 0x00, 0xff, 0x68, 0x5c, 0x00, 0xff, 0x68, 0x60, 0x08, 0x7d,
    0x68, 0x60, 0x00, 0x41, 0x68, 0x60, 0x00, 0xff, 0x68, 0x5c, 0x08, 0xff,
    0x68, 0x60, 0x00, 0xff, 0x68, 0x60, 0x00, 0xff, 0x68, 0x60, 0x00, 0xff,
    0x68, 0x60, 0x00, 0xff, 0x68, 0x5c, 0x08, 0xff, 0x68, 0x60, 0x00, 0xff,
    0x68, 0x60, 0x00, 0xff, 0x68, 0x60, 0x00, 0xff, 0x68, 0x60, 0x00, 0xff,
    0x68, 0x5c, 0x08, 0xff, 0x68, 0x60, 0x00, 0xff, 0x68, 0x60, 0x00, 0xff,
    0x68, 0x5c, 0x00, 0xff, 0x68, 0x60, 0x00, 0xff, 0x68, 0x60, 0x08, 0xff,
    0x68, 0x60, 0x00, 0x7d, 0x68, 0x60, 0x00, 0x41, 0x68, 0x5c, 0x00, 0xff,
    0x68, 0x60, 0x08, 0xff, 0x68, 0x60, 0x00, 0xff, 0x68, 0x60, 0x00, 0xff,
    0x68, 0x60, 0x00, 0xff, 0x68, 0x60, 0x08, 0xff, 0x68, 0x60, 0x00, 0xff,
    0x68, 0x60, 0x00, 0xff, 0x68, 0x60, 0x00, 0xff, 0x68, 0x60, 0x00, 0xff,
    0x68, 0x60, 0x00, 0xff, 0x68, 0x60, 0x00, 0xff, 0x68, 0x60, 0x00, 0xff,
    0x68, 0x60, 0x00, 0xff, 0x68, 0x60, 0x00, 0xff, 0x68, 0x60, 0x00, 0xff,
    0x68, 0x5c, 0x08, 0xff, 0x68, 0x60, 0x00, 0x7d, 0xf8, 0xfc, 0xf8, 0x00,
    0xf8, 0xfc, 0xf8, 0x00, 0x68, 0x60, 0x00, 0x82, 0x68, 0x60, 0x00, 0xff,
    0x68, 0x60, 0x00, 0xff, 0x68, 0x60, 0x00, 0xff, 0x68, 0x60, 0x08, 0xff,
    0x68, 0x5c, 0x00, 0xff, 0x68, 0x60, 0x00, 0xff, 0x68, 0x60, 0x08, 0xff,
    0x68, 0x60, 0x00, 0xff, 0x68, 0x5c, 0x00, 0xff, 0x68, 0x60, 0x00, 0xff,
    0x68, 0x60, 0x00, 0xff, 0x68, 0x5c, 0x08, 0xff, 0x68, 0x60, 0x00, 0xff,
    0x68, 0x60, 0x00, 0xff, 0x68, 0x5c, 0x00, 0xff, 0x68, 0x60, 0x00, 0xff,
    0x68, 0x60, 0x00, 0xff, 0x68, 0x60, 0x08, 0x41, 0x68, 0x60, 0x00, 0x7d,
    0x68, 0x5c, 0x00, 0xff, 0x68, 0x60, 0x00, 0xff, 0x68, 0x60, 0x00, 0xff,
    0x68, 0x5c, 0x00, 0xff, 0x68, 0x60, 0x08, 0xff, 0x68, 0x60, 0x00, 0xff,
    0x68, 0x60, 0x00, 0xff, 0x68, 0x5c, 0x00, 0xff, 0x68, 0x60, 0x00, 0xff,
    0x68, 0x60, 0x00, 0xff, 0x68, 0x60, 0x08, 0xff, 0x68, 0x60, 0x00, 0xff,
    0x68, 0x60, 0x00, 0xff, 0x68, 0x5c, 0x08, 0xff, 0x68, 0x60, 0x00, 0xff,
    0x68, 0x60, 0x00, 0xff, 0x68, 0x60, 0x00, 0xff, 0x68, 0x60, 0x08, 0x41,
    0x68, 0x5c, 0x00, 0x7d, 0x68, 0x60, 0x00, 0xff, 0x68, 0x60, 0x00, 0xff,
    0x68, 0x60, 0x00, 0xff, 0x68, 0x60, 0x08, 0xff, 0x68, 0x60, 0x00, 0xff,
    0x68, 0x60, 0x00, 0xff, 0x68, 0x60, 0x08, 0xff, 0x68, 0x60, 0x00, 0xff,
    0x68, 0x5c, 0x08, 0xff, 0x68, 0x60, 0x00, 0xff, 0x68, 0x60, 0x00, 0xff,
    0x68, 0x5c, 0x08, 0xff, 0x68, 0x60, 0x00, 0xff, 0x68, 0x60, 0x00, 0xff,
    0x68, 0x5c, 0x08, 0xff, 0x68, 0x60, 0x00, 0xff, 0x68, 0x60, 0x00, 0xff,
    0x68, 0x5c, 0x00, 0x41, 0x68, 0x60, 0x08, 0x7d, 0x68, 0x60, 0x00, 0xff,
    0x68, 0x5c, 0x00, 0xff, 0x68, 0x60, 0x08, 0xff, 0x68, 0x60, 0x00, 0xff,
    0x68, 0x5c, 0x00, 0xff, 0x68, 0x60, 0x00, 0xff, 0x68, 0x60, 0x08, 0xff,
    0x68, 0x5c, 0x00, 0xff, 0x68, 0x60, 0x00, 0xff, 0x68, 0x5c, 0x08, 0xff,
    0x68, 0x60, 0x00, 0xff, 0x68, 0x60, 0x00, 0xff, 0x68, 0x60, 0x08, 0xff,
    0x68, 0x5c, 0x00, 0xff, 0x68, 0x60, 0x00, 0xff, 0x68, 0x60, 0x08, 0xff,
    0x68, 0x60, 0x00, 0xff, 0x68, 0x60, 0x00, 0x41, 0x68, 0x5c, 0x08, 0x41,
    0x68, 0x60, 0x00, 0xff, 0x68, 0x60, 0x00, 0xff, 0x68, 0x5c, 0x08, 0xff,
    0x68, 0x60, 0x00, 0xff, 0x68, 0x60, 0x00, 0xff, 0x68, 0x5c, 0x08, 0xff,
    0x68, 0x60, 0x00, 0xff, 0x68, 0x60, 0x00, 0xff, 0x68, 0x5c, 0x08, 0xff,
    0x68, 0x60, 0x00, 0xff, 0x68, 0x60, 0x00, 0xff, 0x68, 0x5c, 0x08, 0xff,
    0x68, 0x60, 0x00, 0xff, 0x68, 0x60, 0x00, 0xff, 0x68, 0x5c, 0x08, 0xff,
    0x68, 0x60, 0x00, 0xff, 0x68, 0x60, 0x00, 0xff, 0x68, 0x60, 0x08, 0x41,
    0x68, 0x60, 0x00, 0x41, 0x68, 0x5c, 0x00, 0xfb, 0x68, 0x60, 0x08, 0xff,
    0x68, 0x60, 0x00, 0xff, 0x68, 0x60, 0x00, 0xff, 0x68, 0x5c, 0x08, 0xff,
    0x68, 0x60, 0x00, 0xff, 0x68, 0x60, 0x00, 0xff, 0x68, 0x5c, 0x08, 0xff,
    0x68, 0x60, 0x00, 0xff, 0x68, 0x60, 0x00, 0xff, 0x68, 0x5c, 0x08, 0xff,
    0x68, 0x60, 0x00, 0xff, 0x68, 0x60, 0x00, 0xff, 0x68, 0x5c, 0x08, 0xff,
    0x68, 0x60, 0x00, 0xff, 0x68, 0x60, 0x00, 0xff, 0x68, 0x5c, 0x08, 0xff,
    0x68, 0x60, 0x00, 0x41, 0x68, 0x60, 0x00, 0x41, 0x68, 0x5c, 0x08, 0xfb,
    0x68, 0x60, 0x00, 0xff, 0x68, 0x60, 0x00, 0xff, 0x68, 0x60, 0x08, 0xff,
    0x68, 0x60, 0x00, 0xff, 0x68, 0x5c, 0x00, 0xff, 0x68, 0x60, 0x08, 0xff,
    0x68, 0x60, 0x00, 0xff, 0x68, 0x60, 0x00, 0xff, 0x68, 0x5c, 0x08, 0xff,
    0x68, 0x60, 0x00, 0xff, 0x68, 0x60, 0x00, 0xff, 0x68, 0x5c, 0x08, 0xff,
    0x68, 0x60, 0x00, 0xff, 0x68, 0x60, 0x00, 0xff, 0x68, 0x5c, 0x08, 0xff,
    0x68, 0x60, 0x00, 0xff, 0x68, 0x60, 0x00, 0x82, 0x68, 0x5c, 0x08, 0x41,
    0x68, 0x60, 0x00, 0xff, 0x68, 0x60, 0x00, 0xff, 0x68, 0x5c, 0x08, 0xff,
    0x68, 0x60, 0x00, 0xff, 0x68, 0x60, 0x00, 0xff, 0x68, 0x5c, 0x08, 0xff,
    0x68, 0x60, 0x00, 0xff, 0x68, 0x60, 0x00, 0xff, 0x68, 0x60, 0x08, 0xff,
    0x68, 0x60, 0x00, 0xff, 0x68, 0x5c, 0x00, 0xff, 0x68, 0x60, 0x08, 0xff,
    0x68, 0x60, 0x00, 0xff, 0x68, 0x60, 0x00, 0xff, 0x68, 0x5c, 0x08, 0xff,
    0x68, 0x60, 0x00, 0xff, 0x68, 0x60, 0x00, 0xff, 0x68, 0x5c, 0x08, 0x82,
    0x68, 0x60, 0x00, 0x41, 0x68, 0x60, 0x00, 0xff, 0x68, 0x5c, 0x08, 0xff,
    0x68, 0x60, 0x00, 0xff, 0x68, 0x60, 0x00, 0xff, 0x68, 0x5c, 0x08, 0xff,
    0x68, 0x60, 0x00, 0xff, 0x68, 0x60, 0x00, 0xff, 0x68, 0x5c, 0x08, 0xff,
    0x68, 0x60, 0x00, 0xff, 0x68, 0x60, 0x00, 0xff, 0x68, 0x5c, 0x08, 0xff,
    0x68, 0x60, 0x00, 0xff, 0x68, 0x60, 0x00, 0xff, 0x68, 0x60, 0x08, 0xff,
    0x68, 0x60, 0x00, 0xff, 0x68, 0x5c, 0x00, 0xff, 0x68, 0x60, 0x08, 0xff,
    0x68, 0x60, 0x00, 0x82, 0x68, 0x5c, 0x00, 0x41, 0x68, 0x60, 0x00, 0xff,
    0x68, 0x60, 0x00, 0xff, 0x68, 0x5c, 0x08, 0xff, 0x68, 0x60, 0x00, 0xff,
    0x68, 0x5c, 0x00, 0xff, 0x68, 0x60, 0x00, 0xff, 0x68, 0x5c, 0x08, 0xff,
    0x68, 0x5c, 0x00, 0xff, 0x68, 0x60, 0x00, 0xff, 0x68, 0x5c, 0x08, 0xff,
    0x68, 0x60, 0x00, 0xff, 0x68, 0x5c, 0x08, 0xff, 0x68, 0x60, 0x00, 0xff,
    0x68, 0x60, 0x08, 0xff, 0x68, 0x5c, 0x00, 0xff, 0x68, 0x60, 0x00, 0xff,
    0x68, 0x60, 0x00, 0xff, 0x68, 0x5c, 0x08, 0x82, 0xf8, 0xfc, 0xf8, 0x00,
    0xf8, 0xfc, 0xf8, 0x00, 0x68, 0x5c, 0x00, 0x7d, 0x68, 0x60, 0x08, 0xff,
    0x68, 0x60, 0x00, 0xff, 0x68, 0x5c, 0x00, 0xff, 0x68, 0x60, 0x00, 0xff,
    0x68, 0x60, 0x00, 0xff, 0x68, 0x5c, 0x08, 0xff, 0x68, 0x60, 0x00, 0xff,
    0x68, 0x60, 0x00, 0xff, 0x68, 0x5c, 0x08, 0xff, 0x68, 0x60, 0x00, 0xff,
    0x68, 0x60, 0x00, 0xff, 0x68, 0x60, 0x00, 0xff, 0x68, 0x5c, 0x00, 0xff,
    0x68, 0x60, 0x08, 0xff, 0x68, 0x60, 0x00, 0xff, 0x68, 0x5c, 0x00, 0xff,
    0x68, 0x60, 0x00, 0xff, 0x68, 0x60, 0x00, 0x41, 0x68, 0x5c, 0x08, 0x82,
    0x68, 0x60, 0x00, 0xff, 0x68, 0x60, 0x08, 0xff, 0x68, 0x60, 0x00, 0xff,
    0x68, 0x60, 0x00, 0xff, 0x68, 0x5c, 0x00, 0xff, 0x68, 0x60, 0x08, 0xff,
    0x68, 0x60, 0x00, 0xff, 0x68, 0x60, 0x08, 0xff, 0x68, 0x5c, 0x00, 0xff,
    0x68, 0x5c, 0x00, 0xff, 0x68, 0x60, 0x00, 0xff, 0x68, 0x60, 0x08, 0xff,
    0x68, 0x5c, 0x00, 0xff, 0x68, 0x60, 0x00, 0xff, 0x68, 0x60, 0x00, 0xff,
    0x68, 0x5c, 0x00, 0xff, 0x68, 0x60, 0x00, 0xff, 0x68, 0x60, 0x00, 0x41,
    0x68, 0x5c, 0x08, 0x82, 0x68, 0x60, 0x00, 0xff, 0x68, 0x60, 0x00, 0xff,
    0x68, 0x5c, 0x08, 0xff, 0x68, 0x60, 0x00, 0xff, 0x68, 0x5c, 0x00, 0xff,
    0x68, 0x60, 0x00, 0xff, 0x68, 0x60, 0x00, 0xff, 0x68, 0x5c, 0x00, 0xff,
    0x68, 0x60, 0x08, 0xff, 0x68, 0x60, 0x00, 0xff, 0x68, 0x5c, 0x00, 0xff,
    0x68, 0x60, 0x00, 0xff, 0x68, 0x60, 0x00, 0xff, 0x68, 0x60, 0x00, 0xff,
    0x68, 0x60, 0x08, 0xff, 0x68, 0x5c, 0x00, 0xff, 0x68, 0x60, 0x00, 0xff,
    0x68, 0x60, 0x08, 0x41, 0x68, 0x5c, 0x00, 0x82, 0x68, 0x60, 0x00, 0xff,
    0x68, 0x60, 0x08, 0xff, 0x68, 0x60, 0x00, 0xff, 0x68, 0x60, 0x00, 0xff,
    0x68, 0x60, 0x00, 0xff, 0x68, 0x60, 0x00, 0xff, 0x68, 0x60, 0x08, 0xff,
    0x68, 0x60, 0x00, 0xff, 0x68, 0x60, 0x00, 0xff, 0x68, 0x5c, 0x08, 0xff,
    0x68, 0x60, 0x00, 0xff, 0x68, 0x60, 0x00, 0xff, 0x68, 0x5c, 0x00, 0xff,
    0x68, 0x60, 0x08, 0xff, 0x68, 0x60, 0x00, 0xff, 0x68, 0x5c, 0x00, 0xff,
    0x68, 0x60, 0x00, 0xff, 0x68, 0x60, 0x00, 0x3c, 0x68, 0x60, 0x08, 0x41,
    0x68, 0x60, 0x00, 0xff, 0x68, 0x60, 0x00, 0xff, 0x68, 0x60, 0x00, 0xff,
    0x68, 0x60, 0x00, 0xff, 0x68, 0x60, 0x00, 0xff, 0x68, 0x60, 0x00, 0xff,
    0x68, 0x60, 0x00, 0xff, 0x68, 0x5c, 0x00, 0xff, 0x68, 0x60, 0x08, 0xff,
    0x68, 0x60, 0x00, 0xff, 0x68, 0x60, 0x00, 0xff, 0x68, 0x60, 0x00, 0xff,
    0x68, 0x5c, 0x00, 0xff, 0x68, 0x60, 0x08, 0xff, 0x68, 0x60, 0x00, 0xff,
    0x68, 0x60, 0x00, 0xff, 0x68, 0x5c, 0x00, 0xff, 0x68, 0x60, 0x08, 0x41,
    0x68, 0x60, 0x00, 0x41, 0x68, 0x60, 0x00, 0xff, 0x68, 0x5c, 0x00, 0xff,
    0x68, 0x60, 0x00, 0xff, 0x68, 0x60, 0x00, 0xff, 0x68, 0x60, 0x00, 0xff,
    0x68, 0x60, 0x00, 0xff, 0x68, 0x60, 0x00, 0xff, 0x68, 0x60, 0x08, 0xff,
    0x68, 0x60, 0x00, 0xff, 0x68, 0x60, 0x00, 0xff, 0x68, 0x60, 0x00, 0xff,
    0x68, 0x60, 0x00, 0xff, 0x68, 0x5c, 0x08, 0xff, 0x68, 0x60, 0x00, 0xff,
    0x68, 0x60, 0x00, 0xff, 0x68, 0x60, 0x00, 0xff, 0x68, 0x60, 0x08, 0xff,
    0x68, 0x5c, 0x00, 0x41, 0x68, 0x60, 0x00, 0x41, 0x68, 0x60, 0x00, 0xff,
    0x68, 0x60, 0x00, 0xff, 0x68, 0x5c, 0x00, 0xff, 0x68, 0x60, 0x00, 0xff,
    0x68, 0x60, 0x00, 0xff, 0x68, 0x60, 0x00, 0xff, 0x68, 0x5c, 0x08, 0xff,
    0x68, 0x60, 0x00, 0xff, 0x68, 0x60, 0x00, 0xff, 0x68, 0x60, 0x00, 0xff,
    0x68, 0x60, 0x00, 0xff, 0x68, 0x60, 0x08, 0xff, 0x68, 0x60, 0x00, 0xff,
    0x68, 0x60, 0x00, 0xff, 0x68, 0x60, 0x00, 0xff, 0x68, 0x60, 0x08, 0xff,
    0x68, 0x60, 0x00, 0xff, 0x68, 0x5c, 0x00, 0x7d, 0x68, 0x60, 0x00, 0x41,
    0x68, 0x60, 0x00, 0xff, 0x68, 0x60, 0x00, 0xff, 0x68, 0x60, 0x00, 0xff,
    0x68, 0x5c, 0x00, 0xff, 0x68, 0x60, 0x00, 0xff, 0x68, 0x60, 0x08, 0xff,
    0x68, 0x60, 0x00, 0xff, 0x68, 0x5c, 0x00, 0xff, 0x68, 0x60, 0x00, 0xff,
    0x68, 0x60, 0x00, 0xff, 0x68, 0x60, 0x08, 0xff, 0x68, 0x5c, 0x00, 0xff,
    0x68, 0x60, 0x00, 0xff, 0x68, 0x60, 0x00, 0xff, 0x68, 0x60, 0x08, 0xff,
    0x68, 0x60, 0x00, 0xff, 0x68, 0x60, 0x00, 0xff, 0x68, 0x60, 0x00, 0x7d,
    0x68, 0x60, 0x00, 0x41, 0x68, 0x60, 0x00, 0xff, 0x68, 0x60, 0x00, 0xff,
    0x68, 0x60, 0x00, 0xff, 0x68, 0x5c, 0x00, 0xff, 0x68, 0x60, 0x08, 0xff,
    0x68, 0x60, 0x00, 0xff, 0x68, 0x60, 0x00, 0xff, 0x68, 0x60, 0x00, 0xff,
    0x68, 0x5c, 0x00, 0xff, 0x68, 0x60, 0x08, 0xff, 0x68, 0x60, 0x00, 0xff,
    0x68, 0x60, 0x00, 0xff, 0x68, 0x5c, 0x00, 0xff, 0x68, 0x60, 0x08, 0xff,
    0x68, 0x60, 0x00, 0xff, 0x68, 0x5c, 0x00, 0xff, 0x68, 0x60, 0x00, 0xff,
    0x68, 0x60, 0x08, 0x7d, 0x68, 0x60, 0x00, 0x41, 0x68, 0x60, 0x00, 0xff,
    0x68, 0x60, 0x00, 0xff, 0x68, 0x60, 0x00, 0xff, 0x68, 0x5c, 0x08, 0xff,
    0x68, 0x60, 0x00, 0xff, 0x68, 0x60, 0x00, 0xff, 0x68, 0x60, 0x00, 0xff,
    0x68, 0x60, 0x08, 0xff, 0x68, 0x60, 0x00, 0xff, 0x68, 0x60, 0x00, 0xff,
    0x68, 0x5c, 0x08, 0xff, 0x68, 0x60, 0x00, 0xff, 0x68, 0x60, 0x00, 0xff,
    0x68, 0x5c, 0x00, 0xff, 0x68, 0x60, 0x08, 0xff, 0x68, 0x60, 0x00, 0xff,
    0x68, 0x60, 0x00, 0xff, 0x68, 0x60, 0x00, 0x7d, 0xf8, 0xfc, 0xf8, 0x00,
    0xf8, 0xfc, 0xf8, 0x00, 0x68, 0x60, 0x00, 0x82, 0x68, 0x60, 0x00, 0xff,
    0x68, 0x5c, 0x08, 0xff, 0x68, 0x60, 0x00, 0xff, 0x68, 0x60, 0x00, 0xff,
    0x68, 0x60, 0x08, 0xff, 0x68, 0x60, 0x00, 0xff, 0x68, 0x5c, 0x00, 0xff,
    0x68, 0x60, 0x00, 0xff, 0x68, 0x60, 0x08, 0xff, 0x68, 0x60, 0x00, 0xff,
    0x68, 0x60, 0x00, 0xff, 0x68, 0x60, 0x08, 0xff, 0x68, 0x60, 0x00, 0xff,
    0x68, 0x60, 0x00, 0xff, 0x68, 0x60, 0x08, 0xff, 0x68, 0x60, 0x08, 0xff,
    0x68, 0x5c, 0x00, 0xff, 0x68, 0x60, 0x00, 0x41, 0x68, 0x60, 0x00, 0x7d,
    0x68, 0x60, 0x00, 0xff, 0x68, 0x5c, 0x00, 0xff, 0x68, 0x60, 0x08, 0xff,
    0x68, 0x60, 0x00, 0xff, 0x68, 0x60, 0x00, 0xff, 0x68, 0x5c, 0x00, 0xff,
    0x68, 0x60, 0x00, 0xff, 0x68, 0x60, 0x08, 0xff, 0x68, 0x60, 0x00, 0xff,
    0x68, 0x60, 0x00, 0xff, 0x68, 0x60, 0x08, 0xff, 0x68, 0x5c, 0x00, 0xff,
    0x68, 0x60, 0x00, 0xff, 0x68, 0x60, 0x08, 0xff, 0x68, 0x60, 0x00, 0xff,
    0x68, 0x5c, 0x08, 0xff, 0x68, 0x60, 0x00, 0xff, 0x68, 0x60, 0x00, 0x41,
    0x68, 0x60, 0x00, 0x7d, 0x68, 0x60, 0x00, 0xff, 0x68, 0x5c, 0x08, 0xff,
    0x68, 0x60, 0x00, 0xff, 0x68, 0x60, 0x00, 0xff, 0x68, 0x5c, 0x08, 0xff,
    0x68, 0x60, 0x00, 0xff, 0x68, 0x60, 0x00, 0xff, 0x68, 0x5c, 0x00, 0xff,
    0x68, 0x60, 0x00, 0xff, 0x68, 0x60, 0x08, 0xff, 0x68, 0x60, 0x00, 0xff,
    0x68, 0x60, 0x08, 0xff, 0x68, 0x5c, 0x00, 0xff, 0x68, 0x60, 0x00, 0xff,
    0x68, 0x60, 0x00, 0xff, 0x68, 0x60, 0x00, 0xff, 0x68, 0x60, 0x00, 0xff,
    0x68, 0x60, 0x08, 0x41, 0x68, 0x5c, 0x00, 0x7d, 0x68, 0x60, 0x00, 0xff,
    0x68, 0x60, 0x00, 0xff, 0x68, 0x5c, 0x00, 0xff, 0x68, 0x5c, 0x08, 0xff,
    0x68, 0x60, 0x00, 0xff, 0x68, 0x5c, 0x00, 0xff, 0x68, 0x60, 0x00, 0xff,
    0x68, 0x60, 0x00, 0xff, 0x68, 0x5c, 0x00, 0xff, 0x68, 0x60, 0x00, 0xff,
    0x68, 0x60, 0x00, 0xff, 0x68, 0x60, 0x00, 0xff, 0x68, 0x5c, 0x00, 0xff,
    0x68, 0x60, 0x00, 0xff, 0x68, 0x60, 0x08, 0xff, 0x68, 0x5c, 0x00, 0xff,
    0x68, 0x60, 0x00, 0xff, 0x68, 0x60, 0x08, 0x41, 0x68, 0x5c, 0x00, 0x41,
    0x68, 0x5c, 0x00, 0xff, 0x68, 0x60, 0x08, 0xff, 0x68, 0x60, 0x00, 0xff,
    0x68, 0x5c, 0x08, 0xff, 0x68, 0x60, 0x00, 0xff, 0x68, 0x60, 0x08, 0xff,
    0x68, 0x5c, 0x00, 0xff, 0x68, 0x60, 0x00, 0xff, 0x68, 0x60, 0x00, 0xff,
    0x68, 0x60, 0x00, 0xff, 0x68, 0x5c, 0x08, 0xff, 0x68, 0x60, 0x00, 0xff,
    0x68, 0x60, 0x00, 0xff, 0x68, 0x60, 0x00, 0xff, 0x68, 0x60, 0x00, 0xff,
    0x68, 0x5c, 0x00, 0xff, 0x68, 0x60, 0x08, 0xff, 0x68, 0x60, 0x00, 0x3c,
    0x68, 0x5c, 0x00, 0x41, 0x68, 0x60, 0x08, 0xff, 0x68, 0x60, 0x00, 0xff,
    0x68, 0x5c, 0x08, 0xff, 0x68, 0x60, 0x00, 0xff, 0x68, 0x60, 0x08, 0xff,
    0x68, 0x5c, 0x00, 0xff, 0x68, 0x60, 0x00, 0xff, 0x68, 0x5c, 0x00, 0xff,
    0x68, 0x60, 0x00, 0xff, 0x68, 0x5c, 0x08, 0xff, 0x68, 0x60, 0x00, 0xff,
    0x68, 0x60, 0x00, 0xff, 0x68, 0x60, 0x00, 0xff, 0x68, 0x60, 0x00, 0xff,
    0x68, 0x5c, 0x00, 0xff, 0x68, 0x60, 0x08, 0xff, 0x68, 0x60, 0x00, 0xff,
    0x68, 0x60, 0x00, 0x3c, 0x68, 0x5c, 0x08, 0x41, 0x68, 0x60, 0x00, 0xff,
    0x68, 0x60, 0x08, 0xff, 0x68, 0x5c, 0x00, 0xff, 0x68, 0x60, 0x08, 0xff,
    0x68, 0x60, 0x00, 0xff, 0x68, 0x5c, 0x00, 0xff, 0x68, 0x60, 0x00, 0xff,
    0x68, 0x60, 0x00, 0xff, 0x68, 0x5c, 0x08, 0xff, 0x68, 0x60, 0x00, 0xff,
    0x68, 0x5c, 0x00, 0xff, 0x68, 0x60, 0x00, 0xff, 0x68, 0x60, 0x00, 0xff,
    0x68, 0x5c, 0x00, 0xff, 0x68, 0x60, 0x08, 0xff, 0x68, 0x60, 0x00, 0xff,
    0x68, 0x5c, 0x00, 0xff, 0x68, 0x60, 0x08, 0x82, 0x68, 0x60, 0x00, 0x41,
    0x68, 0x60, 0x08, 0xff, 0x68, 0x5c, 0x00, 0xff, 0x68, 0x60, 0x08, 0xff,
    0x68, 0x60, 0x00, 0xff, 0x68, 0x60, 0x00, 0xff, 0x68, 0x60, 0x00, 0xff,
    0x68, 0x5c, 0x00, 0xff, 0x68, 0x60, 0x08, 0xff, 0x68, 0x60, 0x00, 0xff,
    0x68, 0x5c, 0x00, 0xff, 0x68, 0x60, 0x00, 0xff, 0x68, 0x60, 0x00, 0xff,
    0x68, 0x5c, 0x00, 0xff, 0x68, 0x60, 0x08, 0xff, 0x68, 0x60, 0x00, 0xff,
    0x68, 0x5c, 0x00, 0xff, 0x68, 0x60, 0x08, 0xff, 0x68, 0x5c, 0x00, 0x82,
    0x68, 0x60, 0x08, 0x41, 0x68, 0x5c, 0x00, 0xff, 0x68, 0x60, 0x08, 0xff,
    0x68, 0x60, 0x00, 0xff, 0x68, 0x60, 0x00, 0xff, 0x68, 0x60, 0x00, 0xff,
    0x68, 0x5c, 0x00, 0xff, 0x68, 0x60, 0x08, 0xff, 0x68, 0x60, 0x00, 0xff,
    0x68, 0x60, 0x00, 0xff, 0x68, 0x5c, 0x00, 0xff, 0x68, 0x60, 0x00, 0xff,
    0x68, 0x60, 0x00, 0xff, 0x68, 0x5c, 0x08, 0xff, 0x68, 0x60, 0x00, 0xff,
    0x68, 0x60, 0x00, 0xff, 0x68, 0x60, 0x00, 0xff, 0x68, 0x5c, 0x00, 0xff,
    0x68, 0x60, 0x08, 0x82, 0x68, 0x60, 0x00, 0x41, 0x68, 0x5c, 0x08, 0xff,
    0x68, 0x60, 0x00, 0xff, 0x68, 0x60, 0x00, 0xff, 0x68, 0x60, 0x00, 0xff,
    0x68, 0x60, 0x08, 0xff, 0x68, 0x60, 0x00, 0xff, 0x68, 0x60, 0x00, 0xff,
    0x68, 0x5c, 0x00, 0xff, 0x68, 0x60, 0x00, 0xff, 0x68, 0x60, 0x00, 0xff,
    0x68, 0x60, 0x00, 0xff, 0x68, 0x60, 0x00, 0xff, 0x68, 0x60, 0x00, 0xff,
    0x68, 0x60, 0x00, 0xff, 0x68, 0x5c, 0x08, 0xff, 0x68, 0x60, 0x00, 0xff,
    0x68, 0x60, 0x00, 0xff, 0x68, 0x5c, 0x00, 0x82, 0xf8, 0xfc, 0xf8, 0x00,
    0xf8, 0xfc, 0xf8, 0x00, 0x68, 0x60, 0x00, 0x82, 0x68, 0x60, 0x00, 0xff,
    0x68, 0x60, 0x00, 0xff, 0x68, 0x60, 0x08, 0xff, 0x68, 0x5c, 0x00, 0xff,
    0x68, 0x60, 0x00, 0xff, 0x68, 0x60, 0x00, 0xff, 0x68, 0x60, 0x00, 0xff,
    0x68, 0x60, 0x08, 0xff, 0x68, 0x5c, 0x00, 0xff, 0x68, 0x60, 0x00, 0xff,
    0x68, 0x5c, 0x08, 0xff, 0x68, 0x5c, 0x00, 0xff, 0x68, 0x60, 0x00, 0xff,
    0x68, 0x5c, 0x00, 0xff, 0x68, 0x60, 0x00, 0xff, 0x68, 0x60, 0x00, 0xff,
    0x68, 0x60, 0x08, 0xff, 0x68, 0x5c, 0x00, 0x41, 0x68, 0x60, 0x00, 0x7d,
    0x68, 0x60, 0x08, 0xff, 0x68, 0x5c, 0x00, 0xff, 0x68, 0x60, 0x00, 0xff,
    0x68, 0x60, 0x08, 0xff, 0x68, 0x60, 0x00, 0xff, 0x68, 0x60, 0x00, 0xff,
    0x68, 0x5c, 0x00, 0xff, 0x68, 0x60, 0x00, 0xff, 0x68, 0x60, 0x00, 0xff,
    0x68, 0x60, 0x00, 0xff, 0x68, 0x5c, 0x00, 0xff, 0x68, 0x60, 0x00, 0xff,
    0x68, 0x60, 0x00, 0xff, 0x68, 0x60, 0x00, 0xff, 0x68, 0x60, 0x08, 0xff,
    0x68, 0x60, 0x00, 0xff, 0x68, 0x60, 0x00, 0xff, 0x68, 0x5c, 0x08, 0x41,
    0x68, 0x60, 0x00, 0x7d, 0x68, 0x60, 0x00, 0xff, 0x68, 0x60, 0x00, 0xff,
    0x68, 0x60, 0x00, 0xff, 0x68, 0x60, 0x00, 0xff, 0x68, 0x60, 0x08, 0xff,
    0x68, 0x60, 0x00, 0xff, 0x68, 0x60, 0x08, 0xff, 0x68, 0x60, 0x00, 0xff,
    0x68, 0x60, 0x00, 0xff, 0x68, 0x5c, 0x00, 0xff, 0x68, 0x60, 0x00, 0xff,
    0x68, 0x60, 0x00, 0xff, 0x68, 0x5c, 0x08, 0xff, 0x68, 0x60, 0x00, 0xff,
    0x68, 0x60, 0x08, 0xff, 0x68, 0x5c, 0x00, 0xff, 0x68, 0x60, 0x00, 0xff,
    0x68, 0x60, 0x00, 0x41, 0x68, 0x60, 0x00, 0x7d, 0x68, 0x60, 0x08, 0xff,
    0x68, 0x60, 0x00, 0xff, 0x68, 0x60, 0x00, 0xff, 0x68, 0x60, 0x08, 0xff,
    0x68, 0x60, 0x00, 0xff, 0x68, 0x5c, 0x00, 0xff, 0x68, 0x60, 0x08, 0xff,
    0x68, 0x60, 0x08, 0xff, 0x68, 0x60, 0x00, 0xff, 0x68, 0x60, 0x00, 0xff,
    0x68, 0x60, 0x08, 0xff, 0x68, 0x5c, 0x08, 0xff, 0x68, 0x60, 0x00, 0xff,
    0x68, 0x60, 0x00, 0xff, 0x68, 0x60, 0x00, 0xff, 0x68, 0x60, 0x08, 0xff,
    0x68, 0x60, 0x00, 0xff, 0x68, 0x60, 0x00, 0x41, 0x68, 0x60, 0x00, 0x41,
    0x68, 0x60, 0x00, 0xfb, 0x68, 0x5c, 0x00, 0xff, 0x68, 0x60, 0x08, 0xff,
    0x68, 0x60, 0x00, 0xff, 0x68, 0x5c, 0x00, 0xff, 0x68, 0x60, 0x00, 0xff,
    0x68, 0x60, 0x08, 0xff, 0x68, 0x60, 0x00, 0xff, 0x68, 0x60, 0x00, 0xff,
    0x68, 0x5c, 0x08, 0xff, 0x68, 0x60, 0x00, 0xff, 0x68, 0x60, 0x00, 0xff,
    0x68, 0x5c, 0x08, 0xff, 0x68, 0x60, 0x00, 0xff, 0x68, 0x60, 0x00, 0xff,
    0x68, 0x5c, 0x08, 0xff, 0x68, 0x60, 0x00, 0xff, 0x68, 0x60, 0x00, 0x41,
    0x68, 0x60, 0x00, 0x41, 0x68, 0x60, 0x00, 0xff, 0x68, 0x60, 0x08, 0xff,
    0x68, 0x60, 0x00, 0xff, 0x68, 0x5c, 0x00, 0xff, 0x68, 0x60, 0x00, 0xff,
    0x68, 0x60, 0x08, 0xff, 0x68, 0x5c, 0x00, 0xff, 0x68, 0x60, 0x00, 0xff,
    0x68, 0x60, 0x08, 0xff, 0x68, 0x60, 0x00, 0xff, 0x68, 0x5c, 0x00, 0xff,
    0x68, 0x60, 0x08, 0xff, 0x68, 0x60, 0x00, 0xff, 0x68, 0x5c, 0x00, 0xff,
    0x68, 0x60, 0x08, 0xff, 0x68, 0x60, 0x00, 0xff, 0x68, 0x60, 0x00, 0xff,
    0x68, 0x60, 0x00, 0x41, 0x68, 0x60, 0x00, 0x41, 0x68, 0x60, 0x08, 0xff,
    0x68, 0x60, 0x00, 0xff, 0x68, 0x60, 0x00, 0xff, 0x68, 0x60, 0x00, 0xff,
    0x68, 0x60, 0x08, 0xff, 0x68, 0x5c, 0x00, 0xff, 0x68, 0x60, 0x00, 0xff,
    0x68, 0x60, 0x08, 0xff, 0x68, 0x60, 0x00, 0xff, 0x68, 0x5c, 0x00, 0xff,
    0x68, 0x60, 0x08, 0xff, 0x68, 0x60, 0x00, 0xff, 0x68, 0x5c, 0x00, 0xff,
    0x68, 0x60, 0x08, 0xff, 0x68, 0x60, 0x00, 0xff, 0x68, 0x5c, 0x00, 0xff,
    0x68, 0x60, 0x00, 0xff, 0x68, 0x60, 0x00, 0x7d, 0x68, 0x60, 0x08, 0x41,
    0x68, 0x5c, 0x00, 0xff, 0x68, 0x60, 0x00, 0xff, 0x68, 0x60, 0x00, 0xff,
    0x68, 0x5c, 0x08, 0xff, 0x68, 0x60, 0x00, 0xff, 0x68, 0x60, 0x00, 0xff,
    0x68, 0x5c, 0x08, 0xff, 0x68, 0x60, 0x00, 0xff, 0x68, 0x60, 0x00, 0xff,
    0x68, 0x60, 0x08, 0xff, 0x68, 0x60, 0x00, 0xff, 0x68, 0x60, 0x00, 0xff,
    0x68, 0x60, 0x08, 0xff, 0x68, 0x5c, 0x00, 0xff, 0x68, 0x60, 0x00, 0xff,
    0x68, 0x60, 0x00, 0xff, 0x68, 0x5c, 0x00, 0xff, 0x68, 0x60, 0x08, 0x7d,
    0x68, 0x60, 0x00, 0x41, 0x68, 0x60, 0x00, 0xff, 0x68, 0x5c, 0x00, 0xff,
    0x68, 0x60, 0x08, 0xff, 0x68, 0x60, 0x00, 0xff, 0x68, 0x5c, 0x00, 0xff,
    0x68, 0x60, 0x08, 0xff, 0x68, 0x60, 0x00, 0xff, 0x68, 0x60, 0x00, 0xff,
    0x68, 0x60, 0x08, 0xff, 0x68, 0x60, 0x00, 0xff, 0x68, 0x60, 0x00, 0xff,
    0x68, 0x60, 0x08, 0xff, 0x68, 0x60, 0x00, 0xff, 0x68, 0x5c, 0x00, 0xff,
    0x68, 0x60, 0x08, 0xff, 0x68, 0x60, 0x00, 0xff, 0x68, 0x60, 0x00, 0xff,
    0x68, 0x5c, 0x00, 0x7d, 0x68, 0x60, 0x00, 0x41, 0x68, 0x60, 0x00, 0xff,
    0x68, 0x5c, 0x08, 0xff, 0x68, 0x60, 0x00, 0xff, 0x68, 0x60, 0x00, 0xff,
    0x68, 0x5c, 0x00, 0xff, 0x68, 0x60, 0x08, 0xff, 0x68, 0x60, 0x00, 0xff,
    0x68, 0x5c, 0x08, 0xff, 0x68, 0x60, 0x00, 0xff, 0x68, 0x60, 0x08, 0xff,
    0x68, 0x5c, 0x00, 0xff, 0x68, 0x60, 0x08, 0xff, 0x68, 0x60, 0x00, 0xff,
    0x68, 0x5c, 0x00, 0xff, 0x68, 0x60, 0x00, 0xff, 0x68, 0x60, 0x08, 0xff,
    0x68, 0x60, 0x00, 0xff, 0x68, 0x60, 0x00, 0x82, 0xf8, 0xfc, 0xf8, 0x00,
    0xf8, 0xfc, 0xf8, 0x00, 0x68, 0x5c, 0x00, 0x7d, 0x68, 0x60, 0x00, 0xff,
    0x68, 0x60, 0x08, 0xff, 0x68, 0x5c, 0x00, 0xff, 0x68, 0x60, 0x00, 0xff,
    0x68, 0x60, 0x08, 0xff, 0x68, 0x5c, 0x00, 0xff, 0x68, 0x60, 0x00, 0xff,
    0x68, 0x60, 0x00, 0xff, 0x68, 0x60, 0x00, 0xff, 0x68, 0x60, 0x00, 0xff,
    0x68, 0x60, 0x00, 0xff, 0x68, 0x60, 0x00, 0xff, 0x68, 0x60, 0x08, 0xff,
    0x68, 0x60, 0x00, 0xff, 0x68, 0x5c, 0x00, 0xff, 0x68, 0x60, 0x00, 0xff,
    0x68, 0x60, 0x00, 0xff, 0x68, 0x60, 0x08, 0x41, 0x68, 0x60, 0x00, 0x82,
    0x68, 0x60, 0x00, 0xff, 0x68, 0x60, 0x00, 0xff, 0x68, 0x5c, 0x00, 0xff,
    0x68, 0x60, 0x00, 0xff, 0x68, 0x60, 0x08, 0xff, 0x68, 0x5c, 0x00, 0xff,
    0x68, 0x60, 0x08, 0xff, 0x68, 0x60, 0x00, 0xff, 0x68, 0x5c, 0x08, 0xff,
    0x68, 0x60, 0x08, 0xff, 0x68, 0x60, 0x00, 0xff, 0x68, 0x60, 0x08, 0xff,
    0x68, 0x5c, 0x00, 0xff, 0x68, 0x60, 0x00, 0xff, 0x68, 0x5c, 0x00, 0xff,
    0x68, 0x60, 0x00, 0xff, 0x68, 0x60, 0x00, 0xff, 0x68, 0x5c, 0x08, 0x41,
    0x68, 0x60, 0x00, 0x82, 0x68, 0x60, 0x00, 0xff, 0x68, 0x5c, 0x08, 0xff,
    0x68, 0x60, 0x00, 0xff, 0x68, 0x5c, 0x00, 0xff, 0x68, 0x60, 0x00, 0xff,
    0x68, 0x5c, 0x00, 0xff, 0x68, 0x60, 0x00, 0xff, 0x68, 0x60, 0x08, 0xff,
    0x68, 0x5c, 0x00, 0xff, 0x68, 0x60, 0x00, 0xff, 0x68, 0x60, 0x08, 0xff,
    0x68, 0x60, 0x00, 0xff, 0x68, 0x60, 0x00, 0xff, 0x68, 0x60, 0x00, 0xff,
    0x68, 0x5c, 0x00, 0xff, 0x68, 0x60, 0x08, 0xff, 0x68, 0x5c, 0x00, 0xff,
    0x68, 0x60, 0x00, 0x41, 0x68, 0x5c, 0x08, 0x82, 0x68, 0x60, 0x00, 0xff,
    0x68, 0x5c, 0x00, 0xff, 0x68, 0x60, 0x00, 0xff, 0x68, 0x60, 0x00, 0xff,
    0x68, 0x60, 0x08, 0xff, 0x68, 0x60, 0x00, 0xff, 0x68, 0x5c, 0x00, 0xff,
    0x68, 0x60, 0x00, 0xff, 0x68, 0x60, 0x00, 0xff, 0x68, 0x5c, 0x08, 0xff,
    0x68, 0x60, 0x00, 0xff, 0x68, 0x60, 0x00, 0xff, 0x68, 0x60, 0x08, 0xff,
    0x68, 0x60, 0x00, 0xff, 0x68, 0x5c, 0x00, 0xff, 0x68, 0x60, 0x00, 0xff,
    0x68, 0x5c, 0x00, 0xff, 0x68, 0x60, 0x08, 0x41, 0x68, 0x60, 0x00, 0x41,
    0x68, 0x60, 0x00, 0xff, 0x68, 0x60, 0x00, 0xff, 0x68, 0x60, 0x00, 0xff,
    0x68, 0x60, 0x00, 0xff, 0x68, 0x5c, 0x00, 0xff, 0x68, 0x60, 0x00, 0xff,
    0x68, 0x60, 0x08, 0xff, 0x68, 0x5c, 0x00, 0xff, 0x68, 0x60, 0x00, 0xff,
    0x68, 0x60, 0x00, 0xff, 0x68, 0x60, 0x00, 0xff, 0x68, 0x60, 0x00, 0xff,
    0x68, 0x5c, 0x08, 0xff, 0x68, 0x60, 0x00, 0xff, 0x68, 0x60, 0x00, 0xff,
    0x68, 0x60, 0x08, 0xff, 0x68, 0x60, 0x00, 0xff, 0x68, 0x5c, 0x00, 0x41,
    0x68, 0x60, 0x08, 0x41, 0x68, 0x5c, 0x00, 0xfb, 0x68, 0x60, 0x00, 0xff,
    0x68, 0x60, 0x00, 0xff, 0x68, 0x60, 0x00, 0xff, 0x68, 0x60, 0x00, 0xff,
    0x68, 0x60, 0x08, 0xff, 0x68, 0x60, 0x00, 0xff, 0x68, 0x60, 0x00, 0xff,
    0x68, 0x60, 0x00, 0xff, 0x68, 0x60, 0x00, 0xff, 0x68, 0x5c, 0x00, 0xff,
    0x68, 0x60, 0x08, 0xff, 0x68, 0x60, 0x00, 0xff, 0x68, 0x60, 0x00, 0xff,
    0x68, 0x5c, 0x08, 0xff, 0x68, 0x60, 0x00, 0xff, 0x68, 0x5c, 0x00, 0xff,
    0x68, 0x5c, 0x08, 0x41, 0x68, 0x60, 0x00, 0x41, 0x68, 0x5c, 0x00, 0xfb,
    0x68, 0x60, 0x00, 0xff, 0x68, 0x5c, 0x00, 0xff, 0x68, 0x60, 0x00, 0xff,
    0x68, 0x60, 0x08, 0xff, 0x68, 0x60, 0x00, 0xff, 0x68, 0x60, 0x00, 0xff,
    0x68, 0x60, 0x00, 0xff, 0x68, 0x60, 0x00, 0xff, 0x68, 0x60, 0x00, 0xff,
    0x68, 0x60, 0x08, 0xff, 0x68, 0x60, 0x00, 0xff, 0x68, 0x5c, 0x00, 0xff,
    0x68, 0x60, 0x08, 0xff, 0x68, 0x60, 0x00, 0xff, 0x68, 0x60, 0x00, 0xff,
    0x68, 0x60, 0x08, 0xff, 0x68, 0x5c, 0x00, 0x7d, 0x68, 0x60, 0x00, 0x41,
    0x68, 0x60, 0x00, 0xff, 0x68, 0x60, 0x00, 0xff, 0x68, 0x60, 0x00, 0xff,
    0x68, 0x5c, 0x08, 0xff, 0x68, 0x60, 0x00, 0xff, 0x68, 0x60, 0x00, 0xff,
    0x68, 0x60, 0x00, 0xff, 0x68, 0x60, 0x00, 0xff, 0x68, 0x5c, 0x00, 0xff,
    0x68, 0x60, 0x08, 0xff, 0x68, 0x5c, 0x00, 0xff, 0x68, 0x60, 0x00, 0xff,
    0x68, 0x60, 0x08, 0xff, 0x68, 0x60, 0x00, 0xff, 0x68, 0x60, 0x00, 0xff,
    0x68, 0x60, 0x08, 0xff, 0x68, 0x60, 0x00, 0xff, 0x68, 0x60, 0x00, 0x7d,
    0x68, 0x60, 0x00, 0x41, 0x68, 0x60, 0x00, 0xff, 0x68, 0x5c, 0x00, 0xff,
    0x68, 0x60, 0x08, 0xff, 0x68, 0x60, 0x00, 0xff, 0x68, 0x60, 0x00, 0xff,
    0x68, 0x5c, 0x00, 0xff, 0x68, 0x60, 0x00, 0xff, 0x68, 0x5c, 0x00, 0xff,
    0x68, 0x5c, 0x08, 0xff, 0x68, 0x60, 0x00, 0xff, 0x68, 0x5c, 0x00, 0xff,
    0x68, 0x60, 0x08, 0xff, 0x68, 0x60, 0x00, 0xff, 0x68, 0x60, 0x00, 0xff,
    0x68, 0x5c, 0x00, 0xff, 0x68, 0x60, 0x08, 0xff, 0x68, 0x60, 0x00, 0xff,
    0x68, 0x60, 0x00, 0x7d, 0x68, 0x60, 0x08, 0x41, 0x68, 0x60, 0x00, 0xff,
    0x68, 0x5c, 0x00, 0xff, 0x68, 0x60, 0x08, 0xff, 0x68, 0x60, 0x00, 0xff,
    0x68, 0x5c, 0x00, 0xff, 0x68, 0x60, 0x00, 0xff, 0x68, 0x60, 0x00, 0xff,
    0x68, 0x60, 0x00, 0xff, 0x68, 0x60, 0x08, 0xff, 0x68, 0x5c, 0x00, 0xff,
    0x68, 0x60, 0x00, 0xff, 0x68, 0x60, 0x00, 0xff, 0x68, 0x5c, 0x08, 0xff,
    0x68, 0x60, 0x00, 0xff, 0x68, 0x60, 0x00, 0xff, 0x68, 0x5c, 0x08, 0xff,
    0x68, 0x60, 0x00, 0xff, 0x68, 0x60, 0x00, 0x7d, 0xf8, 0xfc, 0xf8, 0x00,
    0xf8, 0xfc, 0xf8, 0x00, 0x68, 0x60, 0x00, 0x82, 0x68, 0x60, 0x00, 0xff,
    0x68, 0x5c, 0x00, 0xff, 0x68, 0x60, 0x00, 0xff, 0x68, 0x60, 0x00, 0xff,
    0x68, 0x60, 0x08, 0xff, 0x68, 0x5c, 0x00, 0xff, 0x68, 0x60, 0x00, 0xff,
    0x68, 0x60, 0x08, 0xff, 0x68, 0x5c, 0x00, 0xff, 0x68, 0x60, 0x08, 0xff,
    0x68, 0x60, 0x00, 0xff, 0x68, 0x5c, 0x00, 0xff, 0x68, 0x60, 0x08, 0xff,
    0x68, 0x60, 0x00, 0xff, 0x68, 0x60, 0x08, 0xff, 0x68, 0x5c, 0x00, 0xff,
    0x68, 0x60, 0x00, 0xff, 0x68, 0x60, 0x00, 0x41, 0x68, 0x5c, 0x08, 0x7d,
    0x68, 0x60, 0x00, 0xff, 0x68, 0x60, 0x08, 0xff, 0x68, 0x60, 0x00, 0xff,
    0x68, 0x5c, 0x00, 0xff, 0x68, 0x60, 0x00, 0xff, 0x68, 0x60, 0x08, 0xff,
    0x68, 0x60, 0x00, 0xff, 0x68, 0x60, 0x00, 0xff, 0x68, 0x5c, 0x00, 0xff,
    0x68, 0x60, 0x00, 0xff, 0x68, 0x60, 0x00, 0xff, 0x68, 0x5c, 0x00, 0xff,
    0x68, 0x60, 0x08, 0xff, 0x68, 0x60, 0x00, 0xff, 0x68, 0x60, 0x00, 0xff,
    0x68, 0x5c, 0x08, 0xff, 0x68, 0x60, 0x00, 0xff, 0x68, 0x60, 0x00, 0x41,
    0x68, 0x60, 0x00, 0x7d, 0x68, 0x5c, 0x08, 0xff, 0x68, 0x60, 0x00, 0xff,
    0x68, 0x60, 0x00, 0xff, 0x68, 0x60, 0x08, 0xff, 0x68, 0x5c, 0x00, 0xff,
    0x68, 0x60, 0x00, 0xff, 0x68, 0x60, 0x00, 0xff, 0x68, 0x5c, 0x08, 0xff,
    0x68, 0x60, 0x00, 0xff, 0x68, 0x60, 0x00, 0xff, 0x68, 0x5c, 0x08, 0xff,
    0x68, 0x60, 0x00, 0xff, 0x68, 0x60, 0x00, 0xff, 0x68, 0x5c, 0x08, 0xff,
    0x68, 0x60, 0x00, 0xff, 0x68, 0x60, 0x00, 0xff, 0x68, 0x60, 0x08, 0xff,
    0x68, 0x60, 0x00, 0x41, 0x68, 0x60, 0x00, 0x7d, 0x68, 0x5c, 0x00, 0xff,
    0x68, 0x60, 0x08, 0xff, 0x68, 0x60, 0x00, 0xff, 0x68, 0x5c, 0x00, 0xff,
    0x68, 0x60, 0x00, 0xff, 0x68, 0x60, 0x00, 0xff, 0x68, 0x60, 0x00, 0xff,
    0x68, 0x5c, 0x00, 0xff, 0x68, 0x60, 0x08, 0xff, 0x68, 0x60, 0x00, 0xff,
    0x68, 0x5c, 0x00, 0xff, 0x68, 0x60, 0x00, 0xff, 0x68, 0x60, 0x00, 0xff,
    0x68, 0x5c, 0x08, 0xff, 0x68, 0x60, 0x00, 0xff, 0x68, 0x60, 0x00, 0xff,
    0x68, 0x5c, 0x08, 0xff, 0x68, 0x60, 0x00, 0x41, 0x68, 0x5c, 0x00, 0x3c,
    0x68, 0x5c, 0x08, 0xff, 0x68, 0x60, 0x08, 0xff, 0x68, 0x60, 0x00, 0xff,
    0x68, 0x5c, 0x08, 0xff, 0x68, 0x60, 0x00, 0xff, 0x68, 0x60, 0x00, 0xff,
    0x68, 0x60, 0x00, 0xff, 0x68, 0x5c, 0x08, 0xff, 0x68, 0x60, 0x00, 0xff,
    0x68, 0x60, 0x08, 0xff, 0x68, 0x5c, 0x00, 0xff, 0x68, 0x60, 0x00, 0xff,
    0x68, 0x60, 0x00, 0xff, 0x68, 0x60, 0x00, 0xff, 0x68, 0x5c, 0x00, 0xff,
    0x68, 0x60, 0x00, 0xff, 0x68, 0x60, 0x00, 0xff, 0x68, 0x60, 0x00, 0x41,
    0x68, 0x5c, 0x08, 0x41, 0x68, 0x60, 0x00, 0xff, 0x68, 0x60, 0x00, 0xff,
    0x68, 0x5c, 0x08, 0xff, 0x68, 0x60, 0x00, 0xff, 0x68, 0x5c, 0x00, 0xff,
    0x68, 0x60, 0x00, 0xff, 0x68, 0x5c, 0x08, 0xff, 0x68, 0x60, 0x00, 0xff,
    0x68, 0x5c, 0x08, 0xff, 0x68, 0x60, 0x00, 0xff, 0x68, 0x60, 0x00, 0xff,
    0x68, 0x5c, 0x00, 0xff, 0x68, 0x60, 0x00, 0xff, 0x68, 0x60, 0x00, 0xff,
    0x68, 0x60, 0x00, 0xff, 0x68, 0x60, 0x00, 0xff, 0x68, 0x60, 0x00, 0xff,
    0x68, 0x60, 0x08, 0x41, 0x68, 0x60, 0x00, 0x41, 0x68, 0x60, 0x00, 0xff,
    0x68, 0x5c, 0x08, 0xff, 0x68, 0x60, 0x00, 0xff, 0x68, 0x60, 0x00, 0xff,
    0x68, 0x5c, 0x00, 0xff, 0x68, 0x60, 0x08, 0xff, 0x68, 0x5c, 0x00, 0xff,
    0x68, 0x5c, 0x08, 0xff, 0x68, 0x60, 0x00, 0xff, 0x68, 0x60, 0x00, 0xff,
    0x68, 0x5c, 0x00, 0xff, 0x68, 0x60, 0x00, 0xff, 0x68, 0x60, 0x00, 0xff,
    0x68, 0x60, 0x00, 0xff, 0x68, 0x5c, 0x00, 0xff, 0x68, 0x60, 0x00, 0xff,
    0x68, 0x60, 0x08, 0xff, 0x68, 0x60, 0x00, 0x82, 0x68, 0x5c, 0x00, 0x41,
    0x68, 0x60, 0x08, 0xff, 0x68, 0x60, 0x00, 0xff, 0x68, 0x5c, 0x00, 0xff,
    0x68, 0x60, 0x00, 0xff, 0x68, 0x60, 0x08, 0xff, 0x68, 0x5c, 0x00, 0xff,
    0x68, 0x60, 0x08, 0xff, 0x68, 0x60, 0x00, 0xff, 0x68, 0x60, 0x00, 0xff,
    0x68, 0x5c, 0x00, 0xff, 0x68, 0x60, 0x00, 0xff, 0x68, 0x60, 0x00, 0xff,
    0x68, 0x5c, 0x00, 0xff, 0x68, 0x60, 0x00, 0xff, 0x68, 0x5c, 0x00, 0xff,
    0x68, 0x60, 0x08, 0xff, 0x68, 0x5c, 0x00, 0xff, 0x68, 0x60, 0x00, 0x82,
    0x68, 0x5c, 0x08, 0x41, 0x68, 0x60, 0x00, 0xff, 0x68, 0x60, 0x00, 0xff,
    0x68, 0x5c, 0x00, 0xff, 0x68, 0x60, 0x08, 0xff, 0x68, 0x60, 0x00, 0xff,
    0x68, 0x60, 0x08, 0xff, 0x68, 0x60, 0x00, 0xff, 0x68, 0x60, 0x00, 0xff,
    0x68, 0x60, 0x00, 0xff, 0x68, 0x60, 0x00, 0xff, 0x68, 0x60, 0x00, 0xff,
    0x68, 0x5c, 0x00, 0xff, 0x68, 0x60, 0x00, 0xff, 0x68, 0x60, 0x00, 0xff,
    0x68, 0x60, 0x08, 0xff, 0x68, 0x5c, 0x00, 0xff, 0x68, 0x60, 0x00, 0xff,
    0x68, 0x60, 0x08, 0x82, 0x68, 0x5c, 0x00, 0x41, 0x68, 0x60, 0x00, 0xff,
    0x68, 0x60, 0x00, 0xff, 0x68, 0x60, 0x00, 0xff, 0x68, 0x60, 0x08, 0xff,
    0x68, 0x60, 0x00, 0xff, 0x68, 0x5c, 0x00, 0xff, 0x68, 0x60, 0x08, 0xff,
    0x68, 0x60, 0x00, 0xff, 0x68, 0x5c, 0x00, 0xff, 0x68, 0x60, 0x00, 0xff,
    0x68, 0x60, 0x00, 0xff, 0x68, 0x60, 0x00, 0xff, 0x68, 0x60, 0x08, 0xff,
    0x68, 0x60, 0x00, 0xff, 0x68, 0x60, 0x00, 0xff, 0x68, 0x5c, 0x00, 0xff,
    0x68, 0x60, 0x08, 0xff, 0x68, 0x60, 0x00, 0x82, 0xf8, 0xfc, 0xf8, 0x00,
    0xf8, 0xfc, 0xf8, 0x00, 0x68, 0x60, 0x00, 0x82, 0x68, 0x60, 0x08, 0xff,
    0x68, 0x60, 0x00, 0xff, 0x68, 0x60, 0x00, 0xff, 0x68, 0x60, 0x08, 0xff,
    0x68, 0x5c, 0x00, 0xff, 0x68, 0x60, 0x00, 0xff, 0x68, 0x60, 0x08, 0xff,
    0x68, 0x5c, 0x00, 0xff, 0x68, 0x60, 0x00, 0xff, 0x68, 0x60, 0x00, 0xff,
    0x68, 0x5c, 0x08, 0xff, 0x68, 0x60, 0x00, 0xff, 0x68, 0x60, 0x00, 0xff,
    0x68, 0x5c, 0x00, 0xff, 0x68, 0x60, 0x00, 0xff, 0x68, 0x60, 0x08, 0xff,
    0x68, 0x5c, 0x00, 0xff, 0x68, 0x60, 0x00, 0x41, 0x68, 0x60, 0x00, 0x7d,
    0x68, 0x5c, 0x00, 0xff, 0x68, 0x60, 0x00, 0xff, 0x68, 0x60, 0x08, 0xff,
    0x68, 0x60, 0x00, 0xff, 0x68, 0x5c, 0x00, 0xff, 0x68, 0x60, 0x00, 0xff,
    0x68, 0x60, 0x00, 0xff, 0x68, 0x5c, 0x00, 0xff, 0x68, 0x60, 0x00, 0xff,
    0x68, 0x60, 0x08, 0xff, 0x68, 0x60, 0x00, 0xff, 0x68, 0x60, 0x00, 0xff,
    0x68, 0x60, 0x00, 0xff, 0x68, 0x60, 0x08, 0xff, 0x68, 0x60, 0x00, 0xff,
    0x68, 0x60, 0x00, 0xff, 0x68, 0x5c, 0x08, 0xff, 0x68, 0x60, 0x00, 0x41,
    0x68, 0x60, 0x00, 0x7d, 0x68, 0x60, 0x00, 0xff, 0x68, 0x60, 0x00, 0xff,
    0x68, 0x60, 0x08, 0xff, 0x68, 0x60, 0x00, 0xff, 0x68, 0x60, 0x00, 0xff,
    0x68, 0x60, 0x08, 0xff, 0x68, 0x60, 0x00, 0xff, 0x68, 0x60, 0x00, 0xff,
    0x68, 0x60, 0x00, 0xff, 0x68, 0x60, 0x00, 0xff, 0x68, 0x5c, 0x00, 0xff,
    0x68, 0x60, 0x00, 0xff, 0x68, 0x60, 0x08, 0xff, 0x68, 0x60, 0x00, 0xff,
    0x68, 0x60, 0x00, 0xff, 0x68, 0x60, 0x00, 0xff, 0x68, 0x5c, 0x00, 0xff,
    0x68, 0x60, 0x08, 0x41, 0x68, 0x60, 0x00, 0x7d, 0x68, 0x60, 0x00, 0xff,
    0x68, 0x60, 0x08, 0xff, 0x68, 0x60, 0x00, 0xff, 0x68, 0x5c, 0x00, 0xff,
    0x68, 0x60, 0x08, 0xff, 0x68, 0x60, 0x08, 0xff, 0x68, 0x5c, 0x00, 0xff,
    0x68, 0x60, 0x00, 0xff, 0x68, 0x60, 0x00, 0xff, 0x68, 0x60, 0x00, 0xff,
    0x68, 0x60, 0x08, 0xff, 0x68, 0x5c, 0x00, 0xff, 0x68, 0x60, 0x00, 0xff,
    0x68, 0x60, 0x00, 0xff, 0x68, 0x60, 0x00, 0xff, 0x68, 0x60, 0x08, 0xff,
    0x68, 0x60, 0x00, 0xff, 0x68, 0x60, 0x00, 0x41, 0x68, 0x60, 0x00, 0x41,
    0x68, 0x60, 0x00, 0xff, 0x68, 0x60, 0x00, 0xff, 0x68, 0x5c, 0x00, 0xff,
    0x68, 0x60, 0x00, 0xff, 0x68, 0x60, 0x08, 0xff, 0x68, 0x60, 0x00, 0xff,
    0x68, 0x5c, 0x00, 0xff, 0x68, 0x60, 0x00, 0xff, 0x68, 0x60, 0x00, 0xff,
    0x68, 0x60, 0x08, 0xff, 0x68, 0x5c, 0x00, 0xff, 0x68, 0x60, 0x00, 0xff,
    0x68, 0x60, 0x08, 0xff, 0x68, 0x5c, 0x08, 0xff, 0x68, 0x60, 0x00, 0xff,
    0x68, 0x60, 0x00, 0xff, 0x68, 0x5c, 0x08, 0xff, 0x68, 0x60, 0x00, 0x3c,
    0x68, 0x60, 0x00, 0x41, 0x68, 0x60, 0x00, 0xff, 0x68, 0x60, 0x00, 0xff,
    0x68, 0x60, 0x08, 0xff, 0x68, 0x5c, 0x00, 0xff, 0x68, 0x60, 0x00, 0xff,
    0x68, 0x60, 0x08, 0xff, 0x68, 0x60, 0x00, 0xff, 0x68, 0x5c, 0x00, 0xff,
    0x68, 0x60, 0x00, 0xff, 0x68, 0x60, 0x08, 0xff, 0x68, 0x60, 0x00, 0xff,
    0x68, 0x60, 0x08, 0xff, 0x68, 0x5c, 0x00, 0xff, 0x68, 0x60, 0x08, 0xff,
    0x68, 0x60, 0x00, 0xff, 0x68, 0x5c, 0x00, 0xff, 0x68, 0x60, 0x08, 0xff,
    0x68, 0x60, 0x00, 0x3c, 0x68, 0x60, 0x00, 0x41, 0x68, 0x60, 0x00, 0xff,
    0x68, 0x60, 0x08, 0xff, 0x68, 0x60, 0x00, 0xff, 0x68, 0x60, 0x00, 0xff,
    0x68, 0x60, 0x08, 0xff, 0x68, 0x60, 0x00, 0xff, 0x68, 0x60, 0x00, 0xff,
    0x68, 0x60, 0x00, 0xff, 0x68, 0x60, 0x08, 0xff, 0x68, 0x5c, 0x00, 0xff,
    0x68, 0x60, 0x08, 0xff, 0x68, 0x60, 0x00, 0xff, 0x68, 0x60, 0x08, 0xff,
    0x68, 0x5c, 0x00, 0xff, 0x68, 0x60, 0x00, 0xff, 0x68, 0x60, 0x08, 0xff,
    0x68, 0x5c, 0x00, 0xff, 0x68, 0x60, 0x00, 0x7d, 0x68, 0x60, 0x00, 0x41,
    0x68, 0x60, 0x08, 0xff, 0x68, 0x5c, 0x00, 0xff, 0x68, 0x60, 0x00, 0xff,
    0x68, 0x60, 0x08, 0xff, 0x68, 0x60, 0x00, 0xff, 0x68, 0x60, 0x00, 0xff,
    0x68, 0x5c, 0x00, 0xff, 0x68, 0x60, 0x08, 0xff, 0x68, 0x60, 0x00, 0xff,
    0x68, 0x60, 0x08, 0xff, 0x68, 0x60, 0x00, 0xff, 0x68, 0x60, 0x08, 0xff,
    0x68, 0x60, 0x00, 0xff, 0x68, 0x5c, 0x00, 0xff, 0x68, 0x60, 0x08, 0xff,
    0x68, 0x60, 0x00, 0xff, 0x68, 0x60, 0x00, 0xff, 0x68, 0x5c, 0x00, 0x7d,
    0x68, 0x60, 0x08, 0x41, 0x68, 0x60, 0x00, 0xff, 0x68, 0x60, 0x00, 0xff,
    0x68, 0x60, 0x08, 0xff, 0x68, 0x5c, 0x00, 0xff, 0x68, 0x60, 0x00, 0xff,
    0x68, 0x60, 0x00, 0xff, 0x68, 0x5c, 0x08, 0xff, 0x68, 0x60, 0x00, 0xff,
    0x68, 0x60, 0x08, 0xff, 0x68, 0x60, 0x00, 0xff, 0x68, 0x60, 0x08, 0xff,
    0x68, 0x5c, 0x00, 0xff, 0x68, 0x60, 0x00, 0xff, 0x68, 0x60, 0x08, 0xff,
    0x68, 0x60, 0x00, 0xff, 0x68, 0x60, 0x00, 0xff, 0x68, 0x5c, 0x00, 0xff,
    0x68, 0x60, 0x00, 0x7d, 0x68, 0x60, 0x00, 0x41, 0x68, 0x5c, 0x08, 0xff,
    0x68, 0x60, 0x00, 0xff, 0x68, 0x5c, 0x00, 0xff, 0x68, 0x60, 0x08, 0xff,
    0x68, 0x60, 0x00, 0xff, 0x68, 0x5c, 0x00, 0xff, 0x68, 0x60, 0x08, 0xff,
    0x68, 0x60, 0x00, 0xff, 0x68, 0x60, 0x00, 0xff, 0x68, 0x60, 0x08, 0xff,
    0x68, 0x5c, 0x00, 0xff, 0x68, 0x60, 0x00, 0xff, 0x68, 0x5c, 0x00, 0xff,
    0x68, 0x60, 0x08, 0xff, 0x68, 0x60, 0x00, 0xff, 0x68, 0x60, 0x00, 0xff,
    0x68, 0x5c, 0x00, 0xff, 0x68, 0x60, 0x00, 0x7d, 0xf8, 0xfc, 0xf8, 0x00,
    0xf8, 0xfc, 0xf8, 0x00, 0x68, 0x5c, 0x00, 0x7d, 0x68, 0x60, 0x08, 0xff,
    0x68, 0x5c, 0x00, 0xff, 0x68, 0x60, 0x00, 0xff, 0x68, 0x60, 0x00, 0xff,
    0x68, 0x60, 0x00, 0xff, 0x68, 0x60, 0x00, 0xff, 0x68, 0x60, 0x00, 0xff,
    0x68, 0x60, 0x00, 0xff, 0x68, 0x60, 0x00, 0xff, 0x68, 0x60, 0x00, 0xff,
    0x68, 0x60, 0x00, 0xff, 0x68, 0x60, 0x08, 0xff, 0x68, 0x60, 0x00, 0xff,
    0x68, 0x60, 0x00, 0xff, 0x68, 0x60, 0x00, 0xff, 0x68, 0x60, 0x00, 0xff,
    0x68, 0x60, 0x08, 0xff, 0x68, 0x60, 0x00, 0x41, 0x68, 0x60, 0x00, 0x82,
    0x68, 0x5c, 0x08, 0xff, 0x68, 0x60, 0x00, 0xff, 0x68, 0x60, 0x00, 0xff,
    0x68, 0x60, 0x08, 0xff, 0x68, 0x60, 0x00, 0xff, 0x68, 0x5c, 0x00, 0xff,
    0x68, 0x60, 0x08, 0xff, 0x68, 0x60, 0x00, 0xff, 0x68, 0x60, 0x08, 0xff,
    0x68, 0x5c, 0x00, 0xff, 0x68, 0x60, 0x00, 0xff, 0x68, 0x60, 0x08, 0xff,
    0x68, 0x5c, 0x00, 0xff, 0x68, 0x5c, 0x00, 0xff, 0x68, 0x60, 0x00, 0xff,
    0x68, 0x60, 0x00, 0xff, 0x68, 0x60, 0x00, 0xff, 0x68, 0x5c, 0x08, 0x41,
    0x68, 0x60, 0x00, 0x82, 0x68, 0x60, 0x00, 0xff, 0x68, 0x5c, 0x08, 0xff,
    0x68, 0x5c, 0x00, 0xff, 0x68, 0x60, 0x00, 0xff, 0x68, 0x5c, 0x00, 0xff,
    0x68, 0x60, 0x08, 0xff, 0x68, 0x5c, 0x00, 0xff, 0x68, 0x60, 0x00, 0xff,
    0x68, 0x60, 0x08, 0xff, 0x68, 0x5c, 0x00, 0xff, 0x68, 0x60, 0x00, 0xff,
    0x68, 0x60, 0x08, 0xff, 0x68, 0x5c, 0x00, 0xff, 0x68, 0x60, 0x00, 0xff,
    0x68, 0x60, 0x08, 0xff, 0x68, 0x5c, 0x00, 0xff, 0x68, 0x60, 0x00, 0xff,
    0x68, 0x60, 0x00, 0x41, 0x68, 0x5c, 0x00, 0x82, 0x68, 0x60, 0x00, 0xff,
    0x68, 0x60, 0x00, 0xff, 0x68, 0x5c, 0x00, 0xff, 0x68, 0x60, 0x00, 0xff,
    0x68, 0x60, 0x00, 0xff, 0x68, 0x60, 0x00, 0xff, 0x68, 0x60, 0x08, 0xff,
    0x68, 0x60, 0x00, 0xff, 0x68, 0x5c, 0x00, 0xff, 0x68, 0x60, 0x08, 0xff,
    0x68, 0x60, 0x00, 0xff, 0x68, 0x60, 0x00, 0xff, 0x68, 0x5c, 0x08, 0xff,
    0x68, 0x60, 0x00, 0xff, 0x68, 0x60, 0x00, 0xff, 0x68, 0x5c, 0x00, 0xff,
    0x68, 0x60, 0x00, 0xff, 0x68, 0x60, 0x08, 0x41, 0x68, 0x5c, 0x00, 0x41,
    0x68, 0x60, 0x00, 0xff, 0x68, 0x60, 0x08, 0xff, 0x68, 0x60, 0x00, 0xff,
    0x68, 0x60, 0x00, 0xff, 0x68, 0x60, 0x00, 0xff, 0x68, 0x5c, 0x08, 0xff,
    0x68, 0x60, 0x00, 0xff, 0x68, 0x60, 0x00, 0xff, 0x68, 0x60, 0x00, 0xff,
    0x68, 0x5c, 0x00, 0xff, 0x68, 0x60, 0x00, 0xff, 0x68, 0x60, 0x00, 0xff,
    0x68, 0x60, 0x00, 0xff, 0x68, 0x60, 0x00, 0xff, 0x68, 0x60, 0x08, 0xff,
    0x68, 0x60, 0x00, 0xff, 0x68, 0x60, 0x00, 0xff, 0x68, 0x5c, 0x08, 0x41,
    0x68, 0x60, 0x00, 0x41, 0x68, 0x60, 0x00, 0xff, 0x68, 0x5c, 0x08, 0xff,
    0x68, 0x60, 0x00, 0xff, 0x68, 0x60, 0x00, 0xff, 0x68, 0x60, 0x00, 0xff,
    0x68, 0x60, 0x00, 0xff, 0x68, 0x60, 0x00, 0xff, 0x68, 0x60, 0x00, 0xff,
    0x68, 0x60, 0x00, 0xff, 0x68, 0x5c, 0x00, 0xff, 0x68, 0x60, 0x08, 0xff,
    0x68, 0x60, 0x00, 0xff, 0x68, 0x60, 0x00, 0xff, 0x68, 0x5c, 0x08, 0xff,
    0x68, 0x60, 0x00, 0xff, 0x68, 0x60, 0x00, 0xff, 0x68, 0x5c, 0x00, 0xff,
    0x68, 0x60, 0x00, 0x41, 0x68, 0x5c, 0x00, 0x41, 0x68, 0x5c, 0x08, 0xff,
    0x68, 0x60, 0x00, 0xff, 0x68, 0x5c, 0x00, 0xff, 0x68, 0x60, 0x00, 0xff,
    0x68, 0x5c, 0x00, 0xff, 0x68, 0x60, 0x00, 0xff, 0x68, 0x60, 0x00, 0xff,
    0x68, 0x60, 0x00, 0xff, 0x68, 0x5c, 0x00, 0xff, 0x68, 0x60, 0x08, 0xff,
    0x68, 0x60, 0x00, 0xff, 0x68, 0x60, 0x00, 0xff, 0x68, 0x5c, 0x08, 0xff,
    0x68, 0x60, 0x00, 0xff, 0x68, 0x60, 0x00, 0xff, 0x68, 0x60, 0x00, 0xff,
    0x68, 0x60, 0x00, 0xff, 0x68, 0x5c, 0x00, 0x82, 0x68, 0x60, 0x08, 0x41,
    0x68, 0x60, 0x00, 0xff, 0x68, 0x60, 0x00, 0xff, 0x68, 0x60, 0x00, 0xff,
    0x68, 0x5c, 0x00, 0xff, 0x68, 0x60, 0x00, 0xff, 0x68, 0x60, 0x00, 0xff,
    0x68, 0x60, 0x00, 0xff, 0x68, 0x5c, 0x00, 0xff, 0x68, 0x60, 0x08, 0xff,
    0x68, 0x60, 0x00, 0xff, 0x68, 0x5c, 0x00, 0xff, 0x68, 0x60, 0x08, 0xff,
    0x68, 0x60, 0x00, 0xff, 0x68, 0x60, 0x00, 0xff, 0x68, 0x60, 0x00, 0xff,
    0x68, 0x60, 0x00, 0xff, 0x68, 0x60, 0x00, 0xff, 0x68, 0x60, 0x08, 0x82,
    0x68, 0x60, 0x00, 0x41, 0x68, 0x5c, 0x00, 0xff, 0x68, 0x60, 0x00, 0xff,
    0x68, 0x60, 0x00, 0xff, 0x68, 0x60, 0x00, 0xff, 0x68, 0x5c, 0x00, 0xff,
    0x68, 0x60, 0x00, 0xff, 0x68, 0x60, 0x00, 0xff, 0x68, 0x5c, 0x08, 0xff,
    0x68, 0x5c, 0x00, 0xff, 0x68, 0x60, 0x00, 0xff, 0x68, 0x60, 0x08, 0xff,
    0x68, 0x60, 0x00, 0xff, 0x68, 0x5c, 0x00, 0xff, 0x68, 0x60, 0x00, 0xff,
    0x68, 0x60, 0x00, 0xff, 0x68, 0x5c, 0x08, 0xff, 0x68, 0x60, 0x00, 0xff,
    0x68, 0x60, 0x00, 0x82, 0x68, 0x60, 0x08, 0x41, 0x68, 0x60, 0x00, 0xff,
    0x68, 0x60, 0x00, 0xff, 0x68, 0x5c, 0x00, 0xff, 0x68, 0x60, 0x00, 0xff,
    0x68, 0x60, 0x00, 0xff, 0x68, 0x60, 0x00, 0xff, 0x68, 0x5c, 0x00, 0xff,
    0x68, 0x60, 0x00, 0xff, 0x68, 0x60, 0x00, 0xff, 0x68, 0x5c, 0x08, 0xff,
    0x68, 0x60, 0x00, 0xff, 0x68, 0x60, 0x00, 0xff, 0x68, 0x60, 0x00, 0xff,
    0x68, 0x5c, 0x00, 0xff, 0x68, 0x60, 0x08, 0xff, 0x68, 0x60, 0x00, 0xff,
    0x68, 0x60, 0x00, 0xff, 0x68, 0x5c, 0x08, 0x82, 0xf8, 0xfc, 0xf8, 0x00,
    0xf8, 0xfc, 0xf8, 0x00, 0x68, 0x60, 0x00, 0x82, 0x68, 0x60, 0x00, 0xff,
    0x68, 0x60, 0x08, 0xff, 0x68, 0x5c, 0x00, 0xff, 0x68, 0x60, 0x00, 0xff,
    0x68, 0x5c, 0x08, 0xff, 0x68, 0x60, 0x00, 0xff, 0x68, 0x5c, 0x08, 0xff,
    0x68, 0x60, 0x08, 0xff, 0x68, 0x5c, 0x00, 0xff, 0x68, 0x60, 0x00, 0xff,
    0x68, 0x5c, 0x08, 0xff, 0x68, 0x60, 0x00, 0xff, 0x68, 0x5c, 0x00, 0xff,
    0x68, 0x60, 0x08, 0xff, 0x68, 0x5c, 0x00, 0xff, 0x68, 0x60, 0x00, 0xff,
    0x68, 0x5c, 0x08, 0xff, 0x68, 0x60, 0x00, 0x41, 0x68, 0x60, 0x00, 0x7d,
    0x68, 0x60, 0x08, 0xff, 0x68, 0x5c, 0x00, 0xff, 0x68, 0x60, 0x00, 0xff,
    0x68, 0x60, 0x00, 0xff, 0x68, 0x5c, 0x08, 0xff, 0x68, 0x60, 0x00, 0xff,
    0x68, 0x60, 0x00, 0xff, 0x68, 0x60, 0x00, 0xff, 0x68, 0x5c, 0x00, 0xff,
    0x68, 0x60, 0x00, 0xff, 0x68, 0x60, 0x00, 0xff, 0x68, 0x5c, 0x00, 0xff,
    0x68, 0x60, 0x08, 0xff, 0x68, 0x60, 0x00, 0xff, 0x68, 0x5c, 0x00, 0xff,
    0x68, 0x60, 0x08, 0xff, 0x68, 0x60, 0x00, 0xff, 0x68, 0x60, 0x00, 0x41,
    0x68, 0x5c, 0x08, 0x7d, 0x68, 0x60, 0x00, 0xff, 0x68, 0x60, 0x00, 0xff,
    0x68, 0x60, 0x00, 0xff, 0x68, 0x60, 0x00, 0xff, 0x68, 0x60, 0x08, 0xff,
    0x68, 0x5c, 0x00, 0xff, 0x68, 0x60, 0x00, 0xff, 0x68, 0x60, 0x00, 0xff,
    0x68, 0x5c, 0x08, 0xff, 0x68, 0x60, 0x00, 0xff, 0x68, 0x60, 0x00, 0xff,
    0x68, 0x60, 0x00, 0xff, 0x68, 0x5c, 0x00, 0xff, 0x68, 0x60, 0x00, 0xff,
    0x68, 0x60, 0x00, 0xff, 0x68, 0x5c, 0x08, 0xff, 0x68, 0x60, 0x00, 0xff,
    0x68, 0x60, 0x00, 0x41, 0x68, 0x5c, 0x08, 0x7d, 0x68, 0x60, 0x08, 0xff,
    0x68, 0x60, 0x00, 0xff, 0x68, 0x60, 0x08, 0xff, 0x68, 0x60, 0x00, 0xff,
    0x68, 0x5c, 0x00, 0xff, 0x68, 0x60, 0x00, 0xff, 0x68, 0x60, 0x00, 0xff,
    0x68, 0x5c, 0x08, 0xff, 0x68, 0x60, 0x00, 0xff, 0x68, 0x60, 0x00, 0xff,
    0x68, 0x5c, 0x00, 0xff, 0x68, 0x60, 0x00, 0xff, 0x68, 0x60, 0x08, 0xff,
    0x68, 0x60, 0x00, 0xff, 0x68, 0x5c, 0x00, 0xff, 0x68, 0x60, 0x08, 0xff,
    0x68, 0x60, 0x00, 0xff, 0x68, 0x5c, 0x00, 0x3c, 0x68, 0x60, 0x08, 0x41,
    0x68, 0x60, 0x00, 0xff, 0x68, 0x5c, 0x00, 0xff, 0x68, 0x60, 0x08, 0xff,
    0x68, 0x60, 0x00, 0xff, 0x68, 0x5c, 0x00, 0xff, 0x68, 0x60, 0x08, 0xff,
    0x68, 0x60, 0x00, 0xff, 0x68, 0x60, 0x08, 0xff, 0x68, 0x5c, 0x08, 0xff,
    0x68, 0x60, 0x00, 0xff, 0x68, 0x60, 0x08, 0xff, 0x68, 0x60, 0x00, 0xff,
    0x68, 0x5c, 0x00, 0xff, 0x68, 0x60, 0x00, 0xff, 0x68, 0x5c, 0x00, 0xff,
    0x68, 0x60, 0x00, 0xff, 0x68, 0x60, 0x00, 0xff, 0x68, 0x60, 0x00, 0x41,
    0x68, 0x60, 0x08, 0x41, 0x68, 0x5c, 0x00, 0xff, 0x68, 0x60, 0x00, 0xff,
    0x68, 0x60, 0x00, 0xff, 0x68, 0x5c, 0x08, 0xff, 0x68, 0x60, 0x00, 0xff,
    0x68, 0x5c, 0x08, 0xff, 0x68, 0x60, 0x00, 0xff, 0x68, 0x60, 0x08, 0xff,
    0x68, 0x5c, 0x00, 0xff, 0x68, 0x60, 0x00, 0xff, 0x68, 0x60, 0x00, 0xff,
    0x68, 0x60, 0x00, 0xff, 0x68, 0x60, 0x00, 0xff, 0x68, 0x60, 0x00, 0xff,
    0x68, 0x60, 0x08, 0xff, 0x68, 0x60, 0x00, 0xff, 0x68, 0x60, 0x00, 0xff,
    0x68, 0x60, 0x08, 0x41, 0x68, 0x60, 0x00, 0x41, 0x68, 0x60, 0x00, 0xff,
    0x68, 0x60, 0x00, 0xff, 0x68, 0x60, 0x08, 0xff, 0x68, 0x5c, 0x00, 0xff,
    0x68, 0x60, 0x08, 0xff, 0x68, 0x60, 0x00, 0xff, 0x68, 0x5c, 0x08, 0xff,
    0x68, 0x60, 0x00, 0xff, 0x68, 0x60, 0x00, 0xff, 0x68, 0x60, 0x00, 0xff,
    0x68, 0x5c, 0x00, 0xff, 0x68, 0x60, 0x00, 0xff, 0x68, 0x60, 0x00, 0xff,
    0x68, 0x60, 0x08, 0xff, 0x68, 0x5c, 0x00, 0xff, 0x68, 0x60, 0x00, 0xff,
    0x68, 0x60, 0x08, 0xff, 0x68, 0x60, 0x00, 0x7d, 0x68, 0x5c, 0x00, 0x41,
    0x68, 0x60, 0x00, 0xff, 0x68, 0x60, 0x08, 0xff, 0x68, 0x5c, 0x00, 0xff,
    0x68, 0x60, 0x08, 0xff, 0x68, 0x60, 0x00, 0xff, 0x68, 0x5c, 0x08, 0xff,
    0x68, 0x60, 0x00, 0xff, 0x68, 0x60, 0x00, 0xff, 0x68, 0x5c, 0x00, 0xff,
    0x68, 0x60, 0x00, 0xff, 0x68, 0x60, 0x00, 0xff, 0x68, 0x5c, 0x00, 0xff,
    0x68, 0x60, 0x08, 0xff, 0x68, 0x5c, 0x00, 0xff, 0x68, 0x60, 0x00, 0xff,
    0x68, 0x5c, 0x08, 0xff, 0x68, 0x5c, 0x00, 0xff, 0x68, 0x60, 0x00, 0x7d,
    0x68, 0x60, 0x00, 0x41, 0x68, 0x60, 0x08, 0xff, 0x68, 0x5c, 0x00, 0xff,
    0x68, 0x60, 0x08, 0xff, 0x68, 0x60, 0x00, 0xff, 0x68, 0x60, 0x08, 0xff,
    0x68, 0x60, 0x00, 0xff, 0x68, 0x60, 0x00, 0xff, 0x68, 0x60, 0x00, 0xff,
    0x68, 0x60, 0x00, 0xff, 0x68, 0x5c, 0x00, 0xff, 0x68, 0x60, 0x00, 0xff,
    0x68, 0x60, 0x08, 0xff, 0x68, 0x60, 0x00, 0xff, 0x68, 0x5c, 0x00, 0xff,
    0x68, 0x60, 0x08, 0xff, 0x68, 0x60, 0x00, 0xff, 0x68, 0x60, 0x00, 0xff,
    0x68, 0x5c, 0x08, 0x7d, 0x68, 0x60, 0x00, 0x41, 0x68, 0x60, 0x00, 0xff,
    0x68, 0x60, 0x08, 0xff, 0x68, 0x60, 0x00, 0xff, 0x68, 0x5c, 0x08, 0xff,
    0x68, 0x60, 0x00, 0xff, 0x68, 0x60, 0x08, 0xff, 0x68, 0x60, 0x00, 0xff,
    0x68, 0x5c, 0x00, 0xff, 0x68, 0x60, 0x08, 0xff, 0x68, 0x60, 0x00, 0xff,
    0x68, 0x60, 0x00, 0xff, 0x68, 0x60, 0x08, 0xff, 0x68, 0x60, 0x00, 0xff,
    0x68, 0x5c, 0x00, 0xff, 0x68, 0x60, 0x00, 0xff, 0x68, 0x60, 0x08, 0xff,
    0x68, 0x60, 0x00, 0xff, 0x68, 0x60, 0x00, 0x82, 0xf8, 0xfc, 0xf8, 0x00,
    0xf8, 0xfc, 0xf8, 0x00, 0x68, 0x60, 0x00, 0x82, 0x68, 0x60, 0x00, 0xff,
    0x68, 0x60, 0x00, 0xff, 0x68, 0x60, 0x08, 0xff, 0x68, 0x5c, 0x00, 0xff,
    0x68, 0x60, 0x00, 0xff, 0x68, 0x60, 0x00, 0xff, 0x68, 0x60, 0x00, 0xff,
    0x68, 0x5c, 0x00, 0xff, 0x68, 0x60, 0x00, 0xff, 0x68, 0x60, 0x08, 0xff,
    0x68, 0x60, 0x00, 0xff, 0x68, 0x5c, 0x00, 0xff, 0x68, 0x60, 0x00, 0xff,
    0x68, 0x60, 0x08, 0xff, 0x68, 0x60, 0x00, 0xff, 0x68, 0x5c, 0x00, 0xff,
    0x68, 0x60, 0x00, 0xff, 0x68, 0x60, 0x00, 0x41, 0x68, 0x5c, 0x00, 0x7d,
    0x68, 0x60, 0x00, 0xff, 0x68, 0x60, 0x00, 0xff, 0x68, 0x5c, 0x00, 0xff,
    0x68, 0x60, 0x00, 0xff, 0x68, 0x60, 0x00, 0xff, 0x68, 0x60, 0x08, 0xff,
    0x68, 0x60, 0x00, 0xff, 0x68, 0x5c, 0x00, 0xff, 0x68, 0x60, 0x08, 0xff,
    0x68, 0x60, 0x08, 0xff, 0x68, 0x60, 0x00, 0xff, 0x68, 0x60, 0x00, 0xff,
    0x68, 0x60, 0x00, 0xff, 0x68, 0x60, 0x08, 0xff, 0x68, 0x60, 0x00, 0xff,
    0x68, 0x5c, 0x00, 0xff, 0x68, 0x60, 0x00, 0xff, 0x68, 0x60, 0x00, 0x41,
    0x68, 0x60, 0x00, 0x7d, 0x68, 0x60, 0x08, 0xff, 0x68, 0x60, 0x00, 0xff,
    0x68, 0x5c, 0x00, 0xff, 0x68, 0x60, 0x08, 0xff, 0x68, 0x60, 0x00, 0xff,
    0x68, 0x60, 0x00, 0xff, 0x68, 0x60, 0x00, 0xff, 0x68, 0x60, 0x08, 0xff,
    0x68, 0x60, 0x00, 0xff, 0x68, 0x60, 0x00, 0xff, 0x68, 0x60, 0x08, 0xff,
    0x68, 0x60, 0x00, 0xff, 0x68, 0x60, 0x08, 0xff, 0x68, 0x60, 0x00, 0xff,
    0x68, 0x60, 0x00, 0xff, 0x68, 0x60, 0x00, 0xff, 0x68, 0x60, 0x08, 0xff,
    0x68, 0x60, 0x00, 0x41, 0x68, 0x60, 0x00, 0x7d, 0x68, 0x5c, 0x00, 0xff,
    0x68, 0x60, 0x00, 0xff, 0x68, 0x60, 0x00, 0xff, 0x68, 0x5c, 0x08, 0xff,
    0x68, 0x60, 0x08, 0xff, 0x68, 0x60, 0x00, 0xff, 0x68, 0x5c, 0x00, 0xff,
    0x68, 0x60, 0x00, 0xff, 0x68, 0x60, 0x08, 0xff, 0x68, 0x60, 0x00, 0xff,
    0x68, 0x60, 0x00, 0xff, 0x68, 0x5c, 0x00, 0xff, 0x68, 0x60, 0x00, 0xff,
    0x68, 0x60, 0x00, 0xff, 0x68, 0x60, 0x08, 0xff, 0x68, 0x60, 0x00, 0xff,
    0x68, 0x60, 0x00, 0xff, 0x68, 0x60, 0x00, 0x41, 0x68, 0x60, 0x00, 0x41,
    0x68, 0x60, 0x00, 0xff, 0x68, 0x5c, 0x00, 0xff, 0x68, 0x60, 0x00, 0xff,
    0x68, 0x60, 0x00, 0xff, 0x68, 0x5c, 0x00, 0xff, 0x68, 0x60, 0x00, 0xff,
    0x68, 0x60, 0x00, 0xff, 0x68, 0x5c, 0x00, 0xff, 0x68, 0x60, 0x00, 0xff,
    0x68, 0x60, 0x00, 0xff, 0x68, 0x60, 0x08, 0xff, 0x68, 0x5c, 0x00, 0xff,
    0x68, 0x60, 0x08, 0xff, 0x68, 0x60, 0x08, 0xff, 0x68, 0x60, 0x00, 0xff,
    0x68, 0x5c, 0x08, 0xff, 0x68, 0x60, 0x00, 0xff, 0x68, 0x60, 0x00, 0x3c,
    0x68, 0x5c, 0x00, 0x41, 0x68, 0x60, 0x00, 0xff, 0x68, 0x60, 0x00, 0xff,
    0x68, 0x60, 0x08, 0xff, 0x68, 0x60, 0x00, 0xff, 0x68, 0x5c, 0x00, 0xff,
    0x68, 0x60, 0x00, 0xff, 0x68, 0x60, 0x08, 0xff, 0x68, 0x5c, 0x00, 0xff,
    0x68, 0x60, 0x00, 0xff, 0x68, 0x60, 0x08, 0xff, 0x68, 0x5c, 0x00, 0xff,
    0x68, 0x5c, 0x00, 0xff, 0x68, 0x60, 0x08, 0xff, 0x68, 0x5c, 0x00, 0xff,
    0x68, 0x60, 0x00, 0xff, 0x68, 0x5c, 0x08, 0xff, 0x68, 0x60, 0x00, 0xff,
    0x68, 0x60, 0x00, 0x41, 0x68, 0x5c, 0x08, 0x3c, 0x68, 0x60, 0x00, 0xff,
    0x68, 0x60, 0x00, 0xff, 0x68, 0x60, 0x00, 0xff, 0x68, 0x60, 0x08, 0xff,
    0x68, 0x60, 0x00, 0xff, 0x68, 0x60, 0x00, 0xff, 0x68, 0x5c, 0x00, 0xff,
    0x68, 0x60, 0x08, 0xff, 0x68, 0x60, 0x00, 0xff, 0x68, 0x5c, 0x00, 0xff,
    0x68, 0x60, 0x08, 0xff, 0x68, 0x60, 0x00, 0xff, 0x68, 0x60, 0x00, 0xff,
    0x68, 0x5c, 0x00, 0xff, 0x68, 0x60, 0x08, 0xff, 0x68, 0x60, 0x00, 0xff,
    0x68, 0x5c, 0x00, 0xff, 0x68, 0x60, 0x08, 0x7d, 0x68, 0x60, 0x00, 0x41,
    0x68, 0x60, 0x00, 0xff, 0x68, 0x5c, 0x00, 0xff, 0x68, 0x60, 0x08, 0xff,
    0x68, 0x60, 0x00, 0xff, 0x68, 0x60, 0x00, 0xff, 0x68, 0x60, 0x00, 0xff,
    0x68, 0x60, 0x08, 0xff, 0x68, 0x60, 0x00, 0xff, 0x68, 0x60, 0x00, 0xff,
    0x68, 0x60, 0x08, 0xff, 0x68, 0x60, 0x00, 0xff, 0x68, 0x60, 0x00, 0xff,
    0x68, 0x5c, 0x00, 0xff, 0x68, 0x60, 0x08, 0xff, 0x68, 0x60, 0x00, 0xff,
    0x68, 0x60, 0x00, 0xff, 0x68, 0x60, 0x08, 0xff, 0x68, 0x60, 0x00, 0x7d,
    0x68, 0x5c, 0x00, 0x41, 0x68, 0x60, 0x00, 0xff, 0x68, 0x60, 0x08, 0xff,
    0x68, 0x5c, 0x00, 0xff, 0x68, 0x60, 0x00, 0xff, 0x68, 0x60, 0x00, 0xff,
    0x68, 0x5c, 0x08, 0xff, 0x68, 0x60, 0x00, 0xff, 0x68, 0x60, 0x00, 0xff,
    0x68, 0x60, 0x08, 0xff, 0x68, 0x60, 0x00, 0xff, 0x68, 0x5c, 0x00, 0xff,
    0x68, 0x60, 0x00, 0xff, 0x68, 0x60, 0x08, 0xff, 0x68, 0x60, 0x00, 0xff,
    0x68, 0x5c, 0x00, 0xff, 0x68, 0x60, 0x00, 0xff, 0x68, 0x60, 0x00, 0xff,
    0x68, 0x5c, 0x00, 0x7d, 0x68, 0x60, 0x00, 0x41, 0x68, 0x5c, 0x00, 0xff,
    0x68, 0x60, 0x00, 0xff, 0x68, 0x60, 0x08, 0xff, 0x68, 0x60, 0x00, 0xff,
    0x68, 0x5c, 0x00, 0xff, 0x68, 0x60, 0x00, 0xff, 0x68, 0x60, 0x08, 0xff,
    0x68, 0x60, 0x00, 0xff, 0x68, 0x60, 0x00, 0xff, 0x68, 0x5c, 0x00, 0xff,
    0x68, 0x60, 0x00, 0xff, 0x68, 0x5c, 0x08, 0xff, 0x68, 0x60, 0x00, 0xff,
    0x68, 0x60, 0x00, 0xff, 0x68, 0x5c, 0x08, 0xff, 0x68, 0x60, 0x00, 0xff,
    0x68, 0x5c, 0x00, 0xff, 0x68, 0x60, 0x00, 0x7d, 0xf8, 0xfc, 0xf8, 0x00,
    0xf8, 0xfc, 0xf8, 0x00, 0x68, 0x5c, 0x00, 0x7d, 0x68, 0x60, 0x00, 0xff,
    0x68, 0x5c, 0x00, 0xff, 0x68, 0x60, 0x00, 0xff, 0x68, 0x60, 0x08, 0xff,
    0x68, 0x60, 0x00, 0xff, 0x68, 0x60, 0x00, 0xff, 0x68, 0x60, 0x08, 0xff,
    0x68, 0x60, 0x00, 0xff, 0x68, 0x60, 0x00, 0xff, 0x68, 0x60, 0x00, 0xff,
    0x68, 0x60, 0x00, 0xff, 0x68, 0x60, 0x00, 0xff, 0x68, 0x60, 0x08, 0xff,
    0x68, 0x60, 0x00, 0xff, 0x68, 0x60, 0x00, 0xff, 0x68, 0x60, 0x08, 0xff,
    0x68, 0x60, 0x00, 0xff, 0x68, 0x60, 0x08, 0x41, 0x68, 0x5c, 0x00, 0x82,
    0x68, 0x60, 0x08, 0xff, 0x68, 0x60, 0x00, 0xff, 0x68, 0x60, 0x08, 0xff,
    0x68, 0x5c, 0x00, 0xff, 0x68, 0x60, 0x00, 0xff, 0x68, 0x60, 0x08, 0xff,
    0x68, 0x5c, 0x00, 0xff, 0x68, 0x60, 0x00, 0xff, 0x68, 0x60, 0x00, 0xff,
    0x68, 0x5c, 0x00, 0xff, 0x68, 0x60, 0x08, 0xff, 0x68, 0x60, 0x00, 0xff,
    0x68, 0x5c, 0x00, 0xff, 0x68, 0x60, 0x00, 0xff, 0x68, 0x60, 0x08, 0xff,
    0x68, 0x60, 0x00, 0xff, 0x68, 0x5c, 0x08, 0xff, 0x68, 0x60, 0x00, 0x41,
    0x68, 0x60, 0x00, 0x82, 0x68, 0x5c, 0x00, 0xff, 0x68, 0x60, 0x08, 0xff,
    0x68, 0x60, 0x00, 0xff, 0x68, 0x5c, 0x00, 0xff, 0x68, 0x60, 0x00, 0xff,
    0x68, 0x60, 0x00, 0xff, 0x68, 0x5c, 0x08, 0xff, 0x68, 0x60, 0x00, 0xff,
    0x68, 0x5c, 0x00, 0xff, 0x68, 0x60, 0x00, 0xff, 0x68, 0x5c, 0x00, 0xff,
    0x68, 0x5c, 0x08, 0xff, 0x68, 0x60, 0x00, 0xff, 0x68, 0x5c, 0x00, 0xff,
    0x68, 0x60, 0x08, 0xff, 0x68, 0x60, 0x00, 0xff, 0x68, 0x5c, 0x00, 0xff,
    0x68, 0x60, 0x00, 0x41, 0x68, 0x60, 0x00, 0x82, 0x68, 0x60, 0x08, 0xff,
    0x68, 0x5c, 0x00, 0xff, 0x68, 0x60, 0x00, 0xff, 0x68, 0x60, 0x00, 0xff,
    0x68, 0x60, 0x00, 0xff, 0x68, 0x60, 0x08, 0xff, 0x68, 0x60, 0x00, 0xff,
    0x68, 0x60, 0x00, 0xff, 0x68, 0x5c, 0x00, 0xff, 0x68, 0x60, 0x08, 0xff,
    0x68, 0x60, 0x00, 0xff, 0x68, 0x60, 0x08, 0xff, 0x68, 0x5c, 0x00, 0xff,
    0x68, 0x60, 0x00, 0xff, 0x68, 0x5c, 0x00, 0xff, 0x68, 0x60, 0x00, 0xff,
    0x68, 0x5c, 0x08, 0xff, 0x68, 0x60, 0x00, 0x41, 0x68, 0x60, 0x08, 0x41,
    0x68, 0x5c, 0x00, 0xfb, 0x68, 0x60, 0x08, 0xff, 0x68, 0x60, 0x00, 0xff,
    0x68, 0x60, 0x08, 0xff, 0x68, 0x60, 0x00, 0xff, 0x68, 0x60, 0x00, 0xff,
    0x68, 0x60, 0x08, 0xff, 0x68, 0x60, 0x00, 0xff, 0x68, 0x60, 0x00, 0xff,
    0x68, 0x60, 0x00, 0xff, 0x68, 0x5c, 0x00, 0xff, 0x68, 0x60, 0x00, 0xff,
    0x68, 0x60, 0x00, 0xff, 0x68, 0x60, 0x00, 0xff, 0x68, 0x60, 0x00, 0xff,
    0x68, 0x5c, 0x00, 0xff, 0x68, 0x60, 0x08, 0xff, 0x68, 0x60, 0x00, 0x41,
    0x68, 0x60, 0x08, 0x41, 0x68, 0x60, 0x00, 0xff, 0x68, 0x5c, 0x00, 0xff,
    0x68, 0x60, 0x00, 0xff, 0x68, 0x60, 0x00, 0xff, 0x68, 0x60, 0x00, 0xff,
    0x68, 0x60, 0x00, 0xff, 0x68, 0x60, 0x00, 0xff, 0x68, 0x60, 0x00, 0xff,
    0x68, 0x60, 0x00, 0xff, 0x68, 0x60, 0x08, 0xff, 0x68, 0x60, 0x00, 0xff,
    0x68, 0x60, 0x00, 0xff, 0x68, 0x60, 0x08, 0xff, 0x68, 0x60, 0x00, 0xff,
    0x68, 0x5c, 0x00, 0xff, 0x68, 0x60, 0x00, 0xff, 0x68, 0x60, 0x00, 0xff,
    0x68, 0x5c, 0x00, 0x41, 0x68, 0x60, 0x00, 0x41, 0x68, 0x60, 0x08, 0xff,
    0x68, 0x5c, 0x00, 0xff, 0x68, 0x60, 0x00, 0xff, 0x68, 0x5c, 0x00, 0xff,
    0x68, 0x60, 0x00, 0xff, 0x68, 0x60, 0x00, 0xff, 0x68, 0x60, 0x00, 0xff,
    0x68, 0x60, 0x08, 0xff, 0x68, 0x5c, 0x00, 0xff, 0x68, 0x60, 0x00, 0xff,
    0x68, 0x60, 0x08, 0xff, 0x68, 0x60, 0x00, 0xff, 0x68, 0x5c, 0x00, 0xff,
    0x68, 0x60, 0x00, 0xff, 0x68, 0x60, 0x00, 0xff, 0x68, 0x60, 0x00, 0xff,
    0x68, 0x60, 0x00, 0xff, 0x68, 0x5c, 0x00, 0x82, 0x68, 0x60, 0x08, 0x41,
    0x68, 0x60, 0x00, 0xff, 0x68, 0x60, 0x00, 0xff, 0x68, 0x60, 0x00, 0xff,
    0x68, 0x5c, 0x00, 0xff, 0x68, 0x60, 0x00, 0xff, 0x68, 0x60, 0x00, 0xff,
    0x68, 0x5c, 0x08, 0xff, 0x68, 0x60, 0x00, 0xff, 0x68, 0x5c, 0x00, 0xff,
    0x68, 0x60, 0x08, 0xff, 0x68, 0x60, 0x00, 0xff, 0x68, 0x5c, 0x00, 0xff,
    0x68, 0x60, 0x00, 0xff, 0x68, 0x60, 0x00, 0xff, 0x68, 0x60, 0x00, 0xff,
    0x68, 0x60, 0x00, 0xff, 0x68, 0x60, 0x00, 0xff, 0x68, 0x5c, 0x08, 0x82,
    0x68, 0x60, 0x00, 0x41, 0x68, 0x60, 0x00, 0xff, 0x68, 0x60, 0x00, 0xff,
    0x68, 0x60, 0x00, 0xff, 0x68, 0x5c, 0x00, 0xff, 0x68, 0x60, 0x00, 0xff,
    0x68, 0x60, 0x08, 0xff, 0x68, 0x5c, 0x00, 0xff, 0x68, 0x60, 0x00, 0xff,
    0x68, 0x60, 0x08, 0xff, 0x68, 0x60, 0x00, 0xff, 0x68, 0x60, 0x00, 0xff,
    0x68, 0x5c, 0x00, 0xff, 0x68, 0x60, 0x00, 0xff, 0x68, 0x60, 0x08, 0xff,
    0x68, 0x60, 0x00, 0xff, 0x68, 0x60, 0x08, 0xff, 0x68, 0x60, 0x00, 0xff,
    0x68, 0x60, 0x08, 0x82, 0x68, 0x60, 0x00, 0x41, 0x68, 0x60, 0x00, 0xff,
    0x68, 0x5c, 0x00, 0xff, 0x68, 0x60, 0x00, 0xff, 0x68, 0x60, 0x00, 0xff,
    0x68, 0x60, 0x00, 0xff, 0x68, 0x5c, 0x00, 0xff, 0x68, 0x60, 0x00, 0xff,
    0x68, 0x60, 0x08, 0xff, 0x68, 0x5c, 0x00, 0xff, 0x68, 0x60, 0x00, 0xff,
    0x68, 0x60, 0x08, 0xff, 0x68, 0x60, 0x00, 0xff, 0x68, 0x60, 0x00, 0xff,
    0x68, 0x60, 0x00, 0xff, 0x68, 0x60, 0x00, 0xff, 0x68, 0x60, 0x00, 0xff,
    0x68, 0x60, 0x08, 0xff, 0x68, 0x5c, 0x00, 0x82, 0xf8, 0xfc, 0xf8, 0x00,
    0xf8, 0xfc, 0xf8, 0x00, 0x68, 0x60, 0x00, 0x82, 0x68, 0x60, 0x08, 0xff,
    0x68, 0x60, 0x00, 0xff, 0x68, 0x5c, 0x00, 0xff, 0x68, 0x60, 0x08, 0xff,
    0x68, 0x60, 0x00, 0xff, 0x68, 0x5c, 0x00, 0xff, 0x68, 0x5c, 0x08, 0xff,
    0x68, 0x60, 0x00, 0xff, 0x68, 0x5c, 0x00, 0xff, 0x68, 0x60, 0x08, 0xff,
    0x68, 0x5c, 0x00, 0xff, 0x68, 0x60, 0x00, 0xff, 0x68, 0x5c, 0x00, 0xff,
    0x68, 0x5c, 0x00, 0xff, 0x68, 0x60, 0x00, 0xff, 0x68, 0x60, 0x00, 0xff,
    0x68, 0x5c, 0x00, 0xff, 0x68, 0x60, 0x00, 0x41, 0x68, 0x60, 0x08, 0x7d,
    0x68, 0x60, 0x00, 0xff, 0x68, 0x60, 0x00, 0xff, 0x68, 0x60, 0x08, 0xff,
    0x68, 0x60, 0x00, 0xff, 0x68, 0x5c, 0x00, 0xff, 0x68, 0x60, 0x00, 0xff,
    0x68, 0x60, 0x08, 0xff, 0x68, 0x60, 0x00, 0xff, 0x68, 0x60, 0x00, 0xff,
    0x68, 0x5c, 0x00, 0xff, 0x68, 0x60, 0x00, 0xff, 0x68, 0x60, 0x08, 0xff,
    0x68, 0x5c, 0x00, 0xff, 0x68, 0x60, 0x00, 0xff, 0x68, 0x60, 0x00, 0xff,
    0x68, 0x60, 0x00, 0xff, 0x68, 0x60, 0x00, 0xff, 0x68, 0x5c, 0x08, 0x41,
    0x68, 0x60, 0x00, 0x7d, 0x68, 0x60, 0x00, 0xff, 0x68, 0x5c, 0x00, 0xff,
    0x68, 0x60, 0x00, 0xff, 0x68, 0x60, 0x08, 0xff, 0x68, 0x60, 0x00, 0xff,
    0x68, 0x5c, 0x00, 0xff, 0x68, 0x60, 0x00, 0xff, 0x68, 0x60, 0x00, 0xff,
    0x68, 0x60, 0x08, 0xff, 0x68, 0x60, 0x00, 0xff, 0x68, 0x60, 0x00, 0xff,
    0x68, 0x60, 0x00, 0xff, 0x68, 0x60, 0x00, 0xff, 0x68, 0x60, 0x00, 0xff,
    0x68, 0x5c, 0x08, 0xff, 0x68, 0x60, 0x00, 0xff, 0x68, 0x60, 0x00, 0xff,
    0x68, 0x5c, 0x08, 0x41, 0x68, 0x60, 0x00, 0x7d, 0x68, 0x60, 0x00, 0xff,
    0x68, 0x60, 0x08, 0xff, 0x68, 0x5c, 0x00, 0xff, 0x68, 0x60, 0x00, 0xff,
    0x68, 0x5c, 0x00, 0xff, 0x68, 0x60, 0x00, 0xff, 0x68, 0x60, 0x08, 0xff,
    0x68, 0x5c, 0x00, 0xff, 0x68, 0x60, 0x00, 0xff, 0x68, 0x60, 0x00, 0xff,
    0x68, 0x5c, 0x00, 0xff, 0x68, 0x60, 0x08, 0xff, 0x68, 0x60, 0x00, 0xff,
    0x68, 0x60, 0x00, 0xff, 0x68, 0x60, 0x08, 0xff, 0x68, 0x5c, 0x00, 0xff,
    0x68, 0x60, 0x00, 0xff, 0x68, 0x60, 0x08, 0x41, 0x68, 0x5c, 0x00, 0x41,
    0x68, 0x60, 0x00, 0xff, 0x68, 0x60, 0x00, 0xff, 0x68, 0x5c, 0x08, 0xff,
    0x68, 0x60, 0x00, 0xff, 0x68, 0x60, 0x00, 0xff, 0x68, 0x5c, 0x08, 0xff,
    0x68, 0x60, 0x00, 0xff, 0x68, 0x5c, 0x00, 0xff, 0x68, 0x60, 0x08, 0xff,
    0x68, 0x60, 0x00, 0xff, 0x68, 0x60, 0x00, 0xff, 0x68, 0x60, 0x08, 0xff,
    0x68, 0x5c, 0x00, 0xff, 0x68, 0x60, 0x00, 0xff, 0x68, 0x60, 0x00, 0xff,
    0x68, 0x60, 0x00, 0xff, 0x68, 0x5c, 0x00, 0xff, 0x68, 0x60, 0x00, 0x41,
    0x68, 0x60, 0x08, 0x41, 0x68, 0x5c, 0x00, 0xfb, 0x68, 0x60, 0x00, 0xff,
    0x68, 0x60, 0x08, 0xff, 0x68, 0x5c, 0x08, 0xff, 0x68, 0x60, 0x00, 0xff,
    0x68, 0x5c, 0x08, 0xff, 0x68, 0x60, 0x00, 0xff, 0x68, 0x60, 0x00, 0xff,
    0x68, 0x5c, 0x08, 0xff, 0x68, 0x60, 0x00, 0xff, 0x68, 0x60, 0x00, 0xff,
    0x68, 0x5c, 0x00, 0xff, 0x68, 0x60, 0x00, 0xff, 0x68, 0x60, 0x00, 0xff,
    0x68, 0x60, 0x08, 0xff, 0x68, 0x60, 0x00, 0xff, 0x68, 0x60, 0x08, 0xff,
    0x68, 0x60, 0x00, 0x41, 0x68, 0x60, 0x00, 0x41, 0x68, 0x60, 0x00, 0xff,
    0x68, 0x60, 0x08, 0xff, 0x68, 0x5c, 0x00, 0xff, 0x68, 0x60, 0x00, 0xff,
    0x68, 0x60, 0x08, 0xff, 0x68, 0x5c, 0x00, 0xff, 0x68, 0x60, 0x00, 0xff,
    0x68, 0x60, 0x00, 0xff, 0x68, 0x60, 0x00, 0xff, 0x68, 0x60, 0x00, 0xff,
    0x68, 0x5c, 0x00, 0xff, 0x68, 0x60, 0x08, 0xff, 0x68, 0x60, 0x00, 0xff,
    0x68, 0x60, 0x08, 0xff, 0x68, 0x5c, 0x00, 0xff, 0x68, 0x60, 0x08, 0xff,
    0x68, 0x60, 0x00, 0xff, 0x68, 0x60, 0x00, 0x7d, 0x68, 0x5c, 0x00, 0x41,
    0x68, 0x60, 0x08, 0xff, 0x68, 0x60, 0x00, 0xff, 0x68, 0x5c, 0x00, 0xff,
    0x68, 0x60, 0x08, 0xff, 0x68, 0x60, 0x00, 0xff, 0x68, 0x5c, 0x00, 0xff,
    0x68, 0x60, 0x00, 0xff, 0x68, 0x60, 0x00, 0xff, 0x68, 0x5c, 0x00, 0xff,
    0x68, 0x60, 0x00, 0xff, 0x68, 0x60, 0x08, 0xff, 0x68, 0x60, 0x00, 0xff,
    0x68, 0x60, 0x08, 0xff, 0x68, 0x5c, 0x00, 0xff, 0x68, 0x5c, 0x08, 0xff,
    0x68, 0x60, 0x00, 0xff, 0x68, 0x60, 0x00, 0xff, 0x68, 0x60, 0x00, 0x7d,
    0x68, 0x60, 0x08, 0x41, 0x68, 0x5c, 0x00, 0xff, 0x68, 0x60, 0x00, 0xff,
    0x68, 0x60, 0x08, 0xff, 0x68, 0x60, 0x00, 0xff, 0x68, 0x60, 0x00, 0xff,
    0x68, 0x60, 0x00, 0xff, 0x68, 0x5c, 0x00, 0xff, 0x68, 0x60, 0x00, 0xff,
    0x68, 0x5c, 0x00, 0xff, 0x68, 0x60, 0x08, 0xff, 0x68, 0x60, 0x00, 0xff,
    0x68, 0x5c, 0x00, 0xff, 0x68, 0x60, 0x08, 0xff, 0x68, 0x60, 0x00, 0xff,
    0x68, 0x5c, 0x00, 0xff, 0x68, 0x60, 0x00, 0xff, 0x68, 0x5c, 0x00, 0xff,
    0x68, 0x60, 0x08, 0x7d, 0x68, 0x60, 0x00, 0x41, 0x68, 0x60, 0x08, 0xff,
    0x68, 0x5c, 0x08, 0xff, 0x68, 0x60, 0x00, 0xff, 0x68, 0x60, 0x08, 0xff,
    0x68, 0x60, 0x08, 0xff, 0x68, 0x60, 0x00, 0xff, 0x68, 0x5c, 0x00, 0xff,
    0x68, 0x60, 0x00, 0xff, 0x68, 0x60, 0x08, 0xff, 0x68, 0x60, 0x00, 0xff,
    0x68, 0x5c, 0x00, 0xff, 0x68, 0x60, 0x00, 0xff, 0x68, 0x5c, 0x08, 0xff,
    0x68, 0x60, 0x00, 0xff, 0x68, 0x60, 0x00, 0xff, 0x68, 0x5c, 0x08, 0xff,
    0x68, 0x60, 0x00, 0xff, 0x68, 0x60, 0x00, 0x7d, 0xf8, 0xfc, 0xf8, 0x00,
    0xf8, 0xfc, 0xf8, 0x00, 0x68, 0x60, 0x00, 0x82, 0x68, 0x60, 0x00, 0xff,
    0x68, 0x60, 0x08, 0xff, 0x68, 0x60, 0x00, 0xff, 0x68, 0x5c, 0x00, 0xff,
    0x68, 0x60, 0x00, 0xff, 0x68, 0x60, 0x00, 0xff, 0x68, 0x60, 0x00, 0xff,
    0x68, 0x60, 0x00, 0xff, 0x68, 0x60, 0x08, 0xff, 0x68, 0x5c, 0x00, 0xff,
    0x68, 0x60, 0x08, 0xff, 0x68, 0x60, 0x00, 0xff, 0x68, 0x60, 0x00, 0xff,
    0x68, 0x60, 0x08, 0xff, 0x68, 0x60, 0x00, 0xff, 0x68, 0x5c, 0x00, 0xff,
    0x68, 0x60, 0x08, 0xff, 0x68, 0x60, 0x00, 0x41, 0x68, 0x5c, 0x00, 0x7d,
    0x68, 0x60, 0x00, 0xff, 0x68, 0x5c, 0x00, 0xff, 0x68, 0x60, 0x00, 0xff,
    0x68, 0x60, 0x00, 0xff, 0x68, 0x60, 0x00, 0xff, 0x68, 0x5c, 0x00, 0xff,
    0x68, 0x60, 0x00, 0xff, 0x68, 0x60, 0x08, 0xff, 0x68, 0x60, 0x00, 0xff,
    0x68, 0x60, 0x00, 0xff, 0x68, 0x60, 0x00, 0xff, 0x68, 0x60, 0x00, 0xff,
    0x68, 0x60, 0x08, 0xff, 0x68, 0x5c, 0x00, 0xff, 0x68, 0x60, 0x00, 0xff,
    0x68, 0x60, 0x08, 0xff, 0x68, 0x5c, 0x00, 0xff, 0x68, 0x60, 0x00, 0x41,
    0x68, 0x60, 0x08, 0x7d, 0x68, 0x60, 0x00, 0xff, 0x68, 0x60, 0x00, 0xff,
    0x68, 0x5c, 0x08, 0xff, 0x68, 0x60, 0x00, 0xff, 0x68, 0x60, 0x00, 0xff,
    0x68, 0x60, 0x08, 0xff, 0x68, 0x60, 0x00, 0xff, 0x68, 0x5c, 0x00, 0xff,
    0x68, 0x60, 0x08, 0xff, 0x68, 0x60, 0x00, 0xff, 0x68, 0x5c, 0x00, 0xff,
    0x68, 0x60, 0x08, 0xff, 0x68, 0x60, 0x00, 0xff, 0x68, 0x60, 0x00, 0xff,
    0x68, 0x5c, 0x00, 0xff, 0x68, 0x60, 0x00, 0xff, 0x68, 0x60, 0x08, 0xff,
    0x68, 0x60, 0x00, 0x41, 0x68, 0x5c, 0x00, 0x7d, 0x68, 0x60, 0x00, 0xff,
    0x68, 0x60, 0x00, 0xff, 0x68, 0x60, 0x08, 0xff, 0x68, 0x60, 0x00, 0xff,
    0x68, 0x60, 0x00, 0xff, 0x68, 0x5c, 0x00, 0xff, 0x68, 0x60, 0x00, 0xff,
    0x68, 0x60, 0x08, 0xff, 0x68, 0x60, 0x00, 0xff, 0x68, 0x60, 0x00, 0xff,
    0x68, 0x5c, 0x00, 0xff, 0x68, 0x60, 0x00, 0xff, 0x68, 0x60, 0x08, 0xff,
    0x68, 0x60, 0x00, 0xff, 0x68, 0x60, 0x00, 0xff, 0x68, 0x60, 0x00, 0xff,
    0x68, 0x60, 0x00, 0xff, 0x68, 0x60, 0x00, 0x41, 0x68, 0x60, 0x00, 0x41,
    0x68, 0x60, 0x00, 0xff, 0x68, 0x60, 0x00, 0xff, 0x68, 0x5c, 0x00, 0xff,
    0x68, 0x60, 0x00, 0xff, 0x68, 0x60, 0x00, 0xff, 0x68, 0x5c, 0x00, 0xff,
    0x68, 0x60, 0x00, 0xff, 0x68, 0x60, 0x00, 0xff, 0x68, 0x5c, 0x08, 0xff,
    0x68, 0x60, 0x00, 0xff, 0x68, 0x60, 0x00, 0xff, 0x68, 0x5c, 0x08, 0xff,
    0x68, 0x60, 0x00, 0xff, 0x68, 0x60, 0x08, 0xff, 0x68, 0x5c, 0x08, 0xff,
    0x68, 0x60, 0x00, 0xff, 0x68, 0x60, 0x00, 0xff, 0x68, 0x5c, 0x00, 0x41,
    0x68, 0x60, 0x00, 0x41, 0x68, 0x60, 0x08, 0xff, 0x68, 0x60, 0x00, 0xff,
    0x68, 0x60, 0x00, 0xff, 0x68, 0x60, 0x00, 0xff, 0x68, 0x5c, 0x00, 0xff,
    0x68, 0x60, 0x08, 0xff, 0x68, 0x60, 0x00, 0xff, 0x68, 0x5c, 0x00, 0xff,
    0x68, 0x60, 0x00, 0xff, 0x68, 0x60, 0x00, 0xff, 0x68, 0x5c, 0x08, 0xff,
    0x68, 0x60, 0x00, 0xff, 0x68, 0x60, 0x00, 0xff, 0x68, 0x5c, 0x08, 0xff,
    0x68, 0x60, 0x00, 0xff, 0x68, 0x5c, 0x00, 0xff, 0x68, 0x60, 0x00, 0xff,
    0x68, 0x5c, 0x08, 0x3c, 0x68, 0x5c, 0x00, 0x41, 0x68, 0x60, 0x00, 0xff,
    0x68, 0x60, 0x00, 0xff, 0x68, 0x60, 0x08, 0xff, 0x68, 0x60, 0x00, 0xff,
    0x68, 0x60, 0x00, 0xff, 0x68, 0x5c, 0x08, 0xff, 0x68, 0x60, 0x00, 0xff,
    0x68, 0x60, 0x08, 0xff, 0x68, 0x5c, 0x08, 0xff, 0x68, 0x60, 0x00, 0xff,
    0x68, 0x60, 0x00, 0xff, 0x68, 0x5c, 0x00, 0xff, 0x68, 0x60, 0x00, 0xff,
    0x68, 0x60, 0x00, 0xff, 0x68, 0x5c, 0x08, 0xff, 0x68, 0x60, 0x00, 0xff,
    0x68, 0x60, 0x00, 0xff, 0x68, 0x60, 0x08, 0x82, 0x68, 0x60, 0x00, 0x41,
    0x68, 0x5c, 0x00, 0xff, 0x68, 0x60, 0x08, 0xff, 0x68, 0x60, 0x00, 0xff,
    0x68, 0x60, 0x00, 0xff, 0x68, 0x60, 0x08, 0xff, 0x68, 0x60, 0x00, 0xff,
    0x68, 0x60, 0x08, 0xff, 0x68, 0x60, 0x08, 0xff, 0x68, 0x60, 0x00, 0xff,
    0x68, 0x5c, 0x00, 0xff, 0x68, 0x60, 0x00, 0xff, 0x68, 0x60, 0x00, 0xff,
    0x68, 0x60, 0x00, 0xff, 0x68, 0x60, 0x08, 0xff, 0x68, 0x60, 0x00, 0xff,
    0x68, 0x5c, 0x00, 0xff, 0x68, 0x60, 0x08, 0xff, 0x68, 0x60, 0x00, 0x82,
    0x68, 0x5c, 0x00, 0x41, 0x68, 0x60, 0x08, 0xff, 0x68, 0x60, 0x00, 0xff,
    0x68, 0x5c, 0x00, 0xff, 0x68, 0x60, 0x08, 0xff, 0x68, 0x60, 0x00, 0xff,
    0x68, 0x5c, 0x08, 0xff, 0x68, 0x60, 0x08, 0xff, 0x68, 0x60, 0x00, 0xff,
    0x68, 0x60, 0x00, 0xff, 0x68, 0x5c, 0x08, 0xff, 0x68, 0x60, 0x00, 0xff,
    0x68, 0x60, 0x00, 0xff, 0x68, 0x60, 0x00, 0xff, 0x68, 0x5c, 0x00, 0xff,
    0x68, 0x60, 0x00, 0xff, 0x68, 0x60, 0x00, 0xff, 0x68, 0x5c, 0x00, 0xff,
    0x68, 0x60, 0x00, 0x82, 0x68, 0x60, 0x00, 0x41, 0x68, 0x5c, 0x00, 0xff,
    0x68, 0x60, 0x00, 0xff, 0x68, 0x60, 0x00, 0xff, 0x68, 0x5c, 0x00, 0xff,
    0x68, 0x60, 0x00, 0xff, 0x68, 0x60, 0x08, 0xff, 0x68, 0x60, 0x00, 0xff,
    0x68, 0x5c, 0x00, 0xff, 0x68, 0x60, 0x00, 0xff, 0x68, 0x60, 0x08, 0xff,
    0x68, 0x60, 0x00, 0xff, 0x68, 0x60, 0x00, 0xff, 0x68, 0x5c, 0x08, 0xff,
    0x68, 0x60, 0x00, 0xff, 0x68, 0x60, 0x00, 0xff, 0x68, 0x5c, 0x08, 0xff,
    0x68, 0x60, 0x00, 0xff, 0x68, 0x60, 0x00, 0x82, 0xf8, 0xfc, 0xf8, 0x00,
    0xf8, 0xfc, 0xf8, 0x00, 0x68, 0x5c, 0x00, 0x7d, 0x68, 0x60, 0x00, 0xff,
    0x68, 0x60, 0x00, 0xff, 0x68, 0x5c, 0x08, 0xff, 0x68, 0x60, 0x00, 0xff,
    0x68, 0x60, 0x00, 0xff, 0x68, 0x60, 0x08, 0xff, 0x68, 0x60, 0x00, 0xff,
    0x68, 0x60, 0x00, 0xff, 0x68, 0x60, 0x00, 0xff, 0x68, 0x60, 0x00, 0xff,
    0x68, 0x60, 0x00, 0xff, 0x68, 0x60, 0x08, 0xff, 0x68, 0x60, 0x00, 0xff,
    0x68, 0x60, 0x00, 0xff, 0x68, 0x5c, 0x08, 0xff, 0x68, 0x60, 0x00, 0xff,
    0x68, 0x60, 0x00, 0xff, 0x68, 0x60, 0x08, 0x41, 0x68, 0x60, 0x00, 0x82,
    0x68, 0x5c, 0x00, 0xff, 0x68, 0x60, 0x08, 0xff, 0x68, 0x60, 0x00, 0xff,
    0x68, 0x5c, 0x08, 0xff, 0x68, 0x60, 0x08, 0xff, 0x68, 0x60, 0x00, 0xff,
    0x68, 0x5c, 0x00, 0xff, 0x68, 0x60, 0x00, 0xff, 0x68, 0x5c, 0x08, 0xff,
    0x68, 0x60, 0x08, 0xff, 0x68, 0x5c, 0x00, 0xff, 0x68, 0x60, 0x00, 0xff,
    0x68, 0x60, 0x00, 0xff, 0x68, 0x5c, 0x08, 0xff, 0x68, 0x60, 0x00, 0xff,
    0x68, 0x60, 0x00, 0xff, 0x68, 0x60, 0x00, 0xff, 0x68, 0x60, 0x00, 0x41,
    0x68, 0x5c, 0x00, 0x82, 0x68, 0x60, 0x08, 0xff, 0x68, 0x60, 0x00, 0xff,
    0x68, 0x60, 0x00, 0xff, 0x68, 0x5c, 0x00, 0xff, 0x68, 0x60, 0x00, 0xff,
    0x68, 0x60, 0x08, 0xff, 0x68, 0x5c, 0x00, 0xff, 0x68, 0x60, 0x00, 0xff,
    0x68, 0x60, 0x00, 0xff, 0x68, 0x5c, 0x00, 0xff, 0x68, 0x60, 0x08, 0xff,
    0x68, 0x60, 0x00, 0xff, 0x68, 0x5c, 0x00, 0xff, 0x68, 0x60, 0x08, 0xff,
    0x68, 0x60, 0x00, 0xff, 0x68, 0x60, 0x00, 0xff, 0x68, 0x60, 0x00, 0xff,
    0x68, 0x5c, 0x00, 0x41, 0x68, 0x60, 0x08, 0x82, 0x68, 0x60, 0x00, 0xff,
    0x68, 0x5c, 0x00, 0xff, 0x68, 0x60, 0x00, 0xff, 0x68, 0x60, 0x08, 0xff,
    0x68, 0x60, 0x08, 0xff, 0x68, 0x60, 0x00, 0xff, 0x68, 0x5c, 0x00, 0xff,
    0x68, 0x60, 0x00, 0xff, 0x68, 0x60, 0x08, 0xff, 0x68, 0x5c, 0x08, 0xff,
    0x68, 0x60, 0x00, 0xff, 0x68, 0x60, 0x00, 0xff, 0x68, 0x5c, 0x00, 0xff,
    0x68, 0x5c, 0x08, 0xff, 0x68, 0x60, 0x00, 0xff, 0x68, 0x60, 0x08, 0xff,
    0x68, 0x5c, 0x00, 0xff, 0x68, 0x60, 0x00, 0x3c, 0x68, 0x5c, 0x08, 0x41,
    0x68, 0x60, 0x08, 0xff, 0x68, 0x60, 0x00, 0xff, 0x68, 0x60, 0x00, 0xff,
    0x68, 0x60, 0x08, 0xff, 0x68, 0x60, 0x08, 0xff, 0x68, 0x60, 0x00, 0xff,
    0x68, 0x60, 0x00, 0xff, 0x68, 0x60, 0x08, 0xff, 0x68, 0x5c, 0x00, 0xff,
    0x68, 0x60, 0x00, 0xff, 0x68, 0x60, 0x00, 0xff, 0x68, 0x5c, 0x00, 0xff,
    0x68, 0x60, 0x00, 0xff, 0x68, 0x60, 0x00, 0xff, 0x68, 0x5c, 0x00, 0xff,
    0x68, 0x60, 0x08, 0xff, 0x68, 0x60, 0x00, 0xff, 0x68, 0x60, 0x08, 0x3c,
    0x68, 0x60, 0x00, 0x41, 0x68, 0x5c, 0x00, 0xff, 0x68, 0x60, 0x00, 0xff,
    0x68, 0x60, 0x00, 0xff, 0x68, 0x60, 0x00, 0xff, 0x68, 0x60, 0x00, 0xff,
    0x68, 0x60, 0x00, 0xff, 0x68, 0x60, 0x08, 0xff, 0x68, 0x60, 0x00, 0xff,
    0x68, 0x60, 0x00, 0xff, 0x68, 0x60, 0x08, 0xff, 0x68, 0x60, 0x00, 0xff,
    0x68, 0x60, 0x00, 0xff, 0x68, 0x60, 0x08, 0xff, 0x68, 0x60, 0x00, 0xff,
    0x68, 0x5c, 0x00, 0xff, 0x68, 0x60, 0x00, 0xff, 0x68, 0x60, 0x00, 0xff,
    0x68, 0x60, 0x00, 0x41, 0x68, 0x60, 0x08, 0x41, 0x68, 0x5c, 0x00, 0xff,
    0x68, 0x60, 0x00, 0xff, 0x68, 0x60, 0x00, 0xff, 0x68, 0x5c, 0x00, 0xff,
    0x68, 0x60, 0x00, 0xff, 0x68, 0x60, 0x00, 0xff, 0x68, 0x60, 0x00, 0xff,
    0x68, 0x5c, 0x00, 0xff, 0x68, 0x60, 0x00, 0xff, 0x68, 0x60, 0x08, 0xff,
    0x68, 0x60, 0x00, 0xff, 0x68, 0x60, 0x00, 0xff, 0x68, 0x60, 0x08, 0xff,
    0x68, 0x60, 0x00, 0xff, 0x68, 0x60, 0x00, 0xff, 0x68, 0x5c, 0x00, 0xff,
    0x68, 0x60, 0x00, 0xff, 0x68, 0x60, 0x08, 0x7d, 0x68, 0x5c, 0x00, 0x41,
    0x68, 0x60, 0x00, 0xff, 0x68, 0x60, 0x00, 0xff, 0x68, 0x5c, 0x00, 0xff,
    0x68, 0x60, 0x00, 0xff, 0x68, 0x5c, 0x00, 0xff, 0x68, 0x60, 0x00, 0xff,
    0x68, 0x5c, 0x00, 0xff, 0x68, 0x60, 0x00, 0xff, 0x68, 0x60, 0x08, 0xff,
    0x68, 0x60, 0x00, 0xff, 0x68, 0x5c, 0x00, 0xff, 0x68, 0x60, 0x08, 0xff,
    0x68, 0x5c, 0x00, 0xff, 0x68, 0x60, 0x00, 0xff, 0x68, 0x60, 0x00, 0xff,
    0x68, 0x60, 0x00, 0xff, 0x68, 0x5c, 0x08, 0xff, 0x68, 0x60, 0x00, 0x7d,
    0x68, 0x60, 0x00, 0x41, 0x68, 0x60, 0x00, 0xff, 0x68, 0x60, 0x00, 0xff,
    0x68, 0x5c, 0x00, 0xff, 0x68, 0x60, 0x00, 0xff, 0x68, 0x60, 0x00, 0xff,
    0x68, 0x60, 0x00, 0xff, 0x68, 0x60, 0x00, 0xff, 0x68, 0x60, 0x00, 0xff,
    0x68, 0x60, 0x00, 0xff, 0x68, 0x60, 0x00, 0xff, 0x68, 0x5c, 0x08, 0xff,
    0x68, 0x60, 0x00, 0xff, 0x68, 0x60, 0x00, 0xff, 0x68, 0x60, 0x08, 0xff,
    0x68, 0x60, 0x08, 0xff, 0x68, 0x60, 0x00, 0xff, 0x68, 0x60, 0x08, 0xff,
    0x68, 0x60, 0x00, 0x7d, 0x68, 0x5c, 0x00, 0x41, 0x68, 0x60, 0x08, 0xff,
    0x68, 0x60, 0x00, 0xff, 0x68, 0x60, 0x00, 0xff, 0x68, 0x5c, 0x00, 0xff,
    0x68, 0x60, 0x00, 0xff, 0x68, 0x60, 0x00, 0xff, 0x68, 0x60, 0x08, 0xff,
    0x68, 0x60, 0x00, 0xff, 0x68, 0x5c, 0x00, 0xff, 0x68, 0x60, 0x00, 0xff,
    0x68, 0x60, 0x00, 0xff, 0x68, 0x60, 0x00, 0xff, 0x68, 0x60, 0x00, 0xff,
    0x68, 0x60, 0x00, 0xff, 0x68, 0x60, 0x00, 0xff, 0x68, 0x60, 0x00, 0xff,
    0x68, 0x60, 0x00, 0xff, 0x68, 0x60, 0x08, 0x7d, 0xf8, 0xfc, 0xf8, 0x00,
    0xf8, 0xfc, 0xf8, 0x00, 0x68, 0x60, 0x00, 0x82, 0x68, 0x60, 0x08, 0xff,
    0x68, 0x5c, 0x00, 0xff, 0x68, 0x60, 0x00, 0xff, 0x68, 0x60, 0x00, 0xff,
    0x68, 0x5c, 0x08, 0xff, 0x68, 0x5c, 0x00, 0xff, 0x68, 0x60, 0x00, 0xff,
    0x68, 0x5c, 0x08, 0xff, 0x68, 0x5c, 0x00, 0xff, 0x68, 0x60, 0x00, 0xff,
    0x68, 0x5c, 0x00, 0xff, 0x68, 0x5c, 0x00, 0xff, 0x68, 0x60, 0x00, 0xff,
    0x68, 0x60, 0x00, 0xff, 0x68, 0x60, 0x08, 0xff, 0x68, 0x60, 0x00, 0xff,
    0x68, 0x5c, 0x00, 0xff, 0x68, 0x60, 0x00, 0x41, 0x68, 0x60, 0x00, 0x7d,
    0x68, 0x60, 0x08, 0xff, 0x68, 0x60, 0x00, 0xff, 0x68, 0x60, 0x00, 0xff,
    0x68, 0x5c, 0x00, 0xff, 0x68, 0x60, 0x00, 0xff, 0x68, 0x60, 0x08, 0xff,
    0x68, 0x60, 0x00, 0xff, 0x68, 0x60, 0x00, 0xff, 0x68, 0x60, 0x00, 0xff,
    0x68, 0x5c, 0x00, 0xff, 0x68, 0x60, 0x08, 0xff, 0x68, 0x60, 0x00, 0xff,
    0x68, 0x60, 0x00, 0xff, 0x68, 0x60, 0x00, 0xff, 0x68, 0x5c, 0x08, 0xff,
    0x68, 0x60, 0x00, 0xff, 0x68, 0x60, 0x08, 0xff, 0x68, 0x5c, 0x00, 0x41,
    0x68, 0x60, 0x00, 0x7d, 0x68, 0x60, 0x00, 0xff, 0x68, 0x5c, 0x08, 0xff,
    0x68, 0x60, 0x00, 0xff, 0x68, 0x60, 0x00, 0xff, 0x68, 0x60, 0x08, 0xff,
    0x68, 0x5c, 0x00, 0xff, 0x68, 0x60, 0x00, 0xff, 0x68, 0x60, 0x08, 0xff,
    0x68, 0x60, 0x00, 0xff, 0x68, 0x60, 0x00, 0xff, 0x68, 0x60, 0x00, 0xff,
    0x68, 0x60, 0x00, 0xff, 0x68, 0x5c, 0x00, 0xff, 0x68, 0x60, 0x08, 0xff,
    0x68, 0x60, 0x00, 0xff, 0x68, 0x5c, 0x00, 0xff, 0x68, 0x60, 0x08, 0xff,
    0x68, 0x60, 0x00, 0x41, 0x68, 0x60, 0x00, 0x7d, 0x68, 0x60, 0x08, 0xff,
    0x68, 0x5c, 0x00, 0xff, 0x68, 0x60, 0x00, 0xff, 0x68, 0x5c, 0x00, 0xff,
    0x68, 0x60, 0x00, 0xff, 0x68, 0x60, 0x08, 0xff, 0x68, 0x5c, 0x00, 0xff,
    0x68, 0x60, 0x00, 0xff, 0x68, 0x60, 0x00, 0xff, 0x68, 0x60, 0x00, 0xff,
    0x68, 0x60, 0x08, 0xff, 0x68, 0x60, 0x00, 0xff, 0x68, 0x60, 0x00, 0xff,
    0x68, 0x60, 0x00, 0xff, 0x68, 0x60, 0x00, 0xff, 0x68, 0x5c, 0x08, 0xff,
    0x68, 0x60, 0x00, 0xff, 0x68, 0x60, 0x00, 0x41, 0x68, 0x5c, 0x00, 0x41,
    0x68, 0x60, 0x00, 0xff, 0x68, 0x60, 0x08, 0xff, 0x68, 0x5c, 0x00, 0xff,
    0x68, 0x60, 0x00, 0xff, 0x68, 0x5c, 0x00, 0xff, 0x68, 0x60, 0x00, 0xff,
    0x68, 0x60, 0x08, 0xff, 0x68, 0x5c, 0x00, 0xff, 0x68, 0x60, 0x00, 0xff,
    0x68, 0x60, 0x08, 0xff, 0x68, 0x60, 0x00, 0xff, 0x68, 0x60, 0x00, 0xff,
    0x68, 0x60, 0x08, 0xff, 0x68, 0x60, 0x00, 0xff, 0x68, 0x60, 0x00, 0xff,
    0x68, 0x60, 0x00, 0xff, 0x68, 0x5c, 0x00, 0xff, 0x68, 0x60, 0x00, 0x41,
    0x68, 0x60, 0x08, 0x41, 0x68, 0x5c, 0x00, 0xff, 0x68, 0x60, 0x08, 0xff,
    0x68, 0x5c, 0x08, 0xff, 0x68, 0x5c, 0x00, 0xff, 0x68, 0x60, 0x00, 0xff,
    0x68, 0x5c, 0x08, 0xff, 0x68, 0x60, 0x00, 0xff, 0x68, 0x5c, 0x00, 0xff,
    0x68, 0x5c, 0x08, 0xff, 0x68, 0x60, 0x00, 0xff, 0x68, 0x5c, 0x00, 0xff,
    0x68, 0x60, 0x00, 0xff, 0x68, 0x60, 0x00, 0xff, 0x68, 0x60, 0x00, 0xff,
    0x68, 0x60, 0x08, 0xff, 0x68, 0x60, 0x00, 0xff, 0x68, 0x60, 0x00, 0xff,
    0x68, 0x60, 0x08, 0x41, 0x68, 0x60, 0x00, 0x41, 0x68, 0x60, 0x00, 0xfb,
    0x68, 0x5c, 0x08, 0xff, 0x68, 0x60, 0x00, 0xff, 0x68, 0x60, 0x08, 0xff,
    0x68, 0x5c, 0x08, 0xff, 0x68, 0x60, 0x00, 0xff, 0x68, 0x60, 0x00, 0xff,
    0x68, 0x60, 0x00, 0xff, 0x68, 0x60, 0x00, 0xff, 0x68, 0x5c, 0x00, 0xff,
    0x68, 0x60, 0x08, 0xff, 0x68, 0x5c, 0x00, 0xff, 0x68, 0x60, 0x00, 0xff,
    0x68, 0x60, 0x08, 0xff, 0x68, 0x5c, 0x00, 0xff, 0x68, 0x60, 0x00, 0xff,
    0x68, 0x60, 0x00, 0xff, 0x68, 0x5c, 0x00, 0x7d, 0x68, 0x60, 0x00, 0x41,
    0x68, 0x60, 0x08, 0xff, 0x68, 0x60, 0x00, 0xff, 0x68, 0x60, 0x08, 0xff,
    0x68, 0x60, 0x00, 0xff, 0x68, 0x60, 0x08, 0xff, 0x68, 0x5c, 0x00, 0xff,
    0x68, 0x60, 0x00, 0xff, 0x68, 0x60, 0x00, 0xff, 0x68, 0x5c, 0x00, 0xff,
    0x68, 0x60, 0x08, 0xff, 0x68, 0x60, 0x00, 0xff, 0x68, 0x60, 0x00, 0xff,
    0x68, 0x60, 0x08, 0xff, 0x68, 0x5c, 0x00, 0xff, 0x68, 0x60, 0x00, 0xff,
    0x68, 0x60, 0x00, 0xff, 0x68, 0x60, 0x00, 0xff, 0x68, 0x5c, 0x00, 0x7d,
    0x68, 0x60, 0x08, 0x41, 0x68, 0x60, 0x00, 0xff, 0x68, 0x5c, 0x08, 0xff,
    0x68, 0x60, 0x00, 0xff, 0x68, 0x60, 0x08, 0xff, 0x68, 0x5c, 0x00, 0xff,
    0x68, 0x60, 0x00, 0xff, 0x68, 0x5c, 0x08, 0xff, 0x68, 0x5c, 0x00, 0xff,
    0x68, 0x60, 0x00, 0xff, 0x68, 0x60, 0x08, 0xff, 0x68, 0x60, 0x00, 0xff,
    0x68, 0x5c, 0x00, 0xff, 0x68, 0x60, 0x00, 0xff, 0x68, 0x60, 0x08, 0xff,
    0x68, 0x5c, 0x00, 0xff, 0x68, 0x60, 0x00, 0xff, 0x68, 0x60, 0x00, 0xff,
    0x68, 0x5c, 0x08, 0x7d, 0x68, 0x60, 0x00, 0x41, 0x68, 0x60, 0x00, 0xff,
    0x68, 0x60, 0x08, 0xff, 0x68, 0x60, 0x00, 0xff, 0x68, 0x60, 0x08, 0xff,
    0x68, 0x5c, 0x00, 0xff, 0x68, 0x60, 0x00, 0xff, 0x68, 0x5c, 0x00, 0xff,
    0x68, 0x60, 0x08, 0xff, 0x68, 0x60, 0x00, 0xff, 0x68, 0x5c, 0x00, 0xff,
    0x68, 0x60, 0x08, 0xff, 0x68, 0x5c, 0x08, 0xff, 0x68, 0x60, 0x00, 0xff,
    0x68, 0x5c, 0x08, 0xff, 0x68, 0x60, 0x00, 0xff, 0x68, 0x5c, 0x00, 0xff,
    0x68, 0x60, 0x08, 0xff, 0x68, 0x5c, 0x00, 0x82, 0xf8, 0xfc, 0xf8, 0x00,
    0xf8, 0xfc, 0xf8, 0x00, 0x68, 0x60, 0x00, 0x82, 0x68, 0x60, 0x00, 0xff,
    0x68, 0x60, 0x08, 0xff, 0x68, 0x60, 0x00, 0xff, 0x68, 0x60, 0x00, 0xff,
    0x68, 0x60, 0x00, 0xff, 0x68, 0x60, 0x00, 0xff, 0x68, 0x60, 0x08, 0xff,
    0x68, 0x60, 0x00, 0xff, 0x68, 0x60, 0x08, 0xff, 0x68, 0x60, 0x00, 0xff,
    0x68, 0x60, 0x08, 0xff, 0x68, 0x60, 0x00, 0xff, 0x68, 0x5c, 0x00, 0xff,
    0x68, 0x60, 0x08, 0xff, 0x68, 0x60, 0x00, 0xff, 0x68, 0x5c, 0x00, 0xff,
    0x68, 0x60, 0x08, 0xff, 0x68, 0x60, 0x00, 0x41, 0x68, 0x5c, 0x00, 0x7d,
    0x68, 0x60, 0x00, 0xff, 0x68, 0x60, 0x00, 0xff, 0x68, 0x5c, 0x00, 0xff,
    0x68, 0x60, 0x00, 0xff, 0x68, 0x60, 0x00, 0xff, 0x68, 0x60, 0x00, 0xff,
    0x68, 0x5c, 0x08, 0xff, 0x68, 0x60, 0x00, 0xff, 0x68, 0x60, 0x00, 0xff,
    0x68, 0x60, 0x00, 0xff, 0x68, 0x60, 0x00, 0xff, 0x68, 0x5c, 0x08, 0xff,
    0x68, 0x60, 0x00, 0xff, 0x68, 0x60, 0x00, 0xff, 0x68, 0x60, 0x00, 0xff,
    0x68, 0x5c, 0x00, 0xff, 0x68, 0x60, 0x00, 0xff, 0x68, 0x60, 0x08, 0x41,
    0x68, 0x60, 0x00, 0x7d, 0x68, 0x60, 0x00, 0xff, 0x68, 0x5c, 0x00, 0xff,
    0x68, 0x60, 0x08, 0xff, 0x68, 0x60, 0x00, 0xff, 0x68, 0x60, 0x00, 0xff,
    0x68, 0x60, 0x00, 0xff, 0x68, 0x60, 0x00, 0xff, 0x68, 0x5c, 0x08, 0xff,
    0x68, 0x60, 0x00, 0xff, 0x68, 0x5c, 0x00, 0xff, 0x68, 0x60, 0x08, 0xff,
    0x68, 0x60, 0x00, 0xff, 0x68, 0x60, 0x00, 0xff, 0x68, 0x60, 0x00, 0xff,
    0x68, 0x5c, 0x08, 0xff, 0x68, 0x60, 0x00, 0xff, 0x68, 0x60, 0x00, 0xff,
    0x68, 0x5c, 0x00, 0x41, 0x68, 0x60, 0x00, 0x7d, 0x68, 0x60, 0x08, 0xff,
    0x68, 0x60, 0x00, 0xff, 0x68, 0x60, 0x00, 0xff, 0x68, 0x60, 0x00, 0xff,
    0x68, 0x5c, 0x00, 0xff, 0x68, 0x60, 0x00, 0xff, 0x68, 0x60, 0x08, 0xff,
    0x68, 0x60, 0x00, 0xff, 0x68, 0x5c, 0x00, 0xff, 0x68, 0x60, 0x00, 0xff,
    0x68, 0x5c, 0x00, 0xff, 0x68, 0x60, 0x08, 0xff, 0x68, 0x60, 0x00, 0xff,
    0x68, 0x60, 0x00, 0xff, 0x68, 0x5c, 0x00, 0xff, 0x68, 0x60, 0x00, 0xff,
    0x68, 0x60, 0x08, 0xff, 0x68, 0x60, 0x00, 0x41, 0x68, 0x60, 0x00, 0x41,
    0x68, 0x60, 0x00, 0xfb, 0x68, 0x5c, 0x00, 0xff, 0x68, 0x60, 0x00, 0xff,
    0x68, 0x60, 0x00, 0xff, 0x68, 0x5c, 0x00, 0xff, 0x68, 0x60, 0x08, 0xff,
    0x68, 0x60, 0x00, 0xff, 0x68, 0x60, 0x00, 0xff, 0x68, 0x60, 0x00, 0xff,
    0x68, 0x5c, 0x00, 0xff, 0x68, 0x60, 0x08, 0xff, 0x68, 0x60, 0x00, 0xff,
    0x68, 0x5c, 0x00, 0xff, 0x68, 0x60, 0x08, 0xff, 0x68, 0x60, 0x00, 0xff,
    0x68, 0x5c, 0x00, 0xff, 0x68, 0x60, 0x08, 0xff, 0x68, 0x60, 0x00, 0x41,
    0x68, 0x60, 0x00, 0x41, 0x68, 0x60, 0x00, 0xff, 0x68, 0x60, 0x00, 0xff,
    0x68, 0x60, 0x00, 0xff, 0x68, 0x60, 0x00, 0xff, 0x68, 0x60, 0x08, 0xff,
    0x68, 0x60, 0x00, 0xff, 0x68, 0x60, 0x00, 0xff, 0x68, 0x60, 0x00, 0xff,
    0x68, 0x60, 0x00, 0xff, 0x68, 0x60, 0x00, 0xff, 0x68, 0x5c, 0x08, 0xff,
    0x68, 0x60, 0x00, 0xff, 0x68, 0x5c, 0x00, 0xff, 0x68, 0x5c, 0x08, 0xff,
    0x68, 0x60, 0x00, 0xff, 0x68, 0x5c, 0x00, 0xff, 0x68, 0x5c, 0x08, 0xff,
    0x68, 0x60, 0x00, 0x41, 0x68, 0x60, 0x00, 0x41, 0x68, 0x60, 0x00, 0xff,
    0x68, 0x60, 0x00, 0xff, 0x68, 0x60, 0x00, 0xff, 0x68, 0x60, 0x00, 0xff,
    0x68, 0x60, 0x00, 0xff, 0x68, 0x5c, 0x08, 0xff, 0x68, 0x60, 0x08, 0xff,
    0x68, 0x60, 0x00, 0xff, 0x68, 0x5c, 0x00, 0xff, 0x68, 0x60, 0x08, 0xff,
    0x68, 0x60, 0x00, 0xff, 0x68, 0x60, 0x00, 0xff, 0x68, 0x5c, 0x00, 0xff,
    0x68, 0x60, 0x00, 0xff, 0x68, 0x60, 0x08, 0xff, 0x68, 0x60, 0x00, 0xff,
    0x68, 0x60, 0x08, 0xff, 0x68, 0x60, 0x00, 0x82, 0x68, 0x60, 0x00, 0x41,
    0x68, 0x5c, 0x00, 0xff, 0x68, 0x60, 0x08, 0xff, 0x68, 0x60, 0x00, 0xff,
    0x68, 0x5c, 0x00, 0xff, 0x68, 0x60, 0x00, 0xff, 0x68, 0x60, 0x08, 0xff,
    0x68, 0x60, 0x00, 0xff, 0x68, 0x60, 0x00, 0xff, 0x68, 0x60, 0x08, 0xff,
    0x68, 0x5c, 0x00, 0xff, 0x68, 0x60, 0x00, 0xff, 0x68, 0x60, 0x00, 0xff,
    0x68, 0x60, 0x00, 0xff, 0x68, 0x60, 0x08, 0xff, 0x68, 0x5c, 0x00, 0xff,
    0x68, 0x60, 0x08, 0xff, 0x68, 0x60, 0x00, 0xff, 0x68, 0x60, 0x00, 0x82,
    0x68, 0x60, 0x00, 0x41, 0x68, 0x5c, 0x08, 0xff, 0x68, 0x60, 0x00, 0xff,
    0x68, 0x60, 0x00, 0xff, 0x68, 0x60, 0x00, 0xff, 0x68, 0x60, 0x08, 0xff,
    0x68, 0x60, 0x00, 0xff, 0x68, 0x60, 0x00, 0xff, 0x68, 0x60, 0x08, 0xff,
    0x68, 0x5c, 0x00, 0xff, 0x68, 0x60, 0x00, 0xff, 0x68, 0x60, 0x00, 0xff,
    0x68, 0x60, 0x00, 0xff, 0x68, 0x5c, 0x08, 0xff, 0x68, 0x60, 0x00, 0xff,
    0x68, 0x60, 0x00, 0xff, 0x68, 0x5c, 0x00, 0xff, 0x68, 0x60, 0x00, 0xff,
    0x68, 0x60, 0x00, 0x82, 0x68, 0x60, 0x00, 0x41, 0x68, 0x5c, 0x00, 0xff,
    0x68, 0x5c, 0x00, 0xff, 0x68, 0x60, 0x00, 0xff, 0x68, 0x60, 0x08, 0xff,
    0x68, 0x60, 0x00, 0xff, 0x68, 0x60, 0x00, 0xff, 0x68, 0x60, 0x00, 0xff,
    0x68, 0x60, 0x08, 0xff, 0x68, 0x60, 0x00, 0xff, 0x68, 0x60, 0x00, 0xff,
    0x68, 0x60, 0x00, 0xff, 0x68, 0x60, 0x00, 0xff, 0x68, 0x5c, 0x00, 0xff,
    0x68, 0x60, 0x08, 0xff, 0x68, 0x60, 0x00, 0xff, 0x68, 0x60, 0x00, 0xff,
    0x68, 0x60, 0x00, 0xff, 0x68, 0x60, 0x00, 0x82, 0xf8, 0xfc, 0xf8, 0x00,
    0xf8, 0xfc, 0xf8, 0x00, 0x68, 0x5c, 0x00, 0x7d, 0x68, 0x60, 0x00, 0xff,
    0x68, 0x5c, 0x00, 0xff, 0x68, 0x60, 0x08, 0xff, 0x68, 0x60, 0x00, 0xff,
    0x68, 0x5c, 0x00, 0xff, 0x68, 0x60, 0x08, 0xff, 0x68, 0x60, 0x00, 0xff,
    0x68, 0x60, 0x00, 0xff, 0x68, 0x60, 0x00, 0xff, 0x68, 0x5c, 0x00, 0xff,
    0x68, 0x60, 0x08, 0xff, 0x68, 0x60, 0x00, 0xff, 0x68, 0x60, 0x00, 0xff,
    0x68, 0x5c, 0x08, 0xff, 0x68, 0x60, 0x00, 0xff, 0x68, 0x60, 0x00, 0xff,
    0x68, 0x60, 0x00, 0xff, 0x68, 0x60, 0x08, 0x41, 0x68, 0x5c, 0x00, 0x82,
    0x68, 0x60, 0x00, 0xff, 0x68, 0x60, 0x08, 0xff, 0x68, 0x60, 0x08, 0xff,
    0x68, 0x60, 0x00, 0xff, 0x68, 0x60, 0x00, 0xff, 0x68, 0x5c, 0x08, 0xff,
    0x68, 0x60, 0x00, 0xff, 0x68, 0x60, 0x00, 0xff, 0x68, 0x5c, 0x08, 0xff,
    0x68, 0x60, 0x00, 0xff, 0x68, 0x60, 0x00, 0xff, 0x68, 0x5c, 0x00, 0xff,
    0x68, 0x60, 0x08, 0xff, 0x68, 0x60, 0x00, 0xff, 0x68, 0x60, 0x00, 0xff,
    0x68, 0x60, 0x08, 0xff, 0x68, 0x5c, 0x00, 0xff, 0x68, 0x60, 0x00, 0x41,
    0x68, 0x60, 0x08, 0x82, 0x68, 0x5c, 0x00, 0xff, 0x68, 0x60, 0x00, 0xff,
    0x68, 0x60, 0x00, 0xff, 0x68, 0x5c, 0x00, 0xff, 0x68, 0x60, 0x08, 0xff,
    0x68, 0x60, 0x00, 0xff, 0x68, 0x5c, 0x00, 0xff, 0x68, 0x60, 0x00, 0xff,
    0x68, 0x60, 0x00, 0xff, 0x68, 0x60, 0x08, 0xff, 0x68, 0x5c, 0x00, 0xff,
    0x68, 0x60, 0x08, 0xff, 0x68, 0x60, 0x00, 0xff, 0x68, 0x5c, 0x00, 0xff,
    0x68, 0x60, 0x00, 0xff, 0x68, 0x60, 0x08, 0xff, 0x68, 0x60, 0x00, 0xff,
    0x68, 0x5c, 0x00, 0x41, 0x68, 0x60, 0x08, 0x82, 0x68, 0x60, 0x00, 0xff,
    0x68, 0x5c, 0x00, 0xff, 0x68, 0x60, 0x08, 0xff, 0x68, 0x60, 0x08, 0xff,
    0x68, 0x60, 0x00, 0xff, 0x68, 0x60, 0x00, 0xff, 0x68, 0x60, 0x00, 0xff,
    0x68, 0x5c, 0x08, 0xff, 0x68, 0x60, 0x00, 0xff, 0x68, 0x60, 0x00, 0xff,
    0x68, 0x60, 0x00, 0xff, 0x68, 0x5c, 0x00, 0xff, 0x68, 0x60, 0x08, 0xff,
    0x68, 0x5c, 0x00, 0xff, 0x68, 0x60, 0x00, 0xff, 0x68, 0x60, 0x08, 0xff,
    0x68, 0x5c, 0x00, 0xff, 0x68, 0x60, 0x00, 0x41, 0x68, 0x60, 0x08, 0x41,
    0x68, 0x5c, 0x08, 0xff, 0x68, 0x60, 0x00, 0xff, 0x68, 0x60, 0x08, 0xff,
    0x68, 0x60, 0x00, 0xff, 0x68, 0x60, 0x00, 0xff, 0x68, 0x5c, 0x08, 0xff,
    0x68, 0x60, 0x00, 0xff, 0x68, 0x60, 0x00, 0xff, 0x68, 0x5c, 0x08, 0xff,
    0x68, 0x60, 0x00, 0xff, 0x68, 0x60, 0x00, 0xff, 0x68, 0x5c, 0x00, 0xff,
    0x68, 0x60, 0x00, 0xff, 0x68, 0x60, 0x00, 0xff, 0x68, 0x5c, 0x00, 0xff,
    0x68, 0x60, 0x08, 0xff, 0x68, 0x60, 0x00, 0xff, 0x68, 0x5c, 0x00, 0x41,
    0x68, 0x60, 0x00, 0x3c, 0x68, 0x60, 0x08, 0xff, 0x68, 0x5c, 0x00, 0xff,
    0x68, 0x60, 0x00, 0xff, 0x68, 0x60, 0x00, 0xff, 0x68, 0x5c, 0x00, 0xff,
    0x68, 0x60, 0x00, 0xff, 0x68, 0x60, 0x08, 0xff, 0x68, 0x5c, 0x00, 0xff,
    0x68, 0x60, 0x00, 0xff, 0x68, 0x60, 0x08, 0xff, 0x68, 0x60, 0x00, 0xff,
    0x68, 0x60, 0x00, 0xff, 0x68, 0x60, 0x08, 0xff, 0x68, 0x60, 0x00, 0xff,
    0x68, 0x60, 0x00, 0xff, 0x68, 0x60, 0x00, 0xff, 0x68, 0x60, 0x00, 0xff,
    0x68, 0x5c, 0x00, 0x3c, 0x68, 0x60, 0x08, 0x41, 0x68, 0x5c, 0x00, 0xff,
    0x68, 0x60, 0x00, 0xff, 0x68, 0x5c, 0x08, 0xff, 0x68, 0x60, 0x00, 0xff,
    0x68, 0x60, 0x00, 0xff, 0x68, 0x60, 0x00, 0xff, 0x68, 0x5c, 0x00, 0xff,
    0x68, 0x60, 0x00, 0xff, 0x68, 0x60, 0x08, 0xff, 0x68, 0x60, 0x00, 0xff,
    0x68, 0x60, 0x00, 0xff, 0x68, 0x60, 0x08, 0xff, 0x68, 0x60, 0x00, 0xff,
    0x68, 0x5c, 0x00, 0xff, 0x68, 0x60, 0x00, 0xff, 0x68, 0x60, 0x00, 0xff,
    0x68, 0x5c, 0x08, 0xff, 0x68, 0x60, 0x00, 0x7d, 0x68, 0x60, 0x00, 0x41,
    0x68, 0x5c, 0x00, 0xff, 0x68, 0x60, 0x00, 0xff, 0x68, 0x60, 0x00, 0xff,
    0x68, 0x5c, 0x00, 0xff, 0x68, 0x60, 0x00, 0xff, 0x68, 0x60, 0x08, 0xff,
    0x68, 0x5c, 0x00, 0xff, 0x68, 0x60, 0x00, 0xff, 0x68, 0x60, 0x00, 0xff,
    0x68, 0x60, 0x00, 0xff, 0x68, 0x5c, 0x08, 0xff, 0x68, 0x60, 0x00, 0xff,
    0x68, 0x5c, 0x00, 0xff, 0x68, 0x60, 0x00, 0xff, 0x68, 0x60, 0x00, 0xff,
    0x68, 0x5c, 0x08, 0xff, 0x68, 0x60, 0x00, 0xff, 0x68, 0x60, 0x00, 0x7d,
    0x68, 0x5c, 0x00, 0x41, 0x68, 0x60, 0x00, 0xff, 0x68, 0x60, 0x00, 0xff,
    0x68, 0x60, 0x00, 0xff, 0x68, 0x5c, 0x00, 0xff, 0x68, 0x60, 0x00, 0xff,
    0x68, 0x60, 0x00, 0xff, 0x68, 0x60, 0x00, 0xff, 0x68, 0x60, 0x00, 0xff,
    0x68, 0x60, 0x08, 0xff, 0x68, 0x5c, 0x00, 0xff, 0x68, 0x60, 0x00, 0xff,
    0x68, 0x60, 0x08, 0xff, 0x68, 0x60, 0x00, 0xff, 0x68, 0x60, 0x00, 0xff,
    0x68, 0x60, 0x00, 0xff, 0x68, 0x60, 0x08, 0xff, 0x68, 0x5c, 0x08, 0xff,
    0x68, 0x60, 0x00, 0x7d, 0x68, 0x60, 0x08, 0x41, 0x68, 0x60, 0x00, 0xff,
    0x68, 0x60, 0x00, 0xff, 0x68, 0x5c, 0x00, 0xff, 0x68, 0x60, 0x00, 0xff,
    0x68, 0x60, 0x08, 0xff, 0x68, 0x5c, 0x00, 0xff, 0x68, 0x60, 0x00, 0xff,
    0x68, 0x5c, 0x00, 0xff, 0x68, 0x60, 0x08, 0xff, 0x68, 0x5c, 0x00, 0xff,
    0x68, 0x60, 0x00, 0xff, 0x68, 0x60, 0x00, 0xff, 0x68, 0x60, 0x00, 0xff,
    0x68, 0x60, 0x00, 0xff, 0x68, 0x5c, 0x08, 0xff, 0x68, 0x60, 0x00, 0xff,
    0x68, 0x60, 0x00, 0xff, 0x68, 0x5c, 0x00, 0x7d, 0xf8, 0xfc, 0xf8, 0x00,
    0xf8, 0xfc, 0xf8, 0x00, 0x68, 0x60, 0x00, 0x82, 0x68, 0x60, 0x00, 0xff,
    0x68, 0x5c, 0x00, 0xff, 0x68, 0x60, 0x00, 0xff, 0x68, 0x60, 0x08, 0xff,
    0x68, 0x5c, 0x00, 0xff, 0x68, 0x60, 0x00, 0xff, 0x68, 0x5c, 0x00, 0xff,
    0x68, 0x60, 0x00, 0xff, 0x68, 0x60, 0x00, 0xff, 0x68, 0x5c, 0x00, 0xff,
    0x68, 0x60, 0x00, 0xff, 0x68, 0x60, 0x00, 0xff, 0x68, 0x60, 0x00, 0xff,
    0x68, 0x60, 0x00, 0xff, 0x68, 0x5c, 0x00, 0xff, 0x68, 0x60, 0x00, 0xff,
    0x68, 0x60, 0x00, 0xff, 0x68, 0x5c, 0x00, 0x41, 0x68, 0x60, 0x08, 0x7d,
    0x68, 0x60, 0x00, 0xff, 0x68, 0x5c, 0x00, 0xff, 0x68, 0x60, 0x00, 0xff,
    0x68, 0x60, 0x00, 0xff, 0x68, 0x5c, 0x08, 0xff, 0x68, 0x60, 0x00, 0xff,
    0x68, 0x60, 0x00, 0xff, 0x68, 0x60, 0x00, 0xff, 0x68, 0x5c, 0x08, 0xff,
    0x68, 0x60, 0x00, 0xff, 0x68, 0x60, 0x00, 0xff, 0x68, 0x60, 0x00, 0xff,
    0x68, 0x5c, 0x00, 0xff, 0x68, 0x60, 0x08, 0xff, 0x68, 0x60, 0x00, 0xff,
    0x68, 0x5c, 0x00, 0xff, 0x68, 0x60, 0x00, 0xff, 0x68, 0x60, 0x00, 0x41,
    0x68, 0x60, 0x00, 0x7d, 0x68, 0x60, 0x08, 0xff, 0x68, 0x60, 0x00, 0xff,
    0x68, 0x60, 0x00, 0xff, 0x68, 0x5c, 0x08, 0xff, 0x68, 0x60, 0x00, 0xff,
    0x68, 0x60, 0x00, 0xff, 0x68, 0x5c, 0x08, 0xff, 0x68, 0x60, 0x00, 0xff,
    0x68, 0x60, 0x00, 0xff, 0x68, 0x60, 0x00, 0xff, 0x68, 0x5c, 0x00, 0xff,
    0x68, 0x60, 0x00, 0xff, 0x68, 0x60, 0x08, 0xff, 0x68, 0x60, 0x00, 0xff,
    0x68, 0x60, 0x00, 0xff, 0x68, 0x60, 0x00, 0xff, 0x68, 0x5c, 0x08, 0xff,
    0x68, 0x60, 0x00, 0x41, 0x68, 0x60, 0x00, 0x7d, 0x68, 0x60, 0x00, 0xff,
    0x68, 0x5c, 0x00, 0xff, 0x68, 0x60, 0x00, 0xff, 0x68, 0x60, 0x00, 0xff,
    0x68, 0x5c, 0x08, 0xff, 0x68, 0x60, 0x00, 0xff, 0x68, 0x60, 0x00, 0xff,
    0x68, 0x5c, 0x00, 0xff, 0x68, 0x60, 0x08, 0xff, 0x68, 0x60, 0x00, 0xff,
    0x68, 0x60, 0x08, 0xff, 0x68, 0x60, 0x00, 0xff, 0x68, 0x60, 0x00, 0xff,
    0x68, 0x60, 0x08, 0xff, 0x68, 0x60, 0x00, 0xff, 0x68, 0x60, 0x00, 0xff,
    0x68, 0x5c, 0x00, 0xff, 0x68, 0x60, 0x00, 0x41, 0x68, 0x60, 0x00, 0x41,
    0x68, 0x60, 0x00, 0xff, 0x68, 0x60, 0x00, 0xff, 0x68, 0x5c, 0x08, 0xff,
    0x68, 0x60, 0x00, 0xff, 0x68, 0x60, 0x00, 0xff, 0x68, 0x60, 0x00, 0xff,
    0x68, 0x5c, 0x00, 0xff, 0x68, 0x60, 0x00, 0xff, 0x68, 0x60, 0x08, 0xff,
    0x68, 0x60, 0x00, 0xff, 0x68, 0x60, 0x00, 0xff, 0x68, 0x60, 0x08, 0xff,
    0x68, 0x60, 0x00, 0xff, 0x68, 0x60, 0x00, 0xff, 0x68, 0x60, 0x08, 0xff,
    0x68, 0x60, 0x00, 0xff, 0x68, 0x60, 0x00, 0xff, 0x68, 0x5c, 0x00, 0x41,
    0x68, 0x60, 0x08, 0x41, 0x68, 0x60, 0x00, 0xff, 0x68, 0x5c, 0x00, 0xff,
    0x68, 0x60, 0x08, 0xff, 0x68, 0x60, 0x08, 0xff, 0x68, 0x5c, 0x00, 0xff,
    0x68, 0x60, 0x00, 0xff, 0x68, 0x60, 0x08, 0xff, 0x68, 0x5c, 0x00, 0xff,
    0x68, 0x60, 0x00, 0xff, 0x68, 0x60, 0x00, 0xff, 0x68, 0x5c, 0x00, 0xff,
    0x68, 0x60, 0x00, 0xff, 0x68, 0x60, 0x00, 0xff, 0x68, 0x60, 0x00, 0xff,
    0x68, 0x5c, 0x08, 0xff, 0x68, 0x60, 0x00, 0xff, 0x68, 0x60, 0x00, 0xff,
    0x68, 0x60, 0x08, 0x41, 0x68, 0x60, 0x00, 0x41, 0x68, 0x60, 0x00, 0xff,
    0x68, 0x5c, 0x08, 0xff, 0x68, 0x60, 0x00, 0xff, 0x68, 0x60, 0x00, 0xff,
    0x68, 0x5c, 0x08, 0xff, 0x68, 0x60, 0x00, 0xff, 0x68, 0x60, 0x00, 0xff,
    0x68, 0x60, 0x00, 0xff, 0x68, 0x5c, 0x00, 0xff, 0x68, 0x5c, 0x00, 0xff,
    0x68, 0x60, 0x00, 0xff, 0x68, 0x60, 0x00, 0xff, 0x68, 0x5c, 0x08, 0xff,
    0x68, 0x60, 0x00, 0xff, 0x68, 0x60, 0x00, 0xff, 0x68, 0x5c, 0x00, 0xff,
    0x68, 0x60, 0x00, 0xff, 0x68, 0x60, 0x08, 0x82, 0x68, 0x60, 0x00, 0x41,
    0x68, 0x60, 0x08, 0xff, 0x68, 0x60, 0x00, 0xff, 0x68, 0x60, 0x08, 0xff,
    0x68, 0x60, 0x00, 0xff, 0x68, 0x60, 0x00, 0xff, 0x68, 0x60, 0x00, 0xff,
    0x68, 0x5c, 0x08, 0xff, 0x68, 0x60, 0x00, 0xff, 0x68, 0x60, 0x00, 0xff,
    0x68, 0x5c, 0x08, 0xff, 0x68, 0x60, 0x00, 0xff, 0x68, 0x60, 0x00, 0xff,
    0x68, 0x60, 0x08, 0xff, 0x68, 0x60, 0x00, 0xff, 0x68, 0x60, 0x00, 0xff,
    0x68, 0x60, 0x00, 0xff, 0x68, 0x5c, 0x08, 0xff, 0x68, 0x60, 0x00, 0x82,
    0x68, 0x60, 0x08, 0x41, 0x68, 0x60, 0x00, 0xff, 0x68, 0x60, 0x08, 0xff,
    0x68, 0x5c, 0x08, 0xff, 0x68, 0x60, 0x00, 0xff, 0x68, 0x5c, 0x08, 0xff,
    0x68, 0x5c, 0x00, 0xff, 0x68, 0x60, 0x00, 0xff, 0x68, 0x60, 0x08, 0xff,
    0x68, 0x5c, 0x00, 0xff, 0x68, 0x60, 0x00, 0xff, 0x68, 0x60, 0x08, 0xff,
    0x68, 0x5c, 0x00, 0xff, 0x68, 0x60, 0x00, 0xff, 0x68, 0x5c, 0x00, 0xff,
    0x68, 0x60, 0x00, 0xff, 0x68, 0x60, 0x00, 0xff, 0x68, 0x60, 0x00, 0xff,
    0x68, 0x5c, 0x00, 0x82, 0x68, 0x60, 0x08, 0x41, 0x68, 0x60, 0x00, 0xff,
    0x68, 0x60, 0x08, 0xff, 0x68, 0x60, 0x00, 0xff, 0x68, 0x5c, 0x00, 0xff,
    0x68, 0x60, 0x08, 0xff, 0x68, 0x60, 0x00, 0xff, 0x68, 0x5c, 0x00, 0xff,
    0x68, 0x60, 0x00, 0xff, 0x68, 0x60, 0x00, 0xff, 0x68, 0x60, 0x08, 0xff,
    0x68, 0x5c, 0x08, 0xff, 0x68, 0x60, 0x00, 0xff, 0x68, 0x60, 0x00, 0xff,
    0x68, 0x5c, 0x00, 0xff, 0x68, 0x60, 0x08, 0xff, 0x68, 0x60, 0x00, 0xff,
    0x68, 0x5c, 0x08, 0xff, 0x68, 0x60, 0x00, 0x82, 0xf8, 0xfc, 0xf8, 0x00,
    0xf8, 0xfc, 0xf8, 0x00, 0x68, 0x60, 0x00, 0x20, 0x68, 0x60, 0x08, 0x41,
    0x68, 0x60, 0x00, 0x41, 0x68, 0x60, 0x00, 0x41, 0x68, 0x60, 0x00, 0x41,
    0x68, 0x60, 0x08, 0x41, 0x68, 0x60, 0x00, 0x41, 0x68, 0x60, 0x00, 0x41,
    0x68, 0x5c, 0x08, 0x41, 0x68, 0x60, 0x08, 0x41, 0x68, 0x60, 0x00, 0x41,
    0x68, 0x60, 0x08, 0x41, 0x68, 0x5c, 0x00, 0x41, 0x68, 0x60, 0x08, 0x41,
    0x68, 0x60, 0x00, 0x41, 0x68, 0x60, 0x08, 0x41, 0x68, 0x5c, 0x08, 0x41,
    0x68, 0x60, 0x00, 0x41, 0x68, 0x60, 0x00, 0x10, 0x68, 0x60, 0x00, 0x20,
    0x68, 0x60, 0x08, 0x41, 0x68, 0x5c, 0x00, 0x41, 0x68, 0x60, 0x00, 0x41,
    0x68, 0x60, 0x00, 0x41, 0x68, 0x5c, 0x00, 0x41, 0x68, 0x60, 0x00, 0x41,
    0x68, 0x60, 0x00, 0x41, 0x68, 0x60, 0x08, 0x41, 0x68, 0x60, 0x00, 0x41,
    0x68, 0x5c, 0x00, 0x41, 0x68, 0x60, 0x08, 0x41, 0x68, 0x60, 0x00, 0x41,
    0x68, 0x60, 0x00, 0x41, 0x68, 0x5c, 0x00, 0x41, 0x68, 0x60, 0x08, 0x41,
    0x68, 0x60, 0x00, 0x41, 0x68, 0x60, 0x08, 0x41, 0x68, 0x5c, 0x00, 0x10,
    0x68, 0x60, 0x00, 0x20, 0x68, 0x5c, 0x00, 0x41, 0x68, 0x60, 0x08, 0x41,
    0x68, 0x60, 0x00, 0x41, 0x68, 0x60, 0x00, 0x41, 0x68, 0x60, 0x00, 0x41,
    0x68, 0x60, 0x00, 0x41, 0x68, 0x60, 0x08, 0x41, 0x68, 0x5c, 0x00, 0x41,
    0x68, 0x60, 0x00, 0x41, 0x68, 0x60, 0x08, 0x41, 0x68, 0x60, 0x00, 0x41,
    0x68, 0x5c, 0x00, 0x41, 0x68, 0x60, 0x00, 0x41, 0x68, 0x60, 0x08, 0x41,
    0x68, 0x5c, 0x00, 0x41, 0x68, 0x60, 0x00, 0x41, 0x68, 0x60, 0x00, 0x41,
    0x68, 0x60, 0x08, 0x10, 0x68, 0x60, 0x00, 0x20, 0x68, 0x5c, 0x00, 0x41,
    0x68, 0x60, 0x08, 0x41, 0x68, 0x60, 0x00, 0x41, 0x68, 0x5c, 0x00, 0x41,
    0x68, 0x60, 0x00, 0x41, 0x68, 0x60, 0x08, 0x41, 0x68, 0x60, 0x00, 0x41,
    0x68, 0x60, 0x00, 0x41, 0x68, 0x5c, 0x00, 0x41, 0x68, 0x60, 0x00, 0x41,
    0x68, 0x5c, 0x00, 0x41, 0x68, 0x60, 0x00, 0x41, 0x68, 0x60, 0x00, 0x41,
    0x68, 0x5c, 0x00, 0x41, 0x68, 0x60, 0x08, 0x41, 0x68, 0x60, 0x00, 0x41,
    0x68, 0x60, 0x00, 0x41, 0x68, 0x60, 0x08, 0x0c, 0x68, 0x5c, 0x00, 0x10,
    0x68, 0x60, 0x00, 0x41, 0x68, 0x60, 0x00, 0x41, 0x68, 0x5c, 0x00, 0x41,
    0x68, 0x60, 0x08, 0x41, 0x68, 0x60, 0x00, 0x41, 0x68, 0x60, 0x00, 0x41,
    0x68, 0x60, 0x08, 0x41, 0x68, 0x5c, 0x00, 0x41, 0x68, 0x60, 0x00, 0x41,
    0x68, 0x5c, 0x00, 0x41, 0x68, 0x60, 0x00, 0x41, 0x68, 0x5c, 0x08, 0x41,
    0x68, 0x5c, 0x00, 0x41, 0x68, 0x60, 0x00, 0x41, 0x68, 0x5c, 0x00, 0x41,
    0x68, 0x60, 0x00, 0x3c, 0x68, 0x60, 0x08, 0x41, 0x68, 0x60, 0x00, 0x10,
    0x68, 0x60, 0x00, 0x10, 0x68, 0x60, 0x00, 0x41, 0x68, 0x60, 0x00, 0x41,
    0x68, 0x60, 0x00, 0x41, 0x68, 0x60, 0x00, 0x41, 0x68, 0x60, 0x00, 0x41,
    0x68, 0x60, 0x00, 0x41, 0x68, 0x60, 0x00, 0x41, 0x68, 0x60, 0x08, 0x41,
    0x68, 0x60, 0x00, 0x41, 0x68, 0x60, 0x00, 0x41, 0x68, 0x5c, 0x08, 0x41,
    0x68, 0x60, 0x08, 0x41, 0x68, 0x60, 0x00, 0x41, 0x68, 0x5c, 0x00, 0x41,
    0x68, 0x60, 0x08, 0x41, 0x68, 0x60, 0x00, 0x41, 0x68, 0x5c, 0x00, 0x41,
    0x68, 0x60, 0x08, 0x10, 0x68, 0x60, 0x00, 0x10, 0x68, 0x60, 0x00, 0x41,
    0x68, 0x60, 0x00, 0x41, 0x68, 0x60, 0x00, 0x41, 0x68, 0x60, 0x00, 0x41,
    0x68, 0x5c, 0x08, 0x41, 0x68, 0x60, 0x00, 0x41, 0x68, 0x60, 0x00, 0x41,
    0x68, 0x60, 0x08, 0x41, 0x68, 0x60, 0x00, 0x41, 0x68, 0x60, 0x08, 0x41,
    0x68, 0x60, 0x00, 0x41, 0x68, 0x5c, 0x00, 0x41, 0x68, 0x60, 0x00, 0x41,
    0x68, 0x60, 0x08, 0x41, 0x68, 0x60, 0x00, 0x41, 0x68, 0x60, 0x08, 0x41,
    0x68, 0x5c, 0x00, 0x41, 0x68, 0x60, 0x00, 0x20, 0x68, 0x5c, 0x00, 0x10,
    0x68, 0x60, 0x00, 0x41, 0x68, 0x5c, 0x08, 0x41, 0x68, 0x60, 0x00, 0x41,
    0x68, 0x5c, 0x00, 0x41, 0x68, 0x60, 0x08, 0x41, 0x68, 0x60, 0x00, 0x41,
    0x68, 0x60, 0x00, 0x41, 0x68, 0x60, 0x08, 0x41, 0x68, 0x5c, 0x00, 0x41,
    0x68, 0x60, 0x00, 0x41, 0x68, 0x60, 0x00, 0x41, 0x68, 0x60, 0x00, 0x41,
    0x68, 0x5c, 0x08, 0x41, 0x68, 0x60, 0x00, 0x41, 0x68, 0x60, 0x00, 0x41,
    0x68, 0x5c, 0x00, 0x41, 0x68, 0x60, 0x00, 0x41, 0x68, 0x60, 0x00, 0x20,
    0x68, 0x60, 0x00, 0x10, 0x68, 0x5c, 0x00, 0x41, 0x68, 0x60, 0x00, 0x41,
    0x68, 0x60, 0x00, 0x41, 0x68, 0x60, 0x00, 0x41, 0x68, 0x60, 0x08, 0x41,
    0x68, 0x60, 0x00, 0x41, 0x68, 0x60, 0x00, 0x41, 0x68, 0x5c, 0x08, 0x41,
    0x68, 0x60, 0x00, 0x41, 0x68, 0x60, 0x00, 0x41, 0x68, 0x60, 0x00, 0x41,
    0x68, 0x60, 0x00, 0x41, 0x68, 0x5c, 0x08, 0x41, 0x68, 0x60, 0x08, 0x41,
    0x68, 0x60, 0x00, 0x41, 0x68, 0x5c, 0x00, 0x41, 0x68, 0x60, 0x00, 0x41,
    0x68, 0x60, 0x00, 0x20, 0x68, 0x5c, 0x00, 0x10, 0x68, 0x60, 0x00, 0x41,
    0x68, 0x60, 0x00, 0x41, 0x68, 0x60, 0x08, 0x41, 0x68, 0x60, 0x00, 0x41,
    0x68, 0x60, 0x00, 0x41, 0x68, 0x60, 0x08, 0x41, 0x68, 0x60, 0x00, 0x41,
    0x68, 0x60, 0x00, 0x41, 0x68, 0x60, 0x00, 0x41, 0x68, 0x60, 0x00, 0x41,
    0x68, 0x5c, 0x00, 0x41, 0x68, 0x60, 0x08, 0x41, 0x68, 0x60, 0x00, 0x41,
    0x68, 0x60, 0x00, 0x41, 0x68, 0x60, 0x00, 0x41, 0x68, 0x60, 0x00, 0x41,
    0x68, 0x60, 0x00, 0x41, 0x68, 0x60, 0x08, 0x20, 0xf8, 0xfc, 0xf8, 0x00
};
